{
    "learning_rate": 0.002,
    "gamma": 0.99,
    "epsilon_decay": 0.95,
    "reward_history": [
        -4.257092245349156,
        45.67467983177743,
        10.329842679347735,
        70.44765143619934,
        65.61182029386936,
        15.58087364883238,
        -14.141131522514769,
        90.39847182944928,
        65.68548339959392,
        65.83532607894166,
        85.52132614519539,
        0.08752472538573386,
        10.48379402840932,
        45.323704022152036,
        -24.39957755084781,
        95.37568542494924,
        54.93303627865648,
        100.38929222269921,
        100.38929222269921,
        100.4628990204492,
        95.47847182944928,
        95.39568542494924,
        100.41058845788743,
        95.52137084989847,
        90.37568542494924,
        100.37568542494924,
        100.43337486238747,
        90.45568542494924,
        0.41852813742384853,
        100.38568542494924,
        100.39568542494924,
        100.45415725439852,
        100.37568542494924,
        100.39568542494924,
        100.37568542494924,
        100.44137084989848,
        100.36568542494923,
        100.44137084989848,
        95.44137084989848,
        100.39568542494924,
        100.42549149082562,
        100.39568542494924,
        100.38568542494924,
        100.39568542494924,
        100.39568542494924,
        100.39568542494924,
        100.38568542494924,
        100.44137084989848,
        100.38568542494924,
        100.39568542494924,
        100.39568542494924,
        100.39568542494924,
        100.39568542494924,
        100.28568542494924,
        100.33568542494923,
        84.99568542494924,
        100.45568542494924,
        100.38568542494924,
        100.39568542494924,
        100.37568542494924,
        100.39568542494924,
        100.39568542494924,
        100.39568542494924,
        100.39568542494924,
        100.39568542494924,
        100.39568542494924,
        100.33568542494923,
        100.33568542494923,
        100.18568542494924,
        95.18568542494924,
        95.38568542494924,
        100.09568542494924,
        100.36568542494923,
        100.34137084989848,
        100.39568542494924,
        100.37568542494924,
        100.39568542494924,
        100.76568542494924,
        100.36568542494923,
        100.39568542494924,
        100.71929222269922,
        100.39568542494924,
        100.38568542494924,
        -19.444314575050754,
        100.39568542494924,
        100.39568542494924,
        100.35568542494924,
        100.44137084989848,
        100.39568542494924,
        95.39568542494924,
        100.37568542494924,
        100.37568542494924,
        100.30568542494923,
        100.37568542494924,
        100.27568542494924,
        100.33568542494923,
        95.25568542494923,
        100.22568542494923,
        100.39568542494924,
        100.29568542494924,
        100.28568542494924,
        95.16568542494925,
        95.2028990204492,
        100.18568542494924,
        100.17705627484771,
        -90.18660049535382,
        100.39568542494924,
        100.22568542494923,
        99.94568542494923,
        -69.71063316259034,
        100.19568542494923,
        100.37568542494924,
        100.39568542494924,
        100.39568542494924,
        100.52842712474619,
        100.38568542494924,
        100.39058845788743,
        95.39568542494924,
        100.39568542494924,
        100.39568542494924,
        100.34568542494924,
        100.38568542494924,
        100.39568542494924,
        100.39568542494924,
        100.47705627484771,
        100.38568542494924,
        100.39568542494924,
        100.15568542494924,
        100.38568542494924,
        100.39568542494924,
        100.39568542494924,
        100.39568542494924,
        100.39568542494924,
        100.39568542494924,
        100.20137084989848,
        99.00137084989848,
        99.44627388283666,
        100.02568542494924,
        100.39568542494924,
        99.19337486238747,
        87.87746948518468,
        100.25568542494923,
        100.38568542494924,
        94.29957274274639,
        100.33568542494923,
        100.10815718814479,
        100.40705627484772,
        100.3184271247462,
        100.39568542494924,
        100.39568542494924,
        100.39568542494924,
        100.40058845788742,
        100.38568542494924,
        100.42847182944928,
        100.39568542494924,
        100.467995987511,
        100.39568542494924,
        100.39568542494924,
        100.38568542494924,
        100.39568542494924,
        100.39568542494924,
        95.39568542494924,
        100.39568542494924,
        100.47568542494923,
        100.44137084989848,
        100.39568542494924,
        95.39568542494924,
        100.39568542494924,
        100.39568542494924,
        100.39568542494924,
        100.39568542494924,
        95.39568542494924,
        100.39568542494924,
        100.39568542494924,
        100.38568542494924,
        100.39568542494924,
        100.39568542494924,
        100.38568542494924,
        100.39568542494924,
        100.39568542494924,
        100.39568542494924,
        100.39568542494924,
        100.39568542494924,
        100.39568542494924,
        100.39568542494924,
        100.38568542494924,
        100.39568542494924,
        95.39568542494924,
        95.39568542494924,
        100.39568542494924,
        100.39568542494924,
        100.39568542494924,
        100.39568542494924,
        100.39568542494924,
        100.39568542494924,
        100.39568542494924,
        100.39568542494924,
        100.39568542494924,
        100.39568542494924,
        100.39568542494924,
        100.39568542494924,
        100.39568542494924,
        100.39568542494924,
        100.39568542494924,
        95.39568542494924,
        100.39568542494924,
        100.387995987511,
        100.39568542494924,
        100.44137084989848,
        100.39568542494924,
        100.39568542494924,
        100.39568542494924,
        100.46125823394932,
        100.38568542494924,
        100.39568542494924,
        100.39568542494924,
        100.39568542494924,
        100.39568542494924,
        100.39568542494924,
        100.38568542494924,
        100.39568542494924,
        100.39568542494924,
        100.39568542494924,
        100.39568542494924,
        100.39568542494924,
        95.37568542494924,
        100.39568542494924,
        100.39568542494924,
        95.39568542494924,
        100.39568542494924,
        100.39568542494924,
        100.39568542494924,
        100.44137084989848,
        100.38568542494924,
        100.39568542494924,
        95.38568542494924,
        100.39568542494924,
        100.39568542494924,
        100.39568542494924,
        100.38568542494924,
        100.39568542494924,
        100.39568542494924,
        100.39568542494924,
        100.39568542494924,
        100.39568542494924,
        100.39568542494924,
        100.37568542494924,
        100.39568542494924,
        100.39568542494924,
        95.44137084989848,
        100.41058845788743,
        100.37568542494924,
        100.39568542494924,
        100.39568542494924,
        100.39568542494924,
        100.39568542494924,
        100.39568542494924,
        100.39568542494924,
        100.39568542494924,
        100.39568542494924,
        100.39568542494924,
        100.39568542494924,
        100.38568542494924,
        100.39568542494924,
        95.39568542494924,
        100.39568542494924,
        100.44137084989848,
        100.39568542494924,
        100.387995987511,
        100.39568542494924,
        100.39568542494924,
        100.39568542494924,
        100.38568542494924,
        100.39568542494924,
        95.41058845788743,
        100.39568542494924,
        100.39568542494924,
        100.41058845788743,
        95.38568542494923,
        100.39568542494924,
        100.39568542494924,
        95.39568542494924,
        100.47568542494923,
