{
    "learning_rate": 0.001,
    "gamma": 0.9,
    "epsilon_decay": 0.9995,
    "reward_history": [
        75.58890296668447,
        -24.219500951518853,
        -94.03663956436651,
        -68.03266990856937,
        -351.6897850291024,
        -39.12348563092152,
        46.07000387998158,
        10.838222837915083,
        -427.47712216417926,
        35.627950032243916,
        35.96046284907047,
        -73.41635247988768,
        20.45194733657263,
        -297.6064583942007,
        -9.319787439146651,
        25.816842646220877,
        45.493205570521994,
        95.40415725439851,
        -4.165756344297506,
        -4.137428245781507,
        1.0655214008327931,
        -317.1965549193029,
        45.59989898732235,
        -93.0030132093168,
        -128.4193053988889,
        -98.56350961946674,
        35.73677963478211,
        -282.77836906226884,
        -281.82721050826245,
        -4.327535537119871,
        30.524977647648456,
        55.94134116880075,
        95.68698166013745,
        35.370381164783,
        -158.62630287354784,
        70.65732154055125,
        75.60030655007277,
        15.395549463424729,
        25.507841719250834,
        -9.116136027778325,
        -98.61637217439042,
        65.54658043290945,
        16.073111627421355,
        11.076065521958867,
        -72.5629637875968,
        80.4628990204492,
        -34.1595802371269,
        55.942299188199755,
        -23.914974181727516,
        -68.91488514026307,
        -128.50691721534378,
        65.44568542494923,
        46.2427349963328,
        80.5566997523228,
        50.58517684952115,
        -18.29174157026827,
        -53.515549234515305,
        75.63045411486873,
        30.788659060108714,
        70.31780205338737,
        -33.19747637081849,
        80.65137084989846,
        -3.6704799159850836,
        -8.929262312692074,
        -153.69916962198405,
        -73.72909810578506,
        20.772798007771527,
        50.561100913297146,
        -28.92458266423708,
        55.5667743670331,
        -198.04812784014342,
        16.161581058191388,
        20.555471796322408,
        -43.08399568765162,
        30.446217574862075,
        75.36847182944928,
        85.50289902044919,
        11.009116595311284,
        30.869374137724876,
        -9.412262345819002,
        -78.59669975415156,
        35.98912293083379,
        -58.26787949158026,
        -202.19964320244634,
        0.9271885853000725,
        65.68116656306738,
        65.64553277519485,
        5.701532050532251,
        55.71780205338741,
        90.48650581819918,
        -358.20280582450584,
        70.48387534658386,
        -98.10771518169258,
        80.69106429982568,
        60.686795680042046,
        -177.8656669354226,
        20.86429284798119,
        65.67035310219107,
        5.708663731006567,
        75.44724692584099,
        -19.212507917019266,
        -43.85453185474975,
        50.657056274847726,
        -4.290226667613538,
        75.29030655007277,
        30.888390511274878,
        -28.70682494761104,
        90.37568542494924,
        -49.160357958240155,
        80.49339316912315,
        85.60337486238747,
        -63.352833749363356,
        15.718647088895366,
        -63.33365617335082,
        85.44121352924623,
        1.0173119680171965,
        -24.428572842126997,
        -113.72213179107547,
        -48.78928367181982,
        95.31058845788743,
        16.277805933368924,
        40.88632677047745,
        -257.11183958741447,
        -113.0955419341995,
        60.39568542494924,
        55.51274169979696,
        -19.023848442850067,
        -9.318367304731979,
        100.57705627484772,
        20.532899020449207,
        70.70295065752589,
        5.864614421659255,
        -311.87713861650457,
        -29.458063669847718,
        55.42139382753203,
        -13.937201992228538,
        35.851532050532285,
        55.67700630239563,
        -39.61419562357918,
        85.44646781696028,
        21.10955808525391,
        -49.01845459048681,
        -88.78542866453796,
        35.743136223560796,
        15.90719588561548,
        -77.2016896131968,
        -58.65077564295967,
        5.801251530485089,
        -118.76796482693956,
        40.72606658973231,
        -63.628380160396006,
        15.724019628249465,
        -24.125374994894983,
        75.36627388283667,
        -13.882729730412507,
        65.47492133967388,
        80.72286101921031,
        -18.89921234024004,
        35.87379564691517,
        65.80573706202595,
        75.50835251003592,
        50.86832648001033,
        75.31030655007277,
        55.59689895419547,
        50.85297363515946,
        55.916724945313376,
        90.36799598751101,
        -63.89726338516127,
        16.12618590914552,
        35.60705627484772,
        75.41289902044919,
        50.875760039659546,
        15.729083264970185,
        70.56522155422422,
        45.74758842476059,
        55.49400132151381,
        90.47137084989848,
        60.49272339306127,
        85.49995529529691,
        -63.61524028576329,
        -14.040662843688281,
        35.63720055651339,
        60.68451377692343,
        35.64071938057229,
        65.55378607438121,
        -277.0425723162247,
        55.67173204332126,
        65.53137084989848,
        -44.67313294225937,
        60.39627388283668,
        70.64520958301097,
        100.36568542494923,
        70.75846512598507,
        25.63518152041901,
        85.51005630797458,
        55.5234081927285,
        50.83616126688755,
        35.77339784002102,
        26.1025843791447,
        11.102305891663903,
        80.76595069065277,
        55.619292222699215,
        90.38568542494924,
        -23.437471928830035,
        85.50881638076095,
        85.6563151672059,
        85.6277640521485,
        -8.777723181839832,
        75.97290290043074,
        55.60858444539845,
        60.84009130294017,
        55.606505818199174,
        26.174670729633903,
        85.66268539182238,
        65.6072548798692,
        65.66595069065278,
        45.327326211449126,
        71.01959715426618,
        35.37253579446006,
        70.58627388283665,
        80.73684731711874,
        85.37137084989848,
        70.92296568113125,
        70.5751866053774,
        70.63415725439852,
        55.58348747833664,
        75.637995987511,
        85.64823989408677,
        65.45482032699621,
        80.51184669183675,
        55.52109763016673,
        90.56337486238748,
        65.46858444539843,
        60.74833420330027,
        20.737449410843993,
        60.42430787158657,
        55.50705627484771,
        -13.888612875932253,
        80.54058845788742,
        60.46568542494924,
        50.80507357536773,
        65.39568542494925,
        -54.00142817952758,
        60.527838666858784,
        5.523084586484032,
        55.45366310572457,
        80.7526290838478,
        70.57755042352167,
        60.703489510902976,
        70.65106429982569,
        65.40616126688752,
        21.241309871026033,
        70.63344947709773,
        20.79272505768583,
        66.06934224127016,
        90.49674972477494,
        46.04832611206851,
        5.585593754067261,
        70.50705627484771,
        90.53568542494924,
        60.5184718294493,
        6.068874307241231,
        -88.588149612801,
        80.37568542494924,
        61.180449443970915,
        80.91627388283666,
        46.058398465303014,
        81.0128990204492,
        56.08649079459382,
        6.311691035808934,
        -18.736584874897915,
        95.41936683740948,
        75.84081734085785,
        65.99891230848017,
        20.986273882836628,
        -19.031673887931547,
        -58.20065817279024,
        85.62190767070919,
        -24.158518198776918,
        70.39568542494924,
        95.52476401902163,
        95.47058845788743,
        90.56913490204697,
        40.62892594431802,
        75.70124357645692,
        25.65859073480206,
        80.46984267934775,
