{
    "learning_rate": 0.0005,
    "gamma": 0.9,
    "epsilon_decay": 0.995,
    "reward_history": [
        35.52708960518875,
        11.250612032372217,
        25.7498912640324,
        65.4780689375967,
        -462.53691365718487,
        -93.50469814925583,
        -631.7466750094435,
        20.796365185776864,
        -267.82922999509094,
        -93.6770054286871,
        -9.470439228466958,
        80.53368141246024,
        1.6005620599199943,
        55.759291854757514,
        -44.32239326850379,
        85.59568542494924,
        51.14559074779401,
        -73.04994184461026,
        80.38137084989847,
        50.73763276152192,
        -18.503719184789787,
        70.4048650316993,
        -8.510012165278368,
        75.423987962533,
        95.51137084989847,
        90.80351271744595,
        -88.43270827774992,
        0.6862358815977814,
        65.52352409180801,
        71.09258437914468,
        65.81315453029644,
        50.901524750216915,
        -33.48219550234634,
        100.58705627484771,
        80.54089500796019,
        85.38929222269923,
        75.44558441227157,
        85.63847182944929,
        90.55823319062259,
        11.146366804282579,
        80.36568542494923,
        80.46030655007274,
        85.35058845788743,
        30.67892594431801,
        65.54545348958672,
        65.53705627484771,
        90.50568542494923,
        85.72634849754694,
        20.54486503169929,
        85.39520958301097,
        65.73474571228594,
        65.4603065500728,
        26.31283133811253,
        90.77650581819918,
        90.43698166013745,
        90.48058845788744,
        95.3678020533874,
        70.44694365889856,
        95.41137084989847,
        75.45066307259769,
        50.80732621144913,
        85.71689895419547,
        55.75395522904321,
        80.54142715787304,
        90.51568542494924,
        70.68421356237309,
        95.6823438929028,
        90.46568542494924,
        26.311199893408343,
        90.43137084989847,
        80.36568542494923,
        90.44184669183676,
        80.65968535869551,
        80.54694365889856,
        85.56137084989848,
        35.63175035005696,
        80.38627388283666,
        60.78799598751101,
        100.44568542494923,
        85.65474571228594,
        95.58568542494923,
        95.70847182944928,
        90.39058845788743,
        95.41847182944927,
        100.37780205338738,
        90.36568542494923,
        95.48847182944928,
        100.36568542494923,
        100.41419525563741,
        50.82654076704599,
        85.38137084989847,
        75.46929222269921,
        95.59137084989848,
        85.55337486238747,
        80.44568542494923,
        95.377995987511,
        75.79627388283666,
        100.38058845788743,
        95.48474571228594,
        100.42847182944928,
        85.51936683740948,
        85.40368141246024,
        100.39568542494924,
        100.37568542494924,
        100.38419525563741,
        85.327995987511,
        80.54058845788742,
        85.37137084989848,
        100.46770774417392,
        90.42337486238748,
        95.36568542494923,
        80.44847182944928,
        85.5177640521485,
        95.60571875529027,
        70.42705627484771,
        95.51415725439851,
        95.37568542494924,
        90.46568542494924,
        85.37568542494924,
        100.38568542494924,
        70.50060676462311,
        85.45858444539843,
        90.54568542494924,
        90.41415725439852,
        90.61289902044919,
        85.54194733657265,
        90.34568542494924,
        95.33568542494923,
        95.39137084989848,
        90.46705627484772,
        95.39137084989848,
        95.53568542494924,
        100.46568542494924,
        95.50137084989848,
        75.4944454977356,
        80.59890296668448,
        100.36568542494923,
        100.45568542494924,
        100.597995987511,
        100.497995987511,
        95.377995987511,
        95.46568542494924,
        100.37568542494924,
        100.37568542494924,
        75.46616126688751,
        95.347995987511,
        95.56497764764845,
        85.42929222269922,
        90.69160278526098,
        95.42207862719926,
        95.45125823394932,
        95.38568542494924,
        90.56137084989848,
        100.47694365889856,
        90.49404463844937,
        95.45568542494924,
        100.37568542494924,
        100.43852813742386,
        100.39847182944928,
        95.39568542494924,
        95.45030655007277,
        100.41058845788743,
        90.37568542494924,
        100.47568542494923,
        95.39337486238747,
        95.40847182944928,
        95.44137084989848,
        90.48847182944928,
        95.55297363515946,
        100.39568542494924,
        100.42083869998562,
        95.39568542494924,
        100.39568542494924,
        95.3728990204492,
        95.37568542494924,
        95.69568542494923,
        100.38568542494924,
        95.44137084989848,
        100.36568542494923,
        100.38568542494924,
        100.45929222269922,
        95.39568542494924,
        90.43137084989847,
        90.50137084989848,
        95.49549149082563,
        100.43137084989847,
        100.51030655007277,
        100.39568542494924,
        100.39058845788743,
        100.38568542494924,
        85.59137084989848,
        100.377995987511,
        95.42137084989848,
        100.39568542494924,
        100.38568542494924,
        100.39568542494924,
        100.39568542494924,
        95.34030655007277,
        100.38568542494924,
        85.52474571228595,
        100.38568542494924,
        80.39847182944928,
        100.44929222269921,
        100.42847182944928,
        100.47929222269921,
        95.47929222269921,
        100.38568542494924,
        100.49847182944929,
        100.38568542494924,
        100.44137084989848,
        100.45929222269922,
        95.46415725439851,
        100.44568542494923,
        90.36568542494923,
        90.43058845788744,
        100.39568542494924,
        100.46568542494924,
        100.38568542494924,
        85.38568542494923,
        100.39929222269922,
        100.33568542494923,
        100.39568542494924,
        100.377995987511,
        95.38568542494923,
        70.54623588159778,
        100.51137084989847,
        95.40847182944928,
        100.39568542494924,
        100.51858444539843,
        95.38568542494924,
        100.39568542494924,
        100.44568542494923,
        100.46568542494924,
        100.467995987511,
        100.46568542494924,
        100.38568542494924,
        90.49058845788743,
        100.38568542494924,
        95.42497764764846,
        95.44497764764846,
        100.50497764764846,
        90.377995987511,
        95.36929222269922,
        95.39568542494924,
        95.64705627484771,
        100.36030655007276,
        100.39568542494924,
        100.38568542494924,
        100.37847182944928,
        100.38568542494924,
        90.46568542494924,
        100.45030655007277,
        100.44137084989848,
        100.38568542494924,
        80.43137084989849,
        95.38929222269921,
        95.38568542494923,
        95.46568542494924,
        95.37568542494924,
        100.38568542494924,
        95.38568542494923,
        100.38568542494924,
        100.43852813742386,
        95.37568542494924,
        95.40058845788742,
        95.38568542494924,
        90.39568542494924,
        95.38568542494924,
        100.47568542494923,
        95.527995987511,
        90.50137084989848,
        100.38568542494924,
        100.57852813742386,
        100.39568542494924,
        100.39568542494924,
        100.5428990204492,
        100.39568542494924,
        100.38568542494924,
        100.43207862719926,
        100.44568542494923,
        100.37568542494924,
        95.39568542494924,
        100.47415725439852,
        100.39568542494924,
        90.44137084989848,
        100.39568542494924,
        100.55705627484771,
        100.39568542494924,
        85.39568542494924,
