{
    "learning_rate": 0.001,
    "gamma": 0.9,
    "epsilon_decay": 0.995,
    "reward_history": [
        -4.09931233126305,
        -207.83613676366116,
        -332.894741605223,
        35.50226585785872,
        -103.89126447776505,
        50.457536787683864,
        -108.79980362160973,
        90.45964874522414,
        85.47599197502201,
        -33.66550042092166,
        45.757787029782044,
        -153.2234809139042,
        0.6357453821670163,
        60.85780593336894,
        85.67073768730796,
        -128.59610750553807,
        50.91756873025742,
        75.525528104297,
        1.3454301440111465,
        -63.68004669115041,
        -92.79060205888044,
        -43.80373887929295,
        30.649624149084815,
        65.34011261594915,
        36.13622450723579,
        -58.473938495226264,
        60.49728821021021,
        60.607876668097646,
        70.48622391038451,
        30.77043113723522,
        41.063545404817006,
        100.41368141246024,
        10.948930615215872,
        -18.988074022555224,
        70.8167347011696,
        60.53723190223566,
        90.7677640521485,
        75.62705627484772,
        90.35568542494924,
        80.63055045664854,
        95.5328990204492,
        80.2849276751963,
        70.57415725439851,
        20.853245190266634,
        75.34568542494924,
        20.831377185420862,
        80.46140885113738,
        20.63148346584761,
        50.38171540121014,
        90.33568542494923,
        90.35137084989847,
        75.47297363515943,
        85.72815718814479,
        95.37568542494924,
        85.45705627484772,
        60.8965654093041,
        80.78568542494924,
        100.39125823394932,
        85.67184669183675,
        71.02706015482927,
        85.77808396120204,
        95.60549149082563,
        85.71728821021023,
        85.50160278526099,
        75.76980934900672,
        75.52426987034768,
        50.80289902044921,
        90.49717559426107,
        80.46627388283666,
        90.41213493517384,
        100.39568542494924,
        90.52368141246025,
        95.37568542494924,
        95.3428990204492,
        70.61658043290943,
        95.42646781696028,
        80.57913490204697,
        75.9374941155471,
        90.45705627484772,
        85.43568542494924,
        95.56858444539843,
        80.3528990204492,
        90.4424414852466,
        95.41137084989847,
        95.43568542494924,
        75.55160278526097,
        90.53936683740949,
        95.45929222269922,
        90.57137084989847,
        90.48215324190953,
        95.53125823394932,
        90.49368141246025,
        90.63114358543383,
        95.39011261594915,
        55.55783866685877,
        90.61568542494923,
        95.427995987511,
        95.44568542494923,
        95.64489494170647,
        90.4628990204492,
        90.6526290838478,
        95.4477640521485,
        70.4628990204492,
        85.47627388283667,
        95.42497764764846,
        80.61304824986972,
        80.73058845788742,
        95.54929222269922,
        95.42137084989848,
        95.37568542494924,
        100.42137084989848,
        100.45568542494924,
        100.39599197502201,
        65.75778702978207,
        100.42137084989848,
        95.56847182944928,
        90.46787666809766,
        90.50705627484771,
        95.38568542494924,
        85.53984735024562,
        100.39568542494924,
        100.50083869998562,
        100.50847182944928,
        95.387995987511,
        90.55568542494925,
        100.36929222269922,
        90.41520958301096,
        95.4841952556374,
        95.37030655007277,
        100.39568542494924,
        95.50125823394933,
        90.34030655007277,
        100.48497764764845,
        95.43368141246025,
        100.74184669183676,
        95.38568542494924,
        85.53415725439852,
        85.68137084989847,
        95.53096962267047,
        80.39078239201105,
        100.35568542494924,
        85.48207862719926,
        90.46568542494924,
        90.34520958301096,
        80.65014922942052,
        95.39568542494924,
        100.36799598751101,
        100.46705627484772,
        100.37568542494924,
        80.84934853067378,
        90.36058845788743,
        90.46137084989847,
        100.59568542494924,
        95.46568542494924,
        100.55289902044919,
        95.377995987511,
        90.38368141246025,
        90.53066307259769,
        90.42568542494924,
        90.37929222269922,
        100.46568542494924,
        85.47207862719927,
        95.40137084989847,
        90.62925422146033,
        85.42137084989848,
        100.38780205338739,
        95.50799598751101,
        90.44568542494923,
        90.49497764764845,
        85.46058845788743,
        90.58144546460873,
        95.38568542494923,
        100.46568542494924,
        100.54568542494924,
        95.47195930778591,
        100.39568542494924,
        100.45568542494924,
        100.37568542494924,
        95.51137084989847,
        90.56058845788743,
        100.467995987511,
        90.377995987511,
        80.60908326497025,
        100.40137084989847,
        90.49984267934775,
        95.41137084989847,
        95.62929222269922,
        95.54549149082563,
        95.45568542494924,
        85.38568542494923,
        80.44058845788743,
        100.47415725439852,
        95.49058845788743,
        85.58545348958674,
        100.43137084989847,
        100.45568542494924,
        95.38568542494924,
        85.35881638076094,
        100.37568542494924,
        100.41847182944927,
        95.45568542494924,
        100.39929222269922,
        100.63568542494924,
        90.5590602873367,
        100.40058845788742,
        100.43137084989847,
        100.38568542494924,
        100.39568542494924,
        100.39568542494924,
        100.39568542494924,
        100.39568542494924,
        100.43137084989847,
        95.597995987511,
        100.46568542494924,
        95.39568542494924,
        85.38568542494924,
        95.39568542494924,
        100.39568542494924,
        100.39568542494924,
        90.50847182944928,
        95.52137084989847,
        95.46705627484772,
        100.46568542494924,
        100.45929222269922,
        95.38568542494924,
        95.41058845788743,
        100.41078239201104,
        100.45568542494924,
        100.47568542494923,
        90.55616126688751,
        95.37929222269922,
        95.43497764764845,
        95.37568542494924,
        90.38929222269921,
        90.40847182944928,
        95.37568542494924,
        95.40847182944928,
        100.48368141246024,
        100.46568542494924,
        100.46568542494924,
        95.41847182944927,
        100.39568542494924,
        100.38568542494924,
        95.39568542494924,
        90.39568542494924,
        95.49207862719926,
        90.39568542494924,
        100.38568542494924,
        95.38568542494923,
        100.39568542494924,
        100.37568542494924,
        90.43137084989847,
        100.37568542494924,
        100.39568542494924,
        100.39568542494924,
        95.46568542494924,
        100.43137084989847,
        90.41847182944929,
        100.39568542494924,
        100.52137084989847,
        100.38568542494924,
        95.42078239201105,
        95.387995987511,
        100.39568542494924,
        100.44137084989848,
        90.38568542494923,
        100.50847182944928,
        95.39568542494924,
        100.51497764764845,
        100.39568542494924,
        90.43137084989847,
        100.52337486238747,
        100.39568542494924,
        95.39568542494924,
        100.39568542494924,
        95.46568542494924,
        100.39568542494924,
        100.39929222269922,
        100.39568542494924,
        100.47568542494923,
        90.43137084989847,
        100.37568542494924,
        100.54568542494924,
        95.38568542494924,
        100.36568542494923,
        100.38568542494924,
        95.387995987511,
        100.36568542494923,
        100.45415725439852,
