{
  "complexity": 0,
  "alpha": 0.2,
  "gamma": 0.95,
  "epsilon": 0.3,
  "extra_passages": 3,
  "avg_rewards": [
    8.11799999999987,
    75.987,
    79.438,
    93.19600000000001,
    86.04299999999999,
    90.232,
    92.794,
    93.31500000000001,
    96.319,
    95.353,
    94.34499999999998,
    94.86000000000001,
    95.869,
    97.38199999999999,
    94.883,
    99.40699999999998,
    95.91,
    97.909,
    96.39899999999999,
    93.87299999999999,
    97.90799999999999,
    97.39599999999999,
    96.90899999999998,
    95.883,
    97.901,
    98.89599999999999,
    98.89799999999998,
    96.886,
    93.402,
    96.88199999999999,
    95.40299999999999,
    97.87799999999999,
    96.91099999999999,
    98.913,
    96.91099999999999,
    92.396,
    95.917,
    96.38900000000001,
    94.39,
    94.91099999999999,
    97.40400000000001,
    96.89700000000002,
    95.897,
    95.90299999999999,
    95.39299999999999,
    96.89899999999999,
    95.41099999999999,
    94.91,
    97.40299999999999,
    94.90400000000002,
    95.91,
    95.90899999999999,
    96.402,
    95.399,
    97.41299999999998,
    97.396,
    98.41,
    97.40899999999999,
    95.417,
    95.412,
    97.398,
    96.414,
    96.405,
    95.395,
    98.403,
    96.88399999999999,
    93.899,
    94.907,
    97.41399999999999,
    94.91900000000001,
    95.40200000000002,
    97.39500000000001,
    96.40599999999999,
    93.401,
    95.412,
    96.405,
    94.858,
    98.41799999999998,
    94.90099999999998,
    98.412,
    97.904,
    96.40699999999998,
    95.90799999999999,
    94.90899999999999,
    97.4,
    98.91300000000001,
    96.90799999999999,
    97.90700000000001,
    96.914,
    96.90700000000001,
    95.408,
    97.407,
    98.897,
    97.41599999999997,
    96.39800000000001,
    93.39000000000001,
    98.39499999999998,
    94.89699999999998,
    96.41099999999999,
    97.89099999999999,
    98.404,
    97.911,
    95.895,
    99.40799999999999,
    98.90199999999999,
    93.912,
    94.90799999999999,
    94.902,
    95.38700000000001,
    97.387,
    95.902,
    95.894,
    97.41099999999999,
    96.89500000000001,
    98.91199999999999,
    97.391,
    97.90800000000002,
    95.39899999999999,
    97.902,
    97.40100000000001,
    98.39099999999999,
    93.38799999999999,
    97.404,
    96.386,
    97.90799999999999,
    97.40200000000002,
    94.406,
    98.407,
    95.39699999999999,
    98.40299999999999,
    95.38999999999999,
    97.907,
    93.39000000000001,
    96.91299999999998,
    92.89700000000002,
    98.40599999999999,
    97.41400000000002,
    98.402,
    98.4,
    97.90399999999998,
    95.89099999999999,
    95.90099999999998,
    95.402,
    96.39099999999999,
    94.39699999999998,
    95.405,
    97.408,
    94.40899999999999,
    98.409,
    96.89099999999999,
    94.907,
    94.399,
    95.41099999999999,
    97.89500000000001,
    97.90700000000001,
    97.899,
    95.91099999999997,
    96.89800000000001,
    96.405,
    96.39599999999999,
    95.89399999999998,
    99.404,
    98.898,
    94.899,
    97.41099999999999,
    96.918,
    98.918,
    97.912,
    96.90299999999999,
    98.40599999999999,
    96.39499999999998,
    96.89099999999999,
    99.411,
    97.411,
    98.90199999999999,
    98.40399999999998,
    94.908,
    98.91900000000001,
    97.40799999999999,
    98.91,
    99.408,
    99.412,
    96.396,
    97.41300000000001,
    95.898,
    95.902,
    93.402,
    97.39999999999999,
    94.89999999999999,
    94.9,
    96.40799999999999,
    97.895,
    97.39599999999999,
    96.90799999999999,
    96.37499999999999,
    94.40899999999999,
    94.409,
    94.90599999999999,
    97.893,
    97.416,
    96.88700000000001,
    99.41000000000001,
    97.91900000000001,
    97.401,
    95.425,
    97.4,
    97.40400000000001,
    95.40100000000001,
    95.90499999999999,
    99.405,
    96.407,
    96.41099999999997,
    97.9,
    96.41300000000001,
    97.403,
    96.915,
    92.388,
    96.909,
    97.398,
    97.90299999999999,
    96.90299999999999,
    99.411,
    96.41899999999998,
    93.90300000000002,
    97.40699999999998,
    96.41099999999999,
    94.39899999999999,
    97.398,
    96.895,
    96.899,
    98.91399999999999,
    96.904,
    92.899,
    94.88399999999999,
    95.91199999999999,
    97.40800000000002,
    96.90200000000002,
    96.906,
    96.901,
    95.39699999999999,
    96.399,
    98.4,
    95.406,
    95.90599999999999,
    95.40499999999999,
    93.90199999999999,
    97.39399999999998,
    94.40699999999998,
    97.902,
    97.39099999999999,
    97.91399999999999,
    94.90799999999999,
    95.91,
    99.41,
    97.41499999999998,
    97.90399999999997,
    95.89500000000001,
    97.40799999999999,
    95.398,
    98.40899999999999,
    97.395,
    94.904,
    95.40299999999999,
    95.90099999999998,
    94.90200000000002,
    93.88900000000001,
    97.89900000000002,
    97.903,
    96.89399999999998,
    97.91500000000002,
    97.398,
    98.40400000000002,
    99.404,
    94.88300000000001,
    93.889,
    94.89799999999998,
    96.90199999999999,
    96.90699999999998,
    97.908,
    92.90099999999998,
    98.39999999999999,
    97.898,
    96.911,
    97.917,
    94.91000000000003,
    95.908,
    97.91,
    95.39899999999999,
    94.39,
    93.398,
    97.4,
    94.88199999999999,
    95.905,
    94.42000000000002,
    98.91099999999999,
    96.414,
    97.41,
    97.408,
    95.89599999999999,
    95.907,
    95.402,
    96.907,
    96.401,
    95.41699999999999,
    96.918,
    97.41,
    96.91999999999999,
    97.39599999999999,
    98.416,
    96.90399999999998,
    96.90300000000002,
    96.91000000000001,
    96.401,
    96.88799999999999,
    97.90600000000002,
    95.905,
    93.91000000000001,
    96.9,
    96.908,
    96.894,
    94.893,
    98.41499999999999,
    96.407,
    95.907,
    95.405,
    95.417,
    98.39199999999998,
    97.386,
    98.405,
    96.9,
    96.404,
    97.91299999999998,
    95.90299999999999,
    96.398,
    98.39399999999999,
    97.416,
    96.40200000000002,
    96.89299999999999,
    97.41,
    97.40599999999999,
    98.90900000000002,
    96.906,
    96.88899999999998,
    93.38999999999999,
    93.90099999999998,
    95.902,
    94.412,
    98.90400000000001,
    95.892,
    96.898,
    99.39299999999999,
    98.37700000000001,
    98.90299999999999,
    97.9,
    94.907,
    97.411,
    97.911,
    97.89999999999999,
    98.39599999999999,
    98.39699999999998,
    97.90399999999998,
    96.905,
    96.913,
    97.90399999999998,
    97.389,
    94.39099999999999,
    95.398,
    97.4,
    98.41999999999999,
    95.39599999999999,
    95.892,
    96.91400000000002,
    93.915,
    97.901,
    95.882,
    96.90299999999999,
    95.904,
    96.907,
    97.41499999999999,
    95.90100000000001,
    95.395,
    95.39999999999999,
    93.89499999999998,
    94.908,
    97.904,
    98.90299999999999,
    95.89399999999999,
    96.401,
    96.90299999999999,
    96.40199999999999,
    98.908,
    96.88300000000001,
    98.40299999999999,
    96.895,
    96.403,
    97.39699999999999,
    94.39699999999999,
    97.41,
    92.41399999999999,
    95.40699999999998,
    97.417,
    96.40599999999999,
    97.89599999999999,
    96.91100000000002,
    97.39999999999999,
    96.89699999999999,
    95.40699999999998,
    95.395,
    97.911,
    94.398,
    97.4,
    92.90699999999998,
    96.912,
    95.889,
    96.396,
    93.90899999999999,
    94.896,
    96.405,
    97.90099999999998,
    94.90599999999999,
    96.90899999999999,
    98.899,
    95.41299999999998,
    96.89899999999999,
    95.91599999999998,
    94.89,
    95.41099999999999,
    94.404,
    94.39599999999999,
    95.909,
    96.40799999999999,
    98.39299999999999,
    94.392,
    93.40399999999998,
    95.90900000000002,
    97.402,
    96.89999999999999,
    98.40900000000002,
    96.89399999999999,
    97.40599999999999,
    96.9,
    94.9,
    96.905,
    94.407,
