{
  "complexity": 1,
  "alpha": 0.3,
  "gamma": 0.95,
  "epsilon": 0.3,
  "extra_passages": 2,
  "avg_rewards": [
    3.4769999999998107,
    71.34800000000001,
    87.04400000000001,
    85.14099999999999,
    89.15299999999999,
    93.82600000000001,
    87.23499999999999,
    94.87,
    95.368,
    94.86599999999999,
    94.84700000000001,
    95.384,
    97.39799999999998,
    95.90699999999998,
    96.90799999999999,
    94.39299999999999,
    96.90899999999998,
    96.90599999999999,
    97.39000000000001,
    97.40799999999999,
    95.41300000000001,
    94.90099999999998,
    96.904,
    95.41100000000002,
    97.396,
    94.391,
    96.90899999999998,
    97.407,
    97.41900000000001,
    97.912,
    92.33999999999999,
    94.389,
    91.88899999999998,
    96.40899999999999,
    97.398,
    96.90599999999999,
    97.40799999999999,
    96.405,
    95.901,
    97.91499999999999,
    94.90500000000002,
    97.401,
    97.901,
    93.904,
    98.893,
    98.38399999999999,
    95.90299999999999,
    98.87899999999999,
    95.91,
    96.387,
    98.40499999999999,
    97.91400000000002,
    96.90299999999999,
    98.40599999999999,
    95.39899999999999,
    96.89199999999998,
    96.41,
    96.90099999999998,
    96.39399999999999,
    94.408,
    96.90799999999999,
    97.41900000000001,
    96.398,
    98.41400000000002,
    95.388,
    95.912,
    95.40599999999999,
    95.39899999999999,
    95.40400000000001,
    97.91199999999999,
    95.90299999999999,
    95.90199999999999,
    97.40400000000001,
    95.89999999999999,
    95.90700000000001,
    95.905,
    95.905,
    99.41099999999999,
    91.907,
    97.40099999999998,
    98.40599999999999,
    94.41,
    97.91299999999998,
    95.401,
    95.395,
    96.398,
    95.888,
    95.904,
    95.908,
    98.398,
    95.41,
    96.40299999999999,
    97.40200000000002,
    96.40099999999998,
    94.912,
    97.40100000000001,
    97.394,
    94.899,
    97.39899999999999,
    94.39,
    93.88300000000001,
    97.899,
    94.41299999999998,
    95.38699999999997,
    91.886,
    96.89399999999998,
    97.90199999999999,
    96.90199999999997,
    94.41400000000002,
    97.39699999999999,
    96.39599999999999,
    95.898,
    95.398,
    96.392,
    96.41300000000001,
    97.895,
    95.40599999999999,
    94.41,
    97.91199999999999,
    97.90899999999999,
    96.414,
    93.898,
    96.408,
    96.39599999999999,
    94.40699999999998,
    96.89999999999998,
    98.39699999999998,
    95.886,
    98.917,
    96.401,
    98.39600000000002,
    96.40799999999999,
    97.39399999999999,
    95.90299999999999,
    97.89399999999999,
    96.896,
    96.40899999999999,
    97.904,
    94.887,
    96.89899999999999,
    97.902,
    97.90399999999998,
    95.9,
    97.399,
    97.89,
    97.89400000000002,
    94.898,
    96.39999999999999,
    96.40499999999999,
    96.398,
    95.89699999999999,
    95.905,
    95.40499999999999,
    96.407,
    95.38499999999999,
    96.91199999999999,
    98.407,
    96.89999999999998,
    94.38899999999998,
    95.38799999999999,
    96.90299999999999,
    96.404,
    95.40700000000001,
    96.38799999999999,
    95.38999999999999,
    95.898,
    98.91099999999999,
    96.38899999999998,
    97.91099999999999,
    97.40700000000001,
    94.38199999999999,
    96.89399999999999,
    94.39099999999999,
    95.405,
    97.895,
    98.39699999999999,
    95.392,
    97.893,
    93.907,
    96.395,
    97.408,
    95.88399999999999,
    95.898,
    95.912,
    96.4,
    96.90400000000002,
    95.904,
    93.398,
    96.91399999999999,
    97.916,
    96.90299999999999,
    97.91499999999999,
    95.39800000000001,
    96.38399999999999,
    94.374,
    93.384,
    96.909,
    98.398,
    96.912,
    95.899,
    95.90599999999999,
    94.39899999999999,
    97.40599999999999,
    95.397,
    96.39699999999999,
    96.413,
    96.40299999999999,
    94.385,
    95.89899999999999,
    95.877,
    97.407,
    98.40299999999999,
    95.886,
    94.898,
    93.898,
    96.886,
    95.904,
    93.878,
    95.40899999999998,
    95.39599999999999,
    97.408,
    94.891,
    96.88499999999999,
    92.89099999999999,
    98.91099999999999,
    96.40299999999999,
    97.90799999999999,
    99.399,
    94.91,
    96.39500000000001,
    96.40299999999999,
    98.89299999999999,
    95.404,
    98.89599999999999,
    97.403,
    95.39099999999999,
    97.91299999999998,
    96.917,
    96.89699999999999,
    95.40699999999998,
    96.89999999999999,
    95.90799999999999,
    92.90100000000001,
    94.88799999999998,
    95.406,
    95.89699999999999,
    96.38199999999999,
    98.405,
    95.406,
    96.89,
    96.902,
    96.40099999999998,
    96.40599999999999,
    97.90299999999999,
    98.40200000000002,
    95.906,
    99.39899999999999,
    95.88899999999998,
    98.89199999999998,
    96.403,
    96.40300000000002,
    97.38199999999999,
    96.395,
    96.912,
    96.405,
    95.40299999999999,
    97.39999999999998,
    97.40299999999999,
    98.408,
    94.403,
    96.39699999999999,
    95.895,
    97.90700000000001,
    98.90899999999999,
    94.378,
    95.404,
    97.404,
    97.908,
    98.918,
    95.394,
    95.90600000000002,
    94.902,
    95.876,
    96.41099999999997,
    96.41100000000003,
    94.395,
    95.91400000000002,
    95.39999999999999,
    95.40299999999999,
    96.91299999999998,
    96.91100000000002,
    98.917,
    95.39,
    94.902,
    97.392,
    96.405,
    98.40599999999998,
    96.40299999999999,
    95.89500000000001,
    95.89400000000002,
    97.40799999999999,
    95.407,
    96.41,
    95.898,
    96.40899999999999,
    94.41300000000001,
    97.378,
    95.39699999999999,
    95.409,
    96.41100000000002,
    98.9,
    95.38199999999999,
    96.90799999999999,
    96.899,
    96.41299999999998,
    95.90599999999999,
    96.388,
    96.401,
    96.41799999999998,
    97.41600000000001,
    95.89399999999999,
    96.909,
    95.402,
    97.901,
    97.401,
    97.91099999999999,
    97.91099999999999,
    96.917,
    98.41099999999999,
    96.40899999999999,
    96.39099999999999,
    96.394,
    94.398,
    96.40899999999999,
    95.90099999999998,
    93.894,
    94.90799999999999,
    95.402,
    95.412,
    94.89399999999999,
    97.401,
    96.90899999999999,
    96.888,
    96.893,
    98.39499999999998,
    97.407,
    93.895,
    96.41799999999998,
    96.90299999999999,
    95.90599999999999,
    95.908,
    94.887,
    91.88699999999999,
    94.892,
    97.901,
    92.898,
    96.90700000000001,
    96.91099999999999,
    98.898,
    97.39599999999999,
    94.40399999999998,
    95.90499999999999,
    95.389,
    97.89999999999999,
    96.38700000000001,
    97.38799999999999,
    95.91299999999998,
    99.39499999999998,
    93.41199999999999,
    98.90299999999999,
    94.91,
    96.40899999999999,
    96.892,
    96.887,
    92.39399999999999,
    97.90200000000002,
    95.38799999999999,
    96.39800000000001,
    95.894,
    94.403,
    97.90499999999999,
    94.9,
    97.41499999999999,
    98.40899999999999,
    96.402,
    96.387,
    96.9,
    97.385,
    95.9,
    97.89999999999999,
    95.893,
    94.39199999999998,
    96.40599999999999,
    96.91199999999999,
    96.904,
    94.89199999999998,
    97.90599999999998,
    96.91499999999999,
    96.91199999999999,
    94.89199999999998,
    97.401,
    96.40799999999999,
    96.404,
    94.897,
    96.384,
    94.39099999999999,
    94.409,
    94.40599999999999,
    97.41299999999998,
    97.90500000000002,
    95.90199999999999,
    97.907,
    97.39299999999999,
    94.898,
    94.91299999999998,
    97.89500000000001,
    93.39999999999998,
    97.91299999999998,
    97.41099999999999,
    94.39699999999998,
    95.401,
    99.39699999999998,
    95.905,
    96.87699999999998,
    96.90599999999999,
    97.91199999999999,
    96.907,
    95.90899999999999,
    96.39899999999997,
    98.4,
    96.898,
    96.90199999999999,
    96.393,
