{
  "complexity": 1,
  "alpha": 0.1,
  "gamma": 0.95,
  "epsilon": 0.3,
  "extra_passages": 2,
  "avg_rewards": [
    17.594999999999892,
    63.78199999999997,
    69.70700000000001,
    85.564,
    85.085,
    82.093,
    92.209,
    83.17400000000002,
    91.815,
    93.277,
    94.756,
    94.362,
    93.307,
    94.341,
    96.847,
    96.373,
    95.36699999999999,
    95.374,
    97.874,
    96.398,
    96.38300000000001,
    96.89099999999999,
    97.893,
    97.90099999999998,
    97.41000000000001,
    98.401,
    97.9,
    99.414,
    96.911,
    97.401,
    95.408,
    96.396,
    97.41099999999999,
    99.40799999999999,
    96.89599999999999,
    95.90099999999998,
    97.40199999999999,
    96.87899999999999,
    97.39399999999999,
    96.402,
    94.396,
    94.904,
    98.40299999999999,
    98.88899999999998,
    95.89599999999999,
    96.90699999999998,
    95.91000000000001,
    97.377,
    97.412,
    98.383,
    97.90199999999999,
    96.39399999999998,
    97.394,
    95.89300000000001,
    97.90499999999999,
    97.40299999999999,
    95.40399999999998,
    98.402,
    98.91299999999998,
    94.41799999999999,
    97.38199999999999,
    95.89399999999999,
    93.899,
    96.905,
    96.89999999999999,
    95.90799999999999,
    99.39599999999999,
    97.409,
    95.41199999999999,
    95.407,
    99.412,
    97.895,
    94.90599999999999,
    97.40400000000001,
    91.88699999999999,
    94.39599999999999,
    92.393,
    93.89000000000001,
    96.9,
    98.90199999999999,
    98.405,
    96.397,
    97.888,
    96.91099999999999,
    95.41099999999999,
    94.90799999999999,
    97.398,
    96.37500000000001,
    95.89599999999999,
    97.40299999999999,
    95.387,
    96.9,
    96.90599999999999,
    98.403,
    97.40300000000002,
    97.902,
    96.914,
    94.90199999999999,
    95.901,
    96.89999999999999,
    95.90299999999999,
    97.40099999999998,
    95.4,
    96.39600000000002,
    96.9,
    95.89899999999999,
    97.392,
    98.90400000000002,
    97.912,
    96.89399999999998,
    98.895,
    96.892,
    97.894,
    96.886,
    98.901,
    95.398,
    96.898,
    96.917,
    94.90299999999999,
    96.913,
    96.408,
    98.917,
    97.41399999999999,
    98.39500000000001,
    96.386,
    94.38899999999998,
    95.913,
    97.89499999999998,
    98.893,
    98.383,
    95.39899999999999,
    95.89699999999999,
    97.386,
    97.898,
    95.39500000000001,
    96.398,
    96.39399999999999,
    95.411,
    97.902,
    96.39000000000001,
    97.91499999999999,
    96.90700000000001,
    97.41099999999999,
    98.41099999999999,
    97.399,
    94.91399999999999,
    97.41199999999999,
    97.90999999999998,
    98.409,
    96.39299999999999,
    97.388,
    96.39999999999999,
    97.40199999999999,
    97.907,
    97.89800000000001,
    95.91299999999998,
    97.901,
    95.398,
    95.405,
    96.41399999999999,
    98.91099999999999,
    96.4,
    96.911,
    96.896,
    95.39200000000001,
    93.39499999999998,
    94.89399999999998,
    95.88399999999999,
    97.39,
    95.88899999999998,
    95.91400000000002,
    97.40499999999999,
    96.87999999999998,
    97.404,
    96.405,
    96.918,
    94.905,
    99.408,
    96.4,
    94.894,
    97.392,
    98.406,
    92.402,
    97.39399999999998,
    96.901,
    98.386,
    96.89499999999998,
    95.89900000000002,
    98.40599999999999,
    95.41299999999998,
    95.90400000000001,
    97.90599999999999,
    93.899,
    97.392,
    95.419,
    95.899,
    96.89699999999998,
    97.91799999999998,
    97.41,
    96.41499999999999,
    93.91399999999999,
    96.397,
    96.89500000000001,
    98.39399999999999,
    96.40399999999998,
    95.87899999999999,
    96.895,
    96.905,
    94.41299999999998,
    96.405,
    96.40400000000002,
    97.4,
    96.897,
    96.90400000000001,
    97.402,
    96.909,
    95.887,
    96.886,
    97.413,
    98.41299999999998,
    96.393,
    96.91499999999999,
    95.397,
    96.917,
    97.907,
    96.893,
    93.41,
    98.393,
    93.405,
    95.402,
    97.385,
    98.393,
    97.40500000000002,
    97.381,
    97.91300000000001,
    95.90899999999999,
    98.395,
    99.391,
    95.90899999999998,
    95.393,
    96.40599999999999,
    94.90099999999998,
    95.39399999999998,
    97.40399999999998,
    94.89,
    97.39699999999999,
    96.90399999999998,
    98.90499999999999,
    97.41400000000002,
    96.90699999999998,
    96.39799999999998,
    95.88199999999999,
    97.91199999999999,
    97.41900000000001,
    97.90799999999999,
    95.884,
    97.40400000000002,
    97.905,
    97.90899999999999,
    97.37899999999999,
    94.402,
    98.9,
    97.40499999999999,
    95.40299999999999,
    96.392,
    97.90299999999999,
    96.896,
    97.881,
    95.88799999999999,
    95.90299999999999,
    94.898,
    96.40299999999999,
    96.41299999999998,
    96.905,
    96.90799999999999,
    93.89699999999999,
    95.91299999999998,
    96.41099999999999,
    97.894,
    96.88900000000001,
    95.39499999999998,
    96.409,
    97.399,
    95.399,
    97.38499999999999,
    98.406,
    96.907,
    96.905,
    98.398,
    97.416,
    96.908,
    93.38799999999999,
    95.91600000000003,
    97.89599999999999,
    97.40599999999999,
    95.887,
    96.40200000000002,
    96.41400000000002,
    90.88,
    97.39899999999999,
    97.904,
    97.903,
    97.91600000000001,
    95.40199999999999,
    97.893,
    96.417,
    96.905,
    95.39399999999999,
    94.898,
    95.40599999999999,
    96.89200000000001,
    95.90500000000002,
    96.893,
    96.40899999999999,
    96.39500000000001,
    96.39999999999999,
    96.39099999999999,
    96.91799999999999,
    96.913,
    95.4,
    96.40300000000002,
    97.385,
    97.39399999999999,
    97.40499999999999,
    98.40799999999999,
    95.89899999999999,
    96.91999999999999,
    97.41399999999999,
    96.91099999999999,
    96.901,
    96.90599999999999,
    97.41099999999999,
    96.913,
    94.89599999999999,
    96.415,
    96.39599999999999,
    97.88899999999998,
    96.40299999999999,
    95.905,
    95.38199999999999,
    94.87899999999999,
    96.40099999999998,
    97.39999999999999,
    95.901,
    97.41099999999999,
    96.406,
    97.41299999999998,
    95.9,
    96.39599999999999,
    96.41199999999999,
    96.40299999999999,
    96.41499999999999,
    94.904,
    97.394,
    97.41499999999999,
    98.91,
    96.40200000000002,
    95.414,
    96.905,
    96.908,
    97.90400000000001,
    93.89699999999999,
    97.40299999999999,
    95.89500000000001,
    92.885,
    95.90700000000001,
    96.917,
    98.404,
    95.90299999999999,
    94.913,
    97.402,
    96.39200000000001,
    96.898,
    98.39999999999999,
    96.391,
    98.91299999999998,
    96.383,
    95.39000000000001,
    94.9,
    98.405,
    94.39399999999998,
    97.909,
    98.89899999999999,
    97.40199999999999,
    97.39899999999999,
    97.397,
    97.91300000000001,
    96.905,
    96.90299999999999,
    93.392,
    93.388,
    96.386,
    98.89699999999999,
    97.40199999999999,
    97.904,
    95.409,
    95.901,
    95.40599999999999,
    96.886,
    93.38699999999999,
    97.38399999999999,
    95.90899999999999,
    92.901,
    99.395,
    95.90699999999998,
    97.896,
    93.40899999999999,
    94.405,
    97.901,
    97.90399999999998,
    98.41499999999999,
    95.41199999999999,
    97.39200000000001,
    97.412,
    98.407,
    95.88900000000001,
    97.40299999999999,
    97.896,
    94.904,
    97.41499999999999,
    97.91000000000001,
    95.90299999999999,
    97.88899999999998,
    97.38499999999998,
    94.38999999999999,
    97.901,
    96.90299999999999,
    97.408,
    97.89999999999999,
    98.90799999999999,
    98.41499999999999,
    97.403,
    95.39699999999999,
    96.90699999999998,
    94.88499999999999,
    94.91,
    96.40599999999999,
    94.90599999999999,
    96.90700000000001,
    96.90099999999998,
    96.91099999999999,
    95.42,
    98.402,
