{
  "complexity": 1,
  "alpha": 0.2,
  "gamma": 0.9,
  "epsilon": 0.3,
  "extra_passages": 2,
  "avg_rewards": [
    31.72099999999989,
    52.675999999999945,
    85.524,
    90.65,
    89.17799999999998,
    95.283,
    93.242,
    91.814,
    92.824,
    93.355,
    90.86699999999999,
    95.87700000000001,
    97.39,
    96.90200000000002,
    96.88499999999999,
    96.41499999999999,
    96.90699999999998,
    96.405,
    97.399,
    95.9,
    95.89699999999999,
    94.885,
    96.91,
    97.398,
    96.91399999999999,
    96.39999999999998,
    94.905,
    97.39899999999999,
    92.39,
    95.40199999999999,
    96.91000000000001,
    95.412,
    95.907,
    97.89,
    96.42100000000002,
    94.39599999999999,
    95.407,
    95.39500000000001,
    96.89999999999999,
    95.9,
    95.91099999999999,
    96.90199999999999,
    94.40299999999999,
    96.42099999999998,
    97.91199999999999,
    98.40699999999998,
    96.896,
    95.405,
    97.40700000000001,
    96.912,
    95.41900000000001,
    96.393,
    96.88199999999999,
    94.89699999999999,
    95.87499999999999,
    96.401,
    95.89500000000001,
    96.91099999999999,
    93.89599999999999,
    97.91399999999999,
    97.905,
    94.898,
    97.39699999999999,
    97.40800000000002,
    96.901,
    92.901,
    96.393,
    95.395,
    97.411,
    97.386,
    96.402,
    94.892,
    96.89699999999999,
    96.91099999999999,
    95.89999999999999,
    97.902,
    96.908,
    96.9,
    95.41000000000001,
    93.896,
    95.898,
    96.91299999999998,
    94.879,
    94.41000000000001,
    97.91699999999997,
    98.395,
    97.40400000000001,
    96.91,
    99.401,
    96.91099999999999,
    96.91199999999999,
    97.90299999999999,
    96.399,
    96.405,
    97.907,
    97.39599999999999,
    93.90099999999998,
    95.91000000000001,
    93.89500000000001,
    96.90800000000002,
    97.91300000000001,
    95.41600000000001,
    96.90299999999999,
    95.89699999999999,
    92.90899999999999,
    97.40700000000001,
    97.377,
    97.91799999999998,
    95.39500000000001,
    94.90899999999999,
    96.402,
    97.39399999999998,
    94.407,
    97.40799999999999,
    98.41999999999999,
    97.41,
    95.40899999999999,
    93.90299999999999,
    96.89099999999999,
    95.40099999999998,
    94.912,
    95.91299999999998,
    95.39399999999998,
    96.404,
    96.907,
    94.40299999999999,
    95.905,
    94.88000000000002,
    96.41099999999999,
    98.39099999999999,
    96.889,
    95.39599999999999,
    95.393,
    97.407,
    95.404,
    98.90299999999999,
    94.39,
    96.89200000000001,
    96.9,
    95.391,
    95.88,
    99.405,
    97.398,
    97.38799999999999,
    95.40099999999998,
    97.91,
    92.395,
    96.90199999999999,
    93.393,
    96.901,
    95.90899999999999,
    94.893,
    97.40799999999999,
    98.40299999999998,
    94.90799999999999,
    97.89699999999999,
    95.892,
    95.40899999999999,
    96.893,
    94.90900000000002,
    97.91699999999999,
    94.893,
    97.405,
    96.91100000000002,
    93.90599999999999,
    97.41099999999997,
    95.398,
    94.36099999999999,
    96.41,
    95.402,
    97.40299999999999,
    93.91,
    97.41299999999998,
    95.90899999999999,
    95.412,
    95.898,
    97.41299999999998,
    96.40800000000002,
    95.39499999999998,
    95.38699999999999,
    95.90599999999999,
    96.40700000000001,
    96.90700000000001,
    95.89499999999998,
    94.398,
    96.39599999999999,
    97.90599999999999,
    95.88399999999999,
    96.90299999999999,
    96.41300000000001,
    99.409,
    96.88799999999999,
    97.41399999999999,
    93.895,
    96.911,
    96.402,
    92.892,
    96.416,
    94.893,
    97.39899999999999,
    95.88199999999999,
    96.89699999999999,
    96.90299999999999,
    96.91,
    98.901,
    98.38300000000001,
    97.40599999999999,
    97.40400000000001,
    95.40599999999999,
    95.91,
    96.905,
    94.4,
    95.891,
    95.396,
    96.39500000000001,
    96.91699999999999,
    97.41,
    96.90900000000002,
    96.388,
    96.9,
    93.905,
    97.90099999999998,
    91.89699999999999,
    96.40700000000001,
    97.91099999999999,
    95.88900000000001,
    95.385,
    94.90099999999998,
    96.87899999999999,
    96.89300000000001,
    94.89699999999999,
    96.905,
    94.40299999999999,
    96.383,
    97.401,
    93.89000000000001,
    98.901,
    97.38900000000001,
    96.394,
    97.91,
    96.89999999999999,
    97.405,
    98.4,
    94.898,
    95.90799999999999,
    93.88799999999999,
    94.90799999999999,
    98.404,
    96.399,
    96.40799999999999,
    98.39699999999999,
    97.89399999999999,
    97.91099999999997,
    97.405,
    98.40999999999998,
    95.404,
    97.906,
    96.901,
    94.89200000000001,
    94.903,
    96.894,
    96.91299999999998,
    94.88,
    96.405,
    96.90299999999999,
    97.40899999999999,
    97.903,
    96.905,
    96.4,
    96.88899999999998,
    94.404,
    94.885,
    94.88399999999999,
    93.898,
    96.91299999999998,
    99.895,
    95.89699999999999,
    96.397,
    96.897,
    96.912,
    94.412,
    98.39099999999999,
    98.91299999999998,
    98.403,
    95.406,
    96.89599999999999,
    95.39,
    95.90900000000002,
    95.39699999999999,
    94.901,
    96.401,
    96.397,
    95.89899999999997,
    95.893,
    93.89099999999999,
    96.398,
    97.41,
    97.91599999999998,
    95.405,
    97.908,
    96.39599999999999,
    95.40299999999999,
    94.887,
    94.40499999999999,
    95.4,
    93.39200000000001,
    95.402,
    97.41600000000001,
    95.41,
    96.91999999999999,
    93.39999999999999,
    95.39699999999998,
    96.905,
    96.40299999999999,
    97.394,
    96.414,
    92.909,
    94.90200000000002,
    95.41599999999998,
    96.89799999999998,
    96.392,
    97.89399999999999,
    96.90799999999999,
    97.40999999999998,
    92.38999999999999,
    96.904,
    97.39699999999999,
    95.399,
    95.89899999999999,
    94.88900000000001,
    96.41499999999999,
    93.41699999999999,
    96.91399999999999,
    96.902,
    95.40099999999998,
    93.40599999999999,
    99.398,
    97.404,
    95.91399999999999,
    96.41400000000002,
    94.894,
    96.89599999999999,
    92.90699999999998,
    99.412,
    95.39900000000002,
    96.404,
    98.40499999999999,
    94.87699999999998,
    94.39699999999999,
    96.90900000000002,
    93.90199999999999,
    95.40599999999998,
    94.37899999999999,
    95.399,
    94.89399999999998,
    96.40299999999999,
    96.402,
    98.40899999999999,
    97.91599999999998,
    95.90299999999999,
    94.9,
    96.40599999999999,
    97.4,
    94.401,
    93.89099999999999,
    95.898,
    96.394,
    92.90599999999999,
    94.381,
    96.90400000000001,
    96.905,
    96.405,
    95.39099999999999,
    95.90800000000002,
    95.89500000000001,
    96.899,
    95.384,
    96.9,
    97.40899999999999,
    93.89999999999999,
    97.41099999999999,
    97.41199999999999,
    98.38199999999999,
    97.392,
    96.91099999999999,
    94.9,
    97.90899999999999,
    95.91199999999999,
    96.39099999999999,
    97.889,
    98.39399999999998,
    96.902,
    98.90299999999999,
    95.91,
    91.88999999999999,
    95.89899999999997,
    96.401,
    88.90099999999998,
    95.89599999999999,
    95.91399999999999,
    94.40699999999998,
    92.886,
    95.89799999999998,
    96.416,
    96.39799999999998,
    93.89699999999999,
    94.91699999999999,
    97.388,
    95.899,
    96.412,
    96.40299999999999,
    93.39599999999999,
    98.40099999999998,
    94.917,
    96.90099999999998,
    95.905,
    95.39099999999999,
    93.40599999999999,
    96.404,
    95.91000000000001,
    97.38899999999998,
    98.9,
    98.40299999999999,
    95.409,
    97.909,
    95.89899999999999,
    97.91300000000001,
    92.892,
    95.881,
    98.40799999999999,
    95.39599999999999,
    98.394,
    93.90199999999997,
    95.895,
    97.904,
    98.41300000000001,
    94.912,
    98.90799999999999,
