{
  "complexity": 2,
  "alpha": 0.1,
  "gamma": 0.9,
  "epsilon": 0.2,
  "extra_passages": 1,
  "avg_rewards": [
    15.622999999999923,
    61.63199999999997,
    87.88799999999998,
    91.57,
    91.573,
    91.686,
    94.22999999999999,
    95.801,
    94.80600000000001,
    96.839,
    97.31300000000002,
    96.357,
    98.35400000000001,
    98.89999999999999,
    93.37899999999999,
    97.381,
    98.405,
    98.40199999999999,
    97.409,
    96.91,
    98.91199999999999,
    97.91099999999999,
    96.917,
    97.912,
    98.41299999999998,
    96.91199999999999,
    95.91100000000002,
    98.91,
    99.42,
    98.371,
    97.402,
    96.905,
    99.419,
    97.91499999999999,
    97.42300000000003,
    98.91600000000003,
    97.408,
    96.913,
    96.40899999999999,
    97.40599999999999,
    96.913,
    98.41900000000001,
    95.91099999999999,
    98.91900000000001,
    97.911,
    96.418,
    97.40299999999999,
    97.41599999999998,
    97.915,
    96.37800000000001,
    97.91400000000002,
    97.91099999999999,
    98.91600000000001,
    99.41999999999999,
    97.91100000000002,
    98.423,
    97.913,
    97.91899999999998,
    98.42100000000002,
    98.401,
    95.90099999999998,
    95.90700000000001,
    97.909,
    97.912,
    99.421,
    97.92399999999999,
    98.91599999999998,
    94.39500000000001,
    97.89699999999998,
    98.417,
    98.422,
    96.415,
    97.41900000000001,
    97.921,
    97.91199999999998,
    97.91300000000001,
    97.41399999999999,
    96.40399999999998,
    98.42,
    97.893,
    98.907,
    97.415,
    98.41899999999998,
    97.42000000000003,
    97.91399999999999,
    98.923,
    98.41100000000002,
    97.90799999999999,
    97.414,
    98.91199999999999,
    98.91,
    98.41699999999999,
    96.91,
    95.91199999999999,
    95.402,
    97.90800000000002,
    98.41999999999999,
    98.41600000000001,
    99.92099999999999,
    96.412,
    98.415,
    95.41499999999999,
    98.91100000000002,
    97.914,
    97.91100000000002,
    97.91,
    98.90499999999999,
    98.41099999999999,
    96.419,
    99.41,
    99.91,
    98.90799999999999,
    98.40899999999999,
    98.921,
    96.922,
    99.41,
    95.399,
    96.91499999999999,
    99.905,
    96.405,
    97.91499999999999,
    98.409,
    98.405,
    98.41399999999999,
    97.4,
    97.41599999999998,
    97.898,
    97.91499999999999,
    97.90800000000002,
    97.417,
    97.411,
    97.41900000000001,
    98.41499999999999,
    97.91699999999999,
    97.89599999999999,
    99.414,
    98.41599999999998,
    97.414,
    98.41299999999998,
    98.918,
    98.41799999999999,
    99.421,
    97.91400000000002,
    97.407,
    97.921,
    98.91,
    98.91299999999998,
    98.40899999999999,
    96.91299999999998,
    99.41699999999999,
    98.892,
    98.41100000000002,
    96.404,
    98.91900000000001,
    97.90399999999998,
    98.412,
    95.917,
    98.91,
    97.407,
    98.90799999999999,
    96.421,
    99.91300000000001,
    96.405,
    97.414,
    95.90599999999999,
    98.40799999999999,
    98.913,
    96.92,
    98.39399999999999,
    98.424,
    99.40900000000002,
    97.90399999999998,
    99.40499999999999,
    98.41499999999999,
    98.41499999999999,
    97.91600000000001,
    98.40100000000001,
    97.90600000000002,
    98.40499999999999,
    97.91300000000001,
    98.40799999999999,
    99.42100000000002,
    98.905,
    97.409,
    98.92,
    96.906,
    97.42199999999998,
    97.91300000000001,
    98.91299999999998,
    98.403,
    97.91,
    99.40299999999999,
    97.921,
    99.401,
    97.408,
    99.41,
    96.907,
    98.41299999999998,
    98.906,
    98.91000000000001,
    97.42,
    95.40199999999997,
    98.905,
    97.911,
    99.409,
    97.91699999999999,
    97.39200000000001,
    95.91099999999999,
    96.41799999999998,
    96.911,
    96.924,
    98.906,
    96.91099999999997,
    97.917,
    98.42399999999998,
    97.90799999999999,
    97.91499999999999,
    98.42099999999999,
    99.405,
    96.41399999999999,
    98.915,
    98.90700000000001,
    97.91099999999999,
    98.911,
    97.40400000000001,
    99.92400000000002,
    97.91000000000001,
    98.42299999999999,
    98.40700000000001,
    97.40199999999999,
    98.921,
    98.91000000000001,
    99.41999999999999,
    98.91,
    98.91600000000001,
    99.42,
    97.91,
    99.42,
    99.91599999999998,
    96.405,
    98.41299999999998,
    98.414,
    96.912,
    99.424,
    98.41399999999999,
    98.92,
    98.41,
    99.40799999999999,
    98.905,
    98.91499999999999,
    98.91699999999999,
    96.425,
    97.923,
    96.41399999999999,
    96.922,
    98.91699999999999,
    97.41099999999997,
    98.41,
    97.40699999999998,
    97.924,
    98.41299999999998,
    96.91100000000002,
    96.905,
    95.90899999999998,
    98.915,
    97.41399999999999,
    96.416,
    95.905,
    98.41400000000002,
    99.41299999999998,
    98.418,
    94.925,
    94.90600000000002,
    98.92300000000003,
    97.918,
    96.41499999999999,
    98.917,
    97.907,
    97.416,
    97.92300000000003,
    98.912,
    96.91700000000002,
    97.41399999999999,
    98.91199999999999,
    98.41099999999999,
    96.91399999999999,
    97.919,
    97.91400000000002,
    98.41699999999999,
    97.41999999999999,
    98.40700000000001,
    98.41499999999999,
    97.42200000000003,
    97.91099999999997,
    98.41600000000001,
    98.91599999999998,
    98.42300000000003,
    97.90999999999998,
    98.414,
    99.91799999999998,
    96.905,
    97.398,
    98.40899999999998,
    97.91099999999999,
    97.40699999999998,
    96.416,
    96.91100000000002,
    97.919,
    97.89999999999999,
    96.91799999999999,
    98.41,
    95.42200000000003,
    97.41199999999999,
    96.914,
    97.41299999999998,
    97.91099999999999,
    97.926,
    98.91599999999998,
    98.92399999999999,
    98.42399999999999,
    95.90799999999999,
    97.909,
    99.918,
    97.918,
    97.91199999999999,
    99.422,
    98.41199999999999,
    99.416,
    98.91799999999998,
    98.41799999999999,
    96.902,
    99.91499999999999,
    97.917,
    98.91600000000001,
    94.91199999999999,
    98.40499999999999,
    99.409,
    97.915,
    97.914,
    98.41199999999998,
    98.91099999999999,
    98.41399999999999,
    97.90599999999999,
    98.92800000000001,
    97.406,
    98.41599999999998,
    97.41599999999998,
    97.91,
    97.42099999999999,
    97.922,
    97.41699999999999,
    97.40799999999999,
    96.91600000000003,
    97.914,
    98.41500000000002,
    97.41100000000002,
    98.903,
    99.41499999999999,
    97.416,
    98.41699999999999,
    98.41399999999999,
    99.424,
    97.915,
    96.41199999999999,
    96.90599999999999,
    97.41000000000001,
    97.911,
    98.422,
    97.41599999999998,
    97.912,
    98.905,
    98.91499999999999,
    98.41999999999999,
    97.92500000000003,
    98.41799999999998,
    97.909,
    98.401,
    97.91699999999999,
    96.907,
    97.91999999999999,
    98.907,
    98.41699999999999,
    96.398,
    96.91199999999999,
    98.413,
    99.418,
    99.407,
    96.41900000000001,
    98.421,
    97.41900000000001,
    97.922,
    96.417,
    98.418,
    95.41499999999999,
    96.41600000000001,
    96.91499999999999,
    99.418,
    96.91700000000002,
    97.418,
    96.913,
    97.91,
    98.40899999999998,
    99.90899999999998,
    97.91300000000001,
    97.918,
    97.9,
    96.40099999999998,
    97.914,
    98.417,
    98.91099999999999,
    95.41700000000003,
    98.91799999999999,
    98.41299999999998,
    97.417,
    98.917,
    97.41900000000001,
    98.91799999999998,
    97.914,
    99.41599999999998,
    97.918,
    96.41499999999998,
    97.41600000000001,
    99.416,
    97.417,
    97.41499999999999,
    97.41,
    98.41,
    98.415,
    98.91100000000002,
    99.915,
    96.918,
    98.411,
    96.925,
    95.41000000000001,
    98.41399999999999,
    99.422,
    98.407,
    97.91100000000003,
    97.42700000000002,
