{
  "complexity": 2,
  "alpha": 0.2,
  "gamma": 0.95,
  "epsilon": 0.3,
  "extra_passages": 1,
  "avg_rewards": [
    4.979999999999831,
    65.26700000000002,
    74.28399999999999,
    91.69300000000001,
    82.143,
    90.191,
    94.749,
    91.81199999999998,
    91.83399999999997,
    92.291,
    97.406,
    96.374,
    95.899,
    95.89699999999999,
    97.405,
    97.40099999999998,
    96.41,
    98.406,
    97.40599999999999,
    94.369,
    97.902,
    93.41400000000002,
    96.41900000000001,
    96.917,
    92.849,
    97.40899999999999,
    98.40400000000001,
    95.901,
    96.89800000000001,
    92.902,
    96.39699999999999,
    95.909,
    96.40299999999999,
    96.90799999999999,
    97.40400000000001,
    94.90399999999998,
    95.40599999999999,
    97.407,
    96.398,
    98.40599999999999,
    96.902,
    95.88899999999998,
    94.41900000000001,
    96.908,
    96.397,
    94.39899999999999,
    96.905,
    94.89599999999999,
    96.90200000000002,
    95.889,
    93.40399999999998,
    96.90599999999998,
    97.414,
    96.40400000000001,
    96.398,
    96.91499999999999,
    98.41199999999999,
    95.89999999999999,
    97.412,
    95.907,
    94.40099999999998,
    96.40199999999999,
    97.414,
    92.89900000000002,
    94.40800000000002,
    95.40899999999998,
    95.91,
    98.41300000000001,
    95.40299999999999,
    95.38700000000001,
    96.41599999999998,
    98.40299999999999,
    96.905,
    94.39699999999999,
    93.39500000000001,
    97.915,
    98.40899999999999,
    96.40400000000002,
    96.41099999999999,
    92.89799999999998,
    97.90300000000002,
    97.39900000000002,
    95.401,
    97.912,
    97.89899999999999,
    97.90099999999998,
    95.405,
    96.398,
    98.40799999999999,
    97.91600000000001,
    96.41299999999998,
    96.41199999999999,
    93.902,
    96.91299999999998,
    96.904,
    94.89499999999998,
    96.906,
    94.90500000000002,
    96.40299999999999,
    97.41099999999999,
    94.902,
    95.40299999999999,
    94.87800000000001,
    94.87899999999999,
    95.894,
    96.898,
    95.91299999999998,
    94.395,
    97.40700000000001,
    99.40299999999999,
    96.89399999999999,
    97.395,
    94.90899999999999,
    97.40599999999999,
    96.91299999999998,
    96.89099999999999,
    97.404,
    95.896,
    97.89,
    95.854,
    96.891,
    97.90799999999999,
    96.405,
    99.40199999999999,
    95.902,
    97.904,
    97.40200000000002,
    92.398,
    96.414,
    98.91399999999999,
    95.41299999999998,
    97.41099999999999,
    96.89699999999998,
    96.90299999999999,
    95.881,
    98.41,
    97.398,
    95.39500000000001,
    96.91399999999999,
    94.40299999999999,
    93.41699999999999,
    97.896,
    96.41399999999999,
    96.91,
    95.40200000000002,
    97.90399999999998,
    97.90399999999998,
    97.397,
    96.40400000000001,
    95.903,
    98.404,
    96.40199999999999,
    97.40100000000001,
    93.40399999999998,
    95.40799999999999,
    97.909,
    97.41199999999999,
    96.40400000000001,
    96.398,
    96.392,
    98.902,
    97.894,
    94.40500000000002,
    92.891,
    97.40699999999998,
    96.898,
    96.91499999999999,
    96.39900000000002,
    96.41400000000002,
    94.913,
    95.381,
    94.90899999999999,
    93.88999999999999,
    96.90299999999999,
    95.38,
    96.91499999999999,
    95.912,
    94.415,
    96.399,
    96.40400000000001,
    97.919,
    97.40099999999998,
    95.37599999999999,
    98.414,
    96.401,
    97.89099999999999,
    93.89099999999999,
    95.90599999999999,
    96.90899999999998,
    94.90399999999998,
    95.40699999999998,
    97.39999999999999,
    95.407,
    95.906,
    96.903,
    91.893,
    95.905,
    93.892,
    95.90699999999998,
    95.401,
    93.90399999999998,
    95.41499999999999,
    94.408,
    95.38899999999998,
    94.41199999999999,
    94.408,
    98.41099999999999,
    96.381,
    94.90599999999999,
    95.40599999999999,
    96.40600000000002,
    95.898,
    96.87799999999999,
    96.907,
    96.405,
    94.905,
    94.893,
    97.407,
    97.388,
    96.90400000000001,
    96.89999999999999,
    98.91999999999999,
    95.896,
    95.408,
    97.402,
    95.888,
    94.40799999999999,
    97.894,
    95.396,
    94.893,
    97.389,
    96.40799999999999,
    94.405,
    94.401,
    94.394,
    96.91499999999999,
    95.90900000000002,
    96.401,
    93.40399999999998,
    97.915,
    98.40499999999999,
    97.39,
    94.39699999999999,
    96.40100000000001,
    98.401,
    94.904,
    97.397,
    95.90799999999999,
    94.387,
    98.381,
    96.41,
    94.91500000000002,
    95.915,
    94.902,
    96.40199999999999,
    95.39999999999998,
    95.90700000000001,
    96.40799999999999,
    95.899,
    93.89699999999999,
    94.40799999999999,
    97.409,
    95.88999999999999,
    96.39199999999998,
    94.89200000000001,
    93.38699999999999,
    93.394,
    96.9,
    96.39599999999999,
    94.904,
    98.39300000000001,
    94.905,
    95.895,
    95.90299999999999,
    96.895,
    94.405,
    95.901,
    93.39899999999999,
    96.39899999999999,
    92.91,
    96.401,
    95.89200000000001,
    97.91900000000003,
    97.41,
    97.40599999999999,
    96.39599999999999,
    94.901,
    97.39200000000001,
    98.405,
    91.41399999999999,
    98.41299999999998,
    95.909,
    94.90799999999999,
    94.907,
    93.892,
    97.40700000000001,
    96.38499999999999,
    95.89799999999998,
    97.40499999999999,
    94.39899999999999,
    96.41299999999998,
    94.902,
    93.89900000000002,
    97.404,
    93.418,
    98.40299999999999,
    98.40399999999998,
    96.404,
    95.39399999999999,
    98.40199999999999,
    95.90599999999999,
    96.396,
    94.881,
    96.403,
    95.397,
    96.39699999999999,
    95.912,
    93.90299999999999,
    94.896,
    95.887,
    95.38799999999999,
    97.90299999999999,
    97.91399999999999,
    96.395,
    94.90299999999999,
    93.398,
    97.39200000000001,
    97.91199999999999,
    98.91499999999999,
    97.401,
    95.39099999999999,
    97.91099999999999,
    98.395,
    97.89899999999999,
    95.40900000000002,
    95.906,
    96.90199999999999,
    97.39,
    96.913,
    95.39899999999997,
    96.408,
    95.389,
    97.914,
    95.39999999999999,
    93.40299999999999,
    98.896,
    92.88999999999999,
    96.91299999999998,
    95.391,
    96.40899999999999,
    96.4,
    96.399,
    93.916,
    95.904,
    97.91000000000001,
    96.40799999999999,
    96.89500000000001,
    97.40799999999999,
    96.416,
    95.90499999999999,
    96.411,
    96.90599999999998,
    98.38699999999999,
    95.89399999999998,
    97.90299999999999,
    94.91,
    98.39599999999999,
    96.905,
    94.40299999999999,
    97.39399999999999,
    95.4,
    95.393,
    99.41600000000001,
    96.38299999999998,
    92.90299999999999,
    96.393,
    93.89099999999999,
    95.90799999999999,
    95.893,
    95.40100000000001,
    96.898,
    96.405,
    94.90299999999999,
    96.40899999999999,
    97.92200000000001,
    97.914,
    95.41999999999999,
    94.37200000000001,
    96.399,
    96.89899999999999,
    95.89500000000001,
    94.88900000000001,
    95.89699999999999,
    96.40899999999999,
    93.90299999999999,
    96.904,
    96.90899999999999,
    91.398,
    98.40099999999998,
    90.898,
    98.898,
    93.889,
    94.90399999999998,
    97.40699999999998,
    96.40399999999998,
    97.39599999999999,
    97.407,
    95.413,
    96.90499999999999,
    94.398,
    95.395,
    97.9,
    96.915,
    97.398,
    94.906,
    97.396,
    97.91499999999999,
    93.897,
    95.40599999999999,
    97.913,
    92.89599999999999,
    98.41400000000002,
    97.907,
    98.404,
    97.41499999999999,
    96.40799999999999,
    91.39,
    93.402,
    96.9,
    96.381,
    97.915,
    96.91099999999999,
    95.90700000000001,
    95.899,
    94.893,
    95.87800000000001,
    95.40299999999999,
    97.393,
    97.89899999999999,
