{
  "complexity": 0,
  "alpha": 0.3,
  "gamma": 0.9,
  "epsilon": 0.2,
  "extra_passages": 3,
  "avg_rewards": [
    15.515999999999854,
    79.03799999999998,
    89.06200000000001,
    91.548,
    95.777,
    95.254,
    95.285,
    96.784,
    97.86000000000001,
    96.85,
    95.873,
    95.85900000000001,
    98.88199999999998,
    99.41,
    98.41299999999998,
    99.4,
    98.41799999999998,
    96.424,
    97.91,
    94.917,
    99.91,
    97.41499999999999,
    97.90900000000002,
    97.918,
    98.923,
    97.401,
    98.91400000000002,
    97.90899999999998,
    99.41900000000001,
    96.409,
    96.417,
    97.91599999999998,
    98.40700000000001,
    98.42699999999999,
    97.92100000000002,
    99.909,
    97.40699999999998,
    97.907,
    98.915,
    98.916,
    95.40399999999998,
    98.926,
    97.91900000000001,
    98.417,
    98.41499999999999,
    97.395,
    98.40599999999999,
    96.919,
    98.418,
    97.917,
    96.91799999999999,
    97.41499999999999,
    99.41299999999998,
    97.41499999999999,
    99.42099999999998,
    98.91499999999999,
    98.91,
    98.40600000000002,
    97.40099999999998,
    97.41299999999998,
    96.91399999999999,
    98.91299999999998,
    94.91600000000001,
    97.41299999999998,
    97.40799999999999,
    99.91299999999998,
    98.89699999999999,
    97.405,
    97.40299999999999,
    97.90899999999998,
    99.40799999999999,
    97.91499999999999,
    98.90599999999998,
    97.919,
    98.91599999999998,
    97.91799999999998,
    96.916,
    97.41,
    96.41099999999999,
    99.40599999999999,
    97.41099999999999,
    97.412,
    96.405,
    98.421,
    99.421,
    95.91900000000001,
    98.393,
    98.40600000000002,
    98.915,
    98.926,
    97.911,
    96.40299999999999,
    97.90600000000002,
    96.41800000000003,
    98.41,
    97.913,
    99.40799999999999,
    98.41699999999999,
    99.911,
    96.92099999999999,
    96.91199999999999,
    96.41900000000001,
    97.91400000000002,
    97.422,
    97.91500000000002,
    97.40299999999999,
    99.41499999999999,
    95.91099999999999,
    97.91799999999999,
    97.4,
    98.416,
    98.92099999999999,
    99.41,
    99.41199999999998,
    96.41199999999999,
    99.41799999999999,
    97.418,
    97.91,
    97.918,
    96.41799999999998,
    99.41000000000001,
    95.91299999999998,
    98.42,
    98.41300000000001,
    98.40899999999999,
    95.414,
    97.41100000000002,
    99.40899999999999,
    98.91499999999999,
    97.90800000000002,
    98.41299999999998,
    98.413,
    97.91499999999999,
    98.91499999999999,
    96.91600000000001,
    98.42,
    96.41,
    96.91099999999999,
    97.91199999999998,
    97.417,
    97.417,
    97.91100000000002,
    97.92,
    98.418,
    96.41299999999998,
    97.923,
    97.91099999999999,
    98.917,
    96.91,
    97.90799999999999,
    98.41799999999999,
    96.42399999999998,
    97.91499999999999,
    97.915,
    98.423,
    99.41600000000001,
    98.41700000000002,
    98.422,
    97.92,
    97.91299999999998,
    94.41100000000002,
    98.91899999999998,
    98.92499999999998,
    97.40899999999999,
    97.91399999999997,
    97.91799999999999,
    99.92099999999998,
    99.406,
    97.922,
    96.91299999999998,
    98.41099999999997,
    97.914,
    96.42600000000002,
    98.91300000000001,
    98.918,
    99.902,
    99.41,
    98.914,
    97.886,
    96.918,
    99.40699999999998,
    98.41399999999999,
    98.913,
    98.41799999999998,
    98.404,
    98.91499999999999,
    97.904,
    95.91500000000002,
    95.41499999999999,
    98.917,
    98.401,
    98.41,
    98.90799999999999,
    97.41399999999999,
    98.419,
    99.40400000000001,
    98.421,
    98.41399999999999,
    98.423,
    96.411,
    98.916,
    97.405,
    98.404,
    98.41900000000001,
    98.42800000000003,
    97.90899999999999,
    98.414,
    97.41599999999998,
    98.91400000000002,
    98.916,
    96.91300000000001,
    97.91999999999999,
    97.40799999999999,
    97.91999999999999,
    98.91,
    97.916,
    97.917,
    97.91900000000001,
    99.41300000000001,
    96.914,
    98.422,
    97.92,
    99.41600000000001,
    97.40599999999998,
    98.41099999999999,
    99.41199999999998,
    98.91400000000002,
    97.90899999999999,
    97.40899999999999,
    97.4,
    98.42500000000001,
    97.91899999999998,
    96.91100000000002,
    97.384,
    97.41599999999997,
    98.419,
    98.41999999999999,
    96.89999999999999,
    97.917,
    96.41,
    99.41100000000002,
    98.41499999999999,
    98.91599999999998,
    98.41499999999999,
    98.41300000000001,
    99.41999999999999,
    98.91299999999998,
    99.40999999999998,
    98.91499999999999,
    98.40699999999998,
    99.91699999999999,
    97.40899999999999,
    97.91999999999999,
    97.91299999999998,
    96.41299999999998,
    98.421,
    98.91400000000002,
    98.91199999999999,
    98.418,
    97.898,
    98.41399999999999,
    99.41,
    97.91300000000001,
    98.41199999999999,
    98.922,
    97.92299999999999,
    96.911,
    98.421,
    96.90599999999999,
    97.411,
    96.40299999999999,
    96.40599999999998,
    99.41999999999999,
    97.404,
    98.91600000000001,
    98.907,
    96.91,
    98.91499999999999,
    98.916,
    98.91699999999999,
    97.91499999999999,
    98.92700000000002,
    96.41400000000002,
    97.91599999999998,
    98.42000000000003,
    98.909,
    97.91899999999998,
    97.91900000000001,
    97.41499999999999,
    96.91799999999999,
    98.41799999999999,
    99.91700000000002,
    98.92300000000003,
    98.421,
    98.406,
    97.909,
    99.40599999999999,
    96.412,
    98.917,
    97.91199999999999,
    97.91499999999999,
    99.41900000000001,
    98.413,
    97.912,
    98.41399999999999,
    99.422,
    97.912,
    99.922,
    98.91799999999999,
    98.417,
    97.41800000000002,
    98.41700000000002,
    97.41299999999998,
    97.92,
    97.90399999999998,
    98.423,
    98.90799999999999,
    97.41899999999998,
    97.91100000000002,
    98.41499999999999,
    97.90599999999999,
    96.39999999999999,
    97.90899999999999,
    96.42,
    96.42100000000002,
    96.90900000000002,
    98.918,
    98.91400000000002,
    96.92,
    99.409,
    98.907,
    98.91099999999999,
    97.416,
    98.91399999999999,
    98.41,
    98.41999999999999,
    97.91299999999998,
    97.423,
    97.90799999999999,
    98.414,
    99.91100000000002,
    99.40800000000002,
    97.42,
    97.398,
    98.907,
    96.41699999999999,
    99.41699999999999,
    94.41499999999999,
    99.404,
    98.91999999999999,
    99.912,
    96.91100000000002,
    97.91699999999999,
    96.40899999999999,
    97.422,
    97.91199999999999,
    98.91600000000001,
    98.91999999999999,
    97.41000000000001,
    96.41399999999999,
    98.41499999999999,
    96.90900000000002,
    96.91999999999999,
    97.91600000000001,
    97.924,
    97.91299999999998,
    98.40800000000002,
    98.91600000000001,
    97.91799999999998,
    97.422,
    99.41599999999998,
    98.41299999999998,
    97.92000000000002,
    98.919,
    99.412,
    98.91900000000001,
    96.919,
    97.917,
    98.41199999999999,
    95.40700000000001,
    98.421,
    98.91399999999999,
    97.91900000000001,
    96.90799999999999,
    95.912,
    98.42200000000001,
    97.908,
    99.412,
    96.424,
    99.42399999999999,
    97.90599999999999,
    96.41900000000001,
    98.409,
    98.91799999999998,
    98.41899999999998,
    98.42100000000002,
    98.41499999999999,
    96.40099999999998,
    98.40799999999999,
    95.904,
    98.91899999999998,
    98.918,
    97.912,
    97.425,
    99.91,
    96.92100000000002,
    98.914,
    96.915,
    99.416,
    97.91599999999998,
    98.41499999999999,
    97.40999999999998,
    99.41999999999999,
    97.41400000000002,
    98.41,
    97.917,
    97.925,
    98.409,
    98.412,
    97.91399999999999,
    98.92300000000002,
    97.405,
    98.91299999999998,
    97.907,
    97.418,
    98.922,
