{
  "complexity": 2,
  "alpha": 0.2,
  "gamma": 0.95,
  "epsilon": 0.1,
  "extra_passages": 1,
  "avg_rewards": [
    21.61199999999987,
    87.43099999999998,
    93.389,
    94.075,
    95.65,
    97.202,
    97.29700000000001,
    98.792,
    98.84399999999998,
    94.83500000000001,
    98.90799999999999,
    99.396,
    99.91300000000001,
    99.922,
    98.92200000000001,
    99.91600000000001,
    98.91,
    99.42100000000002,
    99.426,
    98.91999999999999,
    98.92299999999999,
    97.42800000000001,
    99.92200000000001,
    98.92900000000002,
    98.422,
    97.92300000000002,
    99.424,
    98.41800000000002,
    98.92600000000002,
    97.412,
    99.42300000000002,
    99.425,
    98.924,
    99.419,
    98.90500000000002,
    99.926,
    99.926,
    98.423,
    98.92500000000003,
    98.924,
    98.92500000000003,
    98.422,
    98.92500000000003,
    97.91399999999999,
    99.408,
    98.92700000000002,
    98.91899999999998,
    99.922,
    99.41999999999999,
    98.422,
    98.923,
    97.91699999999999,
    98.42500000000003,
    99.427,
    99.42400000000002,
    98.925,
    99.42099999999999,
    97.92,
    97.91999999999999,
    98.42900000000002,
    98.91700000000003,
    96.91700000000002,
    99.42499999999998,
    99.42600000000002,
    98.422,
    99.926,
    98.422,
    99.425,
    97.91000000000001,
    98.41600000000001,
    98.42800000000003,
    98.428,
    99.42600000000002,
    98.925,
    98.92699999999999,
    97.42399999999999,
    99.42300000000002,
    98.42600000000002,
    99.92800000000001,
    98.923,
    97.91499999999999,
    99.42,
    98.92600000000002,
    97.92400000000002,
    98.42699999999999,
    98.924,
    97.92500000000001,
    99.92000000000002,
    99.42200000000001,
    97.421,
    97.91899999999998,
    97.91900000000001,
    99.43000000000002,
    99.42600000000002,
    99.42300000000002,
    97.92099999999999,
    98.92900000000002,
    98.426,
    98.41999999999999,
    97.417,
    99.424,
    98.923,
    99.42600000000002,
    98.92500000000001,
    98.924,
    99.42499999999998,
    98.426,
    99.421,
    99.92200000000003,
    98.42499999999998,
    97.926,
    97.422,
    99.921,
    99.428,
    97.92099999999998,
    98.425,
    99.418,
    98.919,
    99.92500000000001,
    99.42700000000002,
    99.41900000000001,
    97.926,
    98.92100000000002,
    99.922,
    98.423,
    99.92500000000003,
    98.42699999999999,
    99.92000000000002,
    99.416,
    97.424,
    98.92,
    98.42099999999998,
    99.43000000000002,
    98.42500000000003,
    98.923,
    98.92800000000003,
    99.426,
    99.41799999999999,
    97.41999999999999,
    98.92800000000003,
    98.422,
    97.923,
    99.42800000000003,
    97.924,
    96.92099999999999,
    98.92600000000002,
    98.41600000000001,
    99.42700000000002,
    99.42200000000001,
    98.928,
    99.41699999999999,
    97.42699999999999,
    99.42600000000002,
    99.41900000000001,
    97.421,
    98.423,
    98.92699999999999,
    99.40600000000002,
    99.43000000000002,
    98.41900000000001,
    99.92600000000002,
    98.919,
    98.418,
    98.92099999999999,
    97.41799999999999,
    99.425,
    98.92700000000002,
    98.427,
    97.926,
    99.42200000000001,
    98.42900000000002,
    97.925,
    98.42000000000002,
    98.43000000000002,
    98.91599999999998,
    98.42700000000002,
    99.91999999999999,
    99.92,
    98.424,
    98.426,
    99.926,
    97.42500000000003,
    99.926,
    98.921,
    99.924,
    99.424,
    99.922,
    98.421,
    98.91599999999998,
    98.425,
    99.425,
    99.91999999999999,
    98.42299999999997,
    96.93000000000002,
    99.911,
    99.423,
    98.42400000000002,
    99.92900000000002,
    98.925,
    98.422,
    97.422,
    98.42,
    98.425,
    99.42299999999997,
    99.413,
    97.41900000000003,
    98.924,
    97.92700000000002,
    99.92500000000001,
    98.922,
    97.425,
    97.42699999999999,
    98.42399999999998,
    97.917,
    99.928,
    98.92700000000002,
    99.924,
    97.428,
    99.424,
    99.923,
    98.926,
    99.92600000000002,
    99.924,
    99.92600000000002,
    99.42100000000002,
    98.927,
    99.41499999999999,
    98.91900000000001,
    97.428,
    98.92800000000003,
    98.421,
    98.42699999999999,
    98.42500000000003,
    99.921,
    99.41900000000001,
    98.92800000000003,
    99.42600000000002,
    98.423,
    98.924,
    99.92499999999998,
    98.42699999999999,
    99.927,
    99.427,
    99.924,
    98.428,
    98.422,
    98.926,
    99.921,
    99.42700000000002,
    99.421,
    98.922,
    98.92600000000002,
    97.925,
    98.92900000000002,
    99.42099999999999,
    98.923,
    99.42399999999999,
    97.91900000000001,
    98.921,
    99.423,
    98.42699999999999,
    98.91999999999999,
    99.425,
    98.91999999999999,
    99.42399999999999,
    98.42699999999999,
    99.42099999999999,
    99.918,
    98.92100000000002,
    97.924,
    98.92399999999998,
    99.41999999999999,
    98.92500000000003,
    96.425,
    98.92300000000002,
    99.92800000000003,
    99.924,
    99.41900000000001,
    98.42099999999999,
    98.92600000000002,
    99.41900000000001,
    98.91399999999999,
    98.924,
    98.929,
    97.421,
    98.92300000000003,
    99.92099999999998,
    98.426,
    97.421,
    99.41799999999999,
    98.92900000000002,
    98.42800000000003,
    97.422,
    98.922,
    98.92699999999999,
    98.924,
    99.42099999999999,
    99.424,
    98.91799999999999,
    98.92,
    96.92499999999998,
    98.924,
    98.922,
    98.417,
    99.42299999999999,
    99.422,
    98.92699999999999,
    98.928,
    98.92800000000001,
    98.42400000000002,
    98.423,
    98.42900000000002,
    98.92500000000001,
    98.926,
    98.42399999999999,
    99.41899999999998,
    99.41999999999999,
    99.92,
    98.926,
    99.42,
    97.41999999999999,
    99.91799999999998,
    99.418,
    97.91799999999998,
    98.92500000000001,
    99.42500000000001,
    98.43000000000002,
    98.42,
    99.424,
    99.424,
    97.93000000000002,
    99.926,
    98.42600000000002,
    98.92300000000003,
    99.92099999999998,
    99.91799999999998,
    99.424,
    99.92800000000003,
    99.41600000000001,
    98.424,
    99.425,
    99.922,
    98.92600000000002,
    99.42699999999999,
    99.421,
    98.92800000000003,
    97.42099999999999,
    97.923,
    98.921,
    96.924,
    98.41899999999998,
    99.425,
    98.926,
    98.42200000000001,
    98.922,
    98.423,
    98.923,
    99.416,
    98.42499999999998,
    99.917,
    98.92699999999999,
    99.91899999999998,
    98.42699999999999,
    97.92700000000002,
    98.425,
    97.92700000000002,
    99.42600000000002,
    98.426,
    98.92900000000002,
    99.424,
    95.92600000000002,
    98.92699999999999,
    99.423,
    99.42900000000002,
    99.92800000000003,
    99.42700000000002,
    97.91899999999998,
    97.91699999999999,
    97.92100000000002,
    99.92500000000003,
    97.41399999999999,
    99.925,
    98.42100000000002,
    98.423,
    98.92700000000002,
    97.923,
    99.924,
    99.42700000000002,
    99.43000000000002,
    99.42599999999999,
    98.92200000000001,
    98.427,
    98.42100000000002,
    99.41900000000001,
    99.92099999999998,
    99.425,
    97.91499999999999,
    99.423,
    98.92,
    99.42499999999998,
    98.92,
    99.42900000000002,
    98.928,
    98.426,
    99.42699999999999,
    98.922,
    99.92900000000002,
    98.92499999999998,
    98.929,
    98.42300000000002,
    99.42500000000001,
    99.42400000000002,
    98.922,
    99.42900000000002,
    99.424,
    99.915,
    98.921,
    99.42,
    98.922,
    99.42800000000003,
    99.42500000000001,
    99.42099999999999,
    99.92900000000002,
    99.42700000000002,
    99.41900000000001,
    98.417,
    97.42900000000002,
    99.92000000000003,
    98.42600000000002,
    97.92400000000002,
    98.91999999999999,
    99.41799999999998,
    98.92399999999999,
    98.92700000000002,
