{
  "complexity": 2,
  "alpha": 0.1,
  "gamma": 0.85,
  "epsilon": 0.3,
  "extra_passages": 1,
  "avg_rewards": [
    12.544999999999884,
    53.62800000000001,
    77.801,
    83.98100000000002,
    80.93299999999999,
    85.127,
    86.655,
    95.29499999999999,
    85.203,
    93.24900000000001,
    92.33099999999999,
    89.84299999999999,
    88.85400000000001,
    92.374,
    95.34,
    93.354,
    95.88499999999999,
    94.36699999999999,
    96.40399999999998,
    97.387,
    90.35600000000002,
    94.36699999999999,
    92.38000000000001,
    94.898,
    97.88899999999998,
    94.89099999999999,
    96.376,
    98.398,
    94.89599999999999,
    95.91099999999999,
    94.405,
    97.90400000000001,
    95.88199999999999,
    94.895,
    96.40199999999999,
    95.399,
    94.898,
    95.912,
    95.89599999999999,
    94.904,
    94.87200000000001,
    97.38899999999998,
    94.87100000000001,
    96.39999999999999,
    94.89299999999999,
    94.898,
    97.38700000000001,
    97.398,
    95.91299999999998,
    95.904,
    95.90200000000002,
    97.89200000000001,
    90.393,
    94.89500000000001,
    95.375,
    91.905,
    93.893,
    94.377,
    92.898,
    96.391,
    96.398,
    95.89499999999998,
    94.90199999999999,
    95.399,
    97.39099999999999,
    94.89899999999999,
    96.38899999999998,
    97.39200000000001,
    98.39000000000001,
    96.90799999999999,
    97.88899999999998,
    93.886,
    98.405,
    96.40200000000002,
    96.4,
    93.895,
    95.90600000000002,
    95.40599999999999,
    96.397,
    97.402,
    96.37999999999998,
    92.90299999999999,
    94.89699999999999,
    93.89399999999998,
    94.91499999999999,
    95.381,
    94.39299999999999,
    95.895,
    97.40399999999998,
    96.905,
    94.397,
    97.393,
    95.39699999999999,
    93.40599999999998,
    95.902,
    97.404,
    96.40299999999998,
    94.90900000000002,
    98.41099999999999,
    95.395,
    98.40399999999998,
    95.39999999999999,
    96.88499999999999,
    95.88,
    95.40499999999999,
    96.88300000000001,
    94.91399999999999,
    96.904,
    93.41600000000001,
    94.88999999999999,
    95.89099999999999,
    96.901,
    97.893,
    93.881,
    94.901,
    95.88799999999999,
    96.905,
    94.907,
    97.888,
    96.39099999999999,
    94.39899999999999,
    94.88000000000001,
    96.399,
    94.40299999999999,
    96.909,
    87.88199999999999,
    97.89899999999999,
    96.902,
    94.90500000000002,
    96.87699999999998,
    92.40299999999999,
    96.89899999999999,
    96.888,
    93.904,
    96.90299999999999,
    95.391,
    98.414,
    95.41000000000001,
    96.902,
    94.88,
    95.40299999999999,
    97.90900000000002,
    96.90899999999999,
    93.396,
    94.381,
    98.889,
    97.405,
    97.40900000000002,
    95.904,
    94.88399999999999,
    95.90400000000001,
    95.892,
    97.39000000000001,
    95.877,
    94.88999999999999,
    97.912,
    94.901,
    95.393,
    93.40499999999999,
    94.892,
    95.88400000000001,
    92.38799999999999,
    93.889,
    94.38699999999999,
    91.869,
    96.38699999999999,
    95.398,
    95.89999999999999,
    97.898,
    94.394,
    98.902,
    96.89999999999998,
    97.899,
    93.88899999999998,
    94.389,
    99.40299999999999,
    97.39200000000001,
    95.901,
    94.886,
    98.389,
    95.408,
    95.899,
    93.402,
    98.897,
    97.901,
    98.90799999999999,
    96.877,
    92.89200000000001,
    95.91,
    96.405,
    95.90299999999999,
    95.909,
    95.395,
    95.393,
    95.895,
    93.88399999999999,
    95.90099999999998,
    96.40100000000001,
    97.91299999999998,
    92.89899999999999,
    97.377,
    92.89000000000001,
    96.40699999999998,
    96.90200000000002,
    92.89299999999999,
    93.888,
    98.418,
    94.897,
    94.393,
    95.89399999999999,
    90.894,
    94.387,
    96.405,
    97.90700000000001,
    93.88799999999999,
    95.88799999999999,
    94.89300000000001,
    96.40499999999999,
    95.90700000000001,
    95.391,
    94.88699999999999,
    96.398,
    94.904,
    97.899,
    95.377,
    97.4,
    94.892,
    92.894,
    92.41400000000002,
    94.89200000000001,
    96.898,
    97.404,
    94.412,
    97.39599999999999,
    94.39199999999998,
    93.891,
    96.911,
    96.89200000000001,
    97.887,
    98.383,
    96.41099999999999,
    95.904,
    93.90700000000001,
    93.893,
    93.893,
    96.397,
    96.88199999999999,
    91.90599999999999,
    96.87899999999999,
    95.39000000000001,
    95.39099999999999,
    96.37,
    95.909,
    93.39900000000003,
    94.90399999999998,
    96.888,
    95.907,
    95.39899999999999,
    96.40800000000002,
    94.394,
    95.389,
    92.386,
    94.38999999999999,
    94.4,
    96.40299999999999,
    96.40799999999999,
    91.892,
    94.90300000000002,
    96.88899999999998,
    96.89,
    95.39999999999999,
    94.899,
    95.405,
    97.39599999999999,
    95.882,
    96.386,
    95.38399999999999,
    96.90400000000001,
    93.39899999999999,
    92.89999999999999,
    95.887,
    95.393,
    95.902,
    96.89099999999999,
    98.395,
    95.90099999999998,
    97.904,
    98.401,
    95.39999999999999,
    96.39,
    98.89900000000002,
    97.402,
    93.88700000000001,
    94.896,
    97.89500000000001,
    94.40199999999999,
    96.905,
    94.90799999999999,
    96.41,
    95.883,
    97.894,
    94.891,
    92.89000000000001,
    92.38199999999999,
    97.40599999999998,
    97.901,
    97.90199999999999,
    98.40199999999999,
    96.39699999999999,
    93.89199999999998,
    93.895,
    97.903,
    98.893,
    95.898,
    96.88,
    92.875,
    92.402,
    95.393,
    95.895,
    97.38999999999999,
    95.90799999999999,
    98.90599999999999,
    95.40799999999999,
    95.90199999999999,
    97.90099999999998,
    93.9,
    96.886,
    92.90099999999998,
    96.399,
    94.90500000000002,
    97.41,
    93.41799999999998,
    95.40099999999998,
    95.89599999999999,
    94.90799999999999,
    93.393,
    94.89699999999998,
    95.901,
    95.893,
    97.894,
    94.39299999999999,
    92.38399999999999,
    96.403,
    96.907,
    95.387,
    94.39399999999998,
    93.889,
    96.389,
    96.39599999999999,
    96.399,
    95.39899999999999,
    96.908,
    95.39599999999999,
    94.396,
    94.9,
    98.39400000000002,
    96.395,
    97.893,
    96.399,
    96.397,
    95.398,
    95.411,
    95.40200000000002,
    95.401,
    96.902,
    97.891,
    98.389,
    96.88499999999999,
    95.388,
    92.901,
    96.90599999999999,
    93.905,
    94.396,
    96.916,
    94.416,
    96.40499999999999,
    96.88699999999999,
    96.914,
    94.375,
    97.393,
    91.89999999999999,
    96.40099999999998,
    93.393,
    93.91000000000001,
    93.905,
    95.40099999999998,
    94.393,
    94.89299999999999,
    95.903,
    94.88499999999999,
    95.386,
    96.399,
    97.894,
    95.40299999999999,
    90.912,
    94.89599999999999,
    96.407,
    95.402,
    88.39,
    93.896,
    96.885,
    93.902,
    94.895,
    95.388,
    95.40899999999999,
    93.89399999999998,
    95.40599999999999,
    95.89899999999999,
    96.902,
    96.901,
    94.90800000000002,
    94.899,
    95.406,
    92.903,
    94.397,
    97.89500000000001,
    96.89399999999999,
    96.388,
    97.893,
    95.899,
    95.385,
    94.902,
    98.89699999999999,
    97.39699999999999,
    94.901,
    94.898,
    95.404,
    94.38199999999999,
    97.38999999999999,
    95.362,
    96.884,
    93.89,
    95.89599999999999,
    93.89199999999998,
    94.39200000000001,
    93.403,
    94.40299999999999,
    97.39699999999999,
    95.89999999999999,
    95.91099999999999,
    95.39,
    96.4,
    96.387,
    93.38999999999999,
    93.88,
    97.91499999999999,
    96.89099999999999,
    95.88999999999999,
    97.399,
    95.39299999999999,
    96.39699999999999,
    94.887,
    95.91100000000002,
    93.39899999999999,
    94.89099999999999,
    91.877,
    96.893,
    94.38,
