{
  "complexity": 0,
  "alpha": 0.3,
  "gamma": 0.9,
  "epsilon": 0.3,
  "extra_passages": 3,
  "avg_rewards": [
    18.02999999999991,
    80.576,
    79.59399999999998,
    88.12700000000001,
    92.209,
    93.248,
    90.315,
    94.786,
    96.325,
    97.35,
    98.362,
    92.86699999999999,
    95.86500000000001,
    95.86699999999999,
    95.907,
    96.391,
    97.90199999999999,
    97.393,
    96.39500000000001,
    96.899,
    97.893,
    96.89599999999999,
    96.412,
    97.40299999999999,
    96.39499999999998,
    98.907,
    96.88999999999999,
    97.408,
    96.898,
    95.40400000000001,
    95.39899999999999,
    95.9,
    92.39699999999999,
    98.90399999999998,
    97.905,
    96.912,
    95.40799999999999,
    96.41099999999999,
    97.888,
    98.40599999999999,
    96.89899999999999,
    94.907,
    98.394,
    97.39399999999999,
    96.9,
    96.387,
    95.895,
    96.894,
    96.89900000000002,
    97.39699999999999,
    94.90199999999999,
    94.885,
    95.90599999999998,
    95.902,
    94.912,
    97.886,
    94.384,
    94.39999999999998,
    97.913,
    96.904,
    96.908,
    96.394,
    96.38,
    96.405,
    95.91,
    95.41100000000002,
    95.893,
    97.401,
    95.896,
    95.90900000000002,
    93.401,
    94.88,
    98.89,
    97.917,
    97.414,
    97.912,
    96.896,
    96.90299999999999,
    96.924,
    96.395,
    96.41100000000002,
    96.90299999999999,
    97.41399999999999,
    96.90799999999999,
    98.90399999999998,
    96.902,
    95.412,
    97.895,
    97.91099999999999,
    97.405,
    95.89999999999999,
    95.898,
    95.893,
    97.41100000000002,
    95.90799999999999,
    96.893,
    96.91099999999999,
    98.91699999999999,
    97.40799999999999,
    94.38999999999999,
    97.40400000000001,
    98.402,
    97.90799999999999,
    93.899,
    96.402,
    97.90299999999999,
    96.91,
    96.89899999999999,
    96.37599999999999,
    96.90099999999998,
    95.90599999999998,
    98.414,
    95.90599999999999,
    94.40299999999999,
    97.39599999999999,
    96.401,
    96.89999999999999,
    92.40899999999999,
    96.41,
    97.89900000000002,
    95.39799999999998,
    96.89299999999999,
    94.889,
    97.909,
    95.405,
    97.91400000000002,
    96.89699999999999,
    98.406,
    96.402,
    96.922,
    95.40799999999999,
    95.396,
    98.91199999999999,
    98.91299999999998,
    97.41699999999999,
    95.404,
    96.39500000000001,
    96.89399999999999,
    96.388,
    97.898,
    95.40499999999999,
    97.39999999999999,
    94.905,
    96.90099999999998,
    96.38499999999999,
    94.90799999999999,
    98.396,
    96.409,
    96.908,
    95.888,
    97.39500000000001,
    95.898,
    93.892,
    97.401,
    93.41099999999999,
    96.40299999999999,
    93.896,
    96.392,
    95.89099999999999,
    95.401,
    95.40199999999999,
    97.89999999999999,
    96.89,
    95.88699999999999,
    96.404,
    96.41199999999999,
    97.91,
    97.891,
    97.376,
    94.90599999999999,
    98.398,
    97.90299999999999,
    96.39399999999999,
    97.909,
    96.41000000000003,
    95.89899999999997,
    94.88899999999998,
    96.40799999999999,
    95.909,
    93.90500000000002,
    94.41099999999999,
    96.42000000000002,
    94.909,
    98.39799999999998,
    94.38899999999998,
    96.904,
    96.907,
    96.90799999999999,
    96.899,
    98.911,
    97.91300000000001,
    93.397,
    93.89599999999999,
    97.39800000000001,
    96.889,
    97.886,
    96.39699999999999,
    95.897,
    96.407,
    97.90000000000002,
    95.40299999999999,
    96.923,
    97.911,
    98.41499999999999,
    99.41,
    97.904,
    96.39799999999998,
    97.417,
    96.395,
    97.91,
    98.89999999999998,
    95.90699999999998,
    95.367,
    96.404,
    96.90799999999999,
    96.397,
    94.89099999999999,
    98.9,
    97.90899999999999,
    96.901,
    95.407,
    96.40100000000001,
    96.41,
    96.893,
    97.411,
    97.399,
    92.87199999999999,
    94.401,
    96.905,
    97.905,
    95.90399999999998,
    94.90799999999999,
    96.90799999999999,
    97.39699999999998,
    95.386,
    98.39399999999999,
    95.898,
    96.91499999999999,
    98.388,
    98.41099999999999,
    98.41,
    96.388,
    92.39499999999998,
    96.90599999999999,
    98.393,
    95.90899999999999,
    97.89099999999999,
    97.906,
    98.91100000000002,
    95.398,
    99.39899999999999,
    96.902,
    95.888,
    95.38499999999999,
    93.90599999999999,
    98.411,
    97.412,
    95.403,
    96.397,
    94.886,
    94.38900000000001,
    99.39900000000002,
    96.91799999999998,
    97.37899999999999,
    97.89399999999999,
    95.40800000000002,
    95.89199999999998,
    97.90100000000001,
    95.90599999999998,
    97.89600000000002,
    95.38799999999999,
    98.905,
    97.899,
    97.90900000000002,
    95.904,
    95.89900000000002,
    95.388,
    94.395,
    94.386,
    95.902,
    94.89500000000001,
    96.88999999999999,
    97.411,
    95.38999999999999,
    98.905,
    90.89599999999999,
    99.39599999999999,
    98.89999999999999,
    95.886,
    94.88399999999999,
    96.90399999999998,
    96.391,
    96.398,
    96.413,
    98.413,
    96.90200000000002,
    96.397,
    96.39099999999999,
    98.395,
    95.9,
    96.40499999999999,
    97.40499999999999,
    98.90899999999999,
    95.89800000000001,
    97.90799999999999,
    95.398,
    97.892,
    97.90599999999998,
    97.412,
    95.401,
    97.901,
    93.90299999999999,
    98.40700000000001,
    95.90500000000002,
    96.40299999999999,
    94.89899999999999,
    97.39599999999999,
    95.905,
    94.895,
    94.41299999999998,
    94.398,
    97.891,
    94.91699999999999,
    99.407,
    98.90299999999999,
    95.408,
    96.894,
    95.39999999999999,
    95.898,
    94.39199999999998,
    97.88399999999999,
    97.91,
    98.405,
    98.39699999999999,
    97.905,
    93.40199999999999,
    95.908,
    96.89699999999999,
    98.889,
    95.39,
    97.899,
    96.90100000000001,
    96.90899999999999,
    97.394,
    96.405,
    94.91199999999999,
    98.89999999999998,
    95.906,
    97.89499999999998,
    97.909,
    94.893,
    98.412,
    96.89099999999999,
    96.407,
    99.41400000000002,
    96.40899999999999,
    97.404,
    96.398,
    96.40900000000002,
    98.41,
    96.90800000000002,
    94.891,
    96.40799999999999,
    95.91300000000001,
    96.409,
    96.91100000000002,
    92.918,
    98.41199999999999,
    96.91499999999998,
    95.40599999999999,
    96.39599999999999,
    98.401,
    95.88499999999999,
    95.895,
    96.395,
    98.91299999999998,
    92.88300000000001,
    96.39399999999998,
    96.896,
    96.392,
    95.405,
    96.89899999999999,
    97.904,
    93.40299999999999,
    94.893,
    96.88399999999999,
    97.893,
    97.40699999999998,
    94.91,
    98.405,
    98.40399999999998,
    93.886,
    97.90700000000001,
    96.39999999999999,
    97.413,
    95.39999999999999,
    97.91199999999999,
    96.421,
    96.40299999999999,
    96.90099999999998,
    95.89900000000002,
    97.912,
    95.415,
    95.90700000000001,
    96.40500000000002,
    96.89899999999999,
    97.41099999999997,
    98.40399999999998,
    96.407,
    96.40899999999999,
    96.90899999999999,
    96.39199999999998,
    94.91099999999999,
    94.914,
    95.40399999999998,
    95.89999999999999,
    95.91,
    97.398,
    96.41299999999998,
    96.40000000000002,
    94.41199999999999,
    96.393,
    96.91,
    96.89200000000001,
    96.89099999999999,
    98.88699999999999,
    95.38899999999998,
    98.394,
    96.401,
    96.9,
    95.404,
    96.89599999999999,
    95.402,
    93.875,
    96.41400000000002,
    97.40599999999999,
    98.41399999999999,
    94.89399999999998,
    95.412,
    97.895,
    96.40299999999999,
    96.40299999999999,
    97.38499999999999,
    97.898,
    96.88999999999999,
    97.396,
    97.41199999999999,
    95.90799999999999,
    95.91099999999999,
    98.393,
