{
  "complexity": 2,
  "alpha": 0.3,
  "gamma": 0.95,
  "epsilon": 0.1,
  "extra_passages": 1,
  "avg_rewards": [
    18.615999999999868,
    84.93199999999999,
    91.55999999999999,
    98.215,
    96.65299999999999,
    97.83800000000001,
    98.33200000000001,
    98.371,
    98.884,
    99.39999999999999,
    98.412,
    97.91299999999998,
    97.92,
    99.41900000000001,
    99.423,
    98.42199999999998,
    98.92800000000003,
    99.92500000000003,
    97.907,
    99.419,
    98.92399999999999,
    99.922,
    98.92800000000003,
    98.868,
    98.92900000000002,
    99.42,
    98.42100000000002,
    99.422,
    99.422,
    98.91999999999999,
    98.92500000000001,
    99.427,
    99.426,
    97.423,
    98.92400000000002,
    97.925,
    96.419,
    99.91900000000001,
    98.92900000000002,
    97.917,
    99.41600000000003,
    98.41700000000002,
    99.92600000000002,
    99.922,
    98.41900000000001,
    99.42099999999999,
    97.926,
    99.42600000000002,
    98.924,
    97.92,
    95.925,
    99.42700000000002,
    99.417,
    99.42399999999999,
    98.919,
    99.92300000000003,
    98.42099999999999,
    98.42900000000002,
    99.91900000000001,
    98.42399999999999,
    98.921,
    97.92200000000003,
    99.924,
    99.42400000000002,
    99.421,
    99.43000000000002,
    99.41900000000001,
    99.92299999999999,
    99.92300000000002,
    99.922,
    99.925,
    99.42700000000002,
    97.93000000000002,
    98.92500000000001,
    97.91900000000001,
    99.424,
    99.42200000000003,
    99.928,
    98.41999999999999,
    97.91900000000001,
    99.42300000000003,
    97.42600000000002,
    98.92099999999998,
    99.92500000000003,
    97.426,
    99.42399999999999,
    98.42600000000002,
    98.925,
    98.92800000000003,
    99.91900000000003,
    97.919,
    99.92600000000002,
    98.41999999999999,
    96.919,
    98.43000000000002,
    98.917,
    98.925,
    98.91900000000001,
    98.927,
    99.418,
    98.921,
    99.925,
    98.42399999999998,
    99.42499999999998,
    98.921,
    97.92600000000002,
    99.42099999999998,
    99.92,
    98.92699999999999,
    98.41999999999999,
    99.92700000000002,
    99.42200000000001,
    98.92800000000003,
    99.92500000000003,
    99.92299999999997,
    99.423,
    99.92500000000001,
    98.92600000000002,
    99.425,
    99.421,
    97.924,
    99.926,
    98.91899999999998,
    99.42099999999999,
    96.902,
    99.922,
    98.41999999999999,
    98.921,
    99.415,
    99.423,
    99.42500000000003,
    99.42500000000003,
    97.92300000000002,
    99.92600000000002,
    97.92699999999999,
    98.92699999999999,
    99.91900000000003,
    99.421,
    98.43000000000002,
    99.424,
    98.91600000000001,
    99.922,
    99.417,
    99.93000000000002,
    99.42500000000001,
    98.42699999999999,
    98.91799999999999,
    98.92700000000002,
    99.42599999999997,
    98.92099999999999,
    99.924,
    98.92599999999999,
    98.92900000000002,
    98.41599999999998,
    98.42099999999998,
    98.92600000000002,
    99.909,
    98.42,
    98.928,
    98.42700000000002,
    98.92700000000002,
    99.42500000000001,
    98.924,
    97.922,
    99.41400000000002,
    99.91900000000003,
    98.92500000000001,
    99.91900000000001,
    99.422,
    98.426,
    98.921,
    99.425,
    97.92300000000002,
    98.926,
    99.41900000000001,
    99.92600000000002,
    99.422,
    99.42000000000002,
    99.41799999999998,
    99.924,
    98.43000000000002,
    99.422,
    98.428,
    98.424,
    99.427,
    98.42400000000002,
    98.923,
    98.918,
    99.922,
    99.413,
    98.917,
    98.426,
    98.922,
    98.92,
    99.416,
    98.922,
    99.92600000000002,
    98.419,
    97.923,
    98.917,
    98.92200000000001,
    98.924,
    98.922,
    99.425,
    97.922,
    98.42900000000002,
    98.41999999999999,
    98.92399999999998,
    99.42500000000003,
    99.424,
    98.42000000000002,
    97.426,
    98.426,
    98.921,
    98.418,
    99.42700000000002,
    99.422,
    98.923,
    99.925,
    98.41799999999998,
    98.92600000000002,
    99.41,
    98.42200000000003,
    98.42399999999998,
    98.424,
    97.91299999999998,
    99.93000000000002,
    99.919,
    98.42500000000001,
    98.92399999999999,
    97.427,
    99.40700000000001,
    99.42800000000003,
    96.91999999999999,
    99.92299999999999,
    98.422,
    99.92600000000002,
    98.41800000000002,
    99.91599999999998,
    98.922,
    99.42500000000001,
    99.42699999999999,
    97.928,
    99.425,
    98.925,
    98.92699999999999,
    98.924,
    99.928,
    98.424,
    97.919,
    99.921,
    99.426,
    98.923,
    97.92600000000002,
    97.92699999999999,
    98.424,
    99.42500000000003,
    98.922,
    99.92399999999999,
    98.92400000000002,
    99.428,
    98.918,
    98.423,
    98.92200000000001,
    99.419,
    99.92200000000003,
    99.42500000000001,
    99.424,
    98.91900000000001,
    97.92100000000002,
    98.926,
    99.92400000000002,
    99.92800000000003,
    98.42200000000003,
    99.423,
    99.425,
    99.91899999999998,
    99.92800000000003,
    99.424,
    99.41199999999999,
    99.425,
    99.422,
    99.42200000000003,
    99.92500000000003,
    98.42800000000003,
    99.41899999999998,
    99.42500000000003,
    98.924,
    98.92000000000003,
    99.92399999999999,
    99.425,
    99.42,
    98.415,
    98.422,
    99.92099999999999,
    99.42500000000003,
    98.42699999999999,
    97.421,
    99.41100000000002,
    97.91499999999999,
    98.92300000000003,
    99.42099999999999,
    99.91999999999999,
    98.42,
    99.42200000000003,
    98.925,
    98.42,
    99.418,
    99.921,
    99.926,
    98.92500000000003,
    99.42199999999998,
    99.924,
    99.42600000000002,
    97.925,
    99.922,
    98.919,
    98.41999999999999,
    98.922,
    99.42000000000003,
    98.424,
    99.42099999999998,
    99.42600000000002,
    98.421,
    99.917,
    98.92500000000003,
    98.922,
    98.423,
    98.423,
    96.42700000000002,
    99.42399999999999,
    99.417,
    99.92800000000003,
    98.426,
    99.92,
    98.92,
    98.922,
    99.42300000000002,
    98.92399999999998,
    98.92700000000002,
    98.91400000000002,
    98.92300000000003,
    98.41900000000001,
    98.923,
    98.92700000000002,
    97.924,
    99.422,
    98.924,
    98.91900000000001,
    99.92500000000003,
    98.92299999999999,
    98.92900000000002,
    98.92500000000001,
    99.92099999999999,
    98.92900000000002,
    97.923,
    98.92700000000002,
    99.426,
    99.42099999999999,
    97.92099999999998,
    99.93000000000002,
    96.923,
    99.42800000000003,
    99.91900000000001,
    98.92200000000003,
    97.92600000000002,
    98.91900000000001,
    98.419,
    98.41799999999998,
    98.92599999999999,
    98.926,
    98.92499999999998,
    98.921,
    99.42600000000002,
    98.923,
    98.92,
    99.92200000000003,
    99.42700000000002,
    98.423,
    98.924,
    99.42,
    99.923,
    99.41999999999999,
    97.92699999999999,
    99.42599999999999,
    99.42300000000003,
    96.92099999999999,
    98.423,
    98.92400000000002,
    99.41399999999999,
    99.42700000000002,
    98.92499999999998,
    99.42500000000003,
    99.922,
    97.922,
    99.92300000000002,
    97.42099999999998,
    99.924,
    99.91700000000002,
    99.425,
    99.423,
    99.42600000000002,
    98.923,
    99.423,
    99.92300000000002,
    99.42099999999998,
    99.92600000000002,
    99.42700000000002,
    99.925,
    98.922,
    98.42900000000002,
    98.42499999999998,
    99.43000000000002,
    99.424,
    99.41499999999999,
    98.925,
    99.41899999999998,
    99.41999999999999,
    99.41900000000001,
    99.422,
    99.41699999999999,
    99.42,
    98.92700000000002,
    99.42,
    99.92800000000003,
    99.416,
    98.41900000000001,
    98.923,
    98.924,
    97.919,
    99.925,
    98.42,
    99.419,
    99.416,
    99.91900000000001,
    99.921,
    98.92199999999998,
    99.92300000000002,
