{
  "complexity": 0,
  "alpha": 0.1,
  "gamma": 0.95,
  "epsilon": 0.2,
  "extra_passages": 3,
  "avg_rewards": [
    23.07699999999995,
    79.38300000000001,
    84.383,
    87.904,
    92.68800000000002,
    92.67500000000001,
    97.24000000000001,
    93.19800000000001,
    95.871,
    97.31,
    97.82,
    97.366,
    96.35499999999999,
    98.362,
    98.37899999999999,
    97.89899999999999,
    98.384,
    98.386,
    98.40400000000001,
    97.40299999999999,
    95.91399999999999,
    97.90400000000001,
    95.914,
    98.41199999999999,
    97.405,
    98.40299999999999,
    99.422,
    96.90799999999999,
    98.91600000000001,
    99.41,
    97.89000000000001,
    98.421,
    96.41000000000001,
    98.408,
    98.91699999999999,
    98.91300000000001,
    98.91499999999999,
    98.40700000000001,
    97.905,
    99.424,
    96.919,
    97.91099999999999,
    98.91099999999999,
    99.42,
    96.904,
    97.418,
    97.91599999999998,
    98.41999999999999,
    98.917,
    96.42,
    97.909,
    98.922,
    97.41299999999998,
    94.91399999999999,
    97.90700000000001,
    96.40800000000002,
    96.417,
    99.41099999999999,
    98.407,
    99.40299999999999,
    97.91799999999999,
    98.41099999999999,
    96.40899999999999,
    98.41699999999999,
    97.90199999999999,
    97.39899999999999,
    98.41999999999999,
    97.41600000000001,
    98.92,
    98.41199999999999,
    98.40199999999999,
    98.91799999999999,
    95.41499999999999,
    99.411,
    97.917,
    96.90799999999999,
    97.92000000000003,
    96.91799999999999,
    97.41,
    96.906,
    97.907,
    97.412,
    99.91099999999999,
    97.421,
    97.90899999999999,
    96.91399999999999,
    97.91399999999999,
    98.905,
    96.92199999999998,
    97.412,
    97.417,
    98.913,
    95.41,
    95.89299999999999,
    97.914,
    98.917,
    98.91599999999998,
    96.911,
    96.41900000000001,
    97.91400000000002,
    97.92200000000003,
    99.414,
    97.89999999999999,
    98.917,
    99.40600000000002,
    98.904,
    96.418,
    98.41299999999998,
    99.91799999999998,
    98.91499999999999,
    98.91299999999998,
    99.41,
    97.912,
    94.913,
    97.41099999999999,
    98.417,
    99.90599999999999,
    98.907,
    98.421,
    96.918,
    97.90400000000001,
    99.912,
    96.91300000000001,
    94.905,
    98.402,
    96.412,
    98.411,
    97.90199999999999,
    99.421,
    98.91399999999997,
    97.913,
    96.91899999999998,
    99.92399999999998,
    96.405,
    96.912,
    99.41,
    98.41400000000002,
    99.395,
    96.41300000000001,
    96.416,
    98.922,
    97.902,
    97.919,
    99.421,
    97.40899999999999,
    99.41300000000001,
    99.42299999999999,
    97.39999999999999,
    98.40800000000002,
    96.412,
    98.90400000000001,
    98.90799999999999,
    97.41,
    95.91099999999999,
    98.91900000000001,
    98.414,
    98.41599999999998,
    99.41,
    95.90899999999999,
    98.393,
    96.402,
    97.412,
    98.413,
    95.90099999999998,
    96.90700000000001,
    98.41199999999999,
    97.916,
    97.41299999999998,
    97.90799999999999,
    98.90700000000001,
    97.923,
    95.91900000000001,
    96.91900000000001,
    99.91699999999999,
    96.42,
    97.40299999999999,
    97.40799999999999,
    96.40399999999998,
    97.40799999999999,
    98.412,
    98.89599999999999,
    98.41299999999998,
    98.915,
    99.40899999999999,
    97.91799999999999,
    98.412,
    98.41600000000001,
    98.40299999999999,
    98.91400000000002,
    99.41099999999999,
    98.91199999999999,
    99.42200000000003,
    97.90400000000002,
    98.41699999999999,
    96.90099999999998,
    97.41,
    99.414,
    99.41399999999999,
    97.923,
    94.40599999999999,
    97.41600000000001,
    97.90400000000001,
    96.90799999999999,
    99.41499999999999,
    97.41,
    97.40899999999999,
    98.91400000000002,
    98.41900000000001,
    96.91499999999999,
    97.41600000000001,
    99.917,
    97.903,
    98.40599999999999,
    96.91099999999999,
    96.41499999999999,
    97.40799999999999,
    97.414,
    98.91699999999999,
    97.41199999999999,
    95.90899999999999,
    98.916,
    96.917,
    98.909,
    99.41999999999999,
    99.412,
    97.4,
    98.913,
    96.404,
    97.91699999999999,
    97.90399999999998,
    99.41799999999998,
    99.412,
    97.89399999999999,
    98.416,
    97.41099999999997,
    99.40600000000003,
    97.41799999999998,
    96.414,
    98.91600000000003,
    98.41199999999999,
    98.409,
    97.41400000000002,
    97.91799999999999,
    99.412,
    97.41299999999998,
    98.41599999999998,
    99.40599999999999,
    98.91799999999999,
    98.915,
    95.407,
    98.92199999999998,
    98.41499999999999,
    99.416,
    97.91600000000001,
    97.908,
    98.415,
    97.91400000000002,
    98.905,
    98.41399999999999,
    97.91999999999999,
    97.91499999999999,
    97.907,
    95.41099999999999,
    97.41,
    97.422,
    97.41799999999999,
    97.91999999999999,
    98.407,
    98.91600000000001,
    96.913,
    98.41399999999999,
    96.41700000000002,
    98.40599999999999,
    98.902,
    97.42000000000002,
    98.42,
    95.39899999999999,
    97.412,
    97.91400000000002,
    98.91999999999999,
    98.91100000000002,
    99.41299999999998,
    98.912,
    98.42200000000001,
    98.90599999999999,
    95.92099999999999,
    96.92099999999999,
    97.906,
    97.41400000000002,
    98.39900000000002,
    95.90500000000002,
    98.41400000000002,
    97.41399999999999,
    98.90799999999999,
    97.42,
    97.91399999999999,
    98.41299999999998,
    98.407,
    97.404,
    98.91999999999999,
    96.91300000000001,
    97.41600000000001,
    96.41399999999999,
    95.40299999999999,
    98.417,
    98.89999999999999,
    99.41699999999999,
    96.39599999999999,
    98.896,
    97.39999999999999,
    97.922,
    98.917,
    98.90599999999999,
    97.40400000000001,
    96.919,
    98.416,
    98.421,
    97.91000000000001,
    98.92399999999998,
    97.919,
    98.42000000000002,
    98.91900000000001,
    97.91400000000002,
    99.40799999999999,
    99.41899999999998,
    98.41900000000001,
    98.404,
    98.40200000000002,
    97.91799999999998,
    97.91399999999999,
    98.42199999999998,
    97.91,
    98.91900000000001,
    99.419,
    97.92,
    98.405,
    98.415,
    98.413,
    98.41599999999998,
    97.91799999999998,
    97.90299999999999,
    98.914,
    96.91400000000003,
    98.90400000000001,
    98.412,
    98.41399999999999,
    98.90700000000001,
    98.409,
    98.41099999999999,
    98.911,
    99.41999999999999,
    97.404,
    97.90599999999998,
    97.41,
    98.91900000000001,
    99.41200000000002,
    96.91300000000001,
    97.915,
    97.40599999999999,
    97.902,
    96.407,
    96.409,
    97.405,
    98.41199999999999,
    97.91999999999999,
    97.92099999999999,
    98.909,
    97.417,
    99.397,
    97.912,
    95.91799999999998,
    97.41499999999999,
    98.90799999999999,
    98.414,
    97.41199999999999,
    97.91,
    96.90799999999999,
    98.41299999999998,
    97.908,
    97.921,
    98.91300000000001,
    97.912,
    97.909,
    96.90900000000002,
    96.902,
    99.40900000000002,
    95.41599999999998,
    96.91399999999999,
    96.40800000000002,
    97.92100000000002,
    97.417,
    98.41900000000001,
    97.90799999999999,
    98.411,
    99.417,
    98.40900000000002,
    99.411,
    96.405,
    98.907,
    98.909,
    97.398,
    98.923,
    98.91799999999998,
    96.41300000000001,
    99.41799999999999,
    98.91499999999999,
    97.90599999999999,
    97.41799999999999,
    98.41200000000002,
    95.91,
    94.408,
    98.909,
    99.41900000000001,
    97.91300000000001,
    97.91499999999999,
    97.398,
    95.414,
    96.905,
    97.42099999999999,
    97.41699999999999,
    98.91900000000001,
    98.91299999999998,
    97.414,
    99.41299999999998,
    94.897,
    97.91900000000001,
    96.407,
    97.90399999999998,
