{
  "complexity": 0,
  "alpha": 0.1,
  "gamma": 0.85,
  "epsilon": 0.2,
  "extra_passages": 3,
  "avg_rewards": [
    12.988999999999894,
    83.91099999999997,
    87.51899999999998,
    89.898,
    95.707,
    96.13000000000001,
    93.26899999999998,
    96.744,
    94.77000000000001,
    96.816,
    98.313,
    97.36699999999999,
    94.805,
    98.384,
    98.856,
    98.87499999999999,
    95.90899999999999,
    96.907,
    98.898,
    97.897,
    98.904,
    98.893,
    98.91099999999999,
    97.91000000000001,
    98.919,
    96.91399999999999,
    99.413,
    96.90799999999999,
    96.418,
    98.42099999999999,
    97.40599999999999,
    98.91799999999998,
    96.92299999999997,
    97.40800000000002,
    98.91699999999999,
    98.917,
    96.91399999999999,
    97.907,
    98.42100000000002,
    98.92100000000002,
    98.91999999999999,
    97.416,
    97.415,
    98.41400000000002,
    95.41399999999999,
    97.91499999999999,
    97.41799999999998,
    98.91,
    97.414,
    97.401,
    98.40799999999999,
    97.417,
    96.90200000000002,
    99.421,
    98.422,
    97.92099999999998,
    98.91699999999999,
    97.91900000000003,
    97.41399999999999,
    97.92,
    96.90399999999998,
    98.40399999999998,
    98.42099999999999,
    97.423,
    99.91499999999999,
    97.42000000000002,
    98.41,
    96.40900000000002,
    97.91199999999999,
    98.919,
    97.91900000000001,
    95.92100000000002,
    98.914,
    97.91,
    97.91299999999998,
    98.411,
    98.407,
    98.418,
    99.41900000000001,
    97.91399999999997,
    97.92,
    98.91199999999999,
    97.92,
    98.91899999999998,
    97.41899999999998,
    98.426,
    99.40799999999999,
    96.912,
    98.92099999999999,
    96.41799999999998,
    98.91,
    97.417,
    97.424,
    93.901,
    96.40200000000002,
    98.91299999999998,
    98.42000000000002,
    96.417,
    97.91,
    98.411,
    97.90899999999999,
    98.40700000000001,
    98.91900000000001,
    96.41200000000002,
    98.41299999999998,
    96.91299999999998,
    98.41599999999998,
    96.40799999999999,
    99.412,
    97.419,
    99.928,
    97.917,
    98.92600000000002,
    98.39199999999998,
    98.414,
    97.912,
    96.91700000000003,
    98.415,
    98.41600000000001,
    97.41499999999999,
    98.40900000000002,
    98.41199999999999,
    95.91500000000003,
    97.916,
    98.917,
    98.42500000000001,
    96.925,
    96.91799999999999,
    97.40599999999999,
    97.91300000000001,
    96.41099999999999,
    97.91599999999998,
    98.41600000000001,
    97.42,
    96.41799999999999,
    98.89999999999999,
    98.41399999999999,
    98.924,
    97.91799999999999,
    99.90799999999999,
    95.91900000000001,
    98.41399999999999,
    98.40899999999999,
    98.905,
    99.91499999999999,
    96.40699999999998,
    97.41,
    97.42,
    97.423,
    97.41800000000002,
    97.904,
    97.41099999999999,
    97.91300000000001,
    99.41899999999998,
    97.414,
    96.41199999999999,
    97.405,
    98.91799999999999,
    96.89399999999998,
    98.90900000000002,
    95.912,
    98.409,
    97.901,
    98.41,
    97.907,
    97.41900000000001,
    98.417,
    97.91499999999999,
    98.421,
    97.91699999999999,
    98.41499999999999,
    98.913,
    98.41299999999998,
    95.4,
    97.41299999999998,
    98.41000000000001,
    97.40799999999999,
    99.91499999999999,
    98.41099999999999,
    97.41299999999998,
    96.423,
    96.911,
    98.405,
    96.41799999999999,
    99.41799999999998,
    96.422,
    98.421,
    95.915,
    98.413,
    97.416,
    96.90899999999999,
    96.40799999999999,
    97.91899999999998,
    96.41599999999998,
    96.91299999999998,
    97.41700000000002,
    99.42100000000002,
    98.92500000000003,
    94.91199999999999,
    98.40500000000002,
    98.407,
    99.41199999999999,
    98.41299999999998,
    99.41399999999999,
    98.41199999999999,
    98.916,
    97.91499999999999,
    96.40900000000002,
    99.41400000000002,
    97.42000000000002,
    95.912,
    97.908,
    99.907,
    95.90099999999998,
    97.415,
    96.907,
    96.90499999999999,
    97.41499999999999,
    98.919,
    97.40799999999999,
    97.41099999999999,
    97.914,
    99.423,
    97.90299999999999,
    95.414,
    95.917,
    99.41000000000001,
    98.91799999999999,
    97.92,
    98.914,
    97.91900000000001,
    99.421,
    98.902,
    97.916,
    98.41000000000001,
    98.90199999999999,
    96.41499999999999,
    97.41399999999999,
    99.41799999999998,
    96.41400000000002,
    98.416,
    98.42099999999999,
    98.915,
    98.91900000000003,
    98.91,
    96.92000000000002,
    98.40599999999998,
    96.9,
    96.41399999999999,
    98.91600000000001,
    98.917,
    97.91100000000002,
    97.41199999999999,
    96.90499999999999,
    97.414,
    97.90800000000002,
    97.91199999999999,
    98.90700000000001,
    98.427,
    98.41499999999999,
    98.923,
    99.408,
    96.91999999999999,
    99.40799999999999,
    98.40099999999998,
    98.91499999999999,
    97.909,
    95.92300000000002,
    97.917,
    97.41199999999999,
    96.90599999999999,
    97.91,
    97.41199999999999,
    97.91699999999999,
    95.90099999999998,
    99.909,
    99.91,
    96.90299999999999,
    97.91899999999998,
    98.912,
    97.90799999999999,
    97.91599999999998,
    96.91399999999999,
    97.41499999999999,
    96.897,
    97.901,
    98.40899999999998,
    98.407,
    98.41599999999998,
    97.91499999999999,
    97.91300000000001,
    97.90899999999999,
    98.40899999999998,
    95.91099999999999,
    98.91100000000002,
    98.41399999999999,
    97.402,
    98.91699999999999,
    98.91799999999999,
    98.91999999999999,
    98.92099999999999,
    98.919,
    97.923,
    98.91,
    98.42,
    99.41499999999999,
    98.911,
    98.419,
    98.40899999999999,
    98.906,
    98.909,
    98.91999999999999,
    98.41499999999999,
    97.40699999999998,
    98.91299999999998,
    98.41199999999999,
    98.91300000000001,
    98.905,
    98.918,
    98.91399999999999,
    96.404,
    98.39899999999999,
    97.916,
    99.917,
    99.41299999999998,
    98.405,
    98.904,
    96.40299999999999,
    99.41599999999998,
    96.40899999999999,
    98.414,
    97.41300000000001,
    96.90199999999999,
    97.907,
    95.922,
    97.41099999999999,
    98.41299999999998,
    99.92600000000002,
    97.924,
    98.91499999999999,
    97.41899999999998,
    96.40400000000001,
    97.41999999999999,
    96.899,
    99.42600000000002,
    96.41199999999999,
    98.921,
    96.91399999999999,
    98.91099999999999,
    98.91600000000001,
    98.91199999999999,
    96.92099999999999,
    97.412,
    97.41499999999999,
    96.41600000000001,
    96.415,
    95.91299999999998,
    96.915,
    97.92099999999999,
    98.41300000000003,
    98.405,
    97.401,
    98.91,
    98.90700000000001,
    97.407,
    98.41600000000001,
    97.912,
    97.41699999999999,
    96.41400000000002,
    98.41,
    95.91,
    99.908,
    95.904,
    96.91,
    99.42400000000002,
    99.40299999999999,
    98.91399999999999,
    98.40599999999999,
    98.92000000000002,
    98.91399999999999,
    98.40799999999999,
    96.416,
    97.422,
    97.922,
    97.40800000000003,
    98.41400000000002,
    98.911,
    98.42300000000003,
    98.907,
    97.41900000000003,
    99.42099999999999,
    97.414,
    97.92100000000002,
    95.91099999999999,
    96.41399999999999,
    98.423,
    97.914,
    97.412,
    97.41199999999999,
    97.41,
    97.91900000000001,
    98.91799999999999,
    96.90599999999999,
    95.91099999999999,
    97.41799999999999,
    97.914,
    98.423,
    99.417,
    96.902,
    98.913,
    97.918,
    97.912,
    97.417,
    99.41599999999998,
    97.91000000000001,
    97.42300000000002,
    98.422,
    97.91300000000001,
    96.41699999999999,
    96.916,
    97.91,
    97.90599999999998,
    98.415,
    97.916,
    99.40599999999999,
    97.91799999999999,
    95.908,
    98.41499999999999,
