{
  "complexity": 5,
  "alpha": 0.3,
  "gamma": 0.9,
  "epsilon": 0.3,
  "extra_passages": 2,
  "avg_rewards": [
    -129.4119999999993,
    -3.8340000000000374,
    46.642,
    65.00800000000001,
    71.227,
    71.70200000000001,
    82.075,
    78.02799999999999,
    70.33200000000002,
    82.09299999999999,
    93.21699999999998,
    88.68199999999999,
    90.27199999999999,
    88.744,
    85.693,
    94.336,
    88.781,
    87.84200000000001,
    94.83300000000001,
    95.827,
    94.35100000000001,
    91.831,
    94.85400000000001,
    93.821,
    95.845,
    92.833,
    92.35,
    91.357,
    93.332,
    90.837,
    93.353,
    93.348,
    93.34500000000001,
    91.35300000000001,
    90.831,
    90.329,
    88.334,
    93.34700000000001,
    94.84900000000002,
    92.842,
    91.338,
    91.333,
    90.84799999999998,
    94.85100000000001,
    92.328,
    94.84100000000001,
    93.35100000000001,
    90.324,
    91.862,
    91.83699999999999,
    89.33900000000001,
    90.85900000000001,
    93.84700000000001,
    92.34200000000001,
    93.842,
    90.83000000000001,
    89.84299999999999,
    94.838,
    91.83400000000002,
    93.327,
    93.346,
    95.37100000000001,
    93.34400000000002,
    92.346,
    93.32399999999998,
    89.852,
    92.34600000000002,
    95.349,
    89.334,
    92.32900000000001,
    90.84099999999998,
    93.85000000000001,
    95.852,
    93.84299999999999,
    92.345,
    96.84100000000001,
    92.351,
    92.86000000000001,
    92.845,
    91.35499999999999,
    92.32600000000001,
    91.363,
    90.356,
    92.346,
    90.324,
    91.84400000000001,
    88.826,
    94.84700000000001,
    92.838,
    94.845,
    92.338,
    93.34700000000001,
    88.82200000000002,
    94.35000000000001,
    92.32900000000001,
    89.817,
    95.34400000000002,
    92.83100000000002,
    92.852,
    90.342,
    89.341,
    90.826,
    92.352,
    91.852,
    92.845,
    94.33800000000001,
    92.336,
    88.32700000000001,
    92.352,
    93.32900000000001,
    93.83699999999999,
    93.345,
    94.842,
    92.34299999999999,
    93.34700000000001,
    93.863,
    94.85,
    94.858,
    92.32699999999998,
    92.85000000000001,
    90.838,
    89.33500000000001,
    91.833,
    92.33200000000001,
    94.833,
    91.841,
    90.33400000000002,
    93.861,
    92.85600000000001,
    94.34100000000001,
    89.331,
    91.85300000000001,
    94.34700000000001,
    91.34,
    94.84900000000002,
    90.84099999999998,
    93.848,
    94.34300000000002,
    93.827,
    93.84,
    89.342,
    89.833,
    93.364,
    93.83300000000001,
    89.351,
    95.83500000000001,
    91.85499999999999,
    94.35400000000001,
    90.83200000000002,
    93.82000000000001,
    92.83999999999999,
    89.34100000000001,
    91.33700000000002,
    95.327,
    89.83500000000002,
    93.85400000000001,
    91.83300000000001,
    93.85300000000001,
    92.833,
    91.328,
    91.34600000000002,
    96.838,
    93.839,
    94.845,
    91.352,
    91.33700000000002,
    89.854,
    91.852,
    92.34299999999999,
    91.34799999999998,
    92.343,
    90.852,
    91.34400000000001,
    90.84700000000001,
    89.82800000000002,
    90.352,
    96.348,
    91.31199999999998,
    93.854,
    92.33,
    92.34100000000001,
    94.34,
    94.35,
    93.839,
    92.84000000000002,
    93.34100000000002,
    91.846,
    92.853,
    92.863,
    93.84299999999999,
    95.36500000000001,
    91.81800000000001,
    94.338,
    92.839,
    91.35,
    88.85300000000001,
    92.33599999999998,
    90.84200000000001,
    93.85400000000001,
    93.33900000000001,
    95.348,
    88.346,
    88.353,
    93.334,
    93.33600000000001,
    92.34500000000001,
    89.84600000000002,
    93.34899999999999,
    92.83399999999999,
    92.84100000000001,
    92.826,
    92.35,
    95.848,
    94.856,
    91.824,
    91.838,
    93.346,
    91.852,
    92.342,
    92.33000000000001,
    87.86,
    95.857,
    90.827,
    94.843,
    91.352,
    91.834,
    91.333,
    89.834,
    90.35100000000001,
    95.841,
    91.34700000000001,
    93.35100000000001,
    91.34100000000001,
    93.34400000000002,
    89.82900000000001,
    94.34200000000001,
    94.84599999999999,
    92.349,
    91.83700000000002,
    92.837,
    90.84100000000001,
    88.85,
    94.33900000000001,
    91.34000000000002,
    92.33800000000001,
    91.83900000000001,
    91.839,
    91.85,
    94.862,
    90.34299999999999,
    95.828,
    96.34400000000001,
    91.328,
    89.828,
    91.35700000000001,
    91.841,
    92.331,
    89.354,
    90.83699999999999,
    94.34600000000002,
    89.827,
    96.362,
    92.834,
    93.82199999999999,
    91.845,
    94.355,
    94.852,
    92.346,
    88.83500000000001,
    92.34700000000001,
    88.328,
    89.851,
    90.34100000000001,
    93.849,
    93.32700000000001,
    89.33599999999998,
    90.35900000000001,
    93.34400000000001,
    95.84900000000002,
    90.337,
    95.355,
    96.827,
    93.833,
    91.337,
    94.34299999999999,
    96.34299999999999,
    91.83500000000001,
    93.34400000000001,
    96.35,
    90.81900000000002,
    87.85400000000001,
    95.355,
    89.84,
    93.346,
    87.84900000000002,
    92.34600000000002,
    93.83000000000001,
    91.328,
    90.326,
    94.33800000000001,
    92.831,
    95.352,
    92.351,
    87.35499999999999,
    90.34100000000001,
    94.348,
    92.845,
    93.84400000000001,
    94.343,
    89.838,
    92.82699999999998,
    92.35400000000001,
    95.85100000000001,
    94.857,
    94.829,
    93.338,
    93.35400000000001,
    94.333,
    90.82400000000001,
    87.33500000000001,
    95.851,
    93.837,
    92.35600000000001,
    96.362,
    94.83900000000001,
    96.829,
    92.853,
    96.848,
    93.35600000000001,
    90.83000000000001,
    92.34600000000002,
    92.34899999999999,
    90.83599999999998,
    96.333,
    91.85000000000001,
    92.839,
    89.34,
    92.82900000000001,
    89.35000000000001,
    96.823,
    93.85,
    95.366,
    95.352,
    94.32300000000001,
    92.83500000000001,
    88.33700000000002,
    90.852,
    91.34900000000002,
    94.34100000000001,
    95.334,
    90.85000000000001,
    91.35600000000002,
    94.86699999999999,
    92.846,
    87.838,
    90.84800000000001,
    94.35300000000001,
    94.849,
    94.33900000000001,
    97.83800000000001,
    91.844,
    90.819,
    93.838,
    93.336,
    94.363,
    95.351,
    92.846,
    93.345,
    91.84700000000001,
    91.85600000000001,
    93.828,
    91.84400000000001,
    94.336,
    91.33099999999999,
    90.83699999999999,
    93.846,
    90.35900000000001,
    93.84000000000002,
    93.84599999999999,
    92.855,
    94.34400000000001,
    92.84200000000001,
    95.84500000000001,
    91.336,
    93.352,
    93.34099999999998,
    93.33599999999998,
    91.32300000000001,
    94.84,
    89.363,
    91.825,
    95.334,
    88.84700000000001,
    94.34700000000001,
    91.85700000000001,
    91.33000000000001,
    94.34299999999999,
    91.86000000000001,
    91.855,
    94.345,
    91.84200000000001,
    89.84,
    93.852,
    90.34400000000002,
    88.333,
    94.35,
    95.861,
    91.84200000000001,
    92.846,
    94.36,
    89.35,
    95.858,
    93.33900000000001,
    93.85600000000001,
    89.843,
    91.333,
    92.324,
    93.334,
    93.35799999999999,
    89.33299999999998,
    91.864,
    90.33700000000002,
    91.852,
    95.857,
    89.346,
    92.34800000000001,
    92.34299999999999,
    89.85600000000001,
    95.339,
    91.336,
    93.838,
    93.336,
    96.83800000000001,
    93.851,
    93.337,
    87.86800000000001,
    96.34,
    92.862,
    92.357,
    94.833,
    91.343,
    90.34299999999999,
    91.84,
    91.845,
    91.84,
    90.831,
    90.34400000000001,
    93.33500000000001,
    93.35900000000001,
    92.83599999999998,
    91.845,
    90.35,
    91.34200000000001,
    92.35,
    94.343,
    93.328,
    88.84799999999998,
    93.343,
    93.37199999999999,
