{
  "complexity": 5,
  "alpha": 0.1,
  "gamma": 0.95,
  "epsilon": 0.1,
  "extra_passages": 2,
  "avg_rewards": [
    -65.16599999999974,
    45.58899999999977,
    60.699,
    79.35699999999994,
    89.106,
    87.35499999999999,
    92.28900000000002,
    84.67799999999998,
    93.88300000000001,
    88.33500000000001,
    88.323,
    93.53199999999998,
    94.498,
    98.149,
    96.244,
    97.021,
    97.215,
    96.745,
    94.18599999999999,
    95.765,
    96.248,
    97.79400000000001,
    96.26400000000001,
    98.82300000000001,
    96.73100000000002,
    98.30199999999999,
    95.28300000000002,
    96.82000000000001,
    97.308,
    96.835,
    98.367,
    98.357,
    98.86699999999999,
    96.36100000000002,
    98.375,
    99.87,
    98.86600000000001,
    98.83700000000002,
    98.88199999999999,
    96.865,
    97.88199999999999,
    98.378,
    99.38199999999999,
    96.876,
    98.874,
    95.878,
    98.383,
    99.38,
    98.37899999999999,
    98.37899999999999,
    97.38199999999999,
    98.88199999999999,
    96.376,
    98.38,
    97.88199999999999,
    98.375,
    98.38,
    97.374,
    99.883,
    97.37199999999999,
    95.37899999999999,
    97.881,
    98.369,
    98.84799999999998,
    97.88199999999999,
    98.38,
    96.88699999999999,
    98.88399999999999,
    97.88399999999999,
    96.38,
    98.376,
    98.88399999999999,
    97.87199999999999,
    98.878,
    99.381,
    98.38399999999999,
    97.88,
    98.88,
    97.37899999999999,
    98.876,
    97.375,
    98.383,
    95.881,
    98.873,
    98.383,
    99.383,
    96.883,
    99.383,
    99.369,
    98.38,
    98.38399999999999,
    98.881,
    98.854,
    95.878,
    97.88199999999999,
    98.38199999999999,
    98.881,
    99.385,
    97.864,
    98.37899999999999,
    98.38199999999999,
    98.383,
    97.875,
    96.878,
    98.351,
    99.38199999999999,
    97.386,
    97.373,
    99.88799999999999,
    97.378,
    98.874,
    98.378,
    98.374,
    99.38,
    95.878,
    98.375,
    97.88,
    99.88399999999999,
    97.881,
    98.386,
    99.383,
    96.878,
    99.389,
    97.381,
    98.88499999999999,
    98.88199999999999,
    96.881,
    98.88499999999999,
    98.876,
    97.88,
    97.88300000000001,
    96.876,
    99.38199999999999,
    97.381,
    98.376,
    98.88499999999999,
    97.381,
    97.38,
    99.38199999999999,
    97.37899999999999,
    98.883,
    97.886,
    97.38199999999999,
    98.374,
    95.872,
    98.38199999999999,
    97.876,
    99.375,
    98.37499999999999,
    96.37899999999999,
    97.376,
    98.38399999999999,
    96.874,
    97.38,
    96.87899999999999,
    98.384,
    97.37899999999999,
    97.886,
    99.383,
    97.873,
    98.876,
    98.381,
    98.873,
    99.87100000000001,
    97.378,
    97.889,
    96.87800000000001,
    99.38199999999999,
    96.872,
    97.38799999999999,
    98.386,
    97.873,
    96.877,
    98.883,
    99.37899999999999,
    99.86699999999999,
    97.38,
    97.875,
    98.882,
    98.38199999999999,
    98.883,
    97.878,
    98.374,
    99.385,
    96.875,
    97.877,
    95.886,
    98.373,
    97.378,
    99.38699999999999,
    98.375,
    98.38,
    98.38199999999999,
    98.38,
    99.37899999999999,
    99.38199999999999,
    99.37199999999999,
    97.878,
    98.886,
    99.881,
    97.38199999999999,
    98.381,
    97.383,
    98.878,
    98.382,
    98.378,
    98.378,
    97.881,
    98.378,
    97.88,
    99.375,
    97.878,
    98.873,
    97.875,
    97.88499999999999,
    98.377,
    97.876,
    98.87899999999999,
    96.37899999999999,
    97.88,
    97.876,
    99.384,
    98.88199999999999,
    96.887,
    98.376,
    97.38399999999999,
    98.38,
    98.37299999999999,
    98.878,
    97.377,
    97.86800000000001,
    98.87899999999999,
    98.873,
    97.88199999999999,
    97.375,
    99.37599999999999,
    96.87899999999999,
    96.874,
    97.383,
    98.381,
    98.881,
    98.377,
    98.381,
    98.887,
    98.87899999999999,
    99.374,
    98.38,
    97.378,
    98.877,
    98.383,
    97.381,
    96.88399999999999,
    97.38,
    98.886,
    99.386,
    97.88199999999999,
    96.876,
    99.88399999999999,
    98.38199999999999,
    98.878,
    96.88399999999999,
    96.381,
    97.374,
    99.88199999999999,
    98.381,
    98.873,
    98.883,
    97.881,
    99.375,
    97.88,
    99.381,
    97.88199999999999,
    97.88199999999999,
    99.378,
    96.86600000000001,
    98.374,
    97.88,
    98.38399999999999,
    98.38,
    96.883,
    98.38,
    99.381,
    97.878,
    97.376,
    97.88,
    98.88499999999999,
    98.88199999999999,
    98.88399999999999,
    97.376,
    96.378,
    97.883,
    97.873,
    98.88199999999999,
    98.378,
    98.37899999999999,
    98.38499999999999,
    98.87899999999999,
    97.875,
    98.378,
    97.375,
    99.38199999999999,
    98.88199999999999,
    99.384,
    98.373,
    97.373,
    98.378,
    97.883,
    95.886,
    96.34299999999999,
    97.88,
    97.876,
    96.875,
    99.383,
    99.38,
    98.87100000000001,
    97.369,
    97.88300000000001,
    98.37899999999999,
    99.383,
    96.88,
    97.883,
    97.883,
    98.377,
    96.87899999999999,
    99.388,
    99.37899999999999,
    98.38,
    96.875,
    96.88,
    96.874,
    99.88499999999999,
    98.886,
    97.878,
    96.876,
    98.87899999999999,
    98.381,
    98.38000000000001,
    98.877,
    96.378,
    98.381,
    97.37899999999999,
    97.36500000000001,
    98.38300000000001,
    98.381,
    98.374,
    99.38199999999999,
    98.378,
    97.37899999999999,
    99.37899999999999,
    99.88399999999999,
    99.38199999999999,
    99.383,
    97.88199999999999,
    97.878,
    97.881,
    98.886,
    99.376,
    98.88499999999999,
    97.38499999999999,
    98.874,
    97.38399999999999,
    98.375,
    99.383,
    97.878,
    99.881,
    99.388,
    99.881,
    98.38499999999999,
    94.873,
    97.376,
    99.37899999999999,
    98.374,
    98.88199999999999,
    97.88399999999999,
    98.381,
    98.876,
    97.87100000000001,
    98.877,
    97.868,
    98.876,
    98.378,
    97.38399999999999,
    97.877,
    98.38,
    96.877,
    98.38,
    99.878,
    96.37899999999999,
    97.87899999999999,
    98.389,
    98.87899999999999,
    99.37899999999999,
    99.37199999999999,
    97.874,
    97.38,
    98.881,
    98.88,
    97.867,
    96.881,
    99.377,
    97.88,
    98.877,
    98.875,
    96.87100000000001,
    98.38499999999999,
    98.387,
    98.378,
    98.88799999999999,
    97.88199999999999,
    98.374,
    98.374,
    98.38199999999999,
    99.378,
    98.38399999999999,
    97.88199999999999,
    98.87899999999999,
    97.87100000000001,
    97.86600000000001,
    98.387,
    98.384,
    96.877,
    98.378,
    97.381,
    97.873,
    99.38499999999999,
    98.875,
    96.381,
    98.37899999999999,
    99.386,
    95.87899999999999,
    97.881,
    98.376,
    98.88,
    97.88199999999999,
    98.38,
    99.37100000000001,
    97.88199999999999,
    97.88,
    98.37899999999999,
    99.38,
    98.881,
    98.886,
    95.88499999999999,
    97.875,
    99.378,
    99.383,
    97.874,
    98.373,
    97.38199999999999,
    96.87499999999999,
    99.383,
    99.873,
    98.378,
    97.386,
    96.378,
    97.38499999999999,
    98.88199999999999,
    97.381,
    98.886,
    99.38199999999999,
    96.877,
    99.373,
    99.375,
    98.374,
    96.87899999999999,
    98.375,
    97.88,
    97.383,
    96.872,
    98.381,
    97.38,
    97.381,
    97.876,
    97.373,
    98.88399999999999,
    98.88199999999999,
    97.388,
    97.38,
    98.88,
    97.375,
    97.381,
    97.87899999999999,
    98.378,
    96.875,
    98.872,
    96.883,
    97.88699999999999,
    98.876,
    99.378,
    96.874,
    96.88699999999999,
    97.381,
    98.38,
    97.37899999999999,
    98.88199999999999,
    98.386,
    96.884,
    96.38,
    97.876,
    98.375
  ],