{
  "complexity": 6,
  "alpha": 0.2,
  "gamma": 0.95,
  "epsilon": 0.1,
  "extra_passages": 1,
  "avg_rewards": [
    -91.41699999999955,
    54.01399999999994,
    79.49099999999996,
    77.37699999999998,
    79.80399999999999,
    90.614,
    86.64999999999999,
    91.473,
    95.983,
    88.81700000000001,
    95.092,
    96.67699999999999,
    95.59200000000001,
    98.255,
    97.22200000000001,
    96.75000000000001,
    96.791,
    97.28799999999998,
    96.819,
    96.81800000000001,
    97.839,
    97.85600000000001,
    98.357,
    99.363,
    97.863,
    97.87400000000001,
    97.874,
    99.374,
    98.375,
    97.366,
    93.867,
    96.878,
    97.858,
    98.367,
    97.876,
    98.371,
    96.864,
    98.372,
    98.36999999999999,
    97.375,
    98.87100000000001,
    97.369,
    97.377,
    96.82199999999999,
    98.37499999999999,
    98.357,
    96.88,
    96.882,
    96.877,
    97.88,
    98.367,
    98.873,
    96.874,
    98.877,
    97.87299999999999,
    96.875,
    95.376,
    98.368,
    98.877,
    99.376,
    96.378,
    98.87100000000001,
    97.872,
    96.381,
    99.377,
    96.364,
    98.87,
    98.384,
    97.86699999999999,
    96.87899999999999,
    99.37800000000001,
    97.37899999999999,
    98.374,
    99.38,
    96.869,
    98.872,
    99.374,
    96.374,
    99.373,
    98.874,
    98.88,
    99.369,
    95.873,
    99.37199999999999,
    97.874,
    99.374,
    97.874,
    97.874,
    97.382,
    99.377,
    96.87100000000001,
    97.88199999999999,
    98.87100000000001,
    99.874,
    97.877,
    97.88399999999999,
    97.875,
    96.871,
    97.87799999999999,
    97.874,
    98.87299999999999,
    96.873,
    98.359,
    96.357,
    97.87199999999999,
    96.374,
    97.876,
    98.37,
    97.877,
    96.87199999999999,
    97.881,
    95.373,
    98.373,
    99.381,
    96.372,
    96.873,
    95.37899999999999,
    99.38199999999999,
    98.373,
    99.37,
    97.377,
    97.372,
    98.875,
    96.87499999999999,
    98.87199999999999,
    97.367,
    97.38199999999999,
    98.87499999999999,
    98.376,
    98.377,
    99.876,
    99.376,
    97.869,
    98.88199999999999,
    98.875,
    96.872,
    98.375,
    98.38,
    98.38199999999999,
    98.87899999999999,
    97.377,
    98.869,
    98.882,
    98.372,
    97.372,
    96.37899999999999,
    98.864,
    99.369,
    98.378,
    98.866,
    97.88,
    98.88199999999999,
    96.369,
    98.87500000000001,
    98.373,
    96.873,
    97.37199999999999,
    97.373,
    97.377,
    98.884,
    97.369,
    97.86800000000001,
    98.385,
    97.874,
    98.381,
    98.375,
    99.875,
    98.881,
    97.37499999999999,
    97.876,
    99.37100000000001,
    95.366,
    99.37700000000001,
    97.875,
    97.87199999999999,
    97.867,
    98.882,
    97.87899999999999,
    97.876,
    99.87899999999999,
    96.86500000000001,
    98.377,
    99.375,
    97.88199999999999,
    96.374,
    97.875,
    98.364,
    98.88,
    98.37599999999999,
    98.374,
    97.86600000000001,
    95.881,
    97.37100000000001,
    98.87899999999999,
    97.37100000000001,
    97.88199999999999,
    98.381,
    99.375,
    97.876,
    98.872,
    98.37100000000001,
    97.88,
    97.871,
    96.375,
    97.874,
    98.374,
    98.375,
    96.37199999999999,
    98.378,
    97.878,
    98.375,
    98.38199999999999,
    97.872,
    98.374,
    98.37899999999999,
    97.87899999999999,
    97.374,
    98.877,
    99.374,
    97.877,
    98.875,
    97.877,
    97.874,
    98.368,
    98.881,
    97.874,
    99.376,
    98.37299999999999,
    98.883,
    96.872,
    98.378,
    98.372,
    98.368,
    97.88,
    96.37599999999999,
    99.381,
    96.88,
    98.378,
    99.38,
    98.368,
    99.373,
    97.881,
    97.375,
    96.86800000000001,
    97.377,
    98.876,
    99.376,
    98.373,
    98.86600000000001,
    95.378,
    96.87899999999999,
    98.88199999999999,
    96.88,
    97.37499999999999,
    99.377,
    97.877,
    98.367,
    97.87299999999999,
    97.373,
    96.87599999999999,
    96.37899999999999,
    98.87,
    95.376,
    97.38,
    97.37700000000001,
    97.868,
    98.377,
    96.881,
    98.373,
    98.376,
    98.87199999999999,
    97.38,
    96.87800000000001,
    97.877,
    97.873,
    98.88499999999999,
    98.36600000000001,
    99.375,
    97.376,
    99.36999999999999,
    97.87899999999999,
    96.87199999999999,
    98.373,
    97.871,
    98.88,
    97.373,
    98.37899999999999,
    98.374,
    96.373,
    98.373,
    97.364,
    98.372,
    98.378,
    98.377,
    97.878,
    98.88,
    97.879,
    97.377,
    98.876,
    97.872,
    94.876,
    99.381,
    97.88199999999999,
    98.876,
    97.877,
    98.874,
    98.88,
    96.872,
    97.87499999999999,
    99.37100000000001,
    95.876,
    99.38,
    98.378,
    96.876,
    97.36600000000001,
    96.878,
    96.88000000000001,
    98.87100000000001,
    97.38199999999999,
    99.376,
    97.38,
    97.86500000000001,
    98.877,
    97.87899999999999,
    97.374,
    99.376,
    96.373,
    97.875,
    98.372,
    98.37100000000001,
    97.872,
    99.37700000000001,
    96.868,
    99.875,
    97.373,
    98.878,
    98.38,
    98.877,
    98.373,
    99.375,
    98.872,
    99.373,
    98.375,
    98.873,
    98.37199999999999,
    97.37899999999999,
    98.88,
    99.867,
    97.876,
    99.375,
    95.86999999999999,
    98.87199999999999,
    97.877,
    97.877,
    98.371,
    98.38,
    98.368,
    97.876,
    95.87100000000001,
    98.374,
    97.88199999999999,
    99.88000000000001,
    97.87899999999999,
    99.374,
    97.377,
    96.375,
    98.365,
    98.374,
    98.875,
    96.373,
    98.372,
    98.878,
    98.873,
    97.37499999999999,
    98.87299999999999,
    98.37499999999999,
    97.37800000000001,
    98.873,
    96.875,
    98.874,
    98.88,
    97.37100000000001,
    97.37100000000001,
    98.376,
    97.373,
    95.86999999999999,
    98.36999999999999,
    99.378,
    97.885,
    98.376,
    97.881,
    97.375,
    98.877,
    96.877,
    97.87,
    97.383,
    95.87699999999998,
    97.37800000000001,
    97.88,
    98.37499999999999,
    96.877,
    97.378,
    97.875,
    98.877,
    98.871,
    99.37199999999999,
    99.37899999999999,
    97.873,
    99.876,
    98.37100000000001,
    96.87299999999999,
    97.878,
    97.87899999999999,
    98.375,
    98.88,
    99.876,
    96.38,
    98.376,
    97.874,
    98.378,
    97.874,
    95.878,
    99.378,
    99.881,
    97.875,
    96.87100000000001,
    97.376,
    98.38300000000001,
    98.363,
    98.876,
    98.881,
    97.875,
    97.864,
    98.375,
    97.883,
    95.875,
    97.875,
    99.878,
    98.374,
    96.878,
    98.374,
    99.371,
    97.883,
    97.374,
    99.37799999999999,
    96.88,
    98.87800000000001,
    97.87899999999999,
    97.372,
    98.376,
    98.875,
    96.37899999999999,
    98.373,
    97.376,
    98.381,
    95.876,
    98.873,
    97.87100000000001,
    97.377,
    98.875,
    99.87899999999999,
    96.873,
    96.878,
    96.876,
    96.877,
    97.85900000000001,
    97.874,
    98.87100000000001,
    98.876,
    98.87100000000001,
    96.37899999999999,
    97.37899999999999,
    98.375,
    97.37,
    97.878,
    97.38,
    98.37799999999999,
    98.378,
    98.881,
    98.87499999999999,
    97.373,
    97.87499999999999,
    97.37800000000001,
    96.882,
    95.86699999999999,
    99.376,
    95.871,
    98.37,
    95.872,
    98.88,
    98.372,
    97.375,
    96.375,
    96.372,
    96.374,
    98.376,
    96.88,
    95.378,
    98.37,
    97.878
  ],