{
  "complexity": 7,
  "alpha": 0.3,
  "gamma": 0.95,
  "epsilon": 0.3,
  "extra_passages": 0,
  "avg_rewards": [
    -142.96699999999927,
    -16.996999999999822,
    36.94799999999994,
    48.784999999999954,
    67.329,
    71.33500000000004,
    78.88699999999999,
    87.169,
    85.154,
    83.221,
    88.769,
    92.788,
    91.34200000000001,
    82.70699999999998,
    86.76199999999999,
    93.33400000000002,
    92.81,
    95.34900000000002,
    89.33899999999998,
    92.33900000000001,
    93.348,
    89.846,
    90.82199999999997,
    88.852,
    92.78999999999999,
    91.84400000000001,
    86.772,
    91.34400000000002,
    89.837,
    84.32900000000001,
    86.34299999999999,
    87.339,
    95.35900000000001,
    90.325,
    89.339,
    91.329,
    92.85400000000001,
    92.346,
    91.83999999999999,
    86.33900000000001,
    96.845,
    90.348,
    91.364,
    90.827,
    93.328,
    91.864,
    92.84299999999999,
    93.849,
    88.845,
    92.325,
    91.85799999999999,
    91.82399999999998,
    94.85999999999999,
    95.34400000000001,
    90.861,
    87.832,
    93.847,
    92.845,
    93.35400000000001,
    91.85600000000001,
    95.35400000000001,
    89.83600000000001,
    91.85400000000001,
    94.35,
    89.85400000000001,
    90.858,
    91.34200000000001,
    91.857,
    92.339,
    90.34100000000001,
    89.839,
    91.85799999999999,
    89.33000000000001,
    91.35300000000001,
    93.842,
    92.32000000000002,
    90.337,
    91.357,
    91.859,
    89.34099999999998,
    93.35799999999999,
    93.32300000000001,
    90.35400000000001,
    93.34,
    90.351,
    93.341,
    94.353,
    88.85499999999999,
    92.847,
    90.35500000000002,
    94.34,
    93.33700000000002,
    90.858,
    94.85700000000001,
    94.824,
    91.85,
    91.356,
    92.864,
    92.35400000000001,
    91.348,
    94.355,
    88.33899999999998,
    90.84400000000001,
    91.867,
    91.86200000000001,
    92.851,
    90.34700000000001,
    94.35999999999999,
    93.336,
    95.34200000000001,
    91.35,
    88.853,
    91.84899999999999,
    92.334,
    92.35499999999999,
    92.84800000000001,
    92.348,
    91.846,
    87.84899999999999,
    91.833,
    92.857,
    93.333,
    93.34,
    91.351,
    89.842,
    90.352,
    93.851,
    91.357,
    88.84400000000002,
    92.33700000000002,
    86.85,
    94.352,
    90.85799999999999,
    93.848,
    94.36200000000001,
    92.352,
    93.84599999999999,
    93.851,
    92.856,
    92.344,
    92.35300000000001,
    93.837,
    89.337,
    88.85300000000001,
    95.84599999999999,
    88.324,
    93.83200000000001,
    94.84400000000001,
    95.353,
    87.85500000000002,
    92.849,
    95.845,
    92.843,
    90.843,
    91.841,
    89.83999999999999,
    94.85300000000001,
    92.35500000000002,
    91.35700000000001,
    94.352,
    87.333,
    88.84700000000001,
    96.36,
    91.352,
    92.339,
    91.84,
    93.34700000000001,
    89.853,
    90.33399999999999,
    93.363,
    92.327,
    85.82300000000001,
    92.854,
    95.34700000000001,
    92.34299999999999,
    91.848,
    94.855,
    90.857,
    91.83900000000001,
    90.833,
    89.828,
    90.86000000000001,
    94.838,
    95.35300000000001,
    90.829,
    92.839,
    91.837,
    89.836,
    92.346,
    92.33800000000001,
    90.854,
    86.313,
    93.85300000000002,
    97.33,
    89.83900000000001,
    92.339,
    92.36100000000002,
    90.86200000000001,
    88.334,
    91.354,
    93.84,
    89.844,
    94.83000000000001,
    89.33099999999999,
    91.34400000000001,
    89.328,
    88.33700000000002,
    90.84900000000002,
    94.352,
    94.843,
    90.34,
    95.353,
    90.853,
    89.84399999999998,
    90.85599999999998,
    95.35400000000001,
    93.839,
    89.329,
    91.35,
    89.333,
    93.85600000000001,
    89.355,
    91.85,
    91.849,
    89.84600000000002,
    89.356,
    92.35499999999999,
    84.30499999999998,
    93.861,
    83.70299999999999,
    93.33500000000001,
    94.85500000000002,
    91.34400000000001,
    91.348,
    95.835,
    89.829,
    90.33700000000002,
    92.867,
    93.35000000000001,
    91.343,
    88.34700000000001,
    91.338,
    90.351,
    89.82700000000001,
    88.83200000000001,
    91.34300000000002,
    93.34200000000001,
    93.34200000000001,
    91.83700000000002,
    93.848,
    89.34400000000001,
    92.33900000000001,
    92.36100000000002,
    90.84200000000001,
    90.85,
    92.33099999999999,
    94.36300000000001,
    93.34700000000001,
    93.354,
    91.337,
    86.84700000000001,
    94.838,
    92.827,
    91.348,
    90.855,
    89.34400000000001,
    90.84700000000001,
    92.855,
    90.345,
    95.34700000000001,
    89.35600000000001,
    92.34800000000003,
    89.352,
    90.33400000000002,
    92.86600000000001,
    89.34700000000001,
    88.846,
    95.34100000000001,
    90.866,
    89.83800000000001,
    92.86800000000001,
    90.84400000000001,
    90.853,
    94.84399999999998,
    93.35,
    94.346,
    89.35300000000001,
    91.86,
    90.85099999999998,
    91.34700000000001,
    93.83399999999999,
    94.334,
    91.86,
    86.833,
    88.35400000000001,
    90.84200000000001,
    90.83500000000001,
    93.84700000000001,
    92.348,
    93.84000000000002,
    92.355,
    92.84,
    91.345,
    92.341,
    89.83500000000001,
    88.341,
    94.33300000000001,
    93.85300000000001,
    89.84700000000001,
    89.83800000000001,
    92.828,
    93.34000000000002,
    89.854,
    92.851,
    92.35900000000001,
    96.35500000000002,
    89.845,
    93.32199999999999,
    89.34599999999999,
    92.35600000000002,
    94.34599999999999,
    90.84200000000001,
    86.336,
    93.33000000000001,
    93.862,
    95.349,
    93.83200000000001,
    87.842,
    92.849,
    94.848,
    94.36200000000001,
    92.34400000000001,
    90.343,
    94.84400000000001,
    87.81899999999999,
    91.84,
    92.362,
    93.852,
    88.828,
    95.341,
    92.34099999999998,
    90.84100000000002,
    92.34,
    94.332,
    90.34799999999998,
    95.34200000000001,
    91.327,
    94.335,
    94.85200000000002,
    93.846,
    90.32900000000001,
    88.84800000000001,
    90.35300000000001,
    90.84100000000002,
    90.85800000000002,
    92.84700000000001,
    94.857,
    90.82499999999999,
    95.353,
    92.34200000000001,
    89.83600000000001,
    92.85,
    92.853,
    88.84600000000002,
    92.35800000000002,
    90.85,
    91.839,
    92.85100000000001,
    90.85,
    92.33300000000001,
    93.84100000000001,
    94.85400000000001,
    88.855,
    92.342,
    91.34099999999998,
    96.34900000000002,
    90.847,
    94.84400000000001,
    89.84700000000001,
    93.343,
    92.336,
    90.33400000000002,
    94.34800000000001,
    91.861,
    93.85,
    93.845,
    95.35000000000001,
    94.349,
    93.84700000000001,
    91.845,
    92.34600000000002,
    91.84200000000001,
    87.858,
    93.345,
    92.84700000000001,
    93.35,
    91.853,
    91.351,
    91.344,
    89.35799999999999,
    93.352,
    91.843,
    93.843,
    88.326,
    93.82900000000001,
    88.852,
    92.34599999999999,
    90.331,
    89.35299999999998,
    93.34100000000001,
    93.348,
    91.341,
    92.35600000000001,
    91.34700000000001,
    89.852,
    92.85100000000001,
    95.343,
    92.837,
    93.851,
    94.338,
    88.852,
    90.828,
    92.341,
    87.85400000000001,
    94.35800000000002,
    85.838,
    92.35200000000002,
    94.84700000000001,
    92.36000000000001,
    92.362,
    88.349,
    91.84400000000001,
    91.33900000000001,
    90.83599999999998,
    90.33500000000001,
    95.36300000000001,
    92.846,
    92.35300000000001,
    88.34400000000001,
    92.83600000000001,
    93.364,
    92.85400000000001,
    88.84400000000002,
    93.834,
    92.83500000000001,
    93.33800000000001,
    89.835,
    89.845,
    89.348,
    95.848,
    91.338,
    85.831,
    90.84200000000001,
    94.34700000000001,
    93.336,
    91.34700000000001,
