{
  "complexity": 3,
  "alpha": 0.1,
  "gamma": 0.95,
  "epsilon": 0.2,
  "extra_passages": 4,
  "avg_rewards": [
    -88.65299999999982,
    29.214999999999964,
    40.66999999999989,
    69.70899999999995,
    76.002,
    76.059,
    79.551,
    83.68499999999999,
    86.40300000000002,
    82.76800000000003,
    84.32000000000001,
    79.785,
    89.06299999999999,
    87.651,
    92.126,
    91.53099999999999,
    89.088,
    91.143,
    89.11700000000002,
    94.13799999999999,
    93.17499999999998,
    89.18699999999998,
    96.251,
    93.746,
    95.26899999999999,
    91.78699999999999,
    92.76200000000001,
    90.66799999999999,
    95.283,
    94.816,
    94.254,
    96.333,
    94.79299999999999,
    91.82500000000002,
    95.818,
    96.821,
    97.85100000000001,
    96.855,
    93.35999999999999,
    97.354,
    97.369,
    94.76699999999998,
    94.37,
    95.857,
    97.86,
    94.83700000000002,
    96.86600000000001,
    96.36500000000001,
    94.355,
    98.875,
    97.857,
    97.85900000000001,
    95.856,
    95.35,
    95.864,
    96.361,
    98.36999999999999,
    96.372,
    96.869,
    95.872,
    96.875,
    96.857,
    94.354,
    96.854,
    95.874,
    95.86600000000001,
    97.87,
    97.374,
    95.86500000000001,
    95.37199999999999,
    95.85799999999999,
    95.86500000000001,
    97.85600000000002,
    98.369,
    95.357,
    97.374,
    95.36100000000002,
    98.366,
    95.869,
    96.865,
    97.877,
    97.372,
    97.372,
    97.36,
    97.867,
    96.833,
    92.853,
    98.35300000000001,
    96.874,
    95.867,
    94.85499999999999,
    97.36100000000002,
    96.868,
    93.864,
    95.367,
    96.364,
    96.86,
    95.364,
    96.359,
    97.855,
    96.868,
    97.36399999999999,
    96.36699999999999,
    93.37,
    98.37100000000001,
    95.866,
    93.875,
    97.858,
    97.35499999999999,
    94.872,
    94.863,
    97.35300000000001,
    95.34800000000001,
    97.35,
    96.37,
    94.876,
    97.36800000000001,
    95.36500000000001,
    96.86,
    94.88,
    97.36500000000001,
    94.864,
    98.376,
    95.87100000000001,
    97.358,
    90.872,
    96.378,
    98.86,
    96.872,
    98.873,
    97.862,
    96.378,
    97.36699999999999,
    97.378,
    98.378,
    96.36,
    96.377,
    96.37,
    97.862,
    93.869,
    96.865,
    95.87,
    98.369,
    95.87,
    96.37100000000001,
    95.87,
    97.358,
    97.37899999999999,
    95.85600000000002,
    98.86,
    96.361,
    96.36500000000001,
    95.86,
    96.866,
    97.873,
    96.366,
    97.36500000000001,
    96.35300000000001,
    96.876,
    95.872,
    96.867,
    95.876,
    96.869,
    94.37100000000001,
    95.353,
    96.36699999999999,
    97.375,
    96.37,
    95.37199999999999,
    97.369,
    97.36800000000001,
    96.36600000000001,
    97.364,
    96.364,
    96.867,
    97.869,
    95.87899999999999,
    97.857,
    96.864,
    99.876,
    96.87,
    97.362,
    96.36,
    96.372,
    95.36500000000001,
    95.368,
    95.36100000000002,
    95.36600000000001,
    96.36699999999999,
    94.86500000000001,
    97.865,
    96.85900000000001,
    97.85400000000001,
    97.875,
    97.362,
    95.35400000000001,
    97.86999999999999,
    97.378,
    93.868,
    94.35900000000001,
    96.85499999999999,
    97.875,
    96.375,
    96.375,
    96.869,
    95.352,
    97.874,
    97.86600000000001,
    97.378,
    96.86100000000002,
    95.849,
    95.369,
    95.869,
    94.862,
    96.36600000000001,
    98.873,
    95.869,
    97.367,
    94.867,
    98.85300000000001,
    94.86300000000001,
    97.86500000000001,
    96.374,
    94.855,
    97.876,
    93.864,
    93.35900000000001,
    95.853,
    95.867,
    97.376,
    97.36300000000001,
    96.86300000000001,
    94.36800000000001,
    97.35,
    96.36500000000001,
    96.363,
    97.864,
    97.37,
    95.352,
    97.86,
    93.864,
    95.35,
    95.851,
    98.36500000000001,
    97.362,
    95.86399999999999,
    95.363,
    97.367,
    97.369,
    97.874,
    96.86000000000001,
    97.872,
    95.867,
    95.33800000000001,
    94.869,
    96.362,
    94.878,
    95.86999999999999,
    95.87,
    98.869,
    95.86200000000001,
    97.864,
    96.371,
    95.373,
    99.367,
    95.36800000000001,
    96.376,
    97.381,
    96.865,
    96.869,
    97.35900000000001,
    97.37100000000001,
    97.35,
    93.85,
    96.358,
    97.366,
    96.35100000000001,
    94.86100000000002,
    96.37,
    95.85600000000001,
    95.862,
    95.86500000000001,
    97.87200000000001,
    96.85499999999999,
    96.86500000000001,
    96.35999999999999,
    97.36,
    96.36,
    96.876,
    92.854,
    96.36600000000001,
    92.861,
    97.378,
    96.35999999999999,
    96.861,
    97.872,
    96.872,
    96.358,
    96.85600000000001,
    98.368,
    98.361,
    95.857,
    97.36500000000001,
    97.857,
    96.35800000000002,
    93.85700000000001,
    98.864,
    97.866,
    98.877,
    97.855,
    97.869,
    96.864,
    96.377,
    97.876,
    96.858,
    97.35500000000002,
    96.373,
    99.87100000000001,
    96.857,
    95.87,
    97.86500000000001,
    97.38,
    96.85900000000001,
    97.86500000000001,
    97.868,
    96.364,
    96.36500000000001,
    96.357,
    95.36699999999999,
    97.852,
    95.869,
    96.35600000000001,
    97.87,
    97.37200000000001,
    96.86500000000001,
    97.85,
    95.862,
    97.867,
    94.85300000000001,
    94.857,
    98.364,
    97.372,
    97.367,
    97.36500000000001,
    92.86,
    94.368,
    94.372,
    99.381,
    96.873,
    97.87899999999999,
    94.372,
    97.87,
    97.358,
    97.858,
    95.869,
    94.858,
    96.36,
    96.866,
    94.358,
    96.35800000000002,
    95.867,
    96.881,
    96.863,
    96.364,
    97.37,
    96.86,
    95.861,
    96.35100000000001,
    94.86600000000001,
    94.865,
    95.377,
    95.857,
    96.87899999999999,
    95.35400000000001,
    96.79,
    96.85600000000001,
    95.874,
    95.86800000000001,
    97.86800000000001,
    94.34400000000001,
    95.878,
    96.873,
    95.873,
    97.35500000000002,
    96.36600000000001,
    94.87100000000001,
    95.852,
    96.872,
    96.869,
    96.35200000000002,
    96.864,
    97.365,
    96.354,
    98.37100000000001,
    98.357,
    97.369,
    96.872,
    95.36699999999999,
    94.36600000000001,
    96.373,
    96.86200000000001,
    96.865,
    97.37100000000001,
    98.86500000000001,
    96.865,
    95.364,
    94.87,
    96.375,
    93.87,
    93.857,
    94.35300000000001,
    96.364,
    97.377,
    97.369,
    98.867,
    93.878,
    96.37100000000001,
    95.36300000000001,
    96.366,
    95.86600000000001,
    96.86800000000001,
    96.373,
    93.86200000000001,
    97.87,
    96.868,
    96.377,
    97.876,
    97.366,
    97.353,
    97.869,
    98.373,
    95.35600000000001,
    96.864,
    95.855,
    95.38,
    94.36000000000001,
    94.877,
    94.85,
    95.874,
    97.874,
    94.35600000000001,
    96.37100000000001,
    97.362,
    95.85,
    93.85800000000002,
    95.87100000000001,
    93.859,
    94.86500000000001,
    94.864,
    97.36600000000001,
    92.36999999999999,
    99.367,
    96.36600000000001,
    97.872,
    96.867,
    98.86100000000002,
    96.874,
    94.865,
    97.374,
    95.372,
    96.858,
    95.37,
    96.375,
    96.869,
    95.364,
    97.358,
    96.36800000000001,
    96.364,
    97.86500000000001,
    96.364,
    95.867,
    93.87100000000001,
    95.35900000000001,
    94.863,
    98.36500000000001,
    95.866,
    96.869,
    95.868,
    97.861,
    96.862,
    95.85600000000001,
    94.872,
    97.364,
    96.36800000000001,
    94.35600000000001,
    96.36200000000001,
    96.377,
    96.36100000000002,
    93.86200000000001,
    95.375,
    95.858,
    98.37,
    95.36699999999999,
    95.36800000000001,
    97.37100000000001,
    97.373,
    94.864,
    96.86800000000001,
    96.868,
    94.368
  ],