{
  "complexity": 6,
  "alpha": 0.3,
  "gamma": 0.9,
  "epsilon": 0.1,
  "extra_passages": 1,
  "avg_rewards": [
    -71.49599999999973,
    43.39299999999984,
    84.35,
    86.97599999999997,
    86.01899999999998,
    91.34200000000001,
    92.94500000000001,
    96.56300000000002,
    96.10100000000001,
    96.11900000000001,
    97.268,
    94.794,
    98.251,
    96.824,
    97.835,
    99.35299999999998,
    98.348,
    98.37599999999999,
    98.376,
    98.88499999999999,
    97.382,
    98.886,
    97.37899999999999,
    97.878,
    99.38399999999999,
    95.88199999999999,
    98.38399999999999,
    98.35999999999999,
    97.381,
    97.383,
    95.88,
    98.376,
    99.37899999999999,
    99.38399999999999,
    96.878,
    98.383,
    96.338,
    96.876,
    97.374,
    97.874,
    96.35900000000001,
    98.37899999999999,
    96.886,
    98.383,
    96.364,
    98.38199999999999,
    97.88,
    96.866,
    97.827,
    98.885,
    95.878,
    97.88399999999999,
    97.38300000000001,
    98.875,
    98.87899999999999,
    98.38199999999999,
    98.874,
    97.38899999999998,
    96.88799999999999,
    96.878,
    99.38199999999999,
    97.383,
    96.37899999999999,
    98.368,
    97.88499999999999,
    95.884,
    99.383,
    97.87899999999999,
    98.383,
    97.37899999999999,
    97.37899999999999,
    97.88499999999999,
    97.37899999999999,
    99.378,
    98.873,
    96.87899999999999,
    95.88,
    97.376,
    99.387,
    97.372,
    96.88000000000001,
    97.873,
    98.369,
    97.37899999999999,
    97.887,
    97.877,
    96.883,
    99.38,
    97.881,
    97.383,
    98.87899999999999,
    97.877,
    97.381,
    98.38300000000001,
    97.847,
    99.875,
    98.878,
    97.875,
    97.874,
    97.88499999999999,
    97.883,
    99.381,
    96.378,
    97.367,
    97.878,
    96.376,
    98.883,
    97.88300000000001,
    97.37800000000001,
    98.383,
    97.37899999999999,
    99.873,
    97.38399999999999,
    96.38799999999999,
    97.87899999999999,
    98.384,
    97.37899999999999,
    98.88399999999999,
    96.37499999999999,
    97.372,
    97.883,
    98.88399999999999,
    99.387,
    98.875,
    98.383,
    98.38,
    98.886,
    97.88699999999999,
    98.386,
    98.383,
    97.378,
    98.88199999999999,
    99.375,
    98.37899999999999,
    96.88199999999999,
    97.87899999999999,
    99.34,
    98.387,
    98.383,
    98.381,
    98.38499999999999,
    98.381,
    98.883,
    98.383,
    98.38699999999999,
    97.88499999999999,
    96.875,
    97.377,
    98.881,
    96.88499999999999,
    97.88,
    98.877,
    96.878,
    95.38,
    97.88199999999999,
    99.378,
    96.87299999999999,
    97.38199999999999,
    97.38,
    97.37899999999999,
    97.878,
    97.383,
    97.376,
    97.378,
    98.881,
    98.87899999999999,
    97.878,
    98.377,
    98.38399999999999,
    98.876,
    97.376,
    96.386,
    97.38199999999999,
    98.876,
    98.383,
    96.884,
    97.37899999999999,
    97.88,
    96.38199999999999,
    98.881,
    97.88,
    98.876,
    96.876,
    97.36,
    98.88399999999999,
    97.88399999999999,
    98.375,
    98.37899999999999,
    99.38499999999999,
    97.88699999999999,
    98.381,
    99.377,
    98.381,
    97.877,
    97.88199999999999,
    96.375,
    98.37899999999999,
    97.87899999999999,
    98.381,
    97.883,
    95.381,
    98.378,
    95.877,
    97.38,
    96.881,
    96.881,
    97.381,
    97.88199999999999,
    98.381,
    99.38199999999999,
    97.877,
    98.878,
    99.37,
    98.874,
    98.38499999999999,
    97.87199999999999,
    97.88,
    97.88,
    98.386,
    96.876,
    95.87899999999999,
    97.877,
    96.373,
    97.376,
    95.88199999999999,
    97.875,
    98.886,
    98.872,
    97.375,
    97.88,
    96.88199999999999,
    96.875,
    98.883,
    97.878,
    97.87899999999999,
    96.875,
    98.88399999999999,
    96.88,
    98.38499999999999,
    95.88199999999999,
    96.88,
    97.389,
    97.875,
    98.88499999999999,
    97.383,
    99.38,
    98.378,
    98.37100000000001,
    96.87899999999999,
    97.87,
    97.881,
    99.87899999999999,
    96.364,
    97.878,
    97.881,
    98.38499999999999,
    99.381,
    97.378,
    96.38,
    96.36600000000001,
    96.877,
    98.381,
    99.38,
    97.381,
    95.376,
    98.37899999999999,
    99.373,
    97.383,
    97.878,
    95.881,
    97.88199999999999,
    96.38,
    97.881,
    98.88,
    96.877,
    98.88199999999999,
    98.373,
    99.383,
    97.88199999999999,
    99.376,
    99.379,
    97.374,
    98.38399999999999,
    98.88499999999999,
    96.374,
    98.37899999999999,
    98.383,
    95.877,
    97.88399999999999,
    96.88399999999999,
    98.884,
    96.38,
    98.873,
    99.378,
    98.38399999999999,
    98.87800000000001,
    97.88499999999999,
    96.88199999999999,
    99.378,
    98.384,
    98.88199999999999,
    94.881,
    98.378,
    96.883,
    98.881,
    97.38399999999999,
    96.38199999999999,
    97.88,
    99.38499999999999,
    96.883,
    99.377,
    99.876,
    97.886,
    98.38,
    99.38499999999999,
    99.37899999999999,
    97.381,
    95.347,
    97.875,
    97.885,
    97.881,
    97.88399999999999,
    98.377,
    97.878,
    97.88499999999999,
    95.877,
    99.38199999999999,
    98.378,
    98.377,
    97.383,
    97.881,
    95.38199999999999,
    97.377,
    95.38300000000001,
    98.38899999999998,
    97.381,
    95.872,
    98.875,
    97.383,
    97.378,
    98.881,
    96.877,
    97.87899999999999,
    98.375,
    98.888,
    97.867,
    97.876,
    96.38499999999999,
    98.88799999999999,
    98.381,
    99.375,
    97.383,
    98.381,
    99.38399999999999,
    97.376,
    98.38499999999999,
    97.87899999999999,
    97.87899999999999,
    97.874,
    98.876,
    97.87899999999999,
    95.877,
    95.37800000000001,
    95.875,
    97.875,
    96.876,
    96.378,
    99.378,
    98.37899999999999,
    98.876,
    99.378,
    98.878,
    96.876,
    98.878,
    97.377,
    98.377,
    99.374,
    98.875,
    98.381,
    96.88199999999999,
    97.38,
    96.383,
    98.88699999999999,
    97.872,
    98.37899999999999,
    96.88,
    95.875,
    97.88199999999999,
    98.381,
    96.88399999999999,
    98.373,
    98.886,
    97.38699999999999,
    99.377,
    98.376,
    97.88499999999999,
    97.88199999999999,
    97.387,
    97.88399999999999,
    98.876,
    95.88399999999999,
    96.878,
    98.877,
    98.88,
    98.87899999999999,
    97.875,
    97.383,
    98.871,
    96.877,
    97.874,
    99.87899999999999,
    98.876,
    99.88399999999999,
    97.87100000000001,
    97.88300000000001,
    97.38,
    98.88199999999999,
    98.876,
    98.877,
    97.88,
    98.876,
    96.87899999999999,
    97.878,
    98.373,
    97.88,
    97.377,
    96.387,
    97.377,
    98.88199999999999,
    97.886,
    97.38199999999999,
    98.87899999999999,
    99.88399999999999,
    96.378,
    97.381,
    96.88,
    98.383,
    97.883,
    96.874,
    95.883,
    95.373,
    98.88399999999999,
    98.381,
    98.88499999999999,
    97.38499999999999,
    96.88399999999999,
    96.881,
    97.88499999999999,
    96.875,
    96.37899999999999,
    97.381,
    98.381,
    98.872,
    97.377,
    97.87899999999999,
    97.881,
    96.875,
    95.38,
    98.38399999999999,
    96.38,
    98.38199999999999,
    97.37899999999999,
    99.377,
    98.88199999999999,
    96.377,
    96.386,
    97.88,
    98.878,
    97.87899999999999,
    97.883,
    99.877,
    97.376,
    98.38,
    97.875,
    96.88499999999999,
    97.877,
    96.88199999999999,
    95.37899999999999,
    98.88399999999999,
    97.88,
    98.875,
    97.375,
    98.88199999999999,
    98.378,
    98.38199999999999,
    97.88,
    98.378,
    97.38399999999999,
    98.88199999999999,
    97.376,
    98.377,
    98.888,
    97.38499999999999,
    98.38,
    96.88399999999999,
    96.86800000000001,
    97.876,
    99.381,
    98.88300000000001,
