{
  "complexity": 6,
  "alpha": 0.1,
  "gamma": 0.9,
  "epsilon": 0.1,
  "extra_passages": 1,
  "avg_rewards": [
    -83.23599999999962,
    25.04099999999973,
    63.256999999999934,
    77.42799999999997,
    77.60999999999999,
    80.69399999999999,
    84.52199999999998,
    88.31499999999998,
    88.305,
    88.07699999999998,
    89.84700000000001,
    94.201,
    91.306,
    93.131,
    90.41900000000001,
    90.38000000000001,
    94.53899999999999,
    92.016,
    96.099,
    92.624,
    96.118,
    98.21600000000001,
    92.057,
    96.71000000000001,
    96.715,
    97.71400000000001,
    99.284,
    98.142,
    96.76599999999999,
    95.25699999999999,
    97.76899999999999,
    96.812,
    95.33399999999999,
    96.787,
    98.30300000000001,
    96.262,
    95.834,
    97.356,
    96.81199999999998,
    97.81,
    97.847,
    98.32,
    97.84599999999999,
    96.336,
    96.83500000000001,
    97.84599999999999,
    97.845,
    93.75899999999999,
    96.84200000000001,
    96.365,
    98.86999999999999,
    96.845,
    98.35600000000001,
    98.349,
    96.85,
    99.36099999999999,
    97.363,
    97.86599999999999,
    99.353,
    96.364,
    98.361,
    97.36,
    96.366,
    98.856,
    97.869,
    98.354,
    98.365,
    99.35499999999999,
    99.358,
    97.363,
    98.873,
    97.848,
    97.86300000000001,
    98.37199999999999,
    97.868,
    97.864,
    98.361,
    96.852,
    97.862,
    97.368,
    97.37199999999999,
    98.86699999999999,
    99.864,
    96.858,
    95.37299999999999,
    97.861,
    96.871,
    96.30600000000001,
    97.37,
    96.866,
    97.363,
    94.86699999999999,
    97.87,
    98.36699999999999,
    98.86100000000002,
    97.853,
    96.86999999999999,
    97.869,
    97.364,
    98.86999999999999,
    97.869,
    98.868,
    97.364,
    97.363,
    97.363,
    97.871,
    99.369,
    97.36699999999999,
    97.865,
    97.36599999999999,
    98.374,
    98.363,
    98.371,
    96.365,
    97.86500000000001,
    98.866,
    97.375,
    98.86699999999999,
    97.367,
    97.868,
    96.364,
    99.362,
    98.871,
    99.866,
    96.869,
    97.36299999999999,
    97.86500000000001,
    98.85799999999999,
    96.37199999999999,
    97.868,
    98.87299999999999,
    97.36999999999999,
    98.37499999999999,
    96.369,
    99.868,
    97.369,
    97.87199999999999,
    98.369,
    98.866,
    97.37299999999999,
    96.86399999999999,
    96.366,
    98.865,
    96.36699999999999,
    96.364,
    95.86699999999999,
    97.36299999999999,
    98.365,
    98.86699999999999,
    98.371,
    96.35799999999999,
    97.863,
    97.371,
    97.862,
    97.374,
    98.865,
    97.365,
    97.866,
    99.36499999999998,
    97.87,
    97.868,
    98.37499999999999,
    96.865,
    98.373,
    96.86499999999998,
    98.865,
    97.857,
    97.86999999999999,
    97.87199999999999,
    96.865,
    97.872,
    96.869,
    98.37100000000001,
    97.369,
    98.361,
    98.866,
    98.869,
    97.86599999999999,
    97.865,
    98.865,
    98.866,
    97.869,
    99.371,
    97.87,
    96.87199999999999,
    96.86699999999999,
    98.873,
    96.87299999999999,
    96.876,
    97.868,
    97.87199999999999,
    98.871,
    97.365,
    97.36699999999999,
    97.861,
    98.365,
    97.87299999999999,
    98.863,
    97.371,
    97.859,
    98.862,
    97.37100000000001,
    97.365,
    97.364,
    98.868,
    98.866,
    98.866,
    96.86399999999999,
    98.365,
    98.87,
    98.362,
    96.86699999999999,
    97.863,
    95.362,
    98.36999999999999,
    98.864,
    99.368,
    97.86999999999999,
    96.871,
    99.37299999999999,
    97.361,
    96.868,
    97.85900000000001,
    97.87599999999999,
    96.868,
    98.87199999999999,
    98.366,
    98.874,
    95.37199999999999,
    97.85900000000001,
    96.369,
    97.872,
    96.84,
    98.875,
    94.369,
    99.36299999999999,
    97.861,
    98.869,
    96.36799999999998,
    98.858,
    98.362,
    98.86999999999999,
    98.869,
    98.857,
    98.86999999999999,
    95.85999999999999,
    98.86999999999999,
    95.87299999999999,
    98.364,
    99.371,
    97.87199999999999,
    98.86699999999999,
    98.869,
    96.365,
    96.86999999999999,
    97.863,
    99.362,
    94.359,
    96.37199999999999,
    98.871,
    97.863,
    99.366,
    98.36,
    97.87199999999999,
    98.37199999999999,
    98.366,
    99.862,
    99.368,
    98.368,
    98.87299999999999,
    97.359,
    96.85799999999999,
    99.371,
    98.368,
    97.869,
    99.365,
    97.86800000000001,
    97.35600000000001,
    99.363,
    97.36699999999999,
    99.869,
    96.861,
    98.86999999999999,
    95.861,
    95.863,
    98.369,
    97.362,
    98.868,
    97.86399999999999,
    94.368,
    98.369,
    97.368,
    99.36299999999999,
    97.864,
    99.362,
    98.37299999999999,
    97.867,
    98.86999999999999,
    99.368,
    97.36500000000001,
    95.363,
    98.37599999999999,
    97.869,
    97.365,
    98.36699999999999,
    98.871,
    94.867,
    96.357,
    95.868,
    98.37299999999999,
    97.874,
    98.852,
    95.865,
    96.366,
    98.86,
    98.87100000000001,
    97.86999999999999,
    98.866,
    99.374,
    97.87299999999999,
    97.364,
    97.355,
    97.371,
    99.363,
    97.868,
    94.858,
    97.871,
    98.868,
    98.364,
    98.85499999999999,
    99.371,
    97.369,
    97.869,
    96.369,
    96.866,
    98.36999999999999,
    95.87299999999999,
    99.37100000000001,
    96.86300000000001,
    98.865,
    97.36300000000001,
    98.36999999999999,
    97.372,
    97.364,
    98.87499999999999,
    97.86800000000001,
    97.36999999999999,
    98.371,
    95.857,
    97.36699999999999,
    97.86999999999999,
    98.37599999999999,
    95.868,
    98.874,
    97.85799999999999,
    96.367,
    97.869,
    96.36999999999999,
    97.864,
    99.368,
    98.374,
    97.86699999999999,
    98.874,
    98.86,
    96.864,
    99.369,
    96.873,
    98.86999999999999,
    95.87100000000001,
    98.374,
    98.364,
    97.864,
    96.85600000000001,
    98.352,
    98.366,
    97.864,
    97.866,
    96.854,
    95.36699999999999,
    98.369,
    97.872,
    96.868,
    99.86999999999999,
    98.368,
    97.863,
    96.86999999999999,
    97.37100000000001,
    98.363,
    96.863,
    97.857,
    95.865,
    95.86699999999999,
    97.865,
    98.874,
    98.37499999999999,
    98.368,
    98.35799999999999,
    95.86999999999999,
    97.85900000000001,
    97.36,
    98.863,
    95.868,
    95.86699999999999,
    98.863,
    97.869,
    96.368,
    98.86999999999999,
    97.37,
    95.87199999999999,
    97.362,
    96.37,
    96.87100000000001,
    95.868,
    99.87199999999999,
    97.866,
    96.869,
    99.365,
    99.36999999999999,
    99.371,
    97.868,
    97.866,
    95.87,
    95.369,
    96.799,
    96.36099999999999,
    99.35900000000001,
    95.868,
    98.856,
    99.36,
    97.86999999999999,
    97.86999999999999,
    96.368,
    98.363,
    97.871,
    97.369,
    98.86999999999999,
    98.868,
    99.366,
    98.37,
    97.86999999999999,
    97.374,
    97.857,
    98.36800000000001,
    99.369,
    98.86,
    95.36699999999999,
    96.374,
    97.868,
    97.37100000000001,
    97.36099999999999,
    95.865,
    98.868,
    97.366,
    97.869,
    98.368,
    97.36999999999999,
    99.359,
    98.374,
    98.864,
    97.86699999999999,
    97.86699999999999,
    95.37100000000001,
    98.857,
    98.363,
    96.862,
    98.85300000000001,
    98.864,
    96.37199999999999,
    97.365,
    98.37100000000001,
    97.361,
    96.36699999999999,
    98.36699999999999,
    97.86599999999999,
    97.873,
    97.868,
    97.869,
    98.36999999999999,
    97.862,
    96.866,
    98.364,
    95.864,
    96.867,
    98.369,
    98.86699999999999,
    98.365,
    98.863,
    97.869,
    97.364,
    97.86999999999999,
    98.87499999999999,
    96.871,
    98.36699999999999,
    98.37299999999999,
    96.87100000000001,
