{
  "complexity": 1,
  "alpha": 0.1,
  "gamma": 0.85,
  "epsilon": 0.1,
  "extra_passages": 6,
  "avg_rewards": [
    -86.8289999999997,
    68.58200000000004,
    75.96999999999997,
    84.59199999999996,
    85.79499999999999,
    85.63100000000001,
    85.05000000000001,
    92.828,
    91.476,
    96.49,
    95.115,
    92.96099999999998,
    97.072,
    96.00300000000001,
    94.149,
    97.61500000000001,
    96.72,
    98.678,
    97.68100000000001,
    98.248,
    96.20899999999999,
    96.22600000000001,
    97.76599999999999,
    99.26199999999999,
    99.28100000000002,
    99.29500000000002,
    97.261,
    98.239,
    96.28200000000001,
    94.801,
    98.31400000000001,
    98.82000000000001,
    98.333,
    97.829,
    99.319,
    98.85900000000001,
    98.34,
    98.316,
    99.35499999999999,
    98.856,
    99.34400000000001,
    98.86100000000002,
    96.33999999999999,
    99.363,
    99.351,
    98.36300000000001,
    98.84200000000001,
    99.377,
    96.381,
    98.366,
    98.864,
    98.369,
    97.876,
    98.876,
    98.88799999999999,
    96.381,
    96.383,
    98.864,
    98.381,
    98.88,
    98.881,
    98.378,
    98.877,
    97.874,
    97.878,
    97.383,
    96.878,
    97.88799999999999,
    97.38499999999999,
    99.369,
    98.87899999999999,
    97.88199999999999,
    98.87899999999999,
    95.378,
    98.37899999999999,
    98.878,
    98.37,
    97.38399999999999,
    96.87899999999999,
    96.87899999999999,
    98.38199999999999,
    98.38199999999999,
    96.881,
    99.886,
    98.855,
    98.377,
    95.381,
    99.87100000000001,
    97.876,
    99.374,
    98.377,
    98.383,
    97.36800000000001,
    97.38199999999999,
    97.873,
    99.883,
    99.373,
    98.378,
    98.37,
    99.372,
    99.875,
    98.88699999999999,
    98.89,
    97.38199999999999,
    98.38199999999999,
    98.38,
    98.881,
    98.873,
    98.878,
    98.378,
    98.37899999999999,
    95.88199999999999,
    97.878,
    98.38199999999999,
    97.881,
    97.378,
    99.36999999999999,
    98.883,
    98.37,
    98.88,
    97.881,
    97.381,
    99.87899999999999,
    98.87100000000001,
    99.881,
    99.375,
    99.377,
    98.38399999999999,
    97.378,
    98.88199999999999,
    96.38499999999999,
    96.377,
    98.876,
    97.878,
    96.88000000000001,
    96.884,
    97.88199999999999,
    97.867,
    98.38199999999999,
    98.374,
    97.882,
    97.378,
    97.877,
    97.383,
    97.38199999999999,
    98.87,
    98.88499999999999,
    95.876,
    99.38199999999999,
    96.86999999999999,
    98.878,
    98.376,
    99.36800000000001,
    98.383,
    97.38199999999999,
    97.87100000000001,
    99.88,
    98.875,
    98.378,
    99.388,
    98.869,
    97.37,
    97.38399999999999,
    97.38499999999999,
    96.883,
    98.878,
    98.872,
    97.369,
    97.873,
    98.38300000000001,
    98.373,
    97.37100000000001,
    97.376,
    98.876,
    98.37899999999999,
    98.87899999999999,
    98.369,
    98.88199999999999,
    98.881,
    97.87899999999999,
    98.38,
    99.373,
    97.376,
    98.38399999999999,
    98.38,
    98.375,
    97.88399999999999,
    99.38699999999999,
    96.36500000000001,
    99.38,
    98.883,
    97.381,
    98.386,
    98.88,
    97.37100000000001,
    97.37899999999999,
    97.877,
    99.37899999999999,
    99.376,
    97.87,
    99.377,
    97.37899999999999,
    98.88399999999999,
    98.88199999999999,
    97.881,
    99.381,
    98.88199999999999,
    99.38199999999999,
    98.88399999999999,
    99.375,
    98.887,
    99.37899999999999,
    97.378,
    99.38,
    98.88,
    98.378,
    98.886,
    98.875,
    98.867,
    97.37899999999999,
    98.876,
    98.87100000000001,
    98.384,
    96.88499999999999,
    95.88699999999999,
    97.88199999999999,
    98.88,
    98.38199999999999,
    96.383,
    98.38,
    96.872,
    97.377,
    98.383,
    99.889,
    98.38199999999999,
    98.87899999999999,
    97.883,
    96.374,
    96.377,
    97.384,
    97.876,
    99.381,
    98.888,
    98.881,
    98.38399999999999,
    98.886,
    98.878,
    98.875,
    98.378,
    97.381,
    98.886,
    98.386,
    98.378,
    98.383,
    98.38,
    99.38399999999999,
    98.381,
    99.878,
    97.38199999999999,
    96.87100000000001,
    98.886,
    98.374,
    99.37899999999999,
    98.873,
    98.875,
    97.372,
    98.872,
    98.383,
    97.381,
    98.37100000000001,
    97.37899999999999,
    98.38199999999999,
    98.386,
    99.38399999999999,
    98.376,
    97.874,
    98.373,
    96.875,
    98.88199999999999,
    98.878,
    98.886,
    99.883,
    97.869,
    98.875,
    95.876,
    98.378,
    98.37899999999999,
    98.36099999999999,
    97.87899999999999,
    98.876,
    99.88199999999999,
    99.38399999999999,
    97.87400000000001,
    99.38499999999999,
    99.88,
    96.87199999999999,
    99.386,
    97.869,
    96.884,
    97.375,
    98.877,
    98.372,
    97.383,
    98.88199999999999,
    97.885,
    97.88399999999999,
    98.875,
    98.37,
    98.36800000000001,
    98.372,
    98.374,
    98.384,
    98.37899999999999,
    98.875,
    99.37100000000001,
    98.88499999999999,
    98.88,
    98.874,
    98.38,
    98.38399999999999,
    98.373,
    98.883,
    99.381,
    98.38,
    99.883,
    97.88199999999999,
    96.87899999999999,
    98.376,
    97.375,
    98.886,
    95.878,
    98.888,
    98.886,
    99.38,
    98.88,
    97.38399999999999,
    98.88,
    97.378,
    98.374,
    97.87899999999999,
    97.875,
    97.387,
    98.88499999999999,
    98.375,
    98.38,
    97.88,
    97.883,
    99.87899999999999,
    97.36800000000001,
    98.378,
    97.36800000000001,
    99.88399999999999,
    98.38399999999999,
    99.881,
    98.87899999999999,
    99.87899999999999,
    99.381,
    98.875,
    97.874,
    98.38399999999999,
    98.878,
    99.881,
    99.381,
    99.38199999999999,
    98.875,
    98.88,
    99.38699999999999,
    97.876,
    98.375,
    97.378,
    97.372,
    98.38199999999999,
    96.376,
    98.883,
    98.878,
    97.37299999999999,
    98.887,
    98.376,
    99.377,
    99.383,
    98.87899999999999,
    98.87899999999999,
    99.862,
    98.378,
    96.875,
    97.37199999999999,
    97.37800000000001,
    98.374,
    98.383,
    98.88199999999999,
    98.37899999999999,
    98.86699999999999,
    98.364,
    98.38,
    96.387,
    96.88499999999999,
    97.377,
    98.38399999999999,
    97.869,
    96.36800000000001,
    98.378,
    98.87899999999999,
    99.385,
    97.38199999999999,
    99.383,
    99.87899999999999,
    98.372,
    98.88399999999999,
    97.38,
    97.38199999999999,
    98.87899999999999,
    99.38199999999999,
    98.369,
    98.38499999999999,
    96.877,
    98.38399999999999,
    97.87899999999999,
    98.87299999999999,
    98.383,
    97.882,
    98.381,
    99.38499999999999,
    98.373,
    97.88,
    97.383,
    98.88199999999999,
    99.386,
    98.88199999999999,
    98.884,
    98.875,
    98.88399999999999,
    97.877,
    97.88199999999999,
    97.87299999999999,
    98.87899999999999,
    96.873,
    99.87899999999999,
    97.884,
    98.376,
    99.38199999999999,
    98.878,
    99.378,
    99.383,
    98.385,
    97.381,
    98.37100000000001,
    98.386,
    99.377,
    98.36699999999999,
    98.88399999999999,
    98.37899999999999,
    97.878,
    97.37899999999999,
    97.88699999999999,
    97.88,
    99.38499999999999,
    97.877,
    98.377,
    99.386,
    96.877,
    98.379,
    97.37899999999999,
    97.878,
    97.883,
    99.881,
    97.875,
    98.87100000000001,
    97.874,
    98.381,
    96.38699999999999,
    95.372,
    97.373,
    97.376,
    99.38499999999999,
    97.38699999999999,
    98.381,
    98.881,
    97.376,
    99.382,
    94.883,
    98.885,
    98.88399999999999,
    97.87899999999999,
    99.38,
    98.38,
    98.377,
    97.87899999999999,
    96.37899999999999,
    98.38,
    97.877,
    99.377,
    96.876,
    97.38,
