{
  "complexity": 7,
  "alpha": 0.3,
  "gamma": 0.9,
  "epsilon": 0.2,
  "extra_passages": 0,
  "avg_rewards": [
    -92.77499999999986,
    25.755999999999933,
    62.34399999999998,
    62.486000000000004,
    75.07499999999996,
    76.715,
    77.48800000000001,
    84.91299999999998,
    83.49799999999999,
    90.226,
    87.63300000000001,
    97.801,
    96.72400000000002,
    92.757,
    92.84599999999999,
    92.824,
    93.84200000000001,
    96.83000000000001,
    93.819,
    93.838,
    95.85600000000001,
    94.84299999999999,
    94.32400000000001,
    94.355,
    92.84899999999999,
    95.294,
    93.356,
    92.35,
    93.839,
    93.862,
    91.85600000000001,
    95.35900000000001,
    93.84900000000002,
    91.344,
    96.336,
    93.848,
    91.319,
    95.354,
    94.852,
    94.34899999999999,
    95.83700000000002,
    95.837,
    93.859,
    95.352,
    95.359,
    95.375,
    93.86699999999999,
    97.353,
    94.847,
    95.349,
    97.864,
    98.868,
    94.34900000000002,
    94.35,
    92.351,
    96.358,
    95.357,
    96.845,
    97.86000000000001,
    95.36000000000001,
    97.361,
    95.862,
    97.343,
    94.357,
    96.849,
    96.358,
    94.35400000000001,
    93.845,
    93.857,
    93.838,
    95.355,
    95.857,
    95.85300000000001,
    97.85099999999998,
    94.34799999999998,
    92.833,
    92.35900000000001,
    94.846,
    96.349,
    93.84200000000001,
    97.35500000000002,
    94.35000000000001,
    94.86,
    94.86299999999999,
    97.346,
    95.35499999999999,
    93.361,
    96.36500000000001,
    95.36100000000002,
    97.359,
    93.346,
    96.85400000000001,
    96.82700000000001,
    95.34700000000001,
    90.84400000000001,
    93.86100000000002,
    93.362,
    95.852,
    95.851,
    93.848,
    92.849,
    95.34400000000001,
    92.83500000000001,
    93.85,
    94.35400000000001,
    93.33700000000002,
    97.35199999999999,
    94.361,
    95.865,
    94.861,
    97.34299999999999,
    96.849,
    94.85900000000001,
    96.36699999999999,
    96.845,
    97.353,
    88.847,
    96.353,
    96.352,
    95.852,
    96.359,
    95.353,
    91.85,
    95.35,
    96.865,
    94.86600000000001,
    94.358,
    93.84200000000001,
    94.349,
    92.83900000000001,
    93.353,
    92.34700000000001,
    95.34700000000001,
    93.84700000000001,
    96.85799999999999,
    91.86299999999999,
    95.862,
    97.343,
    91.33200000000001,
    95.84200000000001,
    95.33800000000001,
    92.84799999999998,
    96.357,
    94.85,
    97.352,
    94.35499999999999,
    94.35499999999999,
    94.86300000000001,
    96.352,
    94.851,
    96.361,
    95.854,
    95.34600000000002,
    93.33200000000001,
    93.35,
    94.848,
    95.36299999999999,
    95.34800000000001,
    93.352,
    95.848,
    96.358,
    95.84700000000001,
    92.35900000000001,
    94.84400000000001,
    92.35000000000001,
    96.86299999999999,
    97.361,
    95.851,
    96.35300000000001,
    95.35600000000002,
    94.846,
    96.351,
    95.85000000000001,
    96.849,
    94.331,
    95.358,
    94.866,
    96.349,
    95.35100000000001,
    94.33200000000001,
    96.83800000000001,
    94.857,
    96.85900000000001,
    96.354,
    95.848,
    94.85600000000001,
    97.35799999999999,
    95.35400000000001,
    94.859,
    96.85900000000001,
    94.85000000000001,
    95.86099999999999,
    96.34400000000001,
    92.35,
    97.36299999999999,
    96.844,
    95.368,
    94.856,
    95.357,
    96.351,
    94.848,
    97.357,
    96.35400000000001,
    94.848,
    95.854,
    92.341,
    92.852,
    91.351,
    96.862,
    95.864,
    95.354,
    97.353,
    95.364,
    96.859,
    96.34700000000001,
    93.857,
    92.344,
    95.85900000000001,
    96.852,
    94.851,
    94.84299999999999,
    93.85300000000001,
    93.85999999999999,
    94.35999999999999,
    94.86,
    96.36600000000001,
    97.859,
    94.351,
    97.357,
    96.363,
    94.84100000000001,
    95.346,
    97.357,
    95.86,
    93.83600000000001,
    94.852,
    91.34200000000001,
    96.354,
    93.857,
    96.356,
    95.35999999999999,
    95.354,
    94.35499999999999,
    95.351,
    94.85100000000001,
    95.83200000000001,
    96.35000000000001,
    93.85000000000001,
    94.347,
    94.851,
    94.854,
    94.846,
    95.35900000000001,
    95.33600000000001,
    93.855,
    94.84299999999999,
    95.34700000000001,
    95.34,
    94.357,
    93.854,
    94.34100000000001,
    93.84799999999998,
    95.35499999999999,
    93.862,
    94.841,
    91.849,
    96.855,
    94.35199999999999,
    94.35799999999999,
    93.36099999999999,
    94.849,
    92.347,
    97.364,
    97.352,
    97.349,
    96.84400000000001,
    94.352,
    94.337,
    93.85600000000001,
    94.35,
    95.352,
    92.34200000000001,
    93.345,
    94.352,
    97.86800000000001,
    97.863,
    95.852,
    95.344,
    92.366,
    94.34,
    95.86699999999999,
    96.85900000000001,
    94.851,
    94.85600000000001,
    96.357,
    93.858,
    95.84899999999999,
    93.82300000000001,
    92.85100000000001,
    94.86100000000002,
    95.345,
    95.86,
    94.85900000000001,
    93.864,
    93.362,
    93.853,
    95.353,
    97.846,
    93.85600000000001,
    94.82700000000001,
    94.86699999999999,
    95.34299999999999,
    92.85399999999998,
    93.352,
    95.852,
    92.85100000000001,
    93.83700000000002,
    96.336,
    92.343,
    94.84799999999998,
    97.348,
    93.843,
    95.351,
    95.34700000000001,
    95.349,
    97.86,
    95.85299999999998,
    93.857,
    96.353,
    95.847,
    96.85600000000001,
    94.85600000000001,
    96.35199999999999,
    96.35400000000001,
    93.84400000000001,
    94.333,
    94.839,
    98.343,
    96.864,
    92.852,
    93.346,
    95.357,
    92.845,
    97.856,
    97.854,
    92.865,
    96.352,
    95.345,
    95.362,
    93.85300000000001,
    96.352,
    89.84100000000001,
    98.854,
    96.362,
    96.349,
    96.844,
    96.852,
    94.863,
    93.845,
    93.857,
    94.35799999999999,
    97.35600000000001,
    97.861,
    97.334,
    93.86800000000001,
    95.326,
    95.35,
    90.349,
    93.34100000000001,
    93.358,
    96.364,
    96.35499999999999,
    96.85000000000001,
    93.862,
    95.849,
    94.34799999999998,
    95.34700000000001,
    92.86,
    96.84700000000001,
    95.852,
    93.363,
    96.84900000000002,
    97.349,
    96.86399999999999,
    97.357,
    91.34200000000001,
    96.35900000000001,
    93.861,
    96.352,
    97.857,
    92.358,
    98.853,
    95.346,
    93.843,
    94.852,
    97.36499999999998,
    95.84400000000001,
    94.366,
    97.851,
    92.858,
    94.857,
    92.857,
    96.85000000000001,
    95.85900000000001,
    94.85600000000001,
    94.84700000000001,
    93.33800000000001,
    93.83900000000001,
    96.85799999999999,
    95.341,
    94.845,
    94.857,
    97.36099999999999,
    96.35,
    97.85999999999999,
    97.36300000000001,
    96.86,
    95.35600000000001,
    95.869,
    91.848,
    96.85299999999998,
    91.348,
    96.849,
    94.846,
    96.85,
    97.34200000000001,
    96.83900000000001,
    98.354,
    95.86000000000001,
    95.35799999999999,
    94.85300000000001,
    96.35900000000001,
    96.34400000000001,
    97.857,
    92.85600000000001,
    96.36999999999999,
    95.35099999999998,
    96.869,
    95.34400000000001,
    95.35299999999998,
    95.848,
    96.852,
    95.851,
    94.85400000000001,
    97.345,
    97.35499999999999,
    94.357,
    92.849,
    95.868,
    97.35000000000001,
    94.366,
    95.86699999999999,
    95.84299999999999,
    96.347,
    96.858,
    97.357,
    96.368,
    95.851,
    95.35100000000001,
    92.357,
    96.34,
    94.35600000000001,
    96.86,
    94.86399999999999,
    97.35900000000001,
    90.306,
    96.839,
    95.359,
    93.351,
    94.352,
    96.84,
    94.849,
    95.83599999999998,
    95.342,
    95.85799999999999,
    95.369,
    96.345,
    94.855,
