{
  "complexity": 2,
  "alpha": 0.2,
  "gamma": 0.85,
  "epsilon": 0.3,
  "extra_passages": 5,
  "avg_rewards": [
    -101.7889999999995,
    22.62300000000007,
    43.86699999999997,
    57.89700000000001,
    73.193,
    70.217,
    77.424,
    81.571,
    87.05699999999999,
    82.01900000000002,
    88.67,
    86.647,
    88.19099999999999,
    88.182,
    91.709,
    86.689,
    93.799,
    90.78800000000001,
    87.31200000000001,
    91.79700000000001,
    90.781,
    93.30300000000001,
    93.83599999999998,
    91.79999999999998,
    92.32900000000002,
    93.822,
    91.362,
    90.83600000000001,
    92.837,
    94.85600000000001,
    90.358,
    89.838,
    94.852,
    93.834,
    93.32600000000001,
    93.35400000000001,
    91.839,
    92.34599999999999,
    90.822,
    93.857,
    88.33900000000001,
    93.33400000000002,
    92.361,
    90.34800000000001,
    94.86200000000001,
    93.852,
    96.85300000000001,
    90.83099999999999,
    94.84100000000001,
    91.35,
    95.36100000000002,
    87.85300000000001,
    90.85600000000001,
    93.358,
    92.364,
    93.846,
    95.86699999999999,
    88.859,
    94.84800000000001,
    93.34700000000001,
    89.84600000000002,
    86.832,
    93.839,
    92.35799999999999,
    95.84600000000002,
    91.861,
    95.34100000000001,
    95.85100000000001,
    94.367,
    93.85100000000001,
    89.307,
    94.35600000000001,
    95.34200000000001,
    93.846,
    91.85900000000001,
    91.351,
    93.35900000000001,
    92.83000000000001,
    94.36000000000001,
    93.34900000000002,
    95.84700000000001,
    93.35600000000001,
    92.852,
    93.83700000000002,
    93.352,
    92.355,
    92.84099999999998,
    98.365,
    97.866,
    91.341,
    93.35600000000001,
    92.843,
    90.84299999999999,
    93.35799999999999,
    93.83900000000001,
    89.338,
    90.84700000000001,
    92.83800000000001,
    91.86,
    95.854,
    97.36,
    96.36300000000001,
    93.84299999999999,
    92.325,
    93.855,
    93.83700000000002,
    94.34800000000001,
    93.36300000000001,
    90.846,
    96.867,
    93.855,
    93.852,
    97.364,
    91.345,
    94.845,
    93.32900000000002,
    94.33200000000001,
    93.35300000000001,
    94.328,
    93.338,
    93.345,
    91.84200000000001,
    95.852,
    91.354,
    90.33700000000002,
    93.35,
    95.35500000000002,
    90.346,
    91.846,
    93.34,
    94.851,
    96.35100000000001,
    94.327,
    92.85400000000001,
    95.328,
    91.34400000000001,
    93.85300000000001,
    96.367,
    97.33900000000001,
    94.36,
    91.82699999999997,
    92.869,
    92.345,
    90.361,
    94.85,
    93.845,
    96.353,
    91.34100000000001,
    92.831,
    94.34700000000001,
    91.358,
    93.872,
    95.861,
    93.334,
    90.35000000000001,
    92.33900000000001,
    92.35600000000001,
    94.348,
    95.32500000000002,
    96.85400000000001,
    92.853,
    90.33700000000002,
    93.344,
    91.35600000000001,
    92.332,
    92.34100000000001,
    91.853,
    94.85,
    94.849,
    96.34400000000002,
    94.33600000000001,
    89.83000000000001,
    95.348,
    95.338,
    93.85900000000001,
    90.35900000000001,
    95.36300000000001,
    91.34700000000001,
    92.33500000000001,
    92.339,
    93.34299999999999,
    93.85600000000001,
    94.34400000000002,
    89.85500000000002,
    94.86300000000001,
    91.85000000000001,
    92.84100000000001,
    93.84900000000002,
    94.839,
    92.36299999999999,
    96.85499999999999,
    93.346,
    92.83200000000001,
    93.84700000000001,
    93.344,
    92.854,
    91.345,
    91.35900000000001,
    91.84299999999999,
    96.36,
    91.838,
    94.345,
    94.85600000000001,
    91.85600000000001,
    96.352,
    94.829,
    95.35600000000002,
    95.836,
    93.836,
    94.35300000000001,
    89.838,
    95.349,
    90.33699999999999,
    94.854,
    95.358,
    94.84900000000002,
    91.83299999999998,
    95.356,
    94.351,
    91.332,
    92.354,
    91.347,
    93.836,
    91.329,
    93.354,
    94.86300000000001,
    93.352,
    92.834,
    91.363,
    94.337,
    94.873,
    97.846,
    90.348,
    94.35900000000001,
    96.354,
    92.336,
    94.34700000000001,
    94.35000000000001,
    93.34100000000001,
    95.34700000000001,
    90.85199999999999,
    92.862,
    90.837,
    90.84900000000002,
    94.83399999999999,
    96.352,
    95.344,
    93.35100000000001,
    94.83599999999998,
    94.34100000000001,
    91.84299999999999,
    95.869,
    91.819,
    90.35900000000001,
    93.869,
    94.83599999999998,
    97.345,
    91.867,
    94.84299999999999,
    90.84900000000002,
    94.856,
    88.848,
    91.854,
    93.34700000000001,
    91.36,
    94.357,
    92.842,
    94.846,
    95.855,
    93.85600000000002,
    89.34200000000001,
    93.85900000000001,
    93.34200000000001,
    96.855,
    92.85,
    93.831,
    97.36999999999999,
    92.853,
    95.354,
    94.357,
    98.36800000000001,
    92.834,
    94.85400000000001,
    93.849,
    95.34200000000001,
    92.34299999999999,
    93.83000000000001,
    90.34400000000001,
    92.85100000000001,
    89.839,
    93.357,
    87.339,
    92.84299999999999,
    93.86500000000001,
    93.355,
    97.857,
    96.352,
    95.352,
    93.35,
    91.858,
    93.361,
    95.86100000000002,
    91.849,
    91.83500000000001,
    93.83900000000001,
    88.33900000000001,
    93.84800000000001,
    91.36300000000001,
    93.34200000000001,
    94.842,
    94.355,
    94.33100000000002,
    93.34300000000002,
    92.842,
    89.854,
    95.35,
    95.351,
    92.83200000000001,
    95.83700000000002,
    93.32800000000002,
    90.83500000000001,
    95.34400000000001,
    95.34900000000002,
    96.349,
    92.84500000000001,
    90.836,
    92.85400000000001,
    94.361,
    85.332,
    91.347,
    92.33099999999999,
    94.334,
    95.353,
    95.856,
    91.84,
    94.854,
    94.84400000000001,
    92.348,
    92.328,
    92.864,
    93.841,
    95.34800000000001,
    93.83000000000001,
    92.82600000000001,
    91.344,
    92.34599999999999,
    91.34299999999999,
    91.828,
    94.85400000000001,
    92.862,
    95.345,
    92.853,
    91.83500000000002,
    92.35900000000001,
    92.34,
    91.845,
    91.841,
    90.84500000000001,
    94.34700000000001,
    91.85000000000001,
    92.34200000000001,
    98.85,
    95.85300000000001,
    93.828,
    92.85600000000001,
    88.853,
    90.837,
    92.34100000000001,
    93.863,
    91.34,
    93.334,
    95.345,
    93.85000000000001,
    90.34099999999998,
    91.85499999999999,
    95.862,
    92.34100000000001,
    96.35000000000001,
    95.345,
    96.37500000000001,
    95.361,
    92.843,
    88.353,
    94.857,
    93.333,
    96.852,
    96.354,
    92.331,
    94.34400000000001,
    93.36000000000001,
    92.83599999999998,
    94.35800000000002,
    91.85400000000001,
    95.33900000000001,
    94.33400000000002,
    92.34000000000002,
    93.834,
    92.85,
    90.855,
    93.34400000000001,
    94.338,
    91.85900000000001,
    94.338,
    91.837,
    94.36299999999999,
    93.36600000000001,
    94.848,
    88.329,
    93.851,
    96.352,
    92.34700000000001,
    92.351,
    92.358,
    94.35,
    92.34,
    95.855,
    92.84700000000001,
    90.837,
    93.35700000000001,
    93.338,
    93.85300000000001,
    94.35000000000001,
    93.355,
    91.346,
    96.84900000000002,
    93.343,
    92.352,
    95.84600000000002,
    94.353,
    90.851,
    93.871,
    91.357,
    92.352,
    90.856,
    94.855,
    94.842,
    93.356,
    93.352,
    92.352,
    94.852,
    94.855,
    94.849,
    90.322,
    93.346,
    95.856,
    91.341,
    93.355,
    95.35100000000001,
    93.36,
    94.849,
    95.85400000000001,
    93.86,
    93.862,
    95.346,
    94.83500000000001,
    95.855,
    92.33500000000001,
    90.345,
    93.848,
    93.843,
    91.85300000000001,
    93.852,
    95.85900000000001,
    95.825,
    96.36000000000001,
    90.31899999999999,
