{
  "complexity": 3,
  "alpha": 0.2,
  "gamma": 0.85,
  "epsilon": 0.1,
  "extra_passages": 4,
  "avg_rewards": [
    -64.94599999999991,
    53.73499999999997,
    80.44499999999996,
    84.35099999999998,
    88.046,
    91.783,
    94.77000000000001,
    89.42699999999999,
    95.508,
    96.55700000000002,
    93.583,
    94.55100000000002,
    98.752,
    93.64699999999999,
    97.765,
    96.212,
    97.221,
    95.777,
    98.807,
    97.827,
    96.322,
    97.825,
    97.319,
    97.293,
    97.837,
    97.83699999999999,
    99.368,
    97.851,
    97.85499999999999,
    97.88499999999999,
    98.37,
    96.376,
    99.868,
    98.378,
    97.37899999999999,
    97.378,
    98.376,
    97.872,
    98.87599999999999,
    98.87899999999999,
    98.374,
    98.87899999999999,
    97.367,
    99.375,
    98.868,
    98.886,
    98.878,
    96.38799999999999,
    98.375,
    96.885,
    99.377,
    98.38,
    98.871,
    99.386,
    96.381,
    98.877,
    98.87,
    99.378,
    98.376,
    98.86699999999999,
    98.866,
    97.875,
    97.37899999999999,
    97.886,
    98.881,
    97.886,
    98.36800000000001,
    98.386,
    98.875,
    98.881,
    98.38,
    97.883,
    99.877,
    98.386,
    98.37499999999999,
    98.383,
    98.874,
    98.374,
    98.38,
    99.377,
    96.872,
    98.877,
    98.373,
    98.878,
    97.375,
    98.875,
    99.374,
    97.38,
    98.378,
    97.383,
    99.375,
    99.38699999999999,
    98.38199999999999,
    97.881,
    97.881,
    97.375,
    98.883,
    98.378,
    98.881,
    97.38199999999999,
    98.88,
    96.37899999999999,
    97.873,
    96.875,
    98.373,
    97.37299999999999,
    97.878,
    98.377,
    97.88699999999999,
    97.88,
    98.377,
    99.383,
    97.873,
    98.876,
    98.374,
    98.374,
    98.38,
    97.878,
    98.88699999999999,
    99.876,
    99.387,
    97.873,
    98.378,
    98.383,
    99.364,
    99.873,
    98.87899999999999,
    99.377,
    98.876,
    99.874,
    99.87299999999999,
    99.383,
    98.374,
    98.878,
    98.38199999999999,
    98.374,
    97.874,
    98.37899999999999,
    96.38199999999999,
    98.876,
    99.38499999999999,
    98.88199999999999,
    98.37899999999999,
    98.881,
    98.878,
    97.88,
    98.383,
    97.88399999999999,
    97.877,
    98.88499999999999,
    98.375,
    98.39,
    97.876,
    99.878,
    97.373,
    98.37,
    99.381,
    97.88,
    99.876,
    98.377,
    98.88,
    99.877,
    97.38,
    98.87899999999999,
    97.87899999999999,
    98.38199999999999,
    98.87299999999999,
    98.869,
    99.377,
    97.376,
    98.38199999999999,
    96.865,
    98.88399999999999,
    98.882,
    95.869,
    97.883,
    96.38199999999999,
    97.88199999999999,
    97.88199999999999,
    96.381,
    97.377,
    98.881,
    97.377,
    98.38399999999999,
    98.88199999999999,
    98.876,
    97.37899999999999,
    98.883,
    97.87899999999999,
    97.878,
    99.38799999999999,
    98.373,
    96.883,
    97.884,
    97.883,
    99.373,
    97.881,
    98.87899999999999,
    99.374,
    98.883,
    98.38,
    98.875,
    97.38199999999999,
    95.88399999999999,
    98.381,
    97.381,
    98.38,
    98.383,
    98.378,
    99.88,
    97.376,
    98.883,
    95.881,
    99.38,
    98.38399999999999,
    99.878,
    99.372,
    98.38,
    97.883,
    97.878,
    97.38399999999999,
    98.88199999999999,
    97.87899999999999,
    99.38199999999999,
    97.38499999999999,
    98.877,
    99.372,
    97.377,
    98.38,
    97.38,
    97.881,
    99.377,
    98.374,
    98.882,
    98.38899999999998,
    98.87899999999999,
    99.373,
    99.881,
    99.38399999999999,
    97.37899999999999,
    98.375,
    97.376,
    98.87899999999999,
    99.378,
    97.883,
    98.88399999999999,
    98.87599999999999,
    98.377,
    98.878,
    98.88300000000001,
    98.87899999999999,
    97.383,
    99.883,
    98.876,
    97.88,
    98.374,
    97.88199999999999,
    99.37899999999999,
    99.878,
    98.38399999999999,
    98.883,
    97.874,
    97.877,
    97.87100000000001,
    98.88499999999999,
    97.87899999999999,
    96.374,
    99.38,
    98.878,
    97.378,
    98.87899999999999,
    97.373,
    99.38399999999999,
    96.883,
    98.883,
    98.87899999999999,
    97.383,
    98.378,
    99.377,
    98.88,
    98.377,
    99.369,
    98.375,
    98.376,
    99.377,
    96.377,
    98.381,
    95.386,
    99.37899999999999,
    98.375,
    98.378,
    96.88,
    96.88399999999999,
    99.36699999999999,
    97.878,
    96.86600000000001,
    98.38,
    98.881,
    97.875,
    99.381,
    96.378,
    97.87899999999999,
    98.376,
    97.38,
    97.372,
    98.881,
    97.873,
    99.373,
    97.883,
    98.384,
    98.37100000000001,
    99.38199999999999,
    96.877,
    98.88699999999999,
    99.38199999999999,
    97.377,
    97.35900000000001,
    96.883,
    98.372,
    98.88199999999999,
    99.386,
    99.873,
    97.377,
    97.375,
    98.37299999999999,
    97.375,
    98.368,
    98.88199999999999,
    98.373,
    98.376,
    99.886,
    97.38,
    99.88399999999999,
    98.883,
    97.377,
    97.874,
    98.88,
    95.876,
    99.376,
    98.38000000000001,
    97.377,
    98.38499999999999,
    97.875,
    98.378,
    96.378,
    97.877,
    95.38399999999999,
    95.88,
    99.383,
    99.886,
    97.873,
    98.877,
    98.88699999999999,
    98.877,
    96.88399999999999,
    98.873,
    98.883,
    96.37100000000001,
    98.88199999999999,
    97.88,
    98.38,
    98.377,
    98.38,
    98.878,
    99.383,
    97.876,
    98.376,
    98.38399999999999,
    99.38,
    98.88,
    98.876,
    98.87899999999999,
    99.378,
    97.88199999999999,
    97.87899999999999,
    97.376,
    98.38399999999999,
    96.88199999999999,
    98.88,
    99.38199999999999,
    98.36800000000001,
    98.38199999999999,
    96.88799999999999,
    98.38399999999999,
    98.874,
    99.383,
    99.875,
    98.38,
    98.885,
    98.376,
    98.874,
    97.877,
    95.88000000000001,
    98.376,
    98.367,
    97.38399999999999,
    99.381,
    98.88899999999998,
    99.376,
    97.374,
    99.38199999999999,
    98.87899999999999,
    98.884,
    99.88,
    98.376,
    98.377,
    96.88399999999999,
    97.877,
    99.377,
    98.372,
    99.386,
    98.36500000000001,
    97.375,
    98.875,
    99.38199999999999,
    98.88199999999999,
    97.37899999999999,
    99.384,
    99.878,
    98.383,
    98.377,
    98.88699999999999,
    99.376,
    99.881,
    97.877,
    97.38499999999999,
    97.374,
    98.386,
    98.36600000000001,
    96.386,
    98.373,
    98.373,
    98.873,
    96.878,
    98.381,
    98.38399999999999,
    98.38199999999999,
    98.878,
    99.377,
    98.38199999999999,
    97.88399999999999,
    97.883,
    98.886,
    97.878,
    97.38399999999999,
    97.883,
    98.87899999999999,
    98.886,
    97.884,
    98.878,
    97.37199999999999,
    97.876,
    96.88,
    99.883,
    96.881,
    98.377,
    98.874,
    99.373,
    97.88,
    97.88399999999999,
    98.878,
    97.878,
    98.886,
    99.371,
    97.37899999999999,
    97.886,
    97.37899999999999,
    97.38199999999999,
    99.88199999999999,
    98.88399999999999,
    99.388,
    99.37899999999999,
    97.378,
    98.37899999999999,
    97.375,
    99.38499999999999,
    99.383,
    97.876,
    99.886,
    98.872,
    98.38,
    99.38,
    98.88799999999999,
    98.872,
    97.88199999999999,
    98.362,
    97.883,
    98.87899999999999,
    98.38399999999999,
    99.373,
    97.37899999999999,
    99.378,
    97.876,
    98.881,
    97.378,
    99.38199999999999,
    97.876,
    97.88,
    98.37899999999999,
    98.377
  ],