{
  "complexity": 7,
  "alpha": 0.1,
  "gamma": 0.9,
  "epsilon": 0.2,
  "extra_passages": 0,
  "avg_rewards": [
    -126.08899999999919,
    -28.729000000000145,
    26.14899999999983,
    37.19299999999993,
    48.36999999999996,
    65.662,
    44.07099999999999,
    58.364999999999974,
    62.92400000000002,
    68.52099999999999,
    77.18100000000001,
    75.79899999999999,
    81.287,
    74.811,
    84.525,
    81.207,
    79.93700000000001,
    86.046,
    77.81699999999998,
    85.612,
    83.967,
    86.578,
    84.60900000000001,
    85.55,
    86.631,
    89.026,
    94.136,
    88.686,
    91.71700000000001,
    92.164,
    91.262,
    88.63499999999999,
    90.179,
    90.727,
    89.24999999999999,
    93.792,
    88.76299999999999,
    92.304,
    91.768,
    91.78,
    93.315,
    89.773,
    88.239,
    95.81899999999999,
    91.81800000000001,
    93.32500000000002,
    91.82400000000001,
    95.325,
    90.82900000000001,
    94.84299999999999,
    94.33200000000001,
    95.32700000000003,
    95.829,
    94.33,
    94.31800000000001,
    92.819,
    95.817,
    93.33,
    96.32400000000001,
    97.33399999999999,
    93.31899999999999,
    94.32,
    95.34900000000002,
    94.33,
    96.343,
    90.798,
    91.32700000000001,
    96.843,
    95.33200000000001,
    93.33099999999999,
    91.83299999999998,
    95.329,
    96.834,
    90.82500000000002,
    95.78800000000001,
    95.82899999999998,
    93.84200000000001,
    98.33300000000001,
    93.83,
    96.328,
    91.333,
    94.831,
    95.838,
    93.83200000000001,
    91.816,
    94.33800000000001,
    93.83,
    91.33,
    94.337,
    93.835,
    95.33200000000001,
    92.837,
    94.33900000000001,
    96.333,
    94.33200000000001,
    94.34,
    92.83900000000001,
    93.325,
    94.84,
    95.845,
    95.328,
    94.31000000000002,
    89.80100000000002,
    94.33200000000001,
    93.324,
    91.82800000000002,
    96.316,
    96.85000000000001,
    93.333,
    95.839,
    95.339,
    94.32999999999998,
    96.84200000000001,
    93.83200000000002,
    95.32799999999999,
    92.83300000000001,
    93.33000000000001,
    93.33,
    95.828,
    92.29400000000001,
    92.831,
    96.33800000000001,
    94.834,
    91.84,
    92.33800000000001,
    94.82199999999999,
    95.32900000000002,
    91.31300000000002,
    96.838,
    94.84299999999999,
    94.33,
    93.328,
    94.34500000000001,
    92.82400000000001,
    93.33900000000001,
    96.334,
    94.83700000000002,
    95.852,
    95.834,
    96.83200000000001,
    97.841,
    95.32200000000002,
    94.838,
    95.329,
    96.345,
    93.336,
    94.81,
    92.82500000000002,
    94.851,
    95.831,
    95.83399999999999,
    90.833,
    96.33600000000001,
    96.34800000000001,
    96.843,
    95.34,
    93.83300000000001,
    95.82900000000001,
    95.82000000000002,
    95.84,
    96.33500000000001,
    94.33200000000001,
    95.82999999999998,
    94.84,
    94.33600000000001,
    92.82899999999998,
    95.32300000000001,
    93.833,
    96.83399999999999,
    92.345,
    95.831,
    96.34100000000001,
    90.83000000000001,
    93.84,
    95.334,
    95.83700000000002,
    92.83500000000001,
    90.327,
    92.32000000000002,
    89.345,
    93.837,
    96.33600000000001,
    94.32700000000001,
    95.84599999999999,
    93.83600000000001,
    91.33300000000001,
    93.32300000000001,
    95.82300000000001,
    92.337,
    92.84,
    94.837,
    94.83999999999999,
    92.83200000000001,
    94.34,
    94.338,
    93.829,
    91.83600000000001,
    95.329,
    95.84,
    93.849,
    94.329,
    94.333,
    96.85,
    96.833,
    93.838,
    92.33500000000001,
    95.338,
    96.34600000000002,
    94.816,
    94.33099999999999,
    93.337,
    96.82900000000001,
    93.333,
    96.339,
    93.33000000000001,
    94.344,
    91.83400000000002,
    94.337,
    91.327,
    91.316,
    93.84100000000001,
    93.82700000000001,
    95.334,
    92.331,
    93.82300000000001,
    94.34300000000002,
    97.326,
    93.82600000000001,
    97.838,
    92.83399999999999,
    95.83099999999999,
    92.33900000000001,
    94.319,
    96.33099999999999,
    94.32,
    94.334,
    96.33,
    92.83000000000001,
    93.834,
    96.328,
    93.84400000000001,
    96.321,
    94.346,
    96.327,
    94.34,
    95.839,
    95.33500000000001,
    94.34,
    93.82600000000001,
    94.815,
    92.33200000000001,
    94.33100000000002,
    94.313,
    96.339,
    94.82199999999999,
    94.338,
    95.83600000000001,
    96.83699999999999,
    95.83400000000002,
    95.84100000000001,
    95.82400000000003,
    94.828,
    96.83900000000001,
    94.83000000000001,
    93.83600000000001,
    96.32400000000001,
    95.836,
    95.836,
    93.82700000000001,
    95.82800000000002,
    93.836,
    94.83100000000002,
    93.835,
    92.82900000000001,
    93.837,
    96.83700000000002,
    96.33500000000001,
    94.835,
    95.318,
    94.34400000000002,
    91.833,
    92.843,
    93.83600000000001,
    92.83800000000001,
    95.33000000000001,
    93.844,
    92.338,
    93.83,
    95.848,
    94.33500000000001,
    89.83200000000001,
    93.33500000000001,
    94.834,
    94.34100000000002,
    97.823,
    95.348,
    90.82300000000001,
    92.843,
    98.327,
    93.84700000000001,
    92.83099999999999,
    94.34400000000001,
    97.336,
    92.328,
    91.32600000000001,
    95.342,
    91.837,
    91.34400000000001,
    96.31700000000001,
    96.34,
    92.839,
    96.33800000000001,
    95.83500000000001,
    95.341,
    93.33700000000002,
    95.34500000000001,
    92.833,
    94.82500000000002,
    96.33800000000001,
    94.343,
    92.83200000000001,
    93.831,
    93.32900000000002,
    94.85000000000001,
    94.837,
    98.32300000000001,
    94.836,
    92.83200000000001,
    95.84400000000001,
    94.34100000000001,
    96.33400000000002,
    93.83800000000001,
    94.84100000000002,
    93.81600000000002,
    94.321,
    94.84,
    92.833,
    94.83,
    96.83600000000001,
    94.32700000000001,
    93.842,
    92.834,
    95.333,
    96.83500000000001,
    92.828,
    94.35000000000001,
    97.83200000000001,
    93.33600000000001,
    96.33000000000001,
    95.332,
    95.33500000000001,
    95.343,
    95.33500000000001,
    95.339,
    92.82300000000001,
    94.845,
    96.83700000000002,
    95.339,
    90.33100000000002,
    96.84900000000002,
    92.83300000000001,
    96.315,
    92.33200000000001,
    92.33000000000001,
    94.84,
    91.852,
    95.34100000000001,
    91.834,
    92.331,
    93.842,
    92.828,
    92.84,
    92.84200000000001,
    91.312,
    92.82499999999999,
    93.33900000000001,
    93.34100000000001,
    94.83500000000001,
    93.839,
    94.848,
    92.32799999999999,
    94.335,
    90.84,
    91.836,
    97.33000000000001,
    90.32199999999999,
    92.84400000000001,
    93.333,
    95.825,
    94.34400000000002,
    93.344,
    96.336,
    95.327,
    95.33800000000001,
    95.816,
    95.338,
    92.34100000000001,
    94.329,
    93.834,
    92.33400000000002,
    94.351,
    96.34200000000001,
    91.332,
    93.32000000000001,
    95.845,
    95.336,
    92.84100000000001,
    92.33500000000001,
    92.828,
    95.34200000000001,
    92.83000000000001,
    96.317,
    97.846,
    95.34900000000002,
    92.82899999999998,
    95.83400000000002,
    93.834,
    92.34600000000002,
    93.313,
    93.331,
    95.343,
    93.833,
    92.32300000000001,
    96.33500000000001,
    93.828,
    97.85499999999999,
    92.325,
    92.83400000000002,
    92.84400000000001,
    94.32400000000001,
    94.829,
    93.34299999999999,
    96.337,
    93.82300000000001,
    94.842,
    95.355,
    94.33200000000001,
    94.339,
    92.341,
    96.332,
    92.33500000000001,
    94.33,
    95.839,
    97.33900000000001,
    93.82700000000001,
    94.335,
    95.35400000000001,
    98.35100000000001,
    94.32499999999999,
    95.84299999999999,
    93.336,
    95.836,
    90.32700000000001,
