{
  "complexity": 2,
  "alpha": 0.2,
  "gamma": 0.95,
  "epsilon": 0.1,
  "extra_passages": 5,
  "avg_rewards": [
    -80.97599999999966,
    67.81899999999993,
    92.068,
    83.646,
    87.13599999999998,
    91.39700000000002,
    92.36499999999998,
    96.63500000000002,
    93.41600000000001,
    92.414,
    93.57500000000002,
    96.174,
    97.78,
    96.74900000000001,
    94.71200000000002,
    94.703,
    96.259,
    97.792,
    96.269,
    99.297,
    97.284,
    95.81099999999999,
    96.845,
    98.856,
    98.83800000000001,
    97.34400000000001,
    98.35900000000001,
    97.35299999999998,
    97.864,
    98.863,
    97.878,
    99.37899999999999,
    99.875,
    98.874,
    98.378,
    98.38,
    98.878,
    98.378,
    97.37899999999999,
    97.376,
    97.889,
    98.87899999999999,
    97.874,
    97.877,
    99.369,
    97.88499999999999,
    97.383,
    98.381,
    98.88000000000001,
    98.364,
    99.381,
    98.88499999999999,
    97.87899999999999,
    95.878,
    98.378,
    96.878,
    96.381,
    98.37899999999999,
    97.378,
    98.381,
    98.878,
    97.878,
    98.87,
    98.87899999999999,
    98.877,
    98.88399999999999,
    98.87899999999999,
    96.878,
    98.379,
    98.38499999999999,
    95.37899999999999,
    97.371,
    98.876,
    95.388,
    98.378,
    97.38399999999999,
    97.88499999999999,
    99.383,
    98.386,
    97.88399999999999,
    99.383,
    97.877,
    98.871,
    97.386,
    97.381,
    97.876,
    98.38000000000001,
    96.869,
    98.38199999999999,
    99.38499999999999,
    96.87899999999999,
    99.38,
    96.383,
    98.38399999999999,
    97.886,
    97.881,
    98.88199999999999,
    98.878,
    97.87899999999999,
    98.371,
    96.876,
    96.383,
    97.872,
    97.87500000000001,
    98.875,
    99.38199999999999,
    97.88499999999999,
    99.875,
    97.886,
    97.38,
    98.374,
    98.377,
    98.88199999999999,
    97.883,
    97.88,
    99.376,
    99.374,
    97.878,
    97.386,
    98.874,
    97.876,
    99.89,
    94.88399999999999,
    98.38199999999999,
    98.878,
    97.883,
    96.88199999999999,
    99.372,
    97.886,
    99.38199999999999,
    97.389,
    97.886,
    96.869,
    98.375,
    98.381,
    98.37899999999999,
    97.885,
    98.376,
    97.878,
    97.873,
    96.878,
    97.374,
    97.37899999999999,
    99.88199999999999,
    98.386,
    97.381,
    95.873,
    97.38,
    98.368,
    98.878,
    99.38199999999999,
    97.88399999999999,
    98.386,
    98.87899999999999,
    98.38199999999999,
    98.38399999999999,
    97.881,
    98.373,
    97.875,
    98.376,
    98.883,
    98.875,
    97.88,
    96.88399999999999,
    97.878,
    96.88000000000001,
    99.876,
    97.875,
    99.381,
    98.373,
    97.889,
    99.878,
    98.38399999999999,
    96.37899999999999,
    98.37899999999999,
    98.383,
    99.386,
    97.883,
    99.881,
    98.86600000000001,
    97.381,
    95.376,
    98.37899999999999,
    97.88499999999999,
    96.88199999999999,
    97.87899999999999,
    98.38199999999999,
    97.881,
    97.872,
    98.88399999999999,
    98.88,
    98.881,
    98.386,
    99.373,
    98.877,
    97.873,
    98.37100000000001,
    98.88199999999999,
    97.375,
    99.88199999999999,
    99.383,
    98.874,
    97.878,
    97.377,
    99.376,
    97.37899999999999,
    98.381,
    97.883,
    99.88,
    96.37899999999999,
    99.383,
    96.88399999999999,
    94.376,
    99.369,
    96.876,
    95.376,
    98.88499999999999,
    98.38199999999999,
    98.878,
    98.383,
    96.883,
    97.38499999999999,
    97.88699999999999,
    97.881,
    98.88499999999999,
    96.877,
    98.37699999999998,
    97.381,
    97.877,
    98.877,
    99.887,
    97.886,
    99.372,
    97.884,
    97.383,
    97.375,
    99.884,
    97.38399999999999,
    98.375,
    97.377,
    97.887,
    97.87899999999999,
    98.381,
    98.877,
    99.88199999999999,
    95.88499999999999,
    98.877,
    97.88199999999999,
    99.88199999999999,
    98.88199999999999,
    98.38399999999999,
    98.88,
    98.872,
    98.381,
    99.38399999999999,
    98.88199999999999,
    98.38199999999999,
    96.88199999999999,
    98.381,
    98.869,
    96.877,
    98.384,
    98.37899999999999,
    98.878,
    99.383,
    97.354,
    99.38199999999999,
    98.38199999999999,
    97.885,
    99.38,
    98.87899999999999,
    97.377,
    99.376,
    98.377,
    98.38399999999999,
    99.383,
    97.883,
    98.873,
    98.378,
    99.38,
    98.378,
    99.38,
    99.381,
    97.883,
    98.378,
    98.884,
    98.87899999999999,
    99.88199999999999,
    98.378,
    97.88399999999999,
    98.375,
    98.875,
    96.374,
    99.37899999999999,
    97.368,
    98.88499999999999,
    96.881,
    97.872,
    99.371,
    99.376,
    99.38199999999999,
    98.87899999999999,
    97.88399999999999,
    97.37899999999999,
    98.38199999999999,
    99.383,
    97.87899999999999,
    99.381,
    95.877,
    97.386,
    98.383,
    98.38199999999999,
    98.38499999999999,
    98.883,
    98.88399999999999,
    98.38,
    99.38199999999999,
    97.88,
    97.88199999999999,
    98.885,
    98.876,
    96.887,
    99.378,
    98.88499999999999,
    96.88199999999999,
    98.88699999999999,
    98.37899999999999,
    99.374,
    96.881,
    98.38499999999999,
    97.88699999999999,
    97.88,
    99.37899999999999,
    97.373,
    98.881,
    98.878,
    99.38499999999999,
    97.383,
    99.374,
    96.88,
    97.381,
    98.375,
    99.877,
    97.87899999999999,
    98.879,
    98.381,
    98.876,
    98.377,
    98.364,
    99.386,
    98.88199999999999,
    98.869,
    98.376,
    97.37899999999999,
    98.88399999999999,
    97.87,
    97.88,
    97.877,
    98.88300000000001,
    99.381,
    98.386,
    99.38399999999999,
    99.37899999999999,
    98.878,
    98.376,
    98.375,
    98.37800000000001,
    96.872,
    98.87899999999999,
    99.88499999999999,
    98.877,
    97.37899999999999,
    98.88199999999999,
    99.38199999999999,
    98.37899999999999,
    98.888,
    97.38,
    98.38399999999999,
    97.375,
    98.38,
    96.377,
    98.376,
    99.88000000000001,
    98.87899999999999,
    99.38399999999999,
    98.37899999999999,
    98.88199999999999,
    99.368,
    98.377,
    98.877,
    99.875,
    97.367,
    99.388,
    97.38199999999999,
    97.875,
    99.875,
    98.37899999999999,
    98.381,
    98.375,
    99.383,
    98.872,
    98.38399999999999,
    98.885,
    99.38499999999999,
    99.386,
    97.878,
    97.366,
    97.38699999999999,
    98.87299999999999,
    97.38199999999999,
    97.386,
    99.386,
    99.38199999999999,
    99.38199999999999,
    96.883,
    98.88399999999999,
    97.874,
    98.375,
    99.383,
    96.37899999999999,
    97.38399999999999,
    98.88399999999999,
    97.885,
    96.37,
    99.377,
    97.872,
    96.877,
    98.383,
    98.874,
    97.874,
    98.374,
    97.886,
    98.88,
    99.376,
    98.881,
    98.377,
    95.374,
    99.38,
    97.38399999999999,
    98.38699999999999,
    98.875,
    99.372,
    97.874,
    98.38,
    98.38,
    99.377,
    98.378,
    97.38399999999999,
    97.384,
    99.88399999999999,
    99.88399999999999,
    97.372,
    98.384,
    97.383,
    99.38199999999999,
    97.875,
    97.376,
    98.878,
    98.366,
    98.878,
    98.386,
    98.378,
    98.877,
    98.873,
    98.881,
    97.886,
    97.875,
    98.87899999999999,
    98.86999999999999,
    98.376,
    99.38499999999999,
    97.88399999999999,
    97.88399999999999,
    98.38199999999999,
    98.38499999999999,
    99.38499999999999,
    96.88399999999999,
    98.376,
    98.386,
    99.382,
    98.37,
    99.381,
    98.373,
    98.386,
    98.378,
    99.386,
    97.881,
    98.378,
    97.382,
    98.377,
    97.38699999999999,
    99.37899999999999,
    95.886,
    98.88,
    99.88199999999999,
    99.87899999999999,
    99.378,
    96.37500000000001,
    98.38,
    98.378
  ],