{
  "complexity": 4,
  "alpha": 0.3,
  "gamma": 0.95,
  "epsilon": 0.1,
  "extra_passages": 3,
  "avg_rewards": [
    -90.5829999999994,
    73.83499999999992,
    74.06899999999996,
    87.635,
    87.73799999999999,
    84.67099999999998,
    95.572,
    97.467,
    93.09400000000001,
    97.18800000000002,
    94.637,
    97.74300000000001,
    96.793,
    97.275,
    97.82700000000003,
    97.833,
    98.346,
    97.35100000000001,
    98.873,
    96.85900000000001,
    95.869,
    97.35900000000001,
    98.373,
    96.87199999999999,
    95.876,
    98.378,
    97.37199999999999,
    96.875,
    98.876,
    98.376,
    98.38,
    99.38699999999999,
    97.88499999999999,
    97.876,
    97.872,
    99.378,
    97.878,
    99.356,
    97.377,
    97.38199999999999,
    98.88199999999999,
    97.88199999999999,
    98.376,
    98.87899999999999,
    99.883,
    99.88199999999999,
    98.887,
    98.373,
    98.37899999999999,
    98.38399999999999,
    98.381,
    99.37499999999999,
    99.377,
    99.88,
    97.87899999999999,
    97.88,
    99.88,
    98.875,
    97.376,
    98.381,
    97.87899999999999,
    98.877,
    99.376,
    99.386,
    98.381,
    97.873,
    98.88799999999999,
    99.381,
    98.381,
    98.376,
    98.376,
    97.88199999999999,
    98.377,
    98.378,
    99.886,
    97.88799999999999,
    98.378,
    99.378,
    99.386,
    98.373,
    97.37899999999999,
    98.37899999999999,
    98.878,
    98.38399999999999,
    98.373,
    96.88199999999999,
    97.87899999999999,
    98.878,
    99.383,
    98.381,
    97.37899999999999,
    99.378,
    98.874,
    98.874,
    97.38,
    98.378,
    99.88699999999999,
    98.381,
    97.876,
    99.38499999999999,
    99.372,
    98.375,
    97.881,
    99.883,
    98.88399999999999,
    99.88499999999999,
    99.38199999999999,
    99.378,
    97.86999999999999,
    98.377,
    97.881,
    97.869,
    98.878,
    98.386,
    98.36800000000001,
    99.378,
    98.38,
    99.375,
    97.88199999999999,
    99.39,
    98.88199999999999,
    98.88199999999999,
    98.886,
    98.377,
    98.88199999999999,
    99.378,
    98.87899999999999,
    98.883,
    98.877,
    98.38399999999999,
    98.385,
    99.888,
    96.373,
    99.376,
    98.373,
    98.37899999999999,
    97.873,
    99.376,
    99.37899999999999,
    96.874,
    98.37899999999999,
    98.378,
    97.877,
    97.375,
    99.876,
    99.38199999999999,
    96.871,
    97.881,
    96.87,
    99.38199999999999,
    98.36800000000001,
    98.87899999999999,
    98.377,
    97.876,
    98.875,
    97.88199999999999,
    97.88,
    96.383,
    98.877,
    96.87899999999999,
    97.381,
    99.37700000000001,
    98.373,
    97.88499999999999,
    99.385,
    98.381,
    97.38399999999999,
    98.88199999999999,
    98.376,
    96.372,
    98.37899999999999,
    97.874,
    98.878,
    97.88,
    99.389,
    97.378,
    98.374,
    98.376,
    97.878,
    97.874,
    98.37899999999999,
    97.862,
    99.376,
    98.378,
    96.878,
    98.376,
    98.875,
    98.374,
    98.877,
    98.37899999999999,
    98.881,
    97.87899999999999,
    99.377,
    99.88,
    99.878,
    99.378,
    98.883,
    98.87,
    98.38499999999999,
    98.874,
    98.38199999999999,
    97.88799999999999,
    98.377,
    98.383,
    97.88,
    99.37899999999999,
    98.88199999999999,
    97.877,
    97.875,
    99.368,
    99.38199999999999,
    99.381,
    98.387,
    98.875,
    98.37899999999999,
    98.37899999999999,
    98.87899999999999,
    98.373,
    98.373,
    98.878,
    99.86600000000001,
    97.375,
    99.883,
    97.374,
    98.875,
    99.37899999999999,
    97.36999999999999,
    97.876,
    98.876,
    98.37,
    98.877,
    96.86800000000001,
    97.876,
    97.874,
    99.378,
    98.88199999999999,
    98.878,
    98.381,
    98.383,
    99.38,
    98.377,
    98.38399999999999,
    98.886,
    98.383,
    99.376,
    97.382,
    98.87199999999999,
    99.378,
    99.377,
    97.88199999999999,
    98.88,
    98.381,
    97.88399999999999,
    97.37199999999999,
    98.87899999999999,
    97.877,
    97.374,
    98.88199999999999,
    98.877,
    97.88399999999999,
    98.38,
    99.378,
    98.372,
    98.376,
    99.372,
    97.869,
    99.38399999999999,
    97.864,
    99.37,
    98.87899999999999,
    97.877,
    97.352,
    98.88000000000001,
    97.378,
    97.87899999999999,
    95.882,
    98.38,
    98.376,
    97.869,
    99.88,
    99.383,
    97.88399999999999,
    97.883,
    99.383,
    99.378,
    98.881,
    98.37299999999999,
    98.874,
    98.378,
    97.88000000000001,
    97.88799999999999,
    97.38,
    96.87,
    98.885,
    97.881,
    99.88,
    98.88199999999999,
    98.87899999999999,
    97.376,
    98.881,
    98.883,
    99.38199999999999,
    98.86800000000001,
    98.88199999999999,
    97.384,
    96.882,
    96.372,
    97.875,
    97.883,
    99.383,
    97.372,
    99.377,
    97.37899999999999,
    97.878,
    97.883,
    97.88199999999999,
    97.88799999999999,
    99.377,
    98.381,
    98.875,
    96.87899999999999,
    99.377,
    97.88,
    98.871,
    99.383,
    97.378,
    98.875,
    98.881,
    99.38,
    99.387,
    99.381,
    98.372,
    98.876,
    98.873,
    97.37899999999999,
    99.381,
    99.36600000000001,
    97.878,
    98.381,
    96.88,
    98.38199999999999,
    97.875,
    98.88499999999999,
    97.87899999999999,
    98.38199999999999,
    98.37899999999999,
    98.38,
    98.88,
    97.374,
    98.876,
    96.878,
    99.378,
    98.877,
    98.877,
    98.37599999999999,
    98.88,
    98.874,
    97.87299999999999,
    98.87699999999998,
    97.87199999999999,
    97.378,
    97.38399999999999,
    98.382,
    99.384,
    98.884,
    97.867,
    97.38499999999999,
    97.377,
    99.37899999999999,
    97.886,
    98.88199999999999,
    99.38,
    96.886,
    96.872,
    98.375,
    96.874,
    97.88199999999999,
    99.378,
    96.88199999999999,
    99.883,
    98.881,
    98.87899999999999,
    98.886,
    98.881,
    98.38399999999999,
    99.378,
    98.88399999999999,
    99.38699999999999,
    99.376,
    98.38,
    98.383,
    98.383,
    98.877,
    98.883,
    99.381,
    98.886,
    99.878,
    97.878,
    96.367,
    94.88199999999999,
    98.88499999999999,
    97.88,
    99.88000000000001,
    98.37899999999999,
    97.881,
    97.884,
    97.883,
    97.878,
    98.386,
    98.38,
    97.876,
    98.378,
    98.88,
    98.874,
    98.37499999999999,
    99.874,
    97.88,
    98.377,
    97.381,
    98.388,
    97.88199999999999,
    98.372,
    98.877,
    98.37899999999999,
    98.886,
    99.378,
    98.876,
    97.886,
    99.38199999999999,
    98.38699999999999,
    99.37899999999999,
    97.881,
    98.88199999999999,
    98.88199999999999,
    97.881,
    98.375,
    97.885,
    98.887,
    98.36800000000001,
    98.87899999999999,
    97.376,
    99.381,
    98.874,
    97.381,
    97.877,
    97.375,
    99.378,
    96.88199999999999,
    98.381,
    98.36399999999999,
    98.877,
    97.87199999999999,
    98.883,
    97.383,
    98.37100000000001,
    97.878,
    98.37,
    97.88300000000001,
    98.381,
    98.373,
    99.87899999999999,
    98.883,
    98.38699999999999,
    98.885,
    97.88399999999999,
    97.88399999999999,
    98.88199999999999,
    99.87899999999999,
    97.87,
    98.88399999999999,
    98.37899999999999,
    99.38499999999999,
    99.38399999999999,
    98.87899999999999,
    96.881,
    99.375,
    95.373,
    98.88199999999999,
    96.875,
    98.381,
    98.37899999999999,
    98.38499999999999,
    99.37100000000001,
    99.382,
    97.875,
    97.886,
    99.38199999999999,
    96.881,
    98.38000000000001,
    96.886,
    98.876,
    98.88199999999999,
    96.381,
    98.881,
    98.378,
    99.374,
    98.38399999999999,
    97.881,
    99.37,
    96.38499999999999
  ],