{
  "complexity": 6,
  "alpha": 0.1,
  "gamma": 0.9,
  "epsilon": 0.3,
  "extra_passages": 1,
  "avg_rewards": [
    -140.6769999999992,
    -28.242999999999732,
    -17.45299999999994,
    47.25799999999991,
    29.367999999999945,
    66.12899999999999,
    50.35999999999994,
    55.63699999999993,
    63.27399999999993,
    75.946,
    68.31999999999995,
    78.99500000000002,
    75.452,
    69.87699999999995,
    81.148,
    86.046,
    84.55199999999998,
    81.59499999999998,
    80.54899999999999,
    82.11599999999999,
    90.75400000000002,
    85.726,
    87.671,
    84.74799999999999,
    93.74099999999999,
    90.811,
    85.75,
    87.84200000000001,
    89.29299999999999,
    91.82700000000001,
    91.309,
    89.32600000000001,
    87.84,
    94.355,
    94.32900000000001,
    91.82000000000001,
    93.841,
    91.83399999999999,
    90.297,
    92.331,
    97.83700000000002,
    91.352,
    87.732,
    92.341,
    90.854,
    93.34599999999999,
    92.84700000000001,
    87.792,
    93.34400000000001,
    94.34,
    91.831,
    93.321,
    90.835,
    92.33400000000002,
    94.341,
    92.34200000000001,
    96.343,
    93.345,
    90.84100000000001,
    91.339,
    94.352,
    89.33900000000001,
    94.34700000000001,
    96.357,
    91.34100000000001,
    88.275,
    89.843,
    92.84,
    95.34700000000001,
    91.841,
    91.838,
    88.83500000000001,
    87.832,
    89.83500000000001,
    95.33699999999999,
    86.346,
    92.846,
    90.82500000000002,
    93.35999999999999,
    92.341,
    92.34700000000001,
    91.35100000000001,
    93.84800000000001,
    93.34599999999999,
    94.343,
    90.84400000000001,
    94.829,
    93.34900000000002,
    92.83099999999999,
    93.32800000000002,
    90.833,
    95.337,
    90.34,
    92.85300000000001,
    88.827,
    92.35,
    93.84700000000001,
    93.345,
    90.33899999999998,
    92.83200000000001,
    94.328,
    91.84400000000001,
    92.363,
    91.85999999999999,
    91.346,
    93.337,
    90.346,
    89.346,
    88.35500000000002,
    90.85499999999999,
    94.86600000000001,
    95.34,
    87.84899999999999,
    95.86599999999999,
    90.351,
    88.83500000000001,
    90.35,
    96.35099999999998,
    87.852,
    92.338,
    93.32300000000001,
    90.83900000000001,
    94.86,
    89.825,
    90.82900000000001,
    94.85300000000001,
    95.829,
    91.843,
    92.849,
    93.32700000000001,
    87.846,
    94.852,
    93.821,
    94.86,
    91.34700000000001,
    91.343,
    95.85400000000001,
    93.85799999999999,
    93.34,
    92.84299999999999,
    90.33800000000001,
    89.324,
    95.85,
    92.333,
    91.316,
    91.313,
    92.851,
    91.83400000000002,
    91.83099999999999,
    90.85900000000001,
    91.352,
    91.359,
    96.311,
    91.861,
    90.346,
    92.34700000000001,
    88.84,
    93.345,
    93.333,
    95.84700000000001,
    96.85,
    88.84100000000001,
    87.853,
    93.845,
    93.32900000000001,
    94.839,
    87.81299999999999,
    89.843,
    90.82300000000001,
    86.83300000000001,
    89.332,
    91.30000000000001,
    91.32900000000001,
    91.846,
    93.35,
    93.35,
    90.343,
    94.841,
    93.85500000000002,
    90.83500000000001,
    94.348,
    93.851,
    91.342,
    92.84400000000001,
    93.33000000000001,
    90.85000000000001,
    88.34,
    96.829,
    90.836,
    92.85099999999998,
    90.325,
    85.837,
    95.856,
    96.368,
    89.843,
    93.84599999999999,
    94.348,
    92.83500000000001,
    91.828,
    89.836,
    93.34400000000001,
    91.84700000000001,
    94.35799999999999,
    93.33599999999998,
    90.833,
    93.83500000000001,
    93.33500000000001,
    94.856,
    88.342,
    92.34700000000001,
    90.343,
    91.34600000000002,
    90.83300000000001,
    93.35999999999999,
    94.327,
    88.81700000000001,
    94.343,
    88.853,
    94.365,
    95.34700000000001,
    93.84700000000001,
    84.841,
    96.348,
    94.351,
    94.355,
    91.35,
    88.347,
    92.339,
    93.34299999999999,
    91.83,
    93.34400000000001,
    92.326,
    91.331,
    89.341,
    92.338,
    89.33599999999998,
    93.841,
    92.33500000000001,
    92.32800000000002,
    92.834,
    93.836,
    92.82499999999999,
    90.83600000000001,
    89.837,
    90.85000000000001,
    87.83300000000001,
    92.34299999999999,
    92.833,
    90.35,
    91.83,
    89.34299999999999,
    90.345,
    90.334,
    92.351,
    89.849,
    92.352,
    91.34599999999999,
    92.364,
    90.355,
    91.84800000000001,
    97.357,
    93.34700000000001,
    88.839,
    93.842,
    92.311,
    95.34700000000001,
    90.34899999999999,
    95.83099999999999,
    93.855,
    90.847,
    93.346,
    91.32600000000001,
    87.307,
    90.32700000000003,
    93.854,
    93.84500000000001,
    94.84100000000001,
    90.345,
    95.87,
    91.84,
    91.34400000000001,
    91.31700000000001,
    90.356,
    94.85500000000002,
    90.85400000000001,
    88.31,
    94.328,
    94.828,
    85.814,
    94.857,
    91.83700000000002,
    94.839,
    89.338,
    89.84,
    90.34800000000001,
    87.84200000000001,
    90.863,
    92.34799999999998,
    95.361,
    89.846,
    95.36,
    90.35499999999999,
    92.857,
    91.84400000000001,
    89.33999999999999,
    91.34600000000002,
    87.328,
    90.84100000000001,
    87.33300000000001,
    90.851,
    88.821,
    94.852,
    90.334,
    88.328,
    93.34400000000001,
    93.851,
    93.846,
    94.365,
    93.828,
    91.36500000000001,
    90.83900000000001,
    93.85700000000001,
    95.35600000000001,
    90.831,
    96.352,
    94.343,
    93.858,
    92.84700000000001,
    90.832,
    91.346,
    92.34700000000001,
    91.33,
    90.358,
    93.34700000000001,
    92.826,
    89.34599999999999,
    92.345,
    92.366,
    92.83900000000001,
    91.345,
    96.338,
    89.834,
    91.357,
    91.848,
    93.834,
    93.82400000000001,
    92.34400000000001,
    93.346,
    91.35,
    96.356,
    92.82199999999999,
    91.328,
    93.356,
    94.84200000000001,
    91.35,
    93.331,
    93.83800000000001,
    87.33500000000001,
    92.83200000000001,
    92.854,
    89.849,
    96.85499999999999,
    91.83900000000001,
    94.33500000000001,
    91.33099999999999,
    91.84700000000001,
    91.329,
    94.84100000000001,
    93.84800000000001,
    94.32499999999999,
    94.85600000000001,
    87.846,
    96.32700000000003,
    90.819,
    94.85100000000003,
    93.845,
    93.851,
    93.846,
    91.33000000000001,
    92.852,
    93.86200000000001,
    91.33700000000002,
    95.342,
    95.857,
    90.34799999999998,
    94.36,
    93.343,
    90.83500000000001,
    92.351,
    92.352,
    94.84900000000002,
    94.861,
    93.837,
    96.853,
    90.33099999999999,
    86.33500000000001,
    93.328,
    95.357,
    88.337,
    88.85000000000001,
    91.79899999999999,
    91.335,
    91.33000000000001,
    90.85300000000001,
    92.83099999999999,
    93.83600000000001,
    90.83200000000002,
    94.358,
    93.34200000000001,
    92.331,
    90.83800000000001,
    91.35400000000001,
    93.348,
    89.844,
    90.334,
    92.838,
    89.853,
    96.352,
    94.34400000000002,
    89.863,
    92.836,
    95.35100000000001,
    94.33500000000001,
    93.34600000000002,
    89.32000000000001,
    93.838,
    92.32300000000001,
    93.844,
    90.32000000000002,
    91.86,
    91.34300000000002,
    94.833,
    86.825,
    95.35999999999999,
    91.833,
    94.83900000000001,
    92.83800000000001,
    91.34400000000001,
    91.34899999999999,
    93.358,
    93.84400000000001,
    95.84,
    92.85900000000001,
    94.362,
    92.84,
    90.84100000000001,
    92.84599999999999,
    92.34700000000001,
    91.85600000000001,
    92.348,
    91.83400000000002,
    90.35600000000001,
    89.837,
    94.852,
    90.35100000000001,
    90.857,
    91.85600000000001,
    93.35200000000002,
    89.355,
    90.828,
    92.83800000000001,
    91.84799999999998,
    95.833,
