{
  "complexity": 7,
  "alpha": 0.2,
  "gamma": 0.85,
  "epsilon": 0.1,
  "extra_passages": 0,
  "avg_rewards": [
    -85.23599999999962,
    42.07499999999995,
    60.506000000000014,
    74.73899999999998,
    77.64,
    81.44899999999998,
    86.139,
    88.296,
    85.37100000000001,
    89.454,
    93.06299999999999,
    94.994,
    95.131,
    93.132,
    97.179,
    93.23499999999999,
    96.728,
    96.743,
    97.82199999999999,
    98.79499999999999,
    98.29499999999999,
    98.777,
    99.28,
    95.816,
    98.825,
    97.865,
    95.85000000000001,
    98.845,
    97.82500000000002,
    98.369,
    97.86800000000001,
    97.858,
    99.36200000000001,
    96.33500000000001,
    98.367,
    98.352,
    99.84,
    99.364,
    97.864,
    98.35400000000001,
    97.36800000000001,
    98.85900000000001,
    98.857,
    97.85900000000001,
    99.36200000000001,
    96.87,
    98.865,
    98.364,
    95.861,
    96.37,
    97.35900000000001,
    99.36800000000001,
    96.85799999999999,
    98.87100000000001,
    98.361,
    96.85600000000001,
    97.869,
    95.848,
    97.841,
    96.357,
    96.86699999999999,
    97.36600000000001,
    96.86600000000001,
    97.86600000000001,
    97.86300000000001,
    98.86300000000001,
    97.36000000000001,
    96.364,
    97.85700000000001,
    98.869,
    94.804,
    97.36100000000002,
    97.364,
    95.36600000000001,
    98.361,
    96.362,
    98.35600000000001,
    97.86800000000001,
    99.363,
    97.866,
    97.86500000000001,
    98.36200000000001,
    96.869,
    98.87,
    96.86800000000001,
    96.363,
    99.36200000000001,
    97.862,
    95.367,
    97.861,
    97.86300000000001,
    97.36300000000001,
    98.356,
    98.36500000000001,
    96.85999999999999,
    98.369,
    96.861,
    98.862,
    96.86,
    96.864,
    95.82300000000001,
    98.362,
    96.857,
    98.364,
    96.864,
    97.86600000000001,
    97.864,
    96.36300000000001,
    96.855,
    96.355,
    95.86500000000001,
    99.35900000000001,
    97.365,
    98.361,
    98.36200000000001,
    97.358,
    98.37,
    98.367,
    97.36500000000001,
    97.858,
    98.87100000000001,
    97.85600000000001,
    97.85300000000001,
    96.864,
    98.83500000000001,
    98.35900000000001,
    99.852,
    98.36600000000001,
    97.86200000000001,
    96.36800000000001,
    98.36300000000001,
    96.87100000000001,
    98.86600000000001,
    95.352,
    98.34400000000001,
    95.864,
    97.353,
    95.85600000000001,
    96.355,
    96.86500000000001,
    95.36500000000001,
    97.864,
    97.36600000000001,
    98.36100000000002,
    98.365,
    97.86100000000002,
    96.86300000000001,
    97.86,
    96.85800000000002,
    98.359,
    97.36600000000001,
    94.85399999999998,
    97.864,
    96.864,
    96.357,
    95.36500000000001,
    99.36200000000001,
    96.36200000000001,
    97.356,
    97.862,
    97.36100000000002,
    98.36500000000001,
    95.86500000000001,
    99.366,
    96.365,
    98.36099999999999,
    96.862,
    97.859,
    98.367,
    97.86600000000001,
    97.36800000000001,
    99.35799999999999,
    97.36600000000001,
    96.857,
    98.365,
    97.85999999999999,
    95.356,
    97.864,
    95.862,
    97.365,
    97.35999999999999,
    97.86800000000001,
    97.357,
    95.362,
    98.867,
    92.863,
    98.36800000000001,
    98.35600000000002,
    97.86600000000001,
    98.86600000000001,
    98.358,
    99.36800000000001,
    97.86200000000001,
    97.86999999999999,
    97.364,
    98.865,
    99.363,
    98.864,
    95.867,
    97.86800000000001,
    98.362,
    97.35900000000001,
    97.36100000000002,
    97.85799999999999,
    98.36100000000002,
    97.36600000000001,
    97.862,
    97.36000000000001,
    97.357,
    98.86300000000001,
    96.86100000000002,
    97.86099999999999,
    98.86,
    95.86100000000002,
    97.367,
    98.362,
    93.364,
    98.36,
    98.35000000000001,
    97.85900000000001,
    99.36600000000001,
    98.85900000000001,
    97.367,
    97.85700000000001,
    95.86,
    97.851,
    98.867,
    98.85500000000002,
    98.367,
    97.863,
    98.362,
    98.362,
    98.857,
    97.869,
    98.365,
    98.858,
    96.87,
    98.86,
    99.36600000000001,
    96.36800000000001,
    97.36300000000001,
    98.36500000000001,
    97.863,
    97.35600000000001,
    96.861,
    99.35100000000001,
    99.37,
    96.367,
    97.861,
    99.37100000000001,
    97.365,
    97.862,
    96.867,
    97.37100000000001,
    95.355,
    97.865,
    96.862,
    98.36800000000001,
    98.36500000000001,
    97.361,
    98.367,
    98.863,
    96.864,
    96.86500000000001,
    98.369,
    96.36300000000001,
    94.36200000000001,
    99.85900000000001,
    99.368,
    96.364,
    97.86300000000001,
    95.863,
    97.369,
    96.357,
    98.857,
    97.35900000000001,
    97.86,
    98.36600000000001,
    98.867,
    97.864,
    99.366,
    98.867,
    96.86800000000001,
    97.352,
    97.863,
    99.866,
    98.861,
    97.364,
    97.861,
    99.36000000000001,
    98.85300000000001,
    99.367,
    98.867,
    97.367,
    98.35900000000001,
    97.36200000000001,
    98.86,
    95.857,
    98.36300000000001,
    96.86300000000001,
    98.85900000000001,
    96.362,
    97.861,
    97.86200000000001,
    97.36,
    95.855,
    97.867,
    98.86300000000001,
    95.86500000000001,
    98.865,
    98.367,
    97.86800000000001,
    96.865,
    97.857,
    97.86300000000001,
    96.849,
    97.35300000000001,
    96.36500000000001,
    98.862,
    97.851,
    96.35600000000001,
    99.371,
    98.367,
    96.85400000000001,
    98.367,
    96.861,
    98.364,
    99.367,
    97.364,
    98.862,
    97.35600000000001,
    95.36,
    98.87,
    98.364,
    97.364,
    96.85000000000001,
    98.362,
    94.359,
    99.36000000000001,
    95.874,
    97.363,
    97.367,
    98.369,
    98.352,
    97.86800000000001,
    97.857,
    97.35799999999999,
    99.869,
    97.872,
    97.36100000000002,
    97.363,
    95.86000000000001,
    98.35900000000001,
    96.86300000000001,
    97.355,
    97.362,
    98.35900000000001,
    97.367,
    97.36300000000001,
    99.864,
    98.85600000000001,
    98.86500000000001,
    98.353,
    96.857,
    98.362,
    96.863,
    96.85600000000001,
    95.86100000000002,
    98.352,
    96.36300000000001,
    98.362,
    96.36500000000001,
    99.36800000000001,
    99.37100000000001,
    99.86999999999999,
    97.856,
    96.35,
    97.869,
    97.86800000000001,
    96.86500000000001,
    98.358,
    97.373,
    97.357,
    96.86,
    96.86800000000001,
    97.369,
    98.369,
    97.364,
    99.357,
    98.857,
    99.862,
    96.363,
    98.36800000000001,
    96.36600000000001,
    97.864,
    97.367,
    98.86500000000001,
    97.862,
    96.369,
    95.85499999999999,
    97.85900000000001,
    98.864,
    98.36,
    98.368,
    97.369,
    97.366,
    98.36600000000001,
    97.85600000000002,
    97.851,
    99.359,
    98.869,
    97.369,
    97.858,
    95.85600000000002,
    98.864,
    95.355,
    97.361,
    96.364,
    96.858,
    98.35700000000001,
    97.36099999999999,
    97.36500000000001,
    97.858,
    96.87100000000001,
    96.36200000000001,
    99.872,
    97.86800000000001,
    97.861,
    97.869,
    98.857,
    98.361,
    98.363,
    97.864,
    97.362,
    98.85500000000002,
    98.86500000000001,
    97.867,
    97.86300000000001,
    98.363,
    96.863,
    97.36000000000001,
    97.86800000000001,
    97.367,
    96.35900000000001,
    98.366,
    97.357,
    94.857,
    98.86300000000001,
    97.35600000000001,
    96.35900000000001,
    98.364,
    96.867,
    97.35900000000001,
    97.85600000000001,
    97.86300000000001,
    96.864,
    97.36500000000001,
    98.86600000000001,
    97.85999999999999,
    97.85600000000002,
    98.86,
    98.361,
    95.87100000000001,
    95.867,
    97.367,
    98.365,
    98.36200000000001,
    99.36800000000001,
    98.35800000000002,
    97.36800000000001,
    98.857,
