{
  "complexity": 7,
  "alpha": 0.1,
  "gamma": 0.95,
  "epsilon": 0.2,
  "extra_passages": 0,
  "avg_rewards": [
    -114.51099999999944,
    7.830999999999835,
    38.63899999999988,
    58.630999999999986,
    63.347000000000016,
    77.243,
    69.13299999999992,
    77.888,
    85.91199999999999,
    81.431,
    79.012,
    88.04500000000002,
    88.61699999999999,
    80.01199999999999,
    91.644,
    87.12100000000001,
    86.623,
    88.283,
    93.20500000000001,
    93.76200000000001,
    94.78900000000002,
    92.27,
    88.714,
    94.28800000000001,
    92.326,
    95.332,
    93.336,
    93.318,
    91.795,
    93.355,
    94.34700000000001,
    96.368,
    92.818,
    97.359,
    95.363,
    97.866,
    93.34900000000002,
    94.844,
    92.37299999999999,
    95.85999999999999,
    95.857,
    94.85600000000002,
    94.35100000000001,
    96.37499999999999,
    97.36600000000001,
    96.369,
    98.362,
    96.362,
    98.377,
    96.374,
    95.362,
    97.374,
    94.84900000000002,
    97.362,
    96.86300000000001,
    97.86600000000001,
    96.869,
    95.37,
    93.35600000000001,
    92.366,
    95.848,
    97.362,
    95.355,
    95.873,
    95.868,
    96.37,
    93.855,
    95.367,
    95.364,
    96.85,
    96.852,
    93.863,
    93.36099999999999,
    94.35100000000001,
    93.86500000000001,
    96.869,
    96.368,
    96.368,
    97.36,
    96.36100000000002,
    96.869,
    96.35900000000001,
    95.857,
    92.866,
    95.365,
    93.86800000000001,
    96.858,
    95.367,
    96.862,
    94.862,
    94.358,
    94.362,
    96.36300000000001,
    94.86,
    96.85900000000001,
    97.364,
    93.35100000000001,
    95.356,
    96.371,
    97.364,
    96.371,
    92.86699999999999,
    97.361,
    93.366,
    96.859,
    93.36,
    93.857,
    97.374,
    96.872,
    96.867,
    92.84,
    92.36,
    93.86600000000001,
    92.86200000000001,
    94.86399999999999,
    94.362,
    95.353,
    96.86300000000001,
    96.84700000000001,
    96.372,
    94.352,
    96.374,
    95.369,
    93.874,
    93.848,
    95.869,
    96.362,
    95.34700000000001,
    97.377,
    97.35600000000001,
    92.85400000000001,
    97.862,
    93.369,
    96.86,
    94.855,
    96.875,
    94.37199999999999,
    95.85900000000001,
    93.369,
    94.36100000000002,
    95.363,
    96.869,
    94.37299999999999,
    95.865,
    92.32900000000001,
    96.36600000000001,
    95.866,
    96.34,
    95.35999999999999,
    97.86200000000001,
    95.34599999999999,
    96.36100000000002,
    95.357,
    92.871,
    91.868,
    96.36800000000001,
    96.36600000000001,
    95.364,
    95.868,
    94.869,
    94.361,
    95.85999999999999,
    97.33599999999998,
    94.366,
    94.873,
    95.35400000000001,
    93.869,
    97.361,
    91.855,
    92.846,
    95.86200000000001,
    95.84900000000002,
    97.363,
    92.86300000000001,
    97.35800000000002,
    96.365,
    96.86299999999999,
    96.357,
    96.86500000000001,
    95.863,
    95.85900000000001,
    94.366,
    96.348,
    96.357,
    95.83800000000001,
    93.36200000000001,
    95.35400000000001,
    98.36000000000001,
    97.362,
    95.373,
    91.356,
    95.85000000000001,
    94.35800000000002,
    94.366,
    95.36800000000001,
    94.86800000000001,
    94.36,
    95.35999999999999,
    95.35900000000001,
    96.85900000000001,
    98.367,
    94.363,
    96.861,
    95.372,
    94.365,
    93.86,
    96.34200000000001,
    94.84,
    94.372,
    97.864,
    97.36999999999999,
    94.357,
    95.849,
    96.87,
    94.35100000000001,
    95.374,
    93.36600000000001,
    90.85400000000001,
    96.857,
    94.85199999999999,
    95.35799999999999,
    92.86300000000001,
    97.858,
    93.84899999999999,
    96.857,
    95.871,
    96.34700000000001,
    96.356,
    96.356,
    95.351,
    96.36200000000001,
    93.35300000000001,
    92.361,
    92.87100000000001,
    94.846,
    94.361,
    96.36699999999999,
    95.86,
    91.855,
    95.84500000000001,
    94.861,
    97.87,
    95.36300000000001,
    93.86999999999999,
    93.35600000000001,
    94.36,
    90.86800000000001,
    97.86300000000001,
    97.359,
    93.36200000000001,
    97.86500000000001,
    93.85300000000001,
    97.376,
    95.85900000000001,
    96.358,
    94.35600000000001,
    95.85400000000001,
    94.373,
    97.87,
    95.857,
    96.87100000000001,
    95.35600000000001,
    95.36800000000001,
    96.36800000000001,
    94.35400000000001,
    96.36099999999999,
    95.866,
    95.365,
    95.869,
    95.852,
    96.375,
    97.369,
    93.87100000000001,
    95.35100000000001,
    95.364,
    95.35400000000001,
    95.353,
    94.856,
    95.35999999999999,
    96.862,
    96.36100000000002,
    93.85600000000001,
    91.86,
    94.855,
    92.854,
    94.36699999999999,
    95.37,
    94.363,
    94.86100000000002,
    95.869,
    95.37199999999999,
    94.36800000000001,
    94.36600000000001,
    94.862,
    94.861,
    95.362,
    93.349,
    96.37,
    94.861,
    93.373,
    97.365,
    96.85800000000002,
    94.34100000000002,
    94.875,
    96.869,
    94.364,
    96.865,
    95.875,
    96.86999999999999,
    96.867,
    94.352,
    94.874,
    96.857,
    92.35900000000001,
    94.85600000000002,
    95.355,
    95.869,
    93.366,
    94.352,
    98.355,
    96.36600000000001,
    92.362,
    98.37,
    94.374,
    96.35900000000001,
    94.864,
    97.857,
    96.87,
    97.86999999999999,
    95.85799999999999,
    97.865,
    92.87100000000001,
    96.369,
    95.35800000000002,
    94.84900000000002,
    96.362,
    97.371,
    97.368,
    95.85400000000001,
    97.869,
    97.86200000000001,
    93.869,
    96.876,
    97.363,
    94.35499999999999,
    95.86300000000001,
    93.851,
    96.35200000000002,
    93.361,
    96.375,
    94.868,
    97.365,
    97.355,
    92.358,
    94.861,
    93.869,
    90.35799999999999,
    97.35600000000001,
    95.848,
    94.357,
    93.361,
    95.865,
    97.36200000000001,
    98.35900000000001,
    95.361,
    94.357,
    96.873,
    94.35499999999999,
    96.35799999999999,
    97.357,
    98.35600000000001,
    96.37,
    97.866,
    94.361,
    93.354,
    96.37,
    94.35999999999999,
    95.863,
    91.857,
    95.36699999999999,
    95.866,
    97.361,
    93.85000000000001,
    96.367,
    96.364,
    96.864,
    95.34900000000002,
    94.86200000000001,
    96.35400000000001,
    93.85900000000001,
    95.869,
    96.361,
    95.37,
    94.869,
    95.376,
    96.355,
    95.87299999999999,
    96.864,
    93.362,
    94.35100000000001,
    97.374,
    97.34299999999999,
    97.361,
    97.875,
    93.365,
    94.36300000000001,
    97.36800000000001,
    95.854,
    97.357,
    95.364,
    95.85900000000001,
    93.369,
    92.86,
    94.872,
    96.849,
    94.85900000000001,
    95.355,
    95.87,
    95.85600000000001,
    97.35900000000001,
    92.86100000000002,
    91.858,
    92.35300000000001,
    95.364,
    94.855,
    93.86699999999999,
    96.368,
    94.364,
    95.86800000000001,
    95.86,
    92.867,
    98.366,
    95.865,
    94.86000000000001,
    92.862,
    96.36800000000001,
    95.356,
    97.868,
    95.87,
    96.373,
    98.35300000000002,
    96.352,
    96.866,
    96.865,
    97.87,
    96.37199999999999,
    95.86699999999999,
    94.361,
    93.864,
    93.85600000000001,
    97.366,
    92.86000000000001,
    95.86600000000001,
    96.85300000000001,
    95.85900000000001,
    96.35400000000001,
    97.86699999999999,
    95.36600000000001,
    94.867,
    96.35799999999999,
    96.35600000000002,
    96.86999999999999,
    96.855,
    94.37100000000001,
    97.861,
    94.871,
    95.86299999999999,
    96.865,
    93.86699999999999,
    95.86000000000001,
    96.357,
    97.35600000000002,
    92.86100000000002,
    94.86800000000001,
    94.878,
    96.36100000000002,
    96.864,
    97.864,
    97.868,
    95.36300000000001,
    93.372,
    94.35000000000001,
    93.863,
