{
  "complexity": 7,
  "alpha": 0.3,
  "gamma": 0.95,
  "epsilon": 0.1,
  "extra_passages": 0,
  "avg_rewards": [
    -79.1159999999998,
    42.719999999999786,
    63.9009999999999,
    80.725,
    91.623,
    85.68599999999998,
    90.84299999999999,
    92.47400000000002,
    94.63200000000002,
    93.56500000000001,
    95.22800000000001,
    94.64,
    98.80499999999999,
    92.26399999999998,
    97.848,
    96.25399999999999,
    97.825,
    98.337,
    97.35199999999999,
    98.359,
    97.86300000000001,
    96.861,
    97.367,
    96.365,
    96.84700000000001,
    95.35700000000001,
    96.863,
    96.84700000000001,
    96.85000000000001,
    98.86,
    96.858,
    96.36699999999999,
    96.361,
    96.36699999999999,
    97.367,
    98.86600000000001,
    97.855,
    97.87100000000001,
    98.86000000000001,
    96.355,
    97.36500000000001,
    98.355,
    98.86600000000001,
    97.864,
    98.35999999999999,
    96.29799999999999,
    97.85,
    99.864,
    97.36500000000001,
    99.363,
    96.86200000000001,
    95.867,
    98.358,
    96.85600000000001,
    96.849,
    98.36600000000001,
    97.35600000000001,
    97.36200000000001,
    97.36800000000001,
    96.365,
    97.85400000000001,
    98.85399999999998,
    96.85900000000001,
    97.867,
    98.858,
    96.36800000000001,
    97.868,
    98.35100000000001,
    97.867,
    96.35600000000002,
    97.867,
    97.855,
    96.86300000000001,
    97.358,
    95.864,
    96.861,
    99.369,
    98.36300000000001,
    98.862,
    96.86099999999999,
    97.863,
    98.856,
    95.86100000000002,
    98.862,
    96.35600000000001,
    97.36500000000001,
    98.36100000000002,
    98.364,
    96.867,
    99.35900000000001,
    99.36,
    96.84700000000001,
    97.87100000000001,
    98.369,
    98.85900000000001,
    96.853,
    98.36600000000001,
    96.355,
    97.357,
    97.861,
    96.35900000000001,
    98.86800000000001,
    98.36,
    97.36200000000001,
    99.86600000000001,
    96.36300000000001,
    99.352,
    96.362,
    98.35400000000001,
    97.36600000000001,
    96.355,
    98.85999999999999,
    97.87100000000001,
    96.35600000000001,
    98.357,
    98.35499999999999,
    98.86600000000001,
    97.863,
    98.87,
    99.36000000000001,
    96.858,
    95.86800000000001,
    98.869,
    95.85900000000001,
    99.37,
    97.85900000000001,
    96.865,
    98.364,
    95.867,
    97.863,
    97.369,
    98.358,
    98.358,
    96.35900000000001,
    97.364,
    99.362,
    98.864,
    94.86200000000001,
    98.36600000000001,
    98.36500000000001,
    99.362,
    96.864,
    97.35900000000001,
    98.87100000000001,
    99.358,
    94.369,
    97.35600000000002,
    98.358,
    97.36600000000001,
    97.86600000000001,
    98.862,
    96.35600000000001,
    98.36,
    95.355,
    98.367,
    97.863,
    98.869,
    97.36200000000001,
    97.361,
    99.36600000000001,
    96.858,
    97.867,
    98.362,
    95.85900000000001,
    98.858,
    95.85899999999998,
    99.36300000000001,
    98.35999999999999,
    97.35900000000001,
    97.867,
    96.869,
    98.35800000000002,
    97.357,
    97.31800000000001,
    98.36500000000001,
    95.35300000000001,
    98.352,
    97.362,
    97.365,
    96.37100000000001,
    97.865,
    96.361,
    97.86,
    98.36500000000001,
    95.366,
    98.37100000000001,
    97.86800000000001,
    97.865,
    98.366,
    97.858,
    97.369,
    96.86300000000001,
    97.36,
    99.35700000000001,
    98.872,
    97.869,
    96.852,
    97.36600000000001,
    98.36100000000002,
    96.86600000000001,
    98.869,
    98.37,
    95.861,
    97.366,
    98.36500000000001,
    96.865,
    97.86699999999999,
    98.357,
    98.866,
    97.855,
    97.37,
    97.858,
    95.36500000000001,
    95.86800000000001,
    99.36699999999999,
    96.862,
    97.86600000000001,
    95.852,
    98.862,
    98.36100000000002,
    97.862,
    98.857,
    98.36699999999999,
    97.86300000000001,
    99.363,
    96.863,
    98.367,
    96.86,
    97.36300000000001,
    97.873,
    98.36600000000001,
    98.36800000000001,
    97.855,
    98.368,
    95.86600000000001,
    97.35900000000001,
    97.85900000000001,
    95.859,
    97.867,
    97.86000000000001,
    96.36100000000002,
    97.86699999999999,
    97.362,
    97.364,
    97.86300000000001,
    98.86800000000001,
    95.862,
    98.87100000000001,
    98.36500000000001,
    96.36300000000001,
    99.361,
    98.87,
    99.36800000000001,
    97.355,
    98.86000000000001,
    95.863,
    95.866,
    97.36200000000001,
    96.86600000000001,
    96.867,
    97.36500000000001,
    95.853,
    97.36600000000001,
    96.34900000000002,
    97.364,
    98.858,
    98.864,
    93.86200000000001,
    99.36699999999999,
    96.36500000000001,
    96.365,
    97.869,
    97.369,
    98.37,
    97.867,
    97.364,
    98.85600000000001,
    98.872,
    97.357,
    94.852,
    95.857,
    96.874,
    97.867,
    98.858,
    98.87,
    98.86100000000002,
    95.86600000000001,
    98.863,
    98.36300000000001,
    96.86200000000001,
    96.364,
    96.86699999999999,
    99.35900000000001,
    95.86600000000001,
    98.36699999999999,
    97.36,
    98.36600000000001,
    94.357,
    97.36,
    95.35599999999998,
    95.361,
    95.861,
    97.867,
    96.85499999999999,
    97.85900000000001,
    96.87,
    98.367,
    98.86600000000001,
    99.36000000000001,
    99.37100000000001,
    97.86800000000001,
    99.36800000000001,
    98.36200000000001,
    98.364,
    96.36600000000001,
    99.36,
    97.86,
    98.85900000000001,
    97.85600000000001,
    97.357,
    99.86800000000001,
    97.369,
    99.363,
    96.364,
    99.867,
    96.36500000000001,
    98.35600000000001,
    97.363,
    99.85499999999999,
    98.86800000000001,
    96.365,
    96.36800000000001,
    97.863,
    96.858,
    97.86800000000001,
    98.872,
    97.361,
    95.867,
    98.367,
    96.86,
    97.369,
    98.864,
    96.36500000000001,
    97.85900000000001,
    97.36500000000001,
    97.36100000000002,
    98.37,
    98.36699999999999,
    96.357,
    96.85900000000001,
    99.864,
    98.362,
    97.857,
    97.87,
    99.37,
    97.86200000000001,
    95.35600000000001,
    96.863,
    96.869,
    97.858,
    99.355,
    96.36800000000001,
    98.869,
    96.86699999999999,
    99.367,
    97.86,
    99.35799999999999,
    98.86,
    96.858,
    98.367,
    97.356,
    97.85,
    98.367,
    99.363,
    97.87,
    98.366,
    97.864,
    99.35600000000001,
    97.862,
    96.86200000000001,
    98.86100000000002,
    96.867,
    98.361,
    99.37100000000001,
    99.37,
    96.865,
    97.861,
    97.84800000000001,
    97.36600000000001,
    95.86500000000001,
    98.36600000000001,
    98.862,
    97.85900000000001,
    98.36300000000001,
    97.361,
    96.865,
    97.855,
    96.86,
    96.86,
    95.864,
    98.36500000000001,
    97.864,
    97.86800000000001,
    96.86300000000001,
    94.358,
    98.368,
    98.86699999999999,
    97.85199999999999,
    98.863,
    98.857,
    98.86500000000001,
    97.362,
    96.86600000000001,
    97.363,
    95.85900000000001,
    98.869,
    96.362,
    97.87,
    96.36099999999999,
    97.35900000000001,
    95.355,
    99.364,
    97.35900000000001,
    96.862,
    97.35800000000002,
    96.857,
    98.36200000000001,
    97.36300000000001,
    98.357,
    96.86200000000001,
    97.85900000000001,
    96.86600000000001,
    96.362,
    99.364,
    99.36800000000001,
    98.361,
    98.351,
    97.366,
    98.36,
    95.37,
    97.869,
    96.85400000000001,
    97.37,
    98.864,
    98.86200000000001,
    98.358,
    98.364,
    97.36,
    97.36800000000001,
    97.365,
    95.867,
    98.853,
    97.847,
    97.864,
    96.86800000000001,
    98.864,
    96.864,
    96.364,
    97.867,
    95.358,
    97.862,
    98.369,
    96.865,
    98.35900000000001,
    96.362,
    99.36100000000002,
    98.86699999999999,
    96.86699999999999,
    96.858,
