{
  "complexity": 4,
  "alpha": 0.1,
  "gamma": 0.85,
  "epsilon": 0.1,
  "extra_passages": 3,
  "avg_rewards": [
    -61.45699999999997,
    38.51099999999978,
    69.02099999999996,
    79.94599999999998,
    78.72299999999998,
    83.97,
    88.73599999999996,
    90.78899999999999,
    93.418,
    87.23199999999999,
    94.62400000000001,
    93.49100000000001,
    93.987,
    93.551,
    94.66600000000001,
    95.59099999999998,
    97.17,
    94.087,
    95.194,
    95.75800000000001,
    95.68,
    96.77499999999999,
    97.77900000000001,
    98.816,
    95.226,
    96.248,
    98.333,
    98.301,
    98.83500000000001,
    97.82500000000002,
    98.841,
    98.25999999999999,
    98.35,
    96.35900000000001,
    97.85400000000001,
    96.876,
    97.372,
    98.355,
    99.34299999999999,
    97.873,
    98.366,
    97.37100000000001,
    98.379,
    97.38399999999999,
    95.384,
    99.361,
    97.876,
    98.874,
    99.373,
    96.383,
    98.37599999999999,
    96.883,
    98.378,
    98.381,
    98.88199999999999,
    99.38,
    99.381,
    98.386,
    98.384,
    97.38199999999999,
    97.374,
    96.87100000000001,
    98.377,
    96.374,
    98.381,
    98.381,
    99.374,
    98.383,
    96.878,
    96.372,
    99.874,
    97.87899999999999,
    99.362,
    97.374,
    98.877,
    99.38,
    99.37199999999999,
    98.369,
    98.875,
    97.883,
    99.878,
    97.873,
    97.878,
    98.38,
    99.88199999999999,
    97.878,
    98.36500000000001,
    99.877,
    96.872,
    99.866,
    96.883,
    97.373,
    98.88499999999999,
    98.88499999999999,
    97.38199999999999,
    97.374,
    99.88699999999999,
    97.373,
    99.38699999999999,
    98.881,
    97.88199999999999,
    99.376,
    98.375,
    97.88499999999999,
    98.88,
    98.38399999999999,
    96.87700000000001,
    99.386,
    97.38399999999999,
    98.38,
    98.88399999999999,
    99.883,
    97.378,
    98.386,
    98.876,
    97.38,
    97.88199999999999,
    98.37100000000001,
    97.38499999999999,
    99.386,
    98.383,
    98.88699999999999,
    98.878,
    98.374,
    97.883,
    99.88199999999999,
    98.38300000000001,
    99.377,
    96.372,
    96.37899999999999,
    97.878,
    98.886,
    98.873,
    97.38199999999999,
    97.38300000000001,
    99.383,
    98.38,
    98.875,
    97.38,
    98.883,
    96.88,
    96.88199999999999,
    98.383,
    98.376,
    97.87899999999999,
    98.37899999999999,
    98.386,
    98.88799999999999,
    99.376,
    97.88199999999999,
    99.38,
    97.376,
    96.87899999999999,
    98.88199999999999,
    98.37400000000001,
    98.878,
    98.376,
    97.372,
    97.88499999999999,
    97.878,
    97.362,
    98.873,
    98.38399999999999,
    97.876,
    97.879,
    98.387,
    99.38499999999999,
    97.373,
    95.88,
    98.378,
    96.875,
    96.881,
    98.881,
    97.88,
    97.87899999999999,
    98.38499999999999,
    99.875,
    99.88199999999999,
    99.373,
    98.377,
    98.37899999999999,
    98.374,
    98.881,
    99.88,
    99.881,
    99.88399999999999,
    98.877,
    98.36600000000001,
    98.87899999999999,
    99.376,
    97.38,
    97.373,
    97.89,
    97.88,
    99.38799999999999,
    95.886,
    98.377,
    97.36600000000001,
    96.872,
    98.88399999999999,
    98.383,
    99.381,
    98.875,
    99.38199999999999,
    98.38199999999999,
    98.374,
    97.875,
    97.878,
    97.88799999999999,
    97.878,
    96.883,
    96.88499999999999,
    97.88499999999999,
    98.886,
    98.88,
    98.87299999999999,
    98.377,
    97.37899999999999,
    96.381,
    98.886,
    97.881,
    97.37899999999999,
    98.87899999999999,
    98.87899999999999,
    99.376,
    98.381,
    97.868,
    97.881,
    98.878,
    98.378,
    99.375,
    98.37899999999999,
    98.88,
    98.88699999999999,
    98.873,
    98.873,
    97.36699999999999,
    97.381,
    99.37899999999999,
    99.882,
    98.87899999999999,
    97.383,
    98.38,
    97.877,
    97.374,
    98.877,
    97.381,
    99.386,
    99.37500000000001,
    97.387,
    97.88499999999999,
    98.88399999999999,
    99.38199999999999,
    97.878,
    99.38699999999999,
    97.37100000000001,
    97.88499999999999,
    97.876,
    98.373,
    98.38399999999999,
    97.883,
    99.38199999999999,
    98.88,
    98.886,
    98.374,
    99.386,
    99.375,
    98.874,
    98.877,
    98.38699999999999,
    97.877,
    99.38,
    95.37899999999999,
    95.884,
    99.38199999999999,
    98.37899999999999,
    98.385,
    99.38799999999999,
    97.88499999999999,
    98.377,
    98.381,
    99.38,
    98.874,
    99.375,
    99.38399999999999,
    99.372,
    99.38,
    99.38199999999999,
    97.386,
    99.88199999999999,
    98.381,
    96.376,
    98.38,
    98.88,
    96.382,
    98.88,
    98.378,
    97.88,
    99.38,
    98.377,
    97.376,
    96.386,
    97.881,
    98.88199999999999,
    96.857,
    99.873,
    98.373,
    97.87899999999999,
    98.376,
    98.878,
    96.38699999999999,
    98.381,
    97.38,
    97.881,
    98.871,
    96.88199999999999,
    99.378,
    96.881,
    97.877,
    98.87899999999999,
    98.38,
    98.365,
    97.376,
    98.38199999999999,
    98.881,
    96.374,
    97.88,
    98.381,
    97.881,
    97.876,
    96.877,
    97.38399999999999,
    98.878,
    98.375,
    97.87899999999999,
    97.88499999999999,
    98.38,
    96.88499999999999,
    99.374,
    98.873,
    98.383,
    96.876,
    97.38,
    99.378,
    98.38499999999999,
    97.875,
    95.374,
    97.88199999999999,
    97.88799999999999,
    97.386,
    97.877,
    98.381,
    98.88199999999999,
    98.38000000000001,
    98.376,
    99.88,
    99.88199999999999,
    98.86999999999999,
    98.377,
    98.38199999999999,
    97.386,
    98.88199999999999,
    98.378,
    98.878,
    98.883,
    97.88399999999999,
    96.878,
    99.889,
    99.383,
    98.38699999999999,
    98.38399999999999,
    99.381,
    97.381,
    98.883,
    97.38499999999999,
    98.875,
    98.88,
    98.878,
    98.88499999999999,
    98.88,
    97.876,
    98.87100000000001,
    97.88300000000001,
    95.384,
    99.384,
    98.876,
    96.86500000000001,
    96.37899999999999,
    99.88199999999999,
    98.38399999999999,
    98.88199999999999,
    97.874,
    98.377,
    96.888,
    97.38199999999999,
    98.377,
    98.378,
    97.377,
    99.88499999999999,
    97.88499999999999,
    96.37199999999999,
    98.373,
    99.385,
    98.878,
    99.37899999999999,
    97.88,
    98.37,
    99.386,
    98.37899999999999,
    98.38,
    98.374,
    98.88199999999999,
    97.867,
    99.88,
    98.374,
    99.374,
    98.87899999999999,
    99.88399999999999,
    97.87899999999999,
    98.381,
    98.878,
    98.378,
    97.376,
    97.38,
    98.38199999999999,
    98.88699999999999,
    97.885,
    97.875,
    98.379,
    97.881,
    98.375,
    98.883,
    99.38499999999999,
    97.878,
    99.88499999999999,
    98.375,
    97.88,
    98.381,
    98.883,
    95.876,
    98.88699999999999,
    98.872,
    99.38399999999999,
    98.87899999999999,
    99.383,
    98.38199999999999,
    99.387,
    97.883,
    97.38499999999999,
    98.37899999999999,
    98.37899999999999,
    98.381,
    98.38199999999999,
    98.376,
    98.878,
    99.38199999999999,
    97.881,
    97.886,
    97.376,
    99.37899999999999,
    97.38399999999999,
    98.881,
    98.87499999999999,
    97.877,
    95.883,
    98.388,
    98.878,
    98.378,
    99.38,
    98.876,
    98.88199999999999,
    99.87899999999999,
    97.88,
    98.87899999999999,
    97.386,
    99.376,
    98.869,
    99.38,
    99.38,
    98.375,
    96.86999999999999,
    98.87599999999999,
    98.869,
    97.881,
    97.378,
    97.88399999999999,
    97.877,
    96.886,
    97.86699999999999,
    95.875,
    96.878,
    98.38,
    98.38399999999999,
    98.887,
    96.884,
    97.366,
    98.38,
    98.38499999999999,
    97.383,
    96.881
  ],