{
  "complexity": 0,
  "alpha": 0.3,
  "gamma": 0.95,
  "epsilon": 0.1,
  "extra_passages": 7,
  "avg_rewards": [
    -70.83999999999988,
    71.15400000000001,
    87.283,
    88.63700000000001,
    92.313,
    93.058,
    90.856,
    96.074,
    96.60900000000001,
    96.64699999999999,
    94.67499999999998,
    95.665,
    98.21900000000001,
    97.22300000000001,
    95.733,
    96.811,
    98.285,
    96.253,
    98.79400000000001,
    95.288,
    97.30799999999999,
    99.32900000000001,
    98.338,
    99.334,
    97.83200000000002,
    97.85600000000001,
    98.35099999999998,
    98.36300000000001,
    99.35900000000001,
    98.36800000000001,
    99.369,
    98.376,
    98.386,
    97.877,
    97.353,
    98.872,
    98.37299999999999,
    99.383,
    98.345,
    96.38,
    98.38399999999999,
    98.88399999999999,
    98.876,
    99.88,
    98.381,
    94.876,
    98.385,
    98.877,
    98.877,
    98.873,
    98.377,
    99.378,
    97.88399999999999,
    96.886,
    97.87899999999999,
    97.38199999999999,
    98.88,
    97.88,
    98.88499999999999,
    98.883,
    98.38399999999999,
    97.88499999999999,
    98.37899999999999,
    98.375,
    97.39,
    97.378,
    99.882,
    98.37899999999999,
    97.381,
    98.881,
    98.37899999999999,
    99.378,
    99.379,
    97.86300000000001,
    99.37899999999999,
    98.38499999999999,
    96.382,
    98.876,
    98.876,
    98.383,
    96.88,
    98.37899999999999,
    98.886,
    98.375,
    98.88,
    98.876,
    98.38,
    99.38199999999999,
    98.873,
    99.37899999999999,
    98.381,
    97.88,
    96.876,
    98.872,
    98.38399999999999,
    98.369,
    99.377,
    96.88699999999999,
    98.38799999999999,
    96.888,
    98.381,
    97.88499999999999,
    98.88,
    98.38399999999999,
    97.38799999999999,
    98.873,
    98.883,
    99.381,
    99.38199999999999,
    98.38399999999999,
    98.37100000000001,
    95.883,
    97.377,
    97.37899999999999,
    96.886,
    95.874,
    97.888,
    98.87899999999999,
    97.882,
    98.87899999999999,
    97.88399999999999,
    98.87100000000001,
    97.38499999999999,
    98.372,
    96.88,
    98.38399999999999,
    98.376,
    97.881,
    98.881,
    97.883,
    96.876,
    99.383,
    98.88399999999999,
    99.883,
    97.88199999999999,
    99.38199999999999,
    98.375,
    99.38499999999999,
    99.376,
    98.38000000000001,
    98.881,
    97.373,
    97.87899999999999,
    97.375,
    98.38,
    98.372,
    95.867,
    97.885,
    98.873,
    98.883,
    98.37899999999999,
    97.88,
    97.88199999999999,
    99.38199999999999,
    99.38199999999999,
    98.38199999999999,
    98.871,
    98.876,
    98.878,
    99.376,
    98.38199999999999,
    99.381,
    98.88,
    98.38399999999999,
    99.383,
    98.881,
    98.38699999999999,
    98.88399999999999,
    97.877,
    99.38499999999999,
    99.881,
    98.378,
    98.371,
    98.385,
    96.878,
    97.373,
    96.374,
    96.372,
    98.374,
    98.381,
    98.38399999999999,
    98.88,
    97.38399999999999,
    98.37899999999999,
    99.381,
    98.388,
    98.88199999999999,
    98.872,
    97.873,
    98.88399999999999,
    98.386,
    98.877,
    99.37899999999999,
    98.88300000000001,
    96.87100000000001,
    98.386,
    98.381,
    98.372,
    98.883,
    98.38399999999999,
    98.88199999999999,
    97.875,
    97.383,
    99.37899999999999,
    97.878,
    98.386,
    96.87899999999999,
    99.38,
    98.38499999999999,
    99.38,
    97.88199999999999,
    96.378,
    99.382,
    97.377,
    99.374,
    97.869,
    98.88499999999999,
    98.875,
    98.881,
    97.875,
    96.88,
    97.877,
    96.888,
    98.874,
    97.87899999999999,
    98.38399999999999,
    98.372,
    98.88,
    99.376,
    97.369,
    98.878,
    98.374,
    99.88,
    99.38,
    99.38499999999999,
    99.38499999999999,
    99.88,
    98.378,
    99.878,
    99.38199999999999,
    98.38499999999999,
    97.88,
    98.36100000000002,
    96.376,
    97.88699999999999,
    97.878,
    98.38399999999999,
    97.87899999999999,
    97.88499999999999,
    98.372,
    98.386,
    98.38399999999999,
    97.878,
    99.886,
    98.88199999999999,
    97.88199999999999,
    97.88399999999999,
    98.875,
    98.37899999999999,
    98.877,
    99.372,
    97.378,
    98.378,
    99.373,
    96.378,
    95.381,
    98.888,
    96.875,
    99.38,
    98.38499999999999,
    97.872,
    98.38,
    98.878,
    98.386,
    97.377,
    98.381,
    99.383,
    97.373,
    97.881,
    97.881,
    97.38,
    97.377,
    97.873,
    99.36999999999999,
    98.88199999999999,
    96.88,
    98.88,
    99.377,
    98.88,
    99.381,
    97.383,
    98.874,
    98.372,
    98.876,
    98.381,
    98.38699999999999,
    97.381,
    98.38,
    98.38399999999999,
    99.371,
    98.375,
    97.86999999999999,
    94.88,
    97.37899999999999,
    98.386,
    98.881,
    99.375,
    97.388,
    97.883,
    99.38300000000001,
    99.378,
    98.884,
    96.876,
    98.886,
    97.369,
    98.38199999999999,
    99.38199999999999,
    98.37,
    96.873,
    99.886,
    97.876,
    96.37100000000001,
    98.386,
    98.373,
    98.88399999999999,
    98.88499999999999,
    98.87899999999999,
    98.378,
    96.88,
    99.88699999999999,
    98.377,
    95.872,
    97.88,
    98.883,
    98.875,
    99.381,
    97.87899999999999,
    99.375,
    96.386,
    98.381,
    97.37100000000001,
    98.369,
    98.877,
    98.378,
    99.87,
    99.37899999999999,
    97.376,
    98.378,
    98.381,
    97.872,
    99.374,
    95.881,
    97.377,
    97.87899999999999,
    99.38399999999999,
    97.383,
    98.878,
    99.38199999999999,
    98.883,
    95.887,
    98.38,
    99.377,
    98.38,
    99.386,
    99.877,
    97.881,
    97.88199999999999,
    98.876,
    97.383,
    97.881,
    98.381,
    98.88199999999999,
    99.369,
    97.37899999999999,
    99.383,
    98.381,
    97.883,
    98.88199999999999,
    98.877,
    98.38199999999999,
    98.87299999999999,
    98.88300000000001,
    97.88,
    97.88199999999999,
    98.383,
    99.36699999999999,
    98.882,
    97.874,
    99.38199999999999,
    99.886,
    98.87899999999999,
    98.886,
    98.389,
    97.38399999999999,
    98.88,
    97.87899999999999,
    95.373,
    97.86800000000001,
    98.38199999999999,
    97.883,
    99.38,
    98.378,
    98.372,
    98.872,
    98.376,
    98.88199999999999,
    97.877,
    99.373,
    97.88199999999999,
    98.887,
    98.873,
    97.88399999999999,
    98.88,
    98.88199999999999,
    98.38399999999999,
    99.877,
    98.869,
    98.376,
    98.386,
    97.881,
    96.383,
    96.88,
    98.374,
    98.38399999999999,
    97.38399999999999,
    98.88399999999999,
    98.875,
    97.88399999999999,
    97.88399999999999,
    96.88199999999999,
    99.876,
    98.38499999999999,
    98.37899999999999,
    97.878,
    97.376,
    98.38199999999999,
    99.378,
    98.88,
    99.37,
    98.88399999999999,
    99.875,
    98.375,
    98.377,
    99.38,
    97.878,
    98.37,
    99.38399999999999,
    98.378,
    97.88799999999999,
    98.88,
    98.886,
    96.876,
    97.886,
    99.38499999999999,
    96.373,
    98.37199999999999,
    97.88499999999999,
    97.887,
    99.38199999999999,
    99.37100000000001,
    97.877,
    98.874,
    96.88199999999999,
    98.883,
    97.88199999999999,
    98.377,
    97.38199999999999,
    96.878,
    98.88399999999999,
    98.381,
    96.87,
    98.88199999999999,
    96.386,
    99.883,
    99.383,
    97.87899999999999,
    97.374,
    98.378,
    97.886,
    97.37899999999999,
    98.376,
    97.874,
    98.881,
    99.376,
    99.369,
    97.881,
    98.378,
    98.88199999999999,
    99.381,
    97.88,
    97.37899999999999,
    98.88199999999999,
    98.383,
    97.875,
    97.381,
    98.378,
    98.375,
    98.38,
    97.88,
    98.88399999999999
  ],