{
  "complexity": 0,
  "alpha": 0.2,
  "gamma": 0.95,
  "epsilon": 0.2,
  "extra_passages": 7,
  "avg_rewards": [
    -91.4949999999996,
    48.92099999999995,
    72.47800000000002,
    82.01199999999997,
    87.91100000000002,
    85.93999999999998,
    79.247,
    86.004,
    91.59700000000001,
    91.171,
    91.102,
    92.63600000000001,
    95.758,
    93.22999999999999,
    93.227,
    94.21800000000002,
    91.24,
    96.279,
    94.27,
    93.275,
    94.80299999999998,
    97.81,
    96.288,
    96.84,
    95.855,
    95.80600000000001,
    99.349,
    97.35600000000001,
    94.849,
    92.845,
    96.85,
    96.857,
    96.35,
    94.36300000000001,
    96.363,
    97.362,
    97.363,
    96.36600000000001,
    94.87,
    97.85900000000001,
    98.374,
    98.373,
    93.85900000000001,
    98.37899999999999,
    97.368,
    97.87,
    94.871,
    97.364,
    97.37100000000001,
    96.864,
    90.358,
    97.85100000000001,
    96.376,
    96.852,
    94.865,
    97.866,
    98.869,
    97.374,
    99.369,
    97.37,
    96.355,
    95.869,
    96.874,
    95.833,
    94.877,
    94.87699999999998,
    96.351,
    94.874,
    91.85500000000002,
    93.372,
    96.848,
    98.369,
    96.366,
    96.361,
    98.369,
    97.364,
    98.375,
    96.36000000000001,
    95.35600000000001,
    97.368,
    95.85600000000001,
    94.35000000000001,
    98.864,
    98.866,
    97.857,
    96.352,
    95.375,
    96.36300000000001,
    96.357,
    93.857,
    97.372,
    95.372,
    95.35700000000001,
    96.36500000000001,
    95.363,
    96.854,
    98.36200000000001,
    96.869,
    96.86300000000001,
    97.375,
    94.358,
    97.36800000000001,
    97.861,
    97.873,
    97.369,
    95.851,
    96.361,
    97.358,
    96.864,
    93.374,
    97.86600000000001,
    93.373,
    99.383,
    96.372,
    96.86000000000001,
    95.358,
    97.372,
    98.85900000000001,
    93.35600000000001,
    97.364,
    97.377,
    99.37199999999999,
    94.35300000000001,
    95.36500000000001,
    98.872,
    93.84700000000001,
    93.865,
    96.35600000000001,
    95.36100000000002,
    96.85600000000001,
    95.85900000000001,
    94.86699999999999,
    95.86300000000001,
    94.361,
    94.85300000000001,
    97.364,
    97.36600000000001,
    96.374,
    95.865,
    97.36000000000001,
    96.372,
    98.869,
    96.867,
    95.36,
    93.85300000000001,
    94.364,
    97.36600000000001,
    97.357,
    95.85600000000001,
    96.86,
    95.862,
    96.362,
    96.377,
    96.857,
    95.36600000000001,
    97.36800000000001,
    95.86800000000001,
    97.86,
    96.86600000000001,
    99.364,
    96.861,
    95.852,
    96.87100000000001,
    98.368,
    97.35600000000002,
    95.864,
    94.861,
    95.363,
    97.872,
    96.364,
    97.367,
    96.873,
    96.36,
    96.87100000000001,
    96.87,
    92.364,
    94.874,
    96.348,
    98.36500000000001,
    96.87100000000001,
    93.875,
    93.874,
    96.356,
    97.34900000000002,
    97.874,
    97.37,
    96.36600000000001,
    96.363,
    94.36,
    95.363,
    95.86500000000001,
    97.373,
    94.868,
    96.875,
    96.372,
    98.37100000000001,
    95.37199999999999,
    98.364,
    97.34200000000001,
    97.84400000000001,
    95.872,
    96.369,
    93.33500000000001,
    97.369,
    96.35900000000001,
    97.35900000000001,
    97.86699999999999,
    95.85400000000001,
    98.876,
    97.87,
    97.868,
    93.873,
    98.367,
    97.865,
    95.86,
    95.381,
    95.85700000000001,
    94.369,
    94.875,
    97.366,
    97.371,
    94.376,
    97.868,
    96.369,
    97.367,
    96.369,
    94.86600000000001,
    97.368,
    97.369,
    98.873,
    95.875,
    93.872,
    94.855,
    96.362,
    94.373,
    96.377,
    90.86200000000001,
    95.38,
    95.364,
    96.373,
    93.85700000000001,
    96.364,
    97.364,
    96.85200000000002,
    98.357,
    95.877,
    96.367,
    96.86200000000001,
    96.878,
    93.358,
    93.358,
    98.37,
    98.37,
    97.35400000000001,
    96.86699999999999,
    95.868,
    94.355,
    93.866,
    95.36100000000002,
    97.374,
    95.36,
    98.35300000000001,
    96.858,
    96.86800000000001,
    96.86699999999999,
    95.86600000000001,
    97.85900000000001,
    95.857,
    96.877,
    97.365,
    96.36500000000001,
    95.861,
    97.37100000000001,
    95.872,
    96.857,
    97.351,
    96.367,
    97.87100000000001,
    96.869,
    96.872,
    97.872,
    93.864,
    95.369,
    94.376,
    94.867,
    94.867,
    95.36,
    96.865,
    98.36600000000001,
    96.373,
    95.873,
    97.369,
    96.869,
    97.35900000000001,
    96.35300000000001,
    96.866,
    95.372,
    96.86000000000001,
    93.35800000000002,
    98.37,
    95.878,
    97.36600000000001,
    96.86300000000001,
    97.372,
    97.85300000000002,
    97.874,
    94.86800000000001,
    97.86500000000001,
    97.862,
    97.847,
    93.37,
    92.85400000000001,
    96.362,
    95.855,
    95.36,
    96.37,
    95.866,
    96.36500000000001,
    97.873,
    97.363,
    96.88,
    96.85600000000001,
    97.36300000000001,
    96.369,
    98.855,
    98.863,
    97.366,
    97.864,
    96.36800000000001,
    96.366,
    97.362,
    97.861,
    96.36,
    96.37100000000001,
    95.86600000000001,
    94.857,
    94.36099999999999,
    94.86200000000001,
    96.869,
    94.863,
    97.864,
    98.375,
    93.86800000000001,
    99.86500000000001,
    97.378,
    96.35100000000001,
    94.854,
    94.364,
    99.364,
    95.874,
    97.86699999999999,
    97.36500000000001,
    95.35,
    97.87100000000001,
    96.36699999999999,
    95.372,
    99.37,
    97.87100000000001,
    95.36500000000001,
    94.36699999999999,
    96.36500000000001,
    95.373,
    96.85900000000001,
    96.864,
    98.873,
    96.872,
    98.34800000000001,
    95.374,
    98.86699999999999,
    94.357,
    97.362,
    95.87100000000001,
    96.86800000000001,
    97.361,
    96.36300000000001,
    95.877,
    95.863,
    95.86300000000001,
    95.87,
    96.37899999999999,
    96.36999999999999,
    97.364,
    97.36,
    97.35600000000002,
    96.361,
    96.86100000000002,
    97.37100000000001,
    94.876,
    96.37100000000001,
    96.869,
    97.85900000000001,
    95.372,
    94.36699999999999,
    97.867,
    96.37,
    99.369,
    97.36300000000001,
    96.865,
    98.365,
    97.871,
    95.868,
    98.86699999999999,
    95.862,
    97.865,
    95.86300000000001,
    95.36600000000001,
    95.855,
    93.85600000000001,
    97.35800000000002,
    98.364,
    96.35600000000001,
    95.366,
    94.85900000000001,
    95.868,
    95.36600000000001,
    98.367,
    98.365,
    95.863,
    97.86200000000001,
    96.36500000000001,
    96.35900000000001,
    96.863,
    95.374,
    97.864,
    96.869,
    97.86800000000001,
    96.36500000000001,
    96.364,
    95.869,
    97.364,
    95.361,
    94.866,
    97.87899999999999,
    96.356,
    95.863,
    95.84700000000001,
    97.363,
    97.369,
    95.872,
    96.86600000000001,
    96.864,
    95.35499999999999,
    97.365,
    96.35900000000001,
    97.87899999999999,
    96.373,
    96.36699999999999,
    98.352,
    97.87,
    96.875,
    97.86800000000001,
    96.36300000000001,
    97.35900000000001,
    98.357,
    98.857,
    96.38,
    96.872,
    94.867,
    96.36600000000001,
    96.86699999999999,
    97.349,
    98.374,
    97.37,
    96.85300000000001,
    98.864,
    98.374,
    96.85900000000001,
    96.85900000000001,
    96.85499999999999,
    96.36699999999999,
    96.856,
    98.873,
    96.87499999999999,
    96.852,
    95.36100000000002,
    95.858,
    97.36800000000001,
    96.863,
    95.87899999999999,
    95.864,
    94.36500000000001,
    93.865,
    93.36000000000001,
    94.859,
    95.86500000000001,
    97.862,
    96.878,
    95.353,
    95.364,
    93.35900000000001,
    96.87,
    97.37100000000001,
    97.35400000000001,
    97.36600000000001,
    97.37100000000001,
    97.364,
    96.858,
