{
  "complexity": 4,
  "alpha": 0.1,
  "gamma": 0.9,
  "epsilon": 0.3,
  "extra_passages": 3,
  "avg_rewards": [
    -117.9519999999995,
    -2.9439999999998783,
    8.543999999999945,
    59.47800000000001,
    31.83999999999986,
    63.721000000000004,
    64.19399999999999,
    69.87899999999999,
    73.33500000000001,
    81.56199999999998,
    81.47099999999999,
    81.999,
    87.201,
    78.455,
    79.59299999999999,
    90.196,
    84.11800000000001,
    79.68699999999998,
    89.229,
    91.24,
    90.26200000000001,
    90.225,
    89.24700000000001,
    88.278,
    85.726,
    89.805,
    88.78400000000002,
    90.811,
    89.775,
    90.819,
    95.833,
    89.763,
    92.33500000000001,
    96.307,
    90.831,
    94.353,
    91.845,
    92.351,
    94.85500000000002,
    91.848,
    92.31500000000001,
    93.33800000000001,
    91.85499999999999,
    94.861,
    93.338,
    90.823,
    89.851,
    93.35400000000001,
    90.852,
    96.84400000000001,
    94.357,
    92.322,
    90.83500000000001,
    91.83500000000001,
    91.346,
    88.321,
    91.84799999999998,
    94.334,
    90.858,
    93.34,
    93.34200000000001,
    90.351,
    92.84400000000002,
    92.35,
    88.853,
    93.86100000000002,
    95.83399999999999,
    93.858,
    93.34,
    90.864,
    92.346,
    96.364,
    89.321,
    96.35600000000001,
    93.857,
    90.829,
    94.365,
    91.83599999999998,
    90.32500000000002,
    91.338,
    92.349,
    93.86,
    95.866,
    92.333,
    87.322,
    91.349,
    95.352,
    91.86600000000001,
    89.34100000000001,
    87.85300000000001,
    92.857,
    94.83,
    96.349,
    95.36300000000001,
    92.35,
    94.85100000000001,
    93.36,
    94.849,
    92.35100000000001,
    94.348,
    92.35000000000001,
    89.34700000000001,
    92.852,
    95.82700000000001,
    84.856,
    93.357,
    92.316,
    91.85600000000001,
    95.85600000000001,
    91.846,
    94.85000000000001,
    93.86299999999999,
    91.34599999999999,
    92.33,
    94.35600000000001,
    90.849,
    90.85,
    93.32700000000001,
    92.862,
    92.33600000000001,
    90.342,
    93.853,
    93.345,
    91.36000000000001,
    91.834,
    90.82700000000001,
    89.83500000000002,
    92.84,
    94.837,
    93.35499999999999,
    92.358,
    92.848,
    93.85000000000001,
    95.843,
    93.838,
    92.35400000000001,
    96.36100000000002,
    93.34700000000001,
    92.84900000000002,
    94.34,
    92.865,
    90.83899999999998,
    94.84400000000002,
    92.34900000000002,
    90.825,
    86.849,
    92.84299999999999,
    94.848,
    90.34400000000001,
    90.853,
    92.85800000000002,
    94.846,
    93.35700000000001,
    93.852,
    94.857,
    93.35100000000001,
    91.35000000000001,
    93.33899999999998,
    91.84400000000001,
    90.841,
    90.857,
    90.85100000000001,
    95.36100000000002,
    95.846,
    92.358,
    93.339,
    93.34400000000002,
    92.35100000000001,
    91.85000000000001,
    93.34900000000002,
    89.83500000000001,
    94.835,
    93.35499999999999,
    91.338,
    94.843,
    89.85799999999999,
    95.864,
    94.846,
    93.358,
    95.849,
    92.84299999999999,
    90.84400000000001,
    91.34600000000002,
    94.34599999999999,
    89.85000000000001,
    90.349,
    89.854,
    94.34700000000001,
    95.35300000000001,
    91.338,
    96.85900000000001,
    93.838,
    93.85,
    90.85400000000001,
    90.84599999999999,
    93.86,
    92.828,
    92.35600000000001,
    93.35700000000001,
    94.86,
    97.857,
    93.352,
    91.837,
    93.348,
    85.84900000000002,
    89.83399999999999,
    90.35400000000001,
    97.351,
    95.352,
    92.852,
    88.83000000000001,
    92.33399999999999,
    92.851,
    94.35,
    94.845,
    92.85400000000001,
    89.31899999999999,
    94.36000000000001,
    90.33500000000001,
    92.85300000000001,
    90.356,
    91.845,
    92.33900000000001,
    93.366,
    93.333,
    93.861,
    94.844,
    89.32500000000002,
    94.351,
    92.849,
    94.349,
    91.86099999999999,
    92.81900000000002,
    94.34900000000002,
    94.84100000000001,
    91.85,
    93.85600000000001,
    92.352,
    92.352,
    92.851,
    95.34299999999999,
    92.34,
    90.83400000000002,
    92.33500000000001,
    92.849,
    91.33,
    96.85500000000002,
    87.832,
    94.85400000000001,
    93.348,
    92.318,
    92.349,
    92.345,
    90.86300000000001,
    90.814,
    88.824,
    95.845,
    93.35900000000001,
    92.853,
    96.334,
    92.82000000000001,
    94.34800000000001,
    91.86,
    94.857,
    93.339,
    92.343,
    92.33100000000002,
    91.81800000000001,
    92.33700000000002,
    93.35600000000001,
    92.35000000000001,
    90.855,
    90.848,
    94.848,
    93.354,
    89.83699999999999,
    90.86,
    90.345,
    95.349,
    94.84000000000002,
    95.85,
    92.852,
    91.34200000000001,
    89.34,
    91.83600000000001,
    93.319,
    92.84400000000001,
    92.304,
    92.35400000000001,
    93.331,
    92.339,
    94.35300000000001,
    94.85600000000002,
    87.838,
    92.32700000000001,
    91.84500000000001,
    95.34400000000001,
    93.34500000000001,
    94.85300000000001,
    93.867,
    90.84100000000001,
    95.34800000000001,
    93.851,
    92.821,
    94.867,
    90.83500000000001,
    92.85100000000001,
    94.34800000000001,
    91.85600000000001,
    90.86100000000002,
    94.832,
    95.346,
    93.836,
    93.35300000000001,
    97.36100000000002,
    94.33900000000001,
    92.84200000000001,
    93.338,
    93.351,
    94.35900000000001,
    90.852,
    93.83500000000001,
    93.87100000000001,
    92.341,
    96.34700000000001,
    93.83500000000001,
    96.34100000000001,
    92.84200000000001,
    91.84599999999999,
    91.349,
    94.34400000000001,
    94.84900000000002,
    88.86200000000001,
    92.84799999999998,
    96.33000000000001,
    94.852,
    91.34200000000001,
    95.84899999999999,
    92.843,
    92.85,
    95.36100000000002,
    93.355,
    95.85100000000001,
    92.838,
    93.353,
    93.851,
    90.84100000000001,
    94.368,
    93.352,
    96.841,
    94.357,
    94.85400000000001,
    92.34600000000002,
    95.36299999999999,
    92.855,
    93.85000000000002,
    92.33700000000002,
    94.84900000000002,
    91.352,
    92.84899999999999,
    93.847,
    93.357,
    91.33500000000001,
    96.85999999999999,
    94.836,
    88.83500000000001,
    94.854,
    93.82300000000001,
    93.842,
    91.84900000000002,
    93.346,
    92.842,
    90.338,
    93.86300000000001,
    89.832,
    94.852,
    90.36699999999999,
    91.321,
    90.34900000000002,
    96.85900000000001,
    93.84,
    91.86600000000001,
    93.84200000000001,
    92.35,
    94.85900000000001,
    94.362,
    92.34300000000002,
    91.35600000000002,
    95.84800000000001,
    92.3,
    94.35600000000001,
    94.859,
    93.85499999999999,
    95.34800000000001,
    92.85600000000001,
    93.35300000000001,
    93.331,
    91.82700000000001,
    95.361,
    93.32899999999998,
    93.84,
    91.848,
    94.348,
    94.34100000000001,
    91.858,
    91.845,
    90.358,
    92.373,
    91.348,
    92.854,
    95.83200000000001,
    93.35499999999999,
    91.85400000000001,
    94.851,
    92.342,
    93.33599999999998,
    91.33699999999997,
    92.83,
    93.846,
    93.84200000000001,
    94.328,
    92.84899999999999,
    93.85300000000001,
    92.358,
    96.34299999999999,
    92.34700000000001,
    95.33000000000001,
    89.84400000000001,
    93.35100000000001,
    94.33200000000001,
    93.349,
    91.34599999999999,
    95.85900000000001,
    89.333,
    90.833,
    92.84899999999999,
    91.33200000000002,
    95.35299999999998,
    92.86099999999999,
    87.34700000000001,
    93.34700000000001,
    92.33000000000001,
    91.33200000000001,
    94.849,
    90.851,
    89.813,
    94.85800000000002,
    92.364,
    92.357,
    93.34200000000001,
    95.367,
    91.841,
    92.34,
    94.35799999999999,
    93.364,
