{
  "complexity": 6,
  "alpha": 0.2,
  "gamma": 0.85,
  "epsilon": 0.2,
  "extra_passages": 1,
  "avg_rewards": [
    -138.09299999999917,
    25.829999999999814,
    51.87199999999998,
    63.028999999999975,
    72.515,
    75.50699999999995,
    77.21899999999998,
    82.29599999999998,
    83.93900000000001,
    87.436,
    87.54700000000001,
    90.149,
    87.58899999999998,
    90.18499999999999,
    94.187,
    86.123,
    88.208,
    94.751,
    90.732,
    91.28399999999999,
    94.827,
    93.253,
    94.32300000000001,
    95.84,
    91.316,
    93.809,
    93.322,
    93.321,
    92.346,
    96.31300000000002,
    93.353,
    92.834,
    96.85500000000002,
    91.34,
    89.296,
    95.34299999999999,
    95.78099999999999,
    94.334,
    93.82000000000001,
    95.85400000000001,
    93.847,
    89.858,
    95.348,
    92.85000000000001,
    98.85,
    95.34400000000001,
    98.33999999999999,
    95.84700000000001,
    94.846,
    94.84700000000001,
    95.833,
    95.846,
    93.34700000000001,
    94.82500000000002,
    92.853,
    95.34,
    93.345,
    95.84900000000002,
    95.352,
    94.35000000000001,
    96.83500000000001,
    94.36200000000001,
    95.348,
    94.342,
    93.33300000000001,
    96.865,
    93.35,
    93.362,
    93.822,
    93.85,
    94.834,
    94.33500000000001,
    92.83800000000001,
    95.838,
    95.86,
    95.334,
    96.35900000000001,
    93.833,
    94.338,
    91.348,
    97.339,
    95.35600000000001,
    92.33500000000001,
    96.849,
    91.33500000000001,
    94.851,
    94.353,
    93.83400000000002,
    93.35299999999998,
    92.33300000000001,
    95.85000000000001,
    94.354,
    89.852,
    94.353,
    93.85300000000001,
    95.85499999999999,
    96.33900000000001,
    94.341,
    95.85799999999999,
    95.84700000000001,
    95.354,
    94.34299999999999,
    96.35099999999998,
    96.84600000000002,
    95.353,
    97.347,
    93.84600000000002,
    93.83900000000001,
    97.35600000000001,
    95.35400000000001,
    95.85300000000001,
    97.859,
    93.28299999999999,
    95.85900000000001,
    94.351,
    93.84200000000001,
    93.867,
    94.85999999999999,
    94.34,
    92.856,
    95.84400000000001,
    93.349,
    95.33399999999999,
    96.35100000000001,
    94.348,
    94.852,
    91.828,
    94.35,
    95.35400000000001,
    96.85300000000001,
    94.357,
    96.35400000000001,
    95.846,
    94.83200000000001,
    94.85300000000001,
    94.84400000000001,
    94.345,
    93.84200000000001,
    94.855,
    94.34200000000001,
    95.855,
    94.858,
    95.321,
    97.348,
    95.853,
    96.34100000000001,
    95.835,
    96.852,
    95.85400000000001,
    92.83300000000001,
    97.34899999999999,
    94.35400000000001,
    95.849,
    94.855,
    94.34700000000001,
    97.831,
    91.84200000000001,
    95.34800000000001,
    96.34700000000001,
    96.35300000000002,
    95.85300000000001,
    96.35,
    90.345,
    94.353,
    95.866,
    92.35799999999999,
    94.352,
    91.857,
    94.84700000000001,
    95.35400000000001,
    97.35000000000001,
    97.852,
    93.843,
    93.34700000000001,
    94.854,
    92.852,
    92.35499999999999,
    96.354,
    97.853,
    96.84100000000001,
    93.329,
    94.355,
    91.83600000000001,
    94.84099999999998,
    92.346,
    96.34799999999998,
    93.34100000000001,
    96.34799999999998,
    96.357,
    93.35100000000001,
    94.831,
    94.346,
    95.34700000000001,
    92.342,
    94.357,
    96.34700000000001,
    95.848,
    93.86299999999999,
    92.849,
    96.845,
    94.84799999999998,
    95.349,
    95.34500000000001,
    91.33600000000001,
    94.331,
    94.33800000000001,
    94.857,
    94.338,
    97.855,
    93.361,
    96.34299999999999,
    94.358,
    97.839,
    95.34600000000002,
    93.85600000000001,
    93.85900000000001,
    94.849,
    95.853,
    94.345,
    93.84700000000001,
    96.33600000000001,
    94.86300000000001,
    96.351,
    93.848,
    92.34900000000002,
    94.851,
    95.33800000000001,
    93.858,
    96.857,
    96.858,
    93.33500000000001,
    89.34,
    96.854,
    93.828,
    94.35,
    95.35800000000002,
    91.33700000000002,
    96.35,
    93.83500000000001,
    93.346,
    95.848,
    95.844,
    96.34299999999999,
    93.35499999999999,
    93.355,
    95.855,
    96.34700000000001,
    96.84400000000001,
    94.34599999999999,
    95.334,
    93.346,
    98.33900000000001,
    93.351,
    93.846,
    94.33800000000001,
    94.34400000000001,
    90.853,
    93.85000000000001,
    92.31899999999999,
    95.85499999999999,
    95.852,
    95.849,
    95.85,
    92.35299999999998,
    93.35499999999999,
    91.341,
    94.354,
    94.352,
    92.845,
    94.35000000000001,
    95.35100000000001,
    95.85499999999999,
    95.841,
    93.33200000000001,
    96.852,
    94.339,
    93.353,
    93.337,
    96.346,
    95.352,
    97.34200000000001,
    95.35400000000001,
    95.354,
    95.334,
    97.364,
    93.829,
    91.34900000000002,
    93.34,
    92.84400000000002,
    98.347,
    94.335,
    94.843,
    95.351,
    94.34400000000001,
    95.852,
    93.84,
    95.843,
    94.352,
    93.35300000000001,
    94.35,
    95.353,
    91.837,
    94.364,
    94.35100000000001,
    96.35499999999999,
    94.354,
    96.35300000000001,
    95.355,
    97.341,
    96.84799999999998,
    95.35000000000001,
    94.352,
    93.864,
    96.851,
    95.851,
    94.336,
    94.34100000000001,
    95.84200000000001,
    94.35100000000001,
    96.356,
    96.349,
    94.357,
    92.85700000000001,
    90.849,
    96.843,
    93.33900000000001,
    93.85400000000001,
    93.848,
    92.85899999999998,
    96.845,
    94.34499999999998,
    94.861,
    95.843,
    94.346,
    96.333,
    95.833,
    96.35900000000001,
    96.842,
    96.34800000000001,
    93.83900000000001,
    94.328,
    96.353,
    92.348,
    92.356,
    95.858,
    94.359,
    89.84899999999999,
    97.349,
    93.83900000000003,
    95.843,
    96.35400000000001,
    96.352,
    92.851,
    94.84900000000002,
    93.838,
    94.34200000000001,
    92.853,
    92.34200000000001,
    97.358,
    94.852,
    95.32900000000001,
    93.345,
    93.839,
    92.34400000000001,
    95.351,
    94.84200000000001,
    94.342,
    94.36300000000001,
    90.34,
    96.364,
    95.334,
    94.345,
    94.851,
    95.36000000000001,
    95.34100000000001,
    96.342,
    93.343,
    95.33200000000001,
    95.35100000000001,
    96.35,
    90.346,
    93.35,
    92.34200000000001,
    94.34199999999998,
    95.34700000000001,
    94.33800000000001,
    96.34400000000001,
    96.361,
    95.343,
    96.34400000000001,
    95.348,
    92.855,
    94.35,
    95.853,
    95.33800000000001,
    94.353,
    92.854,
    94.841,
    95.863,
    95.361,
    93.352,
    92.84900000000002,
    96.34900000000002,
    96.854,
    94.83500000000001,
    94.834,
    91.84700000000001,
    92.852,
    94.34599999999999,
    97.357,
    92.341,
    93.345,
    96.341,
    94.35600000000002,
    94.84,
    95.85,
    92.85499999999999,
    96.34100000000001,
    97.352,
    96.854,
    95.84299999999999,
    93.85400000000001,
    93.852,
    94.844,
    92.85100000000001,
    94.35600000000001,
    92.34800000000001,
    94.338,
    95.85400000000001,
    95.34400000000001,
    96.353,
    95.337,
    95.853,
    95.852,
    94.33700000000002,
    91.844,
    94.33900000000001,
    94.32700000000001,
    96.861,
    96.35000000000001,
    96.357,
    92.352,
    93.85400000000001,
    96.853,
    92.85499999999999,
    96.853,
    94.848,
    96.358,
    92.85100000000001,
    95.34700000000001,
    94.85,
    93.84800000000001,
    94.347,
    95.33800000000001,
    94.852,
    94.355,
    91.346,
    93.85300000000001,
    94.85400000000001,
    95.34599999999999,
    96.843,
    96.348,
    91.338,
    93.33999999999999,
    92.34600000000002,
    96.334,
    95.854,
    96.835,
    93.345,
    94.843,
    94.83399999999999,
