{
  "complexity": 6,
  "alpha": 0.3,
  "gamma": 0.95,
  "epsilon": 0.3,
  "extra_passages": 1,
  "avg_rewards": [
    -119.27499999999961,
    4.413999999999932,
    32.17099999999996,
    61.87400000000004,
    55.05900000000005,
    63.280999999999985,
    66.776,
    73.929,
    74.96799999999999,
    86.13500000000002,
    85.08599999999998,
    88.70299999999999,
    83.724,
    86.23700000000001,
    84.66,
    89.71799999999999,
    90.77199999999999,
    93.84299999999999,
    87.772,
    91.33000000000001,
    89.323,
    89.308,
    95.83200000000001,
    88.269,
    88.81,
    92.333,
    90.34700000000001,
    89.317,
    91.32900000000001,
    93.83800000000001,
    95.86000000000001,
    93.356,
    89.857,
    92.846,
    92.33500000000001,
    90.848,
    90.838,
    90.336,
    90.856,
    93.345,
    92.858,
    95.846,
    89.342,
    88.326,
    91.82200000000002,
    92.84100000000001,
    93.817,
    94.83500000000001,
    87.81900000000002,
    90.336,
    91.83900000000001,
    92.83500000000001,
    92.851,
    89.345,
    93.35,
    91.84299999999999,
    89.33099999999999,
    91.36,
    93.85,
    93.34799999999998,
    92.846,
    93.84400000000001,
    93.846,
    93.351,
    94.351,
    91.84100000000001,
    94.34700000000001,
    91.837,
    95.34100000000002,
    95.35400000000001,
    95.86800000000001,
    90.84900000000002,
    93.83000000000001,
    92.828,
    97.35900000000001,
    92.86100000000002,
    90.852,
    91.82900000000001,
    94.84,
    93.35100000000001,
    92.349,
    95.34100000000001,
    92.33900000000001,
    94.36000000000001,
    90.83900000000001,
    89.33200000000002,
    94.845,
    92.845,
    89.33699999999999,
    91.83,
    90.33900000000001,
    88.833,
    92.85100000000001,
    92.84000000000002,
    88.84500000000001,
    95.34799999999998,
    94.286,
    90.857,
    91.84900000000002,
    95.85900000000001,
    93.84200000000001,
    93.357,
    93.349,
    92.35000000000001,
    90.354,
    87.84599999999999,
    91.84700000000001,
    94.34,
    87.24900000000001,
    91.33300000000001,
    94.843,
    88.839,
    93.352,
    93.35,
    91.84,
    88.843,
    94.348,
    92.845,
    88.832,
    91.844,
    95.356,
    94.345,
    89.841,
    93.85000000000001,
    89.333,
    93.358,
    93.857,
    88.357,
    88.288,
    90.33900000000001,
    91.31900000000002,
    94.352,
    92.85300000000001,
    90.852,
    93.353,
    97.35900000000001,
    91.84200000000001,
    91.345,
    94.365,
    92.34500000000001,
    94.35,
    91.338,
    95.85300000000001,
    94.83099999999999,
    91.84599999999999,
    90.35000000000001,
    93.845,
    92.342,
    91.36000000000001,
    91.834,
    94.333,
    89.845,
    90.83899999999998,
    95.363,
    92.35,
    93.84200000000001,
    92.34400000000001,
    91.84700000000001,
    91.35600000000001,
    94.84100000000001,
    87.33800000000001,
    90.837,
    94.861,
    91.84,
    93.35,
    91.32400000000001,
    92.84100000000001,
    93.35000000000001,
    93.851,
    89.846,
    90.857,
    90.857,
    91.853,
    91.33200000000001,
    94.861,
    93.863,
    93.841,
    93.35999999999999,
    95.348,
    93.843,
    95.35100000000001,
    94.361,
    91.363,
    96.84400000000001,
    92.854,
    88.84200000000001,
    94.348,
    93.85100000000001,
    94.835,
    94.849,
    92.845,
    92.35,
    92.842,
    94.36200000000001,
    94.84,
    93.328,
    89.851,
    92.83699999999999,
    93.86500000000001,
    92.81500000000001,
    90.849,
    89.83800000000001,
    93.35900000000001,
    94.352,
    92.843,
    93.85799999999999,
    92.33700000000002,
    89.82900000000001,
    93.84400000000001,
    90.839,
    96.34900000000002,
    93.34400000000001,
    94.35600000000001,
    90.345,
    95.354,
    94.84300000000002,
    91.82600000000002,
    93.34700000000001,
    92.83400000000002,
    94.35300000000001,
    90.352,
    91.32000000000001,
    87.83200000000001,
    92.338,
    93.33900000000001,
    92.33000000000001,
    93.353,
    82.33,
    93.846,
    92.33100000000002,
    93.36,
    93.85600000000002,
    93.349,
    91.854,
    93.36,
    90.34700000000001,
    93.341,
    93.84700000000001,
    92.352,
    91.84100000000001,
    93.327,
    89.85,
    93.822,
    91.346,
    89.83900000000001,
    93.852,
    92.34200000000001,
    90.33200000000002,
    91.36,
    93.363,
    88.841,
    88.831,
    91.34900000000002,
    95.352,
    93.85900000000001,
    92.328,
    94.855,
    88.83200000000001,
    93.322,
    94.34700000000001,
    89.845,
    92.836,
    93.833,
    93.348,
    88.84299999999999,
    95.357,
    94.851,
    93.33399999999999,
    92.33,
    89.83399999999999,
    88.33200000000001,
    92.36,
    91.35300000000002,
    92.825,
    90.348,
    90.85499999999999,
    92.82900000000001,
    93.347,
    91.833,
    94.34200000000001,
    94.852,
    93.367,
    92.30799999999999,
    89.299,
    87.348,
    91.84599999999999,
    94.83700000000002,
    92.85500000000002,
    94.333,
    90.32900000000002,
    90.34100000000001,
    92.84400000000001,
    93.83600000000001,
    95.349,
    92.838,
    89.84,
    95.854,
    92.34100000000001,
    93.82900000000001,
    94.346,
    94.34700000000001,
    95.35600000000001,
    89.32700000000001,
    91.33800000000001,
    92.823,
    91.852,
    95.349,
    94.348,
    96.86099999999999,
    93.33600000000001,
    89.336,
    92.346,
    90.83700000000002,
    94.34,
    94.845,
    92.85,
    91.355,
    90.846,
    92.842,
    94.35300000000001,
    92.327,
    91.841,
    91.33500000000001,
    92.848,
    85.849,
    94.33599999999998,
    92.33699999999999,
    94.343,
    91.331,
    94.361,
    96.86300000000001,
    94.34,
    92.85100000000001,
    94.35499999999999,
    91.345,
    92.851,
    93.847,
    95.339,
    92.335,
    91.826,
    87.34100000000001,
    93.35600000000001,
    89.81800000000001,
    94.846,
    90.833,
    92.85,
    92.846,
    91.837,
    93.35600000000001,
    91.349,
    94.853,
    90.862,
    87.846,
    94.34,
    93.82700000000001,
    96.34800000000001,
    87.84900000000002,
    93.352,
    95.856,
    90.83500000000001,
    94.834,
    93.35900000000001,
    94.35600000000001,
    94.34400000000001,
    91.342,
    95.37,
    87.83200000000002,
    91.338,
    96.857,
    95.356,
    92.84200000000001,
    90.83500000000001,
    93.36699999999999,
    92.33800000000001,
    95.332,
    91.34899999999998,
    92.352,
    92.84800000000001,
    95.84299999999999,
    93.339,
    93.345,
    94.34700000000001,
    94.834,
    90.83699999999999,
    93.849,
    92.85300000000001,
    92.34200000000001,
    95.84900000000002,
    93.841,
    93.85999999999999,
    94.85900000000001,
    91.351,
    96.358,
    92.372,
    88.819,
    87.84799999999998,
    95.841,
    89.338,
    90.84799999999998,
    93.355,
    92.86699999999999,
    95.34800000000001,
    92.85900000000001,
    94.34600000000002,
    91.35700000000001,
    94.33700000000002,
    92.83500000000001,
    92.362,
    92.85600000000001,
    94.85,
    93.85199999999999,
    91.846,
    93.36500000000001,
    93.83700000000002,
    94.345,
    91.83800000000001,
    94.84700000000001,
    93.85,
    94.85400000000001,
    91.352,
    87.82700000000001,
    93.84400000000001,
    92.365,
    90.35999999999999,
    91.84200000000001,
    91.355,
    89.85,
    93.861,
    88.852,
    92.80600000000001,
    91.352,
    93.84,
    94.834,
    94.343,
    90.848,
    91.848,
    93.33700000000002,
    90.33,
    90.82900000000001,
    93.322,
    90.83699999999999,
    92.34800000000001,
    95.845,
    93.34100000000001,
    95.34899999999999,
    93.34,
    94.357,
    93.33700000000002,
    92.36099999999999,
    90.84500000000001,
    92.853,
    90.85,
    92.329,
    93.84900000000002,
    95.346,
    95.83900000000001,
    90.858,
    93.83700000000002,
    90.84400000000001,
    95.344,
    91.85400000000001,
