{
  "complexity": 4,
  "alpha": 0.2,
  "gamma": 0.95,
  "epsilon": 0.3,
  "extra_passages": 3,
  "avg_rewards": [
    -146.23399999999916,
    28.608999999999885,
    44.35299999999994,
    37.64899999999991,
    54.397000000000006,
    71.20799999999994,
    67.408,
    75.83600000000001,
    83.584,
    75.423,
    80.583,
    78.57000000000002,
    83.648,
    85.176,
    87.16399999999999,
    88.207,
    91.23500000000001,
    88.76299999999999,
    92.271,
    90.74100000000001,
    88.63100000000001,
    89.71499999999999,
    88.818,
    88.75899999999999,
    96.82300000000002,
    93.32900000000001,
    94.316,
    92.83700000000002,
    86.793,
    90.32000000000001,
    94.836,
    90.82000000000001,
    94.83200000000001,
    91.83200000000002,
    93.337,
    93.325,
    89.326,
    88.33500000000001,
    93.837,
    93.344,
    90.84600000000002,
    92.331,
    93.345,
    90.329,
    94.82300000000001,
    93.337,
    92.83900000000001,
    91.85000000000001,
    90.84200000000001,
    95.84599999999999,
    90.327,
    95.34400000000002,
    91.32700000000003,
    91.84,
    91.346,
    93.34700000000001,
    92.83099999999999,
    90.34,
    87.818,
    91.826,
    94.83300000000001,
    90.34600000000002,
    89.838,
    97.34299999999999,
    93.826,
    94.34,
    92.32900000000001,
    92.82300000000001,
    92.33200000000001,
    93.83600000000001,
    91.841,
    91.33500000000001,
    91.83500000000001,
    89.82900000000001,
    94.34900000000002,
    90.831,
    86.84400000000001,
    89.82699999999998,
    94.344,
    93.833,
    92.845,
    93.84900000000002,
    94.32700000000001,
    94.84299999999999,
    92.83500000000001,
    94.83099999999999,
    86.334,
    93.838,
    94.32900000000002,
    94.83099999999999,
    96.33000000000001,
    93.84,
    92.31800000000001,
    90.85,
    95.33099999999999,
    91.843,
    91.84100000000001,
    92.34400000000001,
    94.821,
    91.811,
    94.33500000000001,
    96.83000000000001,
    93.35000000000001,
    93.836,
    91.33599999999998,
    94.82600000000001,
    94.34700000000001,
    94.82300000000001,
    90.821,
    92.32000000000001,
    93.82700000000001,
    93.351,
    88.30000000000001,
    90.829,
    91.34,
    91.333,
    89.82500000000002,
    93.83700000000002,
    93.84700000000001,
    92.828,
    86.354,
    89.828,
    95.832,
    94.35400000000001,
    89.833,
    92.34100000000002,
    92.342,
    92.82399999999998,
    94.351,
    91.82200000000002,
    88.849,
    90.339,
    94.34900000000002,
    93.85299999999998,
    93.84900000000002,
    91.851,
    93.83700000000002,
    93.84400000000001,
    93.334,
    93.32900000000001,
    90.324,
    90.338,
    95.328,
    90.34,
    88.82200000000002,
    93.35000000000001,
    92.30199999999999,
    92.33200000000001,
    92.81700000000001,
    92.32000000000001,
    93.34200000000001,
    91.83100000000002,
    93.348,
    96.843,
    94.843,
    92.319,
    88.32800000000002,
    89.341,
    92.85099999999998,
    94.83,
    93.85,
    89.825,
    93.35000000000001,
    93.34700000000001,
    93.83500000000001,
    93.344,
    89.35100000000001,
    93.33900000000001,
    92.83800000000001,
    89.84799999999998,
    90.342,
    92.83,
    91.842,
    92.35,
    90.84200000000001,
    92.84299999999999,
    93.345,
    90.30999999999999,
    96.334,
    97.359,
    96.315,
    94.34500000000001,
    94.35600000000001,
    87.32900000000001,
    94.336,
    95.337,
    93.33200000000001,
    90.84800000000001,
    91.309,
    91.34299999999999,
    93.333,
    95.34700000000001,
    93.845,
    93.34500000000001,
    92.852,
    92.852,
    87.338,
    94.833,
    92.827,
    96.33500000000001,
    94.33200000000001,
    90.32600000000001,
    93.81700000000001,
    93.339,
    94.33400000000002,
    89.336,
    92.34,
    91.33099999999999,
    93.355,
    95.329,
    91.857,
    89.345,
    93.85900000000001,
    94.331,
    93.855,
    95.34800000000001,
    94.35000000000001,
    92.816,
    95.352,
    96.33500000000001,
    95.85,
    90.834,
    90.345,
    91.852,
    88.852,
    92.34200000000001,
    94.333,
    91.85400000000001,
    89.34900000000002,
    94.345,
    92.834,
    88.351,
    95.347,
    91.845,
    90.839,
    93.839,
    95.35100000000001,
    94.84400000000002,
    93.83099999999999,
    94.84,
    92.85600000000001,
    91.83800000000001,
    91.828,
    93.32100000000001,
    91.33000000000001,
    95.82900000000001,
    89.328,
    93.33800000000001,
    93.321,
    92.33400000000002,
    94.829,
    92.809,
    97.35900000000001,
    93.343,
    89.337,
    94.84899999999999,
    94.84900000000002,
    96.82500000000002,
    87.838,
    88.31899999999999,
    94.329,
    95.85500000000002,
    94.34299999999999,
    90.343,
    92.343,
    93.83400000000002,
    93.84100000000001,
    93.35900000000001,
    93.33700000000002,
    92.35199999999999,
    89.318,
    92.84600000000002,
    93.84500000000001,
    89.334,
    92.84400000000001,
    95.35300000000001,
    89.82899999999998,
    92.343,
    88.84,
    92.34900000000002,
    93.799,
    91.845,
    92.33200000000001,
    89.83000000000001,
    90.333,
    92.341,
    93.84799999999998,
    93.34400000000001,
    92.32400000000001,
    90.337,
    90.336,
    90.33700000000002,
    92.34799999999998,
    93.826,
    88.834,
    90.83800000000001,
    94.358,
    93.336,
    91.831,
    93.34200000000001,
    90.83200000000002,
    88.345,
    90.839,
    92.33200000000001,
    90.33800000000001,
    93.33699999999999,
    95.33500000000001,
    94.34,
    90.326,
    93.34300000000002,
    93.28599999999999,
    94.321,
    90.33899999999998,
    91.352,
    93.337,
    89.351,
    88.847,
    91.82600000000001,
    89.829,
    94.34700000000001,
    91.841,
    94.827,
    93.84,
    92.82499999999999,
    94.837,
    92.82500000000002,
    94.35,
    93.344,
    91.34700000000001,
    89.333,
    93.34600000000002,
    91.358,
    89.83,
    92.83,
    92.328,
    92.34,
    94.355,
    88.83999999999999,
    90.348,
    88.33200000000002,
    94.32500000000002,
    94.332,
    93.83500000000001,
    89.351,
    95.35499999999999,
    91.83000000000001,
    88.833,
    93.344,
    95.34400000000001,
    96.324,
    93.83000000000001,
    89.84299999999999,
    90.33200000000001,
    94.34400000000001,
    91.844,
    92.81700000000001,
    88.33299999999998,
    93.341,
    92.82400000000001,
    91.834,
    91.82,
    88.33,
    92.84700000000001,
    92.317,
    88.33199999999998,
    86.32000000000001,
    92.82900000000001,
    88.83200000000001,
    93.32700000000001,
    91.32900000000001,
    89.352,
    90.84700000000001,
    88.81700000000002,
    94.856,
    94.34,
    91.34800000000001,
    90.33,
    93.35100000000001,
    92.849,
    93.31099999999999,
    94.346,
    93.81299999999999,
    89.34,
    90.357,
    91.33500000000001,
    95.344,
    95.846,
    91.84,
    95.33499999999998,
    90.84200000000001,
    95.352,
    92.33000000000001,
    94.84200000000001,
    94.845,
    90.85399999999998,
    95.347,
    95.83800000000001,
    90.819,
    89.842,
    93.84,
    91.84500000000001,
    95.34799999999998,
    91.823,
    95.842,
    93.355,
    93.342,
    96.83500000000001,
    91.341,
    95.82300000000001,
    94.846,
    94.328,
    92.31700000000001,
    94.34700000000001,
    88.32400000000001,
    94.34200000000001,
    87.34299999999999,
    94.845,
    93.33700000000002,
    90.84700000000001,
    88.84600000000002,
    94.337,
    93.349,
    93.349,
    93.85300000000001,
    89.84099999999998,
    92.34400000000002,
    93.837,
    96.845,
    93.845,
    93.34,
    94.852,
    92.33600000000001,
    91.85400000000001,
    88.339,
    91.82700000000001,
    94.34899999999999,
    95.84700000000001,
    93.348,
    93.837,
    92.837,
    93.84800000000001,
    92.82900000000001,
    95.34400000000001,
    90.33099999999999,
    92.837,
    92.845,
