{
  "complexity": 1,
  "alpha": 0.3,
  "gamma": 0.85,
  "epsilon": 0.2,
  "extra_passages": 6,
  "avg_rewards": [
    -101.25799999999931,
    67.20700000000002,
    83.21199999999999,
    87.90799999999999,
    85.26799999999999,
    82.881,
    84.494,
    93.49799999999999,
    91.62100000000001,
    94.64,
    92.562,
    95.204,
    94.25300000000001,
    95.27900000000001,
    94.25,
    93.78900000000002,
    94.19399999999999,
    96.804,
    95.80499999999999,
    94.80799999999999,
    97.346,
    97.84,
    95.33500000000001,
    96.854,
    96.86500000000001,
    96.85600000000001,
    99.872,
    97.34600000000002,
    97.362,
    94.35300000000001,
    97.361,
    97.358,
    98.367,
    95.36699999999999,
    94.859,
    95.872,
    94.858,
    93.37,
    95.875,
    97.36,
    96.357,
    95.858,
    98.869,
    96.86600000000001,
    94.362,
    99.367,
    97.86,
    98.866,
    94.86000000000001,
    94.872,
    97.87,
    97.36500000000001,
    96.872,
    97.861,
    96.874,
    97.348,
    97.874,
    96.363,
    93.87899999999999,
    97.35300000000001,
    95.35499999999999,
    95.874,
    96.375,
    98.86300000000001,
    94.86800000000001,
    94.861,
    97.383,
    98.87899999999999,
    95.87100000000001,
    97.364,
    98.36300000000001,
    98.369,
    98.865,
    93.833,
    97.377,
    96.36,
    97.853,
    97.34599999999999,
    97.872,
    97.362,
    96.88399999999999,
    98.363,
    95.361,
    95.856,
    97.869,
    94.86,
    94.376,
    95.365,
    92.872,
    94.85,
    96.85300000000001,
    96.36500000000001,
    95.86500000000001,
    97.867,
    96.362,
    98.869,
    97.358,
    97.375,
    98.362,
    96.869,
    98.88499999999999,
    97.355,
    94.363,
    96.864,
    98.355,
    95.85499999999999,
    95.84299999999999,
    96.376,
    97.365,
    97.85800000000002,
    97.369,
    96.358,
    96.36500000000001,
    93.361,
    99.36,
    96.354,
    97.336,
    95.857,
    98.876,
    97.376,
    95.374,
    96.869,
    96.869,
    96.87199999999999,
    97.858,
    94.846,
    96.87,
    96.368,
    94.85900000000001,
    96.877,
    94.85600000000001,
    95.858,
    96.874,
    96.85900000000001,
    95.86,
    97.862,
    95.35400000000001,
    97.36300000000001,
    93.86800000000001,
    97.86,
    98.36599999999999,
    98.362,
    97.364,
    97.36,
    95.362,
    95.35400000000001,
    94.876,
    94.869,
    96.872,
    97.373,
    96.856,
    97.377,
    96.88,
    95.87100000000001,
    95.35400000000001,
    96.864,
    97.85499999999999,
    93.363,
    95.364,
    98.363,
    94.377,
    96.86600000000001,
    96.861,
    94.873,
    96.371,
    95.87899999999999,
    97.861,
    97.36999999999999,
    98.36300000000001,
    95.867,
    98.859,
    94.36500000000001,
    97.352,
    94.35100000000003,
    96.862,
    94.36200000000001,
    96.373,
    94.851,
    97.86800000000001,
    93.875,
    96.35799999999999,
    97.36500000000001,
    96.87100000000001,
    95.854,
    96.36699999999999,
    97.367,
    96.864,
    96.85900000000001,
    96.855,
    96.32500000000002,
    96.864,
    96.35900000000001,
    95.867,
    96.371,
    96.369,
    97.363,
    97.364,
    97.367,
    97.87,
    96.85999999999999,
    95.86800000000001,
    93.84799999999998,
    98.372,
    96.861,
    98.872,
    94.848,
    96.37100000000001,
    96.864,
    96.36100000000002,
    97.35400000000001,
    95.367,
    96.857,
    94.857,
    96.362,
    97.352,
    97.869,
    92.862,
    95.873,
    93.85900000000001,
    96.85800000000002,
    96.362,
    98.373,
    94.872,
    96.864,
    97.86999999999999,
    98.87100000000001,
    97.852,
    96.36,
    96.355,
    96.364,
    97.372,
    97.35800000000002,
    97.369,
    98.87100000000001,
    98.358,
    95.872,
    97.367,
    96.864,
    95.376,
    96.874,
    97.35600000000001,
    94.866,
    97.85799999999999,
    96.35400000000001,
    97.37,
    96.863,
    99.35999999999999,
    96.86600000000001,
    96.367,
    95.873,
    98.86200000000001,
    95.374,
    95.855,
    95.862,
    98.37,
    96.86500000000001,
    95.85900000000001,
    96.853,
    96.869,
    95.869,
    95.358,
    97.36800000000001,
    96.375,
    96.862,
    96.85,
    97.357,
    94.365,
    93.86000000000001,
    97.36600000000001,
    96.364,
    96.874,
    96.348,
    94.85900000000001,
    96.87,
    97.377,
    97.352,
    97.864,
    97.364,
    95.864,
    96.367,
    98.85900000000001,
    99.365,
    97.85399999999998,
    99.351,
    97.35600000000001,
    95.375,
    98.36300000000001,
    98.35900000000001,
    96.364,
    95.35900000000001,
    95.36200000000001,
    95.35900000000001,
    97.36000000000001,
    98.36500000000001,
    98.361,
    96.361,
    98.38,
    92.369,
    94.361,
    96.36600000000001,
    94.366,
    96.87100000000001,
    98.879,
    96.364,
    96.366,
    97.87,
    98.374,
    95.35600000000001,
    96.36300000000001,
    96.364,
    97.366,
    92.869,
    96.865,
    96.86300000000001,
    97.362,
    97.86800000000001,
    97.86699999999999,
    96.361,
    94.874,
    97.86299999999999,
    92.857,
    97.378,
    95.36500000000001,
    96.872,
    96.86200000000001,
    95.858,
    95.358,
    97.869,
    95.868,
    96.852,
    97.369,
    97.86500000000001,
    95.86999999999999,
    96.867,
    98.35000000000001,
    96.85100000000001,
    96.361,
    97.375,
    94.86099999999999,
    97.365,
    97.876,
    95.37899999999999,
    95.874,
    95.85900000000001,
    96.36,
    94.85300000000001,
    93.864,
    96.37,
    95.37,
    98.37100000000001,
    95.86,
    93.863,
    94.35900000000001,
    95.37100000000001,
    97.862,
    94.36999999999999,
    97.87,
    96.872,
    96.85900000000001,
    95.36300000000001,
    95.367,
    96.865,
    97.368,
    95.863,
    96.365,
    97.87,
    96.358,
    94.87100000000001,
    95.86300000000001,
    96.36300000000001,
    97.873,
    96.35600000000001,
    98.373,
    93.877,
    98.873,
    98.86699999999999,
    96.36200000000001,
    96.86999999999999,
    97.36,
    94.354,
    94.86800000000001,
    95.37899999999999,
    95.85,
    98.363,
    98.37,
    97.86,
    94.854,
    97.364,
    95.37100000000001,
    95.36500000000001,
    96.862,
    97.872,
    98.36600000000001,
    96.364,
    95.873,
    94.85800000000002,
    95.864,
    93.864,
    97.38,
    98.863,
    91.364,
    96.873,
    97.35999999999999,
    96.86600000000001,
    97.36,
    98.86699999999999,
    95.372,
    95.878,
    98.37899999999999,
    98.372,
    96.357,
    96.35799999999999,
    96.872,
    96.84700000000001,
    97.364,
    98.369,
    95.87199999999999,
    95.86200000000001,
    97.35100000000001,
    97.35900000000001,
    92.369,
    96.37,
    96.363,
    97.369,
    96.36600000000001,
    97.864,
    95.358,
    94.87100000000001,
    98.88,
    95.37100000000001,
    97.84899999999999,
    97.86800000000001,
    95.85900000000001,
    97.374,
    93.86200000000001,
    97.87,
    95.36,
    97.36200000000001,
    96.861,
    97.372,
    95.869,
    98.37100000000001,
    97.877,
    95.363,
    96.37299999999999,
    92.864,
    96.364,
    95.36000000000001,
    95.36500000000001,
    96.86800000000001,
    96.869,
    97.35600000000001,
    94.84599999999999,
    98.37100000000001,
    97.35700000000001,
    96.858,
    94.84700000000001,
    98.336,
    96.38199999999999,
    92.86200000000001,
    94.357,
    96.87,
    97.35900000000001,
    98.367,
    97.857,
    94.36,
    94.361,
    95.86699999999999,
    94.37100000000001,
    95.85600000000001,
    97.36999999999999,
    92.861,
    97.352,
    95.36600000000001,
    97.361,
    96.869,
    94.873,
    98.36000000000001,
    95.373,
    96.372,
    96.376,
    98.35900000000001,
    97.853,
    96.367,
    98.355,
    95.364,
    94.86800000000001,
    97.35900000000001,
    96.866,
    96.373,
    96.369,
    97.372,
    96.345,
    96.861,
    96.361,
    94.355,
    96.365,
