{
  "complexity": 6,
  "alpha": 0.3,
  "gamma": 0.9,
  "epsilon": 0.2,
  "extra_passages": 1,
  "avg_rewards": [
    -104.30799999999945,
    26.93699999999992,
    49.85799999999999,
    58.242999999999995,
    72.00399999999999,
    75.10400000000001,
    82.439,
    77.275,
    88.036,
    89.606,
    91.10299999999998,
    86.207,
    88.713,
    95.3,
    90.66399999999999,
    92.80099999999999,
    95.77900000000001,
    95.821,
    94.313,
    94.343,
    93.354,
    92.28,
    93.35,
    94.84700000000001,
    96.344,
    94.83200000000001,
    95.859,
    94.863,
    95.356,
    97.366,
    95.85,
    92.326,
    95.85500000000002,
    93.853,
    94.321,
    95.353,
    95.857,
    91.864,
    94.844,
    93.34700000000001,
    95.85600000000001,
    93.362,
    93.353,
    95.854,
    96.356,
    95.34400000000001,
    94.35900000000001,
    94.85600000000001,
    93.362,
    95.85299999999998,
    93.84600000000002,
    94.35600000000001,
    95.861,
    93.845,
    95.365,
    91.33500000000001,
    95.852,
    94.84700000000001,
    95.865,
    93.355,
    96.35600000000001,
    94.852,
    95.35000000000001,
    96.345,
    96.35600000000001,
    93.86,
    92.352,
    96.84,
    95.83399999999999,
    94.35,
    94.343,
    97.364,
    97.85699999999999,
    94.86800000000001,
    93.86200000000001,
    94.84500000000001,
    95.33800000000001,
    94.35600000000001,
    94.85499999999999,
    96.85100000000001,
    93.849,
    94.35900000000001,
    95.35799999999999,
    94.36300000000001,
    95.348,
    93.352,
    91.857,
    95.85600000000002,
    96.861,
    94.85,
    95.852,
    93.34299999999999,
    92.367,
    91.83399999999999,
    91.35400000000001,
    93.85500000000002,
    93.85000000000002,
    95.858,
    96.853,
    96.36399999999999,
    93.86099999999999,
    93.863,
    92.352,
    95.86800000000001,
    91.84700000000001,
    89.851,
    95.84300000000002,
    94.33900000000001,
    96.862,
    94.86100000000002,
    92.82900000000002,
    97.85600000000002,
    95.35799999999999,
    96.85900000000001,
    95.849,
    96.348,
    97.35000000000001,
    95.346,
    94.843,
    96.84700000000001,
    93.34599999999999,
    92.34,
    94.355,
    97.35400000000001,
    92.848,
    98.35900000000001,
    95.362,
    94.35900000000001,
    94.35000000000001,
    93.849,
    94.369,
    94.36,
    97.859,
    96.84800000000001,
    95.83999999999999,
    93.84800000000001,
    95.36699999999999,
    95.85,
    96.36099999999999,
    93.35300000000002,
    96.851,
    94.858,
    94.354,
    97.354,
    93.858,
    92.341,
    93.855,
    97.856,
    97.35,
    95.35,
    93.85600000000001,
    94.354,
    94.853,
    94.854,
    95.351,
    94.35099999999998,
    94.363,
    98.346,
    96.85300000000002,
    93.354,
    93.35600000000001,
    96.36600000000001,
    95.857,
    94.836,
    94.85600000000001,
    95.85300000000001,
    97.85100000000001,
    93.84700000000001,
    94.84,
    96.35799999999999,
    91.34299999999999,
    96.856,
    95.864,
    94.34400000000002,
    94.349,
    94.838,
    94.357,
    92.858,
    94.321,
    90.857,
    94.361,
    95.843,
    92.854,
    96.349,
    93.84200000000001,
    94.356,
    96.356,
    94.865,
    95.857,
    95.85000000000001,
    93.838,
    94.85499999999999,
    93.862,
    95.85400000000001,
    96.863,
    95.36699999999999,
    95.86200000000001,
    92.34700000000001,
    96.839,
    92.85199999999999,
    93.85,
    95.34100000000001,
    92.845,
    95.361,
    97.34299999999999,
    94.856,
    96.34100000000001,
    93.34300000000002,
    97.858,
    95.86100000000002,
    93.35400000000001,
    94.845,
    93.34800000000001,
    95.84299999999999,
    94.85,
    93.345,
    93.349,
    97.35,
    95.85900000000001,
    95.85300000000001,
    98.352,
    95.85400000000001,
    93.86300000000001,
    92.368,
    93.364,
    95.349,
    96.35800000000002,
    94.837,
    96.842,
    93.351,
    95.361,
    94.862,
    95.845,
    96.84400000000001,
    94.354,
    91.35100000000001,
    92.34599999999999,
    92.351,
    94.352,
    95.833,
    95.857,
    94.85199999999999,
    97.357,
    92.85299999999998,
    96.36000000000001,
    92.35,
    94.355,
    93.848,
    92.866,
    94.85600000000001,
    96.837,
    94.858,
    96.35499999999999,
    93.36100000000002,
    93.851,
    92.34,
    93.84300000000002,
    94.35000000000001,
    96.353,
    94.35400000000001,
    94.861,
    95.35,
    97.34700000000001,
    94.84400000000001,
    97.852,
    97.355,
    94.349,
    95.34800000000001,
    95.85300000000001,
    93.34400000000002,
    94.34400000000001,
    94.34900000000002,
    95.355,
    92.30100000000002,
    93.357,
    95.84599999999999,
    94.861,
    94.35400000000001,
    95.35700000000001,
    91.33,
    91.35,
    96.869,
    95.35700000000001,
    95.85900000000001,
    96.85499999999999,
    91.849,
    93.355,
    93.35,
    93.35300000000001,
    97.362,
    95.828,
    93.862,
    95.35300000000001,
    94.84700000000001,
    94.35700000000001,
    95.86,
    97.355,
    97.86200000000001,
    95.35100000000001,
    93.36300000000001,
    92.35200000000002,
    94.852,
    90.84100000000001,
    94.349,
    96.358,
    95.35600000000001,
    90.34800000000001,
    94.35900000000001,
    97.357,
    96.858,
    96.353,
    94.855,
    94.846,
    95.35499999999999,
    95.849,
    96.35900000000001,
    93.84400000000001,
    94.35100000000001,
    95.857,
    97.367,
    95.352,
    96.85700000000001,
    95.86600000000001,
    96.351,
    96.35800000000002,
    94.85199999999999,
    95.848,
    95.854,
    93.86,
    95.36600000000001,
    92.845,
    94.37100000000001,
    94.84400000000001,
    95.36100000000002,
    94.36100000000002,
    93.864,
    97.862,
    96.356,
    94.862,
    94.85,
    91.852,
    90.356,
    94.36699999999999,
    96.844,
    94.343,
    92.853,
    94.85499999999999,
    93.846,
    92.843,
    93.81700000000001,
    95.345,
    97.34800000000001,
    94.86100000000002,
    93.357,
    96.346,
    93.348,
    95.84299999999999,
    93.854,
    95.84700000000001,
    96.355,
    96.35100000000001,
    93.345,
    93.849,
    94.861,
    94.863,
    95.857,
    96.35400000000001,
    92.35600000000001,
    97.85300000000002,
    94.852,
    94.857,
    94.35,
    91.85,
    93.84,
    91.85100000000003,
    98.363,
    92.359,
    96.852,
    93.842,
    93.858,
    95.35999999999999,
    92.84900000000002,
    97.357,
    94.36000000000001,
    97.368,
    93.857,
    98.36099999999999,
    95.86,
    93.84700000000001,
    95.338,
    93.36,
    95.34700000000001,
    95.85,
    97.854,
    96.864,
    96.35999999999999,
    94.35900000000001,
    95.85000000000001,
    95.341,
    96.36100000000002,
    93.363,
    94.85499999999999,
    97.36099999999999,
    93.863,
    96.862,
    96.86800000000001,
    97.36,
    94.853,
    94.85499999999999,
    94.855,
    93.842,
    94.36300000000001,
    95.34200000000001,
    93.34599999999999,
    96.85,
    94.854,
    96.352,
    93.36500000000001,
    96.854,
    93.331,
    93.857,
    93.348,
    98.35000000000001,
    95.837,
    96.845,
    95.343,
    96.346,
    96.353,
    94.846,
    95.35600000000001,
    93.866,
    94.351,
    93.858,
    94.85100000000001,
    95.862,
    97.36699999999999,
    94.35499999999999,
    95.849,
    94.84599999999999,
    97.35400000000001,
    94.349,
    95.35300000000002,
    93.865,
    93.35900000000001,
    94.86100000000002,
    92.34400000000002,
    93.853,
    96.34800000000001,
    96.361,
    92.354,
    95.846,
    94.355,
    94.84599999999999,
    96.362,
    95.35900000000001,
    96.85499999999999,
    94.363,
    96.35300000000001,
    96.348,
    95.85400000000001,
    97.85100000000001,
    92.35300000000002,
    96.84,
    94.35600000000001,
    95.34700000000001,
    94.352,
    94.36300000000001,
    93.84400000000001,
    93.35400000000001,
    96.85900000000001,
