{
  "complexity": 2,
  "alpha": 0.1,
  "gamma": 0.9,
  "epsilon": 0.2,
  "extra_passages": 5,
  "avg_rewards": [
    -109.66199999999928,
    44.525999999999925,
    47.14599999999989,
    64.60500000000002,
    76.35299999999998,
    77.48099999999998,
    80.19200000000001,
    82.83499999999998,
    92.594,
    91.066,
    89.457,
    89.532,
    92.125,
    87.59899999999998,
    94.25,
    91.144,
    90.19700000000002,
    95.749,
    91.208,
    95.268,
    89.656,
    96.24600000000001,
    94.30199999999999,
    96.292,
    95.766,
    93.76599999999999,
    93.78200000000001,
    94.321,
    93.781,
    92.76700000000001,
    95.81400000000001,
    97.827,
    96.28800000000001,
    96.845,
    94.82499999999997,
    97.346,
    95.35300000000001,
    96.33,
    95.85499999999999,
    94.357,
    95.83900000000001,
    95.855,
    98.357,
    97.83500000000001,
    95.35600000000001,
    97.352,
    97.861,
    96.85400000000001,
    96.35800000000002,
    96.374,
    94.851,
    96.367,
    99.36800000000001,
    96.86300000000001,
    93.352,
    95.85900000000001,
    96.38,
    95.87,
    95.378,
    97.871,
    96.372,
    96.87100000000001,
    93.365,
    94.87699999999998,
    97.37199999999999,
    97.374,
    95.367,
    96.36699999999999,
    97.351,
    96.869,
    95.85900000000001,
    94.86100000000002,
    98.37899999999999,
    97.378,
    95.875,
    93.873,
    96.872,
    95.869,
    98.369,
    94.87,
    96.35199999999999,
    97.87,
    94.85600000000001,
    96.855,
    96.364,
    96.373,
    93.367,
    95.35900000000001,
    96.369,
    97.36500000000001,
    96.877,
    93.849,
    97.873,
    95.864,
    95.868,
    95.863,
    97.85499999999999,
    96.875,
    96.372,
    96.88,
    95.37100000000001,
    97.36,
    95.88499999999999,
    94.87100000000001,
    94.875,
    97.877,
    95.367,
    93.365,
    96.85799999999999,
    95.85900000000001,
    96.372,
    96.375,
    95.36600000000001,
    97.376,
    91.866,
    97.375,
    96.36200000000001,
    96.36000000000001,
    96.372,
    95.36800000000001,
    97.37,
    96.354,
    97.369,
    95.87,
    94.857,
    96.36699999999999,
    98.85600000000001,
    97.36500000000001,
    95.35900000000001,
    91.864,
    97.369,
    96.36999999999999,
    93.88,
    96.377,
    96.863,
    93.86100000000002,
    94.36500000000001,
    98.86999999999999,
    96.37,
    90.862,
    90.852,
    92.345,
    96.366,
    95.875,
    94.86100000000002,
    96.35300000000001,
    96.374,
    98.369,
    97.84899999999999,
    95.358,
    96.37100000000001,
    95.86300000000001,
    97.864,
    96.34400000000002,
    96.375,
    97.377,
    96.36800000000001,
    94.856,
    94.85,
    94.873,
    96.85500000000002,
    96.878,
    97.86600000000001,
    96.362,
    95.855,
    95.36500000000001,
    97.877,
    96.86200000000001,
    96.87,
    95.855,
    93.361,
    96.369,
    93.85,
    97.369,
    97.867,
    93.362,
    96.871,
    96.864,
    95.353,
    95.865,
    96.85900000000001,
    97.874,
    99.88699999999999,
    98.355,
    97.38199999999999,
    97.86399999999999,
    97.36800000000001,
    97.36500000000001,
    96.369,
    95.867,
    97.369,
    94.368,
    95.87,
    97.86800000000001,
    97.843,
    98.368,
    96.86300000000001,
    98.36000000000001,
    97.86600000000001,
    97.85600000000001,
    96.363,
    95.356,
    96.367,
    96.373,
    95.86800000000001,
    95.873,
    96.86800000000001,
    95.873,
    93.84800000000001,
    95.362,
    96.86300000000001,
    95.866,
    98.862,
    94.36300000000001,
    96.873,
    94.866,
    96.369,
    97.37,
    96.869,
    97.352,
    95.85400000000001,
    96.36699999999999,
    93.864,
    96.35500000000002,
    95.87,
    97.88199999999999,
    96.86600000000001,
    96.35600000000001,
    97.362,
    96.367,
    93.862,
    96.36200000000001,
    97.875,
    95.36600000000001,
    96.376,
    97.866,
    97.36999999999999,
    96.369,
    95.877,
    97.859,
    95.867,
    94.85499999999999,
    94.86800000000001,
    93.857,
    97.86699999999999,
    97.36699999999999,
    99.863,
    96.85400000000001,
    95.36800000000001,
    97.35600000000001,
    96.362,
    95.864,
    96.352,
    95.867,
    94.37,
    93.36200000000001,
    94.36200000000001,
    96.36500000000001,
    95.856,
    96.87,
    96.356,
    95.359,
    96.36699999999999,
    98.36300000000001,
    96.37,
    96.875,
    93.874,
    98.37100000000001,
    95.865,
    94.856,
    95.359,
    96.35999999999999,
    94.872,
    97.85300000000001,
    93.358,
    95.862,
    94.36800000000001,
    95.87,
    95.364,
    95.86399999999999,
    96.36,
    96.86,
    96.364,
    95.35799999999999,
    93.365,
    92.874,
    96.864,
    97.858,
    94.876,
    97.363,
    95.85900000000001,
    97.85900000000001,
    96.86999999999999,
    94.36,
    96.374,
    98.86299999999999,
    95.873,
    95.373,
    96.86,
    96.35600000000001,
    96.367,
    97.86800000000001,
    96.861,
    95.36600000000001,
    96.374,
    98.868,
    96.354,
    95.363,
    97.375,
    96.368,
    93.86500000000001,
    96.361,
    95.867,
    92.36300000000001,
    97.866,
    95.864,
    93.864,
    96.362,
    96.373,
    95.84899999999999,
    97.86,
    97.362,
    94.34700000000001,
    95.847,
    92.35800000000002,
    97.365,
    95.863,
    96.878,
    96.36,
    96.383,
    96.86699999999999,
    98.367,
    97.846,
    96.36600000000001,
    94.85100000000001,
    95.374,
    93.869,
    96.355,
    98.362,
    96.875,
    94.86500000000001,
    96.355,
    97.364,
    96.372,
    93.857,
    96.36300000000001,
    97.36699999999999,
    97.369,
    95.875,
    95.86099999999999,
    96.867,
    97.87100000000001,
    97.373,
    96.352,
    95.881,
    95.876,
    96.863,
    95.877,
    95.35900000000001,
    96.873,
    94.866,
    96.35900000000001,
    95.86300000000001,
    96.86500000000001,
    93.85800000000002,
    94.367,
    96.87100000000001,
    93.84800000000001,
    96.372,
    95.84899999999999,
    95.35600000000001,
    97.35900000000001,
    96.874,
    99.36800000000001,
    96.85600000000001,
    94.372,
    98.362,
    96.369,
    96.86800000000001,
    95.869,
    96.874,
    97.354,
    94.349,
    94.864,
    97.867,
    95.85900000000001,
    95.858,
    97.36800000000001,
    96.858,
    97.37,
    96.86000000000001,
    96.87,
    95.855,
    96.36800000000001,
    95.862,
    96.86800000000001,
    97.862,
    96.37100000000001,
    96.36800000000001,
    93.35400000000001,
    97.863,
    94.36100000000002,
    94.864,
    95.36000000000001,
    96.365,
    98.376,
    94.867,
    93.35900000000001,
    95.365,
    96.375,
    95.858,
    97.376,
    95.872,
    91.834,
    95.364,
    95.366,
    95.866,
    96.869,
    97.877,
    95.36,
    95.866,
    94.85700000000001,
    97.875,
    98.857,
    94.87100000000001,
    95.36500000000001,
    96.866,
    94.86500000000001,
    95.364,
    96.867,
    95.372,
    95.86299999999999,
    95.36500000000001,
    95.36099999999999,
    96.86300000000001,
    92.349,
    95.362,
    94.36800000000001,
    95.86100000000002,
    96.87499999999999,
    94.35900000000001,
    96.865,
    93.85700000000001,
    94.872,
    94.35199999999999,
    95.362,
    95.339,
    94.87100000000001,
    97.37899999999999,
    94.362,
    97.865,
    96.35400000000001,
    97.875,
    96.37100000000001,
    95.362,
    92.373,
    95.864,
    96.364,
    95.36800000000001,
    97.87100000000001,
    96.875,
    96.373,
    95.364,
    97.364,
    94.869,
    94.862,
    95.372,
    96.372,
    97.36500000000001,
    96.36200000000001,
    94.358,
    94.36600000000001,
    95.369,
    93.86800000000001,
    97.876,
    95.868,
    96.36600000000001,
    96.865,
    96.35900000000001,
    95.377,
    96.86,
    96.369,
    95.36300000000001,
    94.36599999999999,
    92.35600000000001,
    95.872,
    95.362,
    96.367,
    97.877,
    95.85600000000001,
