{
  "complexity": 3,
  "alpha": 0.1,
  "gamma": 0.9,
  "epsilon": 0.2,
  "extra_passages": 4,
  "avg_rewards": [
    -82.27899999999961,
    10.789999999999822,
    60.381999999999984,
    68.25599999999994,
    71.25299999999999,
    73.10299999999998,
    86.40599999999998,
    75.27799999999999,
    86.44699999999997,
    89.45400000000002,
    84.43399999999997,
    88.506,
    89.508,
    93.199,
    84.025,
    95.21100000000003,
    92.671,
    88.134,
    96.24200000000002,
    95.19200000000001,
    92.775,
    94.261,
    95.215,
    94.274,
    92.29999999999998,
    92.744,
    95.30000000000001,
    95.77600000000002,
    93.234,
    95.33500000000001,
    95.80200000000002,
    93.813,
    95.329,
    97.806,
    97.822,
    98.355,
    94.822,
    96.85,
    96.83,
    92.84,
    95.845,
    97.351,
    93.824,
    98.351,
    94.85499999999999,
    92.75999999999999,
    97.849,
    97.83399999999999,
    95.84400000000001,
    97.362,
    98.372,
    95.86600000000001,
    96.86,
    96.86,
    95.86800000000001,
    97.357,
    95.862,
    98.366,
    95.866,
    95.358,
    96.36200000000001,
    96.848,
    94.855,
    97.374,
    95.867,
    95.87,
    95.36600000000001,
    98.872,
    94.872,
    98.861,
    94.85799999999999,
    97.86600000000001,
    96.877,
    93.865,
    98.377,
    96.35900000000001,
    95.848,
    95.369,
    96.86500000000001,
    97.85600000000001,
    95.364,
    95.862,
    98.37899999999999,
    96.87100000000001,
    96.357,
    96.36500000000001,
    96.86699999999999,
    99.37,
    95.86500000000001,
    96.36800000000001,
    98.361,
    94.869,
    97.867,
    97.369,
    98.373,
    95.36,
    97.364,
    97.364,
    94.872,
    98.369,
    96.369,
    95.868,
    92.87,
    94.36300000000001,
    95.35400000000001,
    95.364,
    93.86099999999999,
    93.86100000000002,
    96.35499999999999,
    94.84700000000001,
    94.86699999999999,
    96.86699999999999,
    95.85100000000001,
    95.84700000000001,
    97.36000000000001,
    98.372,
    98.364,
    96.865,
    96.37899999999999,
    96.863,
    95.85300000000001,
    98.864,
    97.857,
    96.369,
    95.354,
    96.361,
    95.363,
    97.874,
    97.869,
    97.864,
    94.85900000000001,
    92.865,
    97.36,
    95.367,
    94.87,
    97.373,
    96.375,
    93.86800000000001,
    96.86600000000001,
    95.86699999999999,
    97.852,
    94.861,
    95.875,
    95.87700000000001,
    94.87,
    98.867,
    98.36500000000001,
    95.369,
    95.368,
    96.36500000000001,
    94.87100000000001,
    96.877,
    98.867,
    98.37100000000001,
    98.37899999999999,
    97.36999999999999,
    95.36600000000001,
    96.861,
    96.878,
    94.872,
    98.86699999999999,
    96.858,
    95.869,
    95.87,
    95.366,
    94.35100000000001,
    94.86100000000002,
    96.85800000000002,
    97.88199999999999,
    96.362,
    96.86800000000001,
    95.86699999999999,
    96.874,
    95.86500000000001,
    97.86600000000001,
    95.85900000000001,
    96.36999999999999,
    95.375,
    96.869,
    97.361,
    95.876,
    97.36800000000001,
    96.869,
    97.35,
    97.85400000000001,
    98.374,
    94.87100000000001,
    96.864,
    96.35900000000001,
    97.361,
    97.37899999999999,
    95.34500000000001,
    96.86200000000001,
    97.378,
    97.36299999999999,
    98.35700000000001,
    92.857,
    96.36600000000001,
    97.857,
    96.86500000000001,
    97.86,
    97.354,
    99.357,
    97.86600000000001,
    96.362,
    95.852,
    98.34400000000001,
    98.874,
    97.349,
    96.35600000000001,
    97.367,
    95.85900000000001,
    95.857,
    96.369,
    97.365,
    97.35900000000001,
    93.35400000000001,
    94.857,
    97.37,
    96.85799999999999,
    93.856,
    97.37100000000001,
    96.361,
    96.365,
    97.862,
    95.36200000000001,
    96.857,
    96.377,
    97.35900000000001,
    96.864,
    99.374,
    96.864,
    96.872,
    95.867,
    95.87,
    94.366,
    96.848,
    96.87,
    96.86100000000002,
    96.361,
    98.86800000000001,
    97.347,
    97.86800000000001,
    94.85499999999999,
    95.35100000000001,
    97.358,
    97.358,
    98.869,
    95.373,
    96.872,
    98.36600000000001,
    94.86200000000001,
    95.85600000000001,
    95.36100000000002,
    96.346,
    96.861,
    96.85300000000001,
    97.36800000000001,
    94.36699999999999,
    95.36,
    93.877,
    94.867,
    98.345,
    93.86300000000001,
    97.877,
    95.865,
    95.86500000000001,
    97.374,
    98.846,
    97.373,
    96.374,
    96.373,
    96.352,
    95.86200000000001,
    97.874,
    98.361,
    97.869,
    97.366,
    95.85600000000001,
    98.369,
    95.867,
    96.873,
    97.377,
    98.36499999999998,
    94.36500000000001,
    97.36200000000001,
    96.369,
    96.369,
    95.36200000000001,
    97.359,
    97.35600000000001,
    97.376,
    96.369,
    94.375,
    95.364,
    98.372,
    96.36599999999999,
    95.86,
    97.36500000000001,
    95.372,
    96.36600000000001,
    97.377,
    98.37100000000001,
    95.37100000000001,
    98.367,
    97.866,
    94.363,
    95.367,
    95.38,
    92.87100000000001,
    96.376,
    94.863,
    98.85600000000001,
    93.857,
    97.86100000000002,
    97.862,
    95.85400000000001,
    96.875,
    96.866,
    96.36500000000001,
    97.373,
    93.36200000000001,
    97.854,
    96.86100000000002,
    95.85900000000001,
    96.869,
    94.85900000000001,
    95.374,
    96.86600000000001,
    96.876,
    95.856,
    97.877,
    96.85900000000001,
    97.36,
    97.35600000000001,
    98.359,
    94.852,
    92.86300000000001,
    95.361,
    94.867,
    96.373,
    95.868,
    97.87899999999999,
    96.365,
    95.355,
    97.855,
    95.865,
    96.85500000000002,
    96.372,
    96.854,
    96.36000000000001,
    93.357,
    94.372,
    96.87100000000001,
    96.34700000000001,
    97.364,
    95.862,
    97.87100000000001,
    93.36,
    95.86100000000002,
    98.87,
    97.36500000000001,
    96.86600000000001,
    95.875,
    93.367,
    96.869,
    96.86,
    95.852,
    97.36,
    96.36699999999999,
    97.357,
    96.86300000000001,
    96.36099999999999,
    97.35900000000001,
    97.369,
    97.864,
    96.35600000000001,
    96.36500000000001,
    96.85900000000001,
    92.87100000000001,
    97.88,
    95.351,
    96.87,
    95.881,
    96.861,
    96.378,
    94.851,
    95.35799999999999,
    94.363,
    97.86,
    96.367,
    96.878,
    96.87299999999999,
    96.85700000000001,
    95.36000000000001,
    96.876,
    95.85,
    98.35799999999999,
    95.86699999999999,
    96.36999999999999,
    93.857,
    98.864,
    95.866,
    97.872,
    98.357,
    97.364,
    96.877,
    96.364,
    97.35900000000001,
    95.372,
    94.37100000000001,
    96.86200000000001,
    93.86500000000001,
    94.85900000000001,
    95.867,
    97.873,
    96.864,
    94.86200000000001,
    97.863,
    94.869,
    98.364,
    95.36800000000001,
    97.86999999999999,
    91.855,
    94.375,
    97.376,
    95.86200000000001,
    97.373,
    97.873,
    96.36999999999999,
    95.36600000000001,
    97.364,
    97.867,
    96.852,
    95.365,
    96.862,
    98.357,
    95.84900000000002,
    97.369,
    94.852,
    94.861,
    96.866,
    97.85799999999999,
    98.873,
    97.373,
    95.35100000000001,
    98.369,
    97.376,
    97.867,
    98.35600000000002,
    99.854,
    96.35499999999999,
    97.369,
    96.361,
    97.362,
    95.37,
    95.36800000000001,
    94.354,
    98.366,
    97.864,
    97.874,
    94.85300000000001,
    95.869,
    98.886,
    93.864,
    94.377,
    96.86500000000001,
    97.369,
    97.85600000000001,
    96.36200000000001,
    96.85099999999998,
    94.852,
    96.858,
    98.36500000000001,
    97.364,
    97.868,
    97.873,
    97.37100000000001,
    95.357,
    97.367,
    97.864,
    95.875,
    96.867,
    95.861,
    97.36600000000001,
    96.866,
    97.35,
    96.874,
    96.361,
    94.351,
    96.36300000000001,
