{
  "complexity": 1,
  "alpha": 0.3,
  "gamma": 0.9,
  "epsilon": 0.3,
  "extra_passages": 6,
  "avg_rewards": [
    -89.81099999999972,
    -7.292999999999745,
    58.000999999999976,
    73.66199999999999,
    70.18400000000001,
    79.974,
    75.85099999999998,
    77.92600000000002,
    85.10000000000001,
    83.09599999999999,
    86.653,
    87.18199999999999,
    89.20900000000002,
    86.174,
    91.75800000000001,
    89.274,
    91.304,
    95.299,
    91.291,
    93.319,
    96.84100000000001,
    88.316,
    95.799,
    95.348,
    91.855,
    95.82100000000001,
    88.363,
    96.842,
    92.36800000000001,
    92.34200000000001,
    93.34400000000001,
    91.834,
    96.343,
    89.83000000000001,
    94.85299999999998,
    93.855,
    90.84100000000001,
    94.32699999999998,
    92.35600000000001,
    95.341,
    92.34600000000002,
    96.35900000000001,
    93.33599999999998,
    95.85100000000001,
    91.843,
    95.852,
    94.85100000000001,
    93.346,
    93.843,
    94.35799999999999,
    92.86600000000001,
    97.857,
    89.30000000000001,
    94.334,
    95.83100000000002,
    94.858,
    94.822,
    93.846,
    93.839,
    96.82300000000001,
    93.84200000000001,
    92.857,
    94.85100000000001,
    90.35499999999999,
    93.84100000000001,
    92.83000000000001,
    93.35400000000001,
    94.349,
    90.85000000000001,
    95.327,
    94.345,
    94.85600000000001,
    93.85900000000001,
    95.858,
    89.35599999999998,
    90.33399999999999,
    93.34200000000001,
    93.337,
    96.35700000000001,
    93.82200000000002,
    94.84,
    94.84,
    94.349,
    94.84400000000001,
    94.842,
    93.353,
    90.828,
    96.865,
    92.369,
    91.83600000000001,
    93.352,
    95.84700000000001,
    96.337,
    96.341,
    97.361,
    94.35200000000002,
    92.34700000000001,
    96.346,
    93.355,
    92.85300000000001,
    96.831,
    96.358,
    93.34700000000001,
    94.36200000000001,
    95.853,
    94.85499999999999,
    94.345,
    96.84300000000002,
    97.34900000000002,
    92.84800000000001,
    95.84100000000001,
    96.32000000000002,
    97.358,
    93.34200000000001,
    94.85600000000001,
    96.35600000000001,
    96.839,
    95.83200000000002,
    92.845,
    97.33599999999998,
    94.857,
    94.367,
    94.869,
    92.838,
    94.339,
    93.857,
    92.35999999999999,
    95.85900000000001,
    95.359,
    94.31800000000001,
    92.838,
    92.35900000000001,
    92.36300000000001,
    96.354,
    94.851,
    94.84300000000002,
    95.863,
    96.35,
    91.357,
    94.35100000000001,
    91.849,
    94.864,
    95.352,
    94.832,
    96.832,
    94.837,
    89.33099999999999,
    95.84200000000001,
    92.85400000000001,
    94.854,
    95.84200000000001,
    93.831,
    95.34900000000002,
    94.847,
    94.851,
    93.83600000000001,
    94.345,
    95.361,
    93.86100000000002,
    93.82100000000001,
    94.342,
    95.362,
    92.846,
    95.85400000000001,
    94.34,
    92.35900000000001,
    94.85400000000001,
    94.35000000000001,
    94.855,
    93.35000000000001,
    93.34700000000001,
    96.35900000000001,
    94.853,
    90.343,
    93.32300000000001,
    96.35,
    95.35,
    94.84400000000001,
    95.345,
    94.87,
    95.352,
    93.85900000000001,
    95.86100000000002,
    93.352,
    91.357,
    92.838,
    94.85300000000001,
    93.81899999999999,
    94.34100000000001,
    96.353,
    95.828,
    93.854,
    95.85000000000001,
    95.339,
    94.86200000000001,
    92.325,
    96.87100000000001,
    95.846,
    93.347,
    94.852,
    95.846,
    92.34100000000001,
    92.33400000000002,
    94.326,
    94.83600000000001,
    92.839,
    92.31500000000001,
    95.351,
    91.84900000000002,
    93.85400000000001,
    92.833,
    94.34700000000001,
    91.861,
    94.872,
    86.326,
    93.339,
    94.846,
    92.348,
    92.843,
    96.357,
    96.856,
    93.355,
    95.36,
    91.84200000000001,
    95.328,
    89.833,
    91.84100000000001,
    94.337,
    92.84600000000002,
    91.349,
    94.846,
    93.846,
    91.80300000000001,
    92.84,
    93.339,
    90.352,
    91.36800000000001,
    94.338,
    95.35000000000001,
    93.846,
    90.333,
    94.83600000000001,
    93.81900000000002,
    96.32600000000002,
    96.85100000000001,
    95.333,
    93.864,
    96.85099999999998,
    95.358,
    94.34200000000001,
    96.36,
    95.349,
    88.292,
    93.854,
    94.854,
    93.34900000000002,
    94.834,
    90.839,
    95.357,
    93.345,
    95.337,
    96.324,
    93.86,
    93.36099999999999,
    96.842,
    92.33500000000001,
    97.349,
    90.35800000000002,
    93.83600000000001,
    93.857,
    94.322,
    94.35000000000001,
    95.85600000000001,
    94.357,
    96.362,
    89.83900000000001,
    94.84900000000002,
    91.832,
    94.34,
    92.854,
    94.346,
    93.84700000000001,
    91.34100000000001,
    94.84400000000001,
    95.865,
    94.85000000000001,
    93.85000000000001,
    94.328,
    92.858,
    95.363,
    95.861,
    92.336,
    95.35100000000001,
    91.851,
    95.85,
    96.35900000000001,
    95.84800000000001,
    93.34200000000001,
    96.349,
    94.83000000000001,
    91.84400000000001,
    91.345,
    92.339,
    95.85600000000001,
    96.84,
    94.34900000000002,
    93.832,
    94.84800000000001,
    94.84299999999999,
    93.349,
    95.85000000000001,
    91.342,
    94.35000000000002,
    90.35400000000001,
    93.805,
    91.34800000000001,
    92.844,
    95.85900000000001,
    93.85700000000001,
    92.34400000000001,
    96.35300000000001,
    94.85500000000002,
    92.848,
    92.84599999999999,
    92.84700000000001,
    93.339,
    94.829,
    94.84500000000001,
    92.345,
    95.82300000000001,
    94.34700000000001,
    93.357,
    90.352,
    94.85000000000001,
    96.862,
    93.361,
    92.345,
    91.843,
    89.33600000000001,
    95.36,
    91.35,
    94.84200000000001,
    93.84500000000001,
    95.845,
    92.828,
    89.84799999999998,
    94.349,
    95.346,
    93.334,
    93.835,
    95.845,
    92.355,
    96.863,
    92.346,
    93.347,
    94.84899999999999,
    95.35100000000001,
    91.34700000000001,
    92.84700000000001,
    94.864,
    91.32900000000001,
    94.869,
    93.848,
    93.836,
    91.859,
    93.348,
    95.33499999999998,
    94.36600000000001,
    92.85499999999999,
    95.352,
    89.34700000000001,
    92.84900000000002,
    94.353,
    94.322,
    94.85400000000001,
    92.85800000000002,
    94.352,
    93.831,
    92.861,
    93.86100000000002,
    94.84600000000002,
    94.83099999999999,
    93.314,
    94.843,
    93.349,
    95.331,
    95.35900000000001,
    91.833,
    93.357,
    93.83400000000002,
    94.36,
    91.33400000000002,
    96.343,
    92.86300000000001,
    92.844,
    95.35100000000001,
    90.845,
    94.845,
    95.84700000000001,
    90.84200000000001,
    93.85600000000001,
    93.857,
    95.352,
    91.352,
    90.84400000000001,
    92.83400000000002,
    96.358,
    95.35,
    91.86,
    94.341,
    92.33099999999999,
    92.345,
    90.825,
    96.846,
    96.36300000000001,
    95.34400000000001,
    97.352,
    93.345,
    94.837,
    94.845,
    95.355,
    92.84200000000001,
    92.84400000000001,
    94.833,
    94.34400000000001,
    92.813,
    91.845,
    93.85900000000001,
    90.83800000000001,
    93.86100000000002,
    92.32400000000001,
    96.86,
    91.33900000000001,
    91.84400000000001,
    93.35000000000001,
    95.33900000000001,
    92.83700000000002,
    91.84200000000001,
    92.35,
    94.846,
    95.851,
    90.848,
    93.84599999999999,
    95.86800000000001,
    92.338,
    96.84400000000001,
    91.84700000000001,
    91.85499999999999,
    93.84200000000001,
    95.35300000000001,
    95.34400000000001,
    95.331,
    95.36099999999999,
    95.852,
    97.35300000000001,
    92.34,
    92.824,
    91.339,
    93.34700000000001,
    92.85300000000001,
    93.84299999999999,
    94.332,
    94.352,
