{
  "complexity": 0,
  "alpha": 0.3,
  "gamma": 0.9,
  "epsilon": 0.3,
  "extra_passages": 7,
  "avg_rewards": [
    -120.87599999999921,
    40.35799999999993,
    75.19900000000001,
    68.686,
    73.76599999999999,
    81.058,
    77.85399999999997,
    91.098,
    91.606,
    88.07300000000001,
    89.595,
    93.21200000000002,
    90.206,
    92.162,
    93.766,
    91.25500000000001,
    92.28,
    93.764,
    96.297,
    92.796,
    94.724,
    95.31500000000001,
    97.338,
    91.31700000000001,
    92.33500000000001,
    95.83,
    99.845,
    90.345,
    95.34700000000001,
    94.34,
    94.863,
    95.345,
    92.82900000000001,
    93.843,
    89.83900000000001,
    95.345,
    94.355,
    92.353,
    96.85,
    93.831,
    92.325,
    91.848,
    94.842,
    95.35400000000001,
    92.35000000000001,
    95.357,
    90.34299999999999,
    94.357,
    93.33500000000001,
    94.34099999999998,
    90.865,
    94.861,
    91.858,
    95.866,
    91.362,
    94.35300000000001,
    94.325,
    94.357,
    95.861,
    96.351,
    93.34,
    93.828,
    93.358,
    94.353,
    93.33500000000001,
    95.852,
    94.35600000000001,
    97.33900000000001,
    92.868,
    92.84,
    95.848,
    95.84200000000001,
    93.86200000000001,
    96.33200000000001,
    98.351,
    92.363,
    95.84200000000001,
    91.33300000000001,
    96.85700000000001,
    93.34800000000001,
    95.84,
    92.33800000000001,
    93.345,
    95.85000000000001,
    94.851,
    96.32900000000001,
    93.855,
    92.349,
    91.83200000000001,
    92.331,
    94.855,
    96.846,
    96.852,
    93.328,
    94.334,
    95.354,
    95.836,
    93.356,
    89.852,
    95.35100000000001,
    94.849,
    96.844,
    91.82700000000001,
    95.348,
    94.82499999999997,
    93.33899999999998,
    95.353,
    94.84,
    96.852,
    96.34599999999999,
    94.326,
    95.336,
    94.842,
    91.35400000000001,
    95.843,
    92.82499999999999,
    93.82000000000002,
    90.824,
    97.34700000000001,
    97.34200000000001,
    91.35300000000001,
    95.364,
    92.83700000000002,
    94.84100000000001,
    93.852,
    93.34299999999999,
    95.84100000000001,
    93.873,
    95.857,
    90.85300000000001,
    92.834,
    92.32600000000001,
    95.344,
    94.347,
    95.34,
    96.843,
    94.364,
    93.849,
    95.852,
    91.86600000000001,
    95.33900000000001,
    91.34299999999999,
    90.82500000000002,
    93.35000000000001,
    96.34799999999998,
    90.856,
    94.86,
    95.851,
    94.361,
    93.83599999999998,
    95.821,
    94.84100000000001,
    94.355,
    94.83700000000002,
    91.852,
    96.34200000000001,
    92.34700000000001,
    90.85000000000001,
    94.345,
    95.86699999999999,
    94.858,
    95.34899999999999,
    94.338,
    90.347,
    96.357,
    94.33,
    97.834,
    93.84,
    92.848,
    93.36100000000002,
    93.84599999999999,
    95.36200000000001,
    94.852,
    95.34599999999999,
    94.85000000000001,
    91.85400000000001,
    95.84200000000001,
    96.353,
    96.365,
    95.856,
    93.34800000000001,
    96.827,
    95.357,
    94.841,
    92.838,
    93.818,
    93.827,
    93.842,
    93.849,
    93.351,
    93.36300000000001,
    95.354,
    93.85100000000001,
    94.867,
    93.83000000000001,
    94.35999999999999,
    93.34500000000001,
    90.831,
    95.35300000000001,
    96.34900000000002,
    94.343,
    94.334,
    94.348,
    92.344,
    91.34299999999999,
    92.84599999999999,
    92.846,
    93.352,
    95.34900000000002,
    91.32700000000001,
    94.34600000000002,
    97.35999999999999,
    93.34900000000002,
    94.35499999999999,
    95.327,
    94.85499999999999,
    96.854,
    95.34100000000001,
    95.331,
    97.35,
    95.847,
    93.34400000000002,
    92.355,
    92.357,
    95.364,
    95.352,
    96.357,
    92.84700000000001,
    93.85900000000001,
    94.34,
    97.851,
    94.84000000000002,
    90.34700000000001,
    95.85099999999998,
    94.34300000000002,
    97.35499999999999,
    95.324,
    92.843,
    96.34700000000001,
    93.336,
    94.351,
    94.357,
    93.353,
    90.825,
    92.345,
    92.827,
    95.352,
    92.337,
    91.85,
    94.83600000000001,
    93.34099999999998,
    94.328,
    92.36100000000002,
    95.359,
    93.84,
    93.84400000000001,
    94.346,
    93.367,
    97.349,
    94.35400000000001,
    92.84200000000001,
    92.85600000000002,
    94.85100000000001,
    97.36,
    94.34200000000001,
    95.848,
    94.34,
    97.34600000000002,
    93.85600000000001,
    93.345,
    94.349,
    92.363,
    93.85400000000001,
    89.85499999999999,
    93.85300000000001,
    92.869,
    94.361,
    96.856,
    94.33600000000001,
    95.852,
    93.84400000000001,
    94.357,
    91.82699999999998,
    95.36200000000001,
    92.852,
    90.839,
    93.845,
    94.35300000000001,
    93.846,
    93.872,
    92.351,
    94.348,
    93.827,
    94.836,
    93.85100000000001,
    95.82200000000002,
    94.841,
    94.86,
    94.821,
    93.836,
    94.836,
    95.858,
    93.83899999999998,
    94.849,
    96.857,
    91.845,
    93.84100000000001,
    95.35400000000001,
    95.85900000000001,
    93.334,
    94.836,
    91.352,
    94.84299999999999,
    94.85400000000001,
    93.857,
    92.33700000000002,
    92.351,
    95.834,
    96.342,
    95.33200000000001,
    96.86600000000001,
    92.35500000000002,
    93.33500000000001,
    94.826,
    95.83699999999999,
    94.358,
    96.86100000000002,
    94.857,
    94.848,
    92.84200000000001,
    94.35600000000002,
    95.339,
    95.35600000000001,
    94.35000000000001,
    93.831,
    95.33500000000001,
    94.36100000000002,
    89.82500000000002,
    91.84700000000001,
    95.852,
    95.35900000000001,
    94.34700000000001,
    96.84200000000001,
    94.34400000000001,
    94.363,
    95.358,
    95.852,
    93.87100000000001,
    96.853,
    96.849,
    93.848,
    93.307,
    92.345,
    91.852,
    96.334,
    95.34400000000001,
    94.85300000000001,
    94.336,
    93.34700000000001,
    93.33900000000001,
    93.846,
    92.827,
    95.85600000000001,
    93.846,
    95.34900000000002,
    95.34400000000001,
    95.84200000000001,
    93.845,
    94.34800000000001,
    93.82500000000002,
    95.35,
    96.34,
    93.85000000000001,
    89.841,
    94.84,
    94.35499999999999,
    93.34800000000001,
    92.84700000000001,
    88.327,
    93.81000000000002,
    96.822,
    93.339,
    94.86500000000001,
    94.34400000000001,
    92.84400000000001,
    93.843,
    91.858,
    93.84100000000001,
    94.348,
    96.826,
    93.832,
    95.85399999999998,
    92.854,
    95.858,
    95.856,
    93.31000000000002,
    94.85800000000002,
    92.32900000000001,
    94.341,
    94.347,
    95.83399999999999,
    93.84299999999999,
    97.35,
    94.33699999999999,
    96.338,
    93.83500000000001,
    91.83200000000001,
    93.35800000000002,
    91.85799999999999,
    90.84100000000001,
    93.843,
    90.34700000000001,
    91.32900000000001,
    95.348,
    93.339,
    91.339,
    94.84500000000001,
    91.846,
    94.86500000000001,
    94.345,
    95.854,
    90.847,
    91.849,
    93.85900000000001,
    95.349,
    94.85000000000001,
    96.85100000000001,
    95.352,
    97.355,
    96.33200000000001,
    89.34,
    90.84700000000001,
    96.32000000000001,
    92.85100000000001,
    93.35799999999999,
    93.831,
    94.333,
    95.35099999999998,
    93.85600000000001,
    94.364,
    91.345,
    94.848,
    96.84,
    95.84800000000001,
    94.365,
    94.86500000000001,
    93.35,
    92.85000000000001,
    93.326,
    91.85900000000001,
    92.35300000000001,
    91.83600000000001,
    96.35999999999999,
    97.36800000000001,
    95.352,
    95.34700000000001,
    91.352,
    96.338,
    94.85100000000001,
    95.346,
    96.353,
    90.838,
    96.33200000000001,
    96.361,
    95.848,
    95.34700000000001,
    96.864,
    94.35300000000001,
    93.86,
    89.333,
    91.833,
    93.333,
