{
  "complexity": 2,
  "alpha": 0.1,
  "gamma": 0.85,
  "epsilon": 0.2,
  "extra_passages": 5,
  "avg_rewards": [
    -87.29999999999973,
    44.44799999999997,
    50.38699999999993,
    74.948,
    68.59,
    76.67899999999999,
    85.327,
    86.91199999999999,
    90.448,
    89.42999999999999,
    87.90299999999999,
    91.095,
    88.566,
    88.618,
    82.53699999999999,
    91.154,
    89.10599999999998,
    93.696,
    96.74699999999999,
    92.18900000000001,
    92.644,
    96.78400000000002,
    93.77000000000001,
    93.25800000000001,
    94.763,
    93.21000000000001,
    94.76599999999999,
    99.308,
    96.76900000000002,
    95.265,
    93.76600000000002,
    95.817,
    93.30199999999999,
    94.316,
    93.80499999999999,
    94.30499999999999,
    93.818,
    93.83099999999999,
    92.81900000000002,
    95.33000000000001,
    93.85,
    95.84199999999998,
    94.865,
    94.83000000000001,
    94.35300000000001,
    97.334,
    97.862,
    94.847,
    97.378,
    95.365,
    97.364,
    95.858,
    94.87800000000001,
    96.351,
    96.853,
    97.863,
    96.37,
    95.37100000000001,
    96.876,
    95.36300000000001,
    94.357,
    96.86300000000001,
    95.37,
    97.872,
    95.874,
    97.38,
    96.88,
    97.368,
    96.873,
    97.88,
    95.376,
    92.859,
    97.372,
    92.357,
    97.35100000000001,
    98.35600000000001,
    98.355,
    96.38,
    98.373,
    96.364,
    98.36,
    95.877,
    95.35800000000002,
    94.375,
    94.85800000000002,
    97.864,
    96.873,
    96.87299999999999,
    94.863,
    95.873,
    94.36600000000001,
    99.364,
    97.378,
    97.36300000000001,
    96.874,
    97.86500000000001,
    97.37,
    97.352,
    93.857,
    96.37100000000001,
    95.368,
    97.36500000000001,
    96.874,
    97.36100000000002,
    97.36800000000001,
    93.36300000000001,
    91.35100000000001,
    98.36000000000001,
    96.86999999999999,
    97.353,
    97.369,
    97.37899999999999,
    95.864,
    95.869,
    96.361,
    95.86,
    97.36600000000001,
    96.369,
    96.362,
    96.35999999999999,
    96.36800000000001,
    97.87,
    97.37,
    93.85800000000002,
    98.369,
    97.367,
    95.363,
    93.875,
    98.374,
    95.364,
    96.373,
    94.36200000000001,
    95.86600000000001,
    95.868,
    96.36100000000002,
    98.37,
    94.86300000000001,
    94.875,
    95.86800000000001,
    96.375,
    97.87100000000001,
    97.37100000000001,
    94.864,
    95.86300000000001,
    95.85300000000001,
    97.869,
    96.354,
    97.377,
    95.373,
    98.373,
    95.369,
    96.364,
    96.36800000000001,
    94.357,
    96.376,
    93.848,
    99.377,
    96.875,
    97.374,
    94.372,
    96.86600000000001,
    93.37100000000001,
    96.366,
    97.36600000000001,
    95.36200000000001,
    96.365,
    94.86600000000001,
    95.34,
    96.876,
    96.364,
    95.87199999999999,
    95.37,
    92.855,
    97.37100000000001,
    97.372,
    94.863,
    96.35499999999999,
    97.863,
    97.36100000000002,
    97.37,
    94.869,
    97.364,
    96.36500000000001,
    95.87100000000001,
    97.375,
    95.37500000000001,
    94.85900000000001,
    97.36999999999999,
    97.368,
    94.857,
    96.85900000000001,
    95.37100000000001,
    97.35600000000001,
    96.36600000000001,
    96.854,
    95.864,
    97.36,
    94.861,
    95.86600000000001,
    97.36600000000001,
    92.86999999999999,
    94.362,
    96.862,
    96.869,
    96.851,
    94.373,
    95.36200000000001,
    97.862,
    96.36000000000001,
    99.864,
    97.874,
    95.36200000000001,
    98.36,
    92.864,
    95.865,
    95.864,
    96.855,
    96.86,
    96.84400000000001,
    96.86200000000001,
    98.87,
    96.878,
    91.87100000000001,
    96.37199999999999,
    94.853,
    95.87100000000001,
    93.86,
    97.374,
    98.373,
    95.85,
    97.36800000000001,
    96.86699999999999,
    94.87100000000001,
    97.36000000000001,
    94.85799999999999,
    94.35900000000001,
    94.37,
    96.88,
    98.378,
    96.36600000000001,
    95.86100000000002,
    95.858,
    98.35900000000001,
    95.368,
    97.372,
    94.85600000000001,
    94.86500000000001,
    97.873,
    95.36800000000001,
    94.363,
    95.864,
    95.365,
    95.867,
    95.363,
    97.859,
    97.869,
    95.85,
    93.37,
    94.372,
    97.374,
    93.867,
    96.357,
    98.376,
    95.87,
    97.36000000000001,
    97.369,
    97.36399999999999,
    95.85400000000001,
    97.372,
    96.867,
    96.836,
    95.37100000000001,
    90.857,
    96.86800000000001,
    96.36600000000001,
    96.369,
    97.863,
    93.86100000000002,
    96.36800000000001,
    95.37,
    99.376,
    96.35900000000001,
    96.361,
    95.366,
    96.36300000000001,
    96.869,
    94.869,
    95.35900000000001,
    97.364,
    98.36699999999999,
    93.858,
    95.862,
    98.36299999999999,
    94.35300000000001,
    94.35100000000003,
    96.345,
    94.86500000000001,
    98.363,
    93.86800000000001,
    96.86699999999999,
    98.364,
    95.37,
    96.875,
    96.36600000000001,
    97.373,
    96.368,
    96.85600000000001,
    92.878,
    97.86100000000002,
    94.874,
    94.363,
    97.86,
    93.866,
    94.876,
    97.86000000000001,
    95.36299999999999,
    95.354,
    95.36999999999999,
    98.367,
    97.36099999999999,
    97.375,
    94.373,
    97.85499999999999,
    97.85400000000001,
    96.368,
    96.37,
    97.361,
    99.376,
    95.873,
    94.85,
    96.852,
    95.35799999999999,
    95.85900000000001,
    97.36800000000001,
    94.36300000000001,
    95.86600000000001,
    96.869,
    95.364,
    94.373,
    96.36200000000001,
    96.873,
    98.365,
    94.864,
    92.367,
    94.86800000000001,
    96.362,
    94.858,
    97.373,
    98.875,
    97.361,
    96.367,
    94.36699999999999,
    97.86000000000001,
    97.85600000000001,
    96.85300000000001,
    96.86800000000001,
    97.87100000000001,
    95.35799999999999,
    96.35499999999999,
    96.873,
    97.36500000000001,
    97.374,
    96.85,
    95.852,
    95.36600000000001,
    96.875,
    95.36800000000001,
    97.35700000000001,
    96.373,
    94.857,
    95.868,
    97.35000000000001,
    97.35799999999999,
    96.36800000000001,
    95.86300000000001,
    97.374,
    95.86,
    95.863,
    96.36,
    93.36800000000001,
    92.867,
    96.84800000000001,
    95.868,
    97.354,
    94.86600000000001,
    98.364,
    94.87100000000001,
    95.859,
    94.358,
    97.874,
    98.36200000000001,
    96.85499999999999,
    95.85,
    97.873,
    95.875,
    98.373,
    97.872,
    96.36600000000001,
    96.343,
    96.364,
    97.37,
    94.858,
    96.87,
    98.377,
    96.376,
    93.863,
    96.87899999999999,
    92.35999999999999,
    96.878,
    95.36800000000001,
    95.372,
    95.86,
    94.36500000000001,
    94.367,
    95.36,
    97.35300000000001,
    95.86,
    97.365,
    96.359,
    95.37100000000001,
    96.37,
    98.375,
    97.373,
    96.876,
    96.882,
    96.358,
    92.862,
    97.374,
    95.873,
    94.846,
    96.367,
    94.86,
    94.377,
    97.872,
    96.866,
    96.377,
    93.372,
    96.85999999999999,
    97.86600000000001,
    95.376,
    97.867,
    94.86699999999999,
    94.857,
    94.86,
    98.36699999999999,
    97.365,
    95.851,
    96.869,
    96.873,
    97.862,
    97.373,
    94.862,
    95.86,
    97.86100000000002,
    95.866,
    97.381,
    94.371,
    94.365,
    98.37100000000001,
    96.363,
    97.37100000000001,
    96.372,
    97.86500000000001,
    98.85900000000001,
    96.35000000000001,
    97.873,
    94.864,
    95.368,
    95.372,
    96.86800000000001,
    94.35100000000001,
    96.36999999999999,
    95.86,
    94.86600000000001,
    95.86500000000001,
    98.37499999999999,
    98.375,
    96.375,
    95.874,
    98.348,
    98.869,
    94.36800000000001,
    95.366,
    96.864,
    93.868,
    95.37,
    93.862,
    94.87100000000001,
    96.864,
    95.86800000000001,
    94.351,
