{
  "complexity": 0,
  "alpha": 0.1,
  "gamma": 0.85,
  "epsilon": 0.1,
  "extra_passages": 7,
  "avg_rewards": [
    -78.7929999999998,
    68.72,
    93.73400000000001,
    84.07099999999996,
    89.39499999999998,
    90.54299999999999,
    91.139,
    94.97,
    90.24499999999998,
    95.61600000000001,
    95.569,
    97.54299999999998,
    96.97200000000001,
    95.605,
    94.07300000000001,
    93.64500000000001,
    97.62899999999999,
    96.76499999999999,
    97.66999999999999,
    96.163,
    98.22200000000001,
    95.65,
    97.71600000000001,
    97.232,
    98.23500000000001,
    96.776,
    96.73800000000001,
    96.774,
    97.76700000000001,
    98.252,
    97.797,
    97.322,
    97.802,
    96.794,
    96.80000000000001,
    98.817,
    99.836,
    98.28399999999999,
    97.32300000000001,
    96.83599999999998,
    99.85100000000003,
    97.851,
    98.807,
    94.28999999999999,
    98.358,
    97.35400000000001,
    97.33700000000002,
    97.86699999999999,
    99.361,
    99.36500000000001,
    99.36800000000001,
    96.87100000000001,
    98.364,
    98.876,
    97.363,
    98.376,
    98.37100000000001,
    97.37,
    98.87100000000001,
    97.383,
    98.873,
    97.37100000000001,
    99.37899999999999,
    98.383,
    99.881,
    98.378,
    98.88,
    99.869,
    98.376,
    98.377,
    97.88300000000001,
    98.868,
    98.88199999999999,
    98.873,
    99.38399999999999,
    98.88199999999999,
    99.383,
    99.88399999999999,
    97.868,
    99.88,
    99.88,
    97.877,
    97.375,
    99.881,
    98.37899999999999,
    98.876,
    99.374,
    98.874,
    99.381,
    98.882,
    97.877,
    99.39,
    97.88799999999999,
    98.877,
    97.375,
    99.868,
    99.88199999999999,
    98.375,
    96.876,
    99.383,
    98.876,
    95.872,
    98.87,
    98.37899999999999,
    97.88,
    98.88499999999999,
    98.386,
    99.38199999999999,
    98.375,
    99.878,
    98.382,
    98.876,
    97.378,
    99.882,
    97.87899999999999,
    99.881,
    98.38199999999999,
    97.877,
    97.878,
    97.883,
    98.377,
    98.377,
    98.88399999999999,
    98.381,
    95.877,
    98.378,
    98.88199999999999,
    99.38399999999999,
    99.376,
    98.378,
    99.872,
    98.37899999999999,
    99.37100000000001,
    96.88499999999999,
    98.38399999999999,
    98.386,
    97.877,
    98.38699999999999,
    97.38199999999999,
    97.383,
    98.38399999999999,
    98.381,
    97.877,
    97.88,
    98.874,
    99.38,
    97.887,
    96.869,
    99.386,
    97.877,
    97.872,
    99.38699999999999,
    96.878,
    98.88399999999999,
    98.383,
    97.383,
    97.88,
    98.38,
    98.38399999999999,
    97.88199999999999,
    97.878,
    97.875,
    98.881,
    98.378,
    97.874,
    96.872,
    96.877,
    96.375,
    99.38399999999999,
    98.377,
    98.883,
    98.378,
    98.87899999999999,
    97.36100000000002,
    98.38399999999999,
    97.88199999999999,
    98.374,
    98.88,
    98.383,
    98.377,
    97.875,
    97.378,
    98.878,
    97.876,
    99.378,
    98.374,
    97.87899999999999,
    99.881,
    96.87,
    98.378,
    99.38499999999999,
    97.374,
    98.38399999999999,
    99.37899999999999,
    99.383,
    97.873,
    98.87,
    97.38,
    98.381,
    99.877,
    99.883,
    99.375,
    98.88399999999999,
    98.881,
    97.877,
    98.878,
    98.38199999999999,
    98.377,
    99.381,
    98.881,
    98.88699999999999,
    96.87899999999999,
    98.378,
    98.38399999999999,
    99.38499999999999,
    99.38,
    98.381,
    96.386,
    99.88,
    98.881,
    99.374,
    98.883,
    97.881,
    98.38499999999999,
    99.875,
    99.38,
    97.876,
    98.38,
    98.373,
    98.88199999999999,
    98.87499999999999,
    98.88199999999999,
    98.37899999999999,
    97.875,
    98.38499999999999,
    97.88199999999999,
    98.88199999999999,
    98.38,
    99.383,
    97.88699999999999,
    98.88199999999999,
    97.38000000000001,
    95.88199999999999,
    97.383,
    97.883,
    93.875,
    97.38199999999999,
    98.375,
    97.383,
    99.383,
    98.375,
    98.372,
    96.874,
    96.873,
    96.88399999999999,
    99.36800000000001,
    97.88,
    98.88,
    98.38300000000001,
    97.881,
    99.885,
    99.87599999999999,
    97.87100000000001,
    96.876,
    96.878,
    99.881,
    97.881,
    97.386,
    98.878,
    98.374,
    98.87899999999999,
    98.38499999999999,
    97.38199999999999,
    97.376,
    98.883,
    99.376,
    98.87899999999999,
    98.38199999999999,
    97.88399999999999,
    96.88,
    96.88199999999999,
    98.383,
    98.372,
    97.37299999999999,
    98.378,
    99.378,
    98.874,
    99.88399999999999,
    98.377,
    97.877,
    97.869,
    98.88199999999999,
    99.88399999999999,
    97.376,
    98.377,
    97.376,
    97.369,
    97.88799999999999,
    98.38,
    99.38,
    98.88799999999999,
    98.38199999999999,
    97.88499999999999,
    98.878,
    98.88,
    97.377,
    98.876,
    98.376,
    98.88199999999999,
    98.38699999999999,
    98.881,
    98.37899999999999,
    97.877,
    97.886,
    97.87899999999999,
    97.386,
    97.383,
    99.386,
    98.38199999999999,
    97.383,
    97.376,
    97.872,
    99.373,
    97.88899999999998,
    98.88199999999999,
    98.377,
    98.37,
    98.37899999999999,
    98.88,
    99.375,
    99.88,
    99.876,
    98.87599999999999,
    98.387,
    97.369,
    98.38,
    99.38199999999999,
    99.383,
    97.889,
    98.374,
    97.874,
    98.87899999999999,
    98.37899999999999,
    98.88199999999999,
    99.38,
    97.874,
    99.88199999999999,
    98.87899999999999,
    98.881,
    98.381,
    98.876,
    95.88300000000001,
    99.876,
    97.36500000000001,
    97.376,
    98.876,
    99.381,
    99.386,
    99.378,
    99.38199999999999,
    98.382,
    98.38399999999999,
    98.88199999999999,
    99.878,
    98.88000000000001,
    97.88199999999999,
    95.876,
    98.38199999999999,
    98.872,
    97.37899999999999,
    98.378,
    98.372,
    98.877,
    98.383,
    98.376,
    97.381,
    99.376,
    98.37100000000001,
    98.373,
    98.877,
    96.881,
    97.38199999999999,
    99.87,
    98.87899999999999,
    96.38,
    97.88399999999999,
    99.383,
    97.869,
    98.886,
    98.377,
    97.383,
    98.377,
    97.875,
    99.377,
    96.87899999999999,
    97.87100000000001,
    97.38199999999999,
    97.37,
    99.383,
    98.877,
    98.874,
    98.383,
    96.886,
    97.877,
    98.38199999999999,
    98.376,
    98.876,
    98.882,
    97.38000000000001,
    99.385,
    96.876,
    97.381,
    98.886,
    98.877,
    98.87899999999999,
    97.886,
    98.37899999999999,
    99.38,
    99.377,
    99.378,
    99.388,
    97.383,
    97.378,
    96.878,
    98.876,
    98.878,
    97.375,
    97.88,
    98.887,
    98.873,
    98.381,
    97.875,
    97.874,
    98.38699999999999,
    97.87899999999999,
    98.878,
    99.877,
    98.86200000000001,
    98.888,
    97.88199999999999,
    98.872,
    99.38300000000001,
    98.88399999999999,
    97.88199999999999,
    99.384,
    99.38,
    96.386,
    98.38,
    97.875,
    99.37299999999999,
    98.874,
    98.876,
    98.37899999999999,
    97.383,
    98.374,
    98.38,
    98.88199999999999,
    99.373,
    98.886,
    97.881,
    97.38199999999999,
    96.88199999999999,
    99.37899999999999,
    98.88199999999999,
    98.377,
    97.874,
    97.381,
    98.38,
    98.872,
    96.381,
    97.37899999999999,
    99.87899999999999,
    98.37899999999999,
    98.38499999999999,
    94.88399999999999,
    97.364,
    99.87,
    97.882,
    97.87100000000001,
    97.373,
    99.375,
    98.871,
    99.383,
    99.374,
    98.883,
    98.373,
    99.38199999999999,
    97.878,
    98.879,
    96.38,
    98.38,
    99.378,
    99.377,
    98.875,
    97.38,
    97.878,
    96.87100000000001,
    97.873,
    98.377,
    96.37800000000001
  ],