{
  "complexity": 0,
  "alpha": 0.1,
  "gamma": 0.95,
  "epsilon": 0.3,
  "extra_passages": 7,
  "avg_rewards": [
    -107.64499999999967,
    28.233999999999902,
    62.17099999999998,
    44.094999999999956,
    72.534,
    81.41,
    78.25799999999998,
    81.351,
    85.578,
    78.32000000000001,
    82.435,
    82.057,
    88.123,
    87.62499999999997,
    87.045,
    89.17000000000002,
    92.679,
    91.679,
    93.22900000000001,
    91.15700000000001,
    92.19500000000001,
    90.273,
    94.24,
    89.258,
    93.252,
    92.296,
    87.737,
    91.76599999999999,
    91.739,
    89.79799999999999,
    96.298,
    97.298,
    96.815,
    92.81899999999999,
    90.82499999999999,
    94.285,
    94.331,
    97.33200000000001,
    94.83000000000001,
    91.32000000000002,
    91.78699999999999,
    94.34600000000002,
    93.827,
    93.85300000000001,
    89.288,
    95.363,
    92.83000000000001,
    92.85499999999999,
    92.33599999999998,
    95.338,
    93.341,
    94.841,
    88.84400000000002,
    90.845,
    93.857,
    96.356,
    89.35400000000001,
    96.35700000000001,
    93.326,
    91.85300000000001,
    96.331,
    96.85799999999999,
    93.372,
    94.828,
    95.86800000000001,
    93.831,
    94.355,
    93.345,
    97.352,
    91.848,
    95.848,
    95.367,
    96.357,
    96.358,
    94.33500000000001,
    96.85400000000001,
    94.339,
    88.848,
    96.86100000000002,
    90.338,
    95.849,
    95.352,
    96.35600000000001,
    96.357,
    93.86100000000002,
    92.337,
    93.84500000000001,
    93.836,
    93.83999999999999,
    94.854,
    92.867,
    94.352,
    96.352,
    93.34,
    95.35499999999999,
    92.361,
    91.839,
    93.84600000000002,
    90.841,
    97.846,
    93.84400000000001,
    91.83600000000001,
    95.843,
    95.341,
    97.36000000000001,
    94.84500000000001,
    92.862,
    94.85400000000001,
    96.348,
    93.865,
    92.85900000000001,
    95.832,
    95.357,
    93.84299999999999,
    94.348,
    90.826,
    95.352,
    95.848,
    94.336,
    92.367,
    97.346,
    94.345,
    94.849,
    94.83800000000001,
    95.84400000000001,
    94.349,
    95.35800000000002,
    93.34299999999999,
    96.352,
    92.353,
    93.849,
    92.84200000000001,
    93.84400000000001,
    95.355,
    93.83000000000001,
    93.828,
    95.35,
    95.852,
    92.83699999999999,
    93.354,
    94.862,
    92.84899999999999,
    92.84899999999999,
    92.82300000000001,
    91.336,
    96.35,
    96.833,
    96.84,
    94.364,
    94.84299999999999,
    93.31400000000002,
    93.849,
    94.848,
    92.349,
    93.848,
    94.86000000000001,
    91.849,
    95.85000000000001,
    93.83500000000001,
    90.826,
    94.345,
    92.34100000000001,
    88.862,
    96.861,
    94.82799999999999,
    93.828,
    93.363,
    94.329,
    95.836,
    95.352,
    96.84500000000001,
    93.85700000000001,
    95.852,
    92.35600000000001,
    94.357,
    95.34200000000001,
    93.338,
    97.358,
    93.33600000000001,
    95.35100000000001,
    93.85600000000001,
    94.352,
    96.33500000000001,
    93.84800000000001,
    96.35400000000001,
    90.355,
    96.84599999999998,
    96.853,
    93.34400000000001,
    92.33700000000002,
    91.35499999999999,
    93.85400000000001,
    94.348,
    91.351,
    96.84100000000001,
    95.85900000000001,
    92.84599999999999,
    93.846,
    95.83099999999999,
    94.83399999999999,
    92.848,
    96.85400000000001,
    94.837,
    95.35300000000001,
    92.85499999999999,
    93.85,
    95.349,
    95.36,
    92.328,
    90.352,
    92.85600000000001,
    91.83900000000001,
    92.343,
    92.34700000000001,
    94.852,
    95.84100000000001,
    93.86500000000001,
    92.324,
    98.35,
    92.345,
    94.34400000000001,
    93.852,
    95.34900000000002,
    95.84100000000001,
    96.86100000000002,
    97.84100000000001,
    94.341,
    94.365,
    95.34900000000002,
    95.34100000000001,
    90.858,
    93.841,
    94.846,
    95.85100000000001,
    92.351,
    93.35700000000001,
    97.358,
    93.34599999999999,
    94.82400000000001,
    92.33700000000002,
    94.37100000000001,
    92.87100000000001,
    92.33100000000002,
    92.836,
    92.84400000000001,
    92.845,
    89.333,
    92.843,
    94.33800000000001,
    93.34900000000002,
    93.352,
    91.85300000000001,
    97.864,
    94.821,
    94.34700000000001,
    94.372,
    94.82399999999998,
    93.82700000000001,
    91.839,
    93.86100000000002,
    91.34200000000001,
    92.34700000000001,
    91.362,
    94.86500000000001,
    93.362,
    94.356,
    94.84600000000002,
    92.34,
    95.84299999999999,
    95.336,
    91.861,
    93.86600000000001,
    93.335,
    92.35300000000001,
    91.82300000000001,
    92.849,
    92.81400000000001,
    88.837,
    92.357,
    93.345,
    94.355,
    91.85100000000001,
    91.83200000000002,
    91.33,
    94.828,
    94.348,
    94.35600000000001,
    94.84500000000001,
    92.84799999999998,
    95.35100000000001,
    94.356,
    91.83399999999999,
    92.35999999999999,
    94.84299999999999,
    92.84200000000001,
    93.82400000000001,
    97.35499999999999,
    93.86500000000001,
    94.83400000000002,
    90.858,
    93.852,
    91.854,
    92.849,
    93.352,
    93.834,
    93.839,
    94.33899999999998,
    92.83200000000001,
    92.321,
    92.32699999999998,
    92.34,
    91.326,
    94.32900000000001,
    94.842,
    94.85600000000002,
    94.342,
    97.337,
    94.345,
    94.31500000000001,
    95.35499999999999,
    94.844,
    95.34100000000001,
    91.33500000000001,
    95.35300000000001,
    96.339,
    98.84900000000002,
    89.81300000000002,
    93.838,
    90.83500000000001,
    94.357,
    94.35799999999999,
    93.848,
    95.35,
    97.33600000000001,
    93.357,
    90.845,
    93.362,
    95.85900000000001,
    96.33699999999999,
    93.35600000000001,
    96.853,
    94.36299999999999,
    89.318,
    90.834,
    89.84799999999998,
    95.351,
    96.34599999999999,
    91.83599999999998,
    96.85000000000001,
    93.82199999999999,
    93.84400000000001,
    95.86,
    96.86,
    94.82400000000001,
    89.84799999999998,
    94.335,
    95.84400000000001,
    94.35299999999998,
    95.84,
    92.84799999999998,
    96.35600000000001,
    96.83399999999999,
    90.83300000000001,
    90.34400000000001,
    96.36200000000001,
    96.35499999999999,
    95.361,
    94.843,
    93.821,
    91.354,
    93.346,
    97.352,
    91.358,
    95.85300000000001,
    96.357,
    92.862,
    93.84899999999999,
    94.32900000000001,
    91.354,
    92.83800000000001,
    94.83200000000001,
    92.837,
    96.34100000000002,
    90.849,
    91.85,
    94.342,
    93.351,
    94.838,
    90.336,
    95.361,
    93.34299999999999,
    96.85,
    94.85600000000002,
    92.84300000000002,
    93.84400000000001,
    93.85400000000001,
    97.852,
    90.851,
    95.852,
    94.82200000000002,
    92.346,
    91.839,
    92.834,
    93.84899999999999,
    93.359,
    95.363,
    94.84400000000002,
    93.34599999999999,
    92.349,
    94.84,
    94.351,
    94.346,
    95.369,
    90.848,
    93.861,
    93.35299999999998,
    90.33500000000001,
    97.345,
    95.337,
    95.354,
    95.35900000000001,
    91.81800000000001,
    96.86000000000001,
    93.854,
    93.846,
    96.35000000000001,
    94.857,
    94.35400000000001,
    91.344,
    93.851,
    94.34600000000002,
    93.86299999999999,
    92.335,
    94.346,
    94.32900000000001,
    95.83900000000001,
    90.35600000000001,
    91.863,
    89.833,
    91.345,
    92.34400000000001,
    93.843,
    93.845,
    91.338,
    91.34299999999999,
    91.84,
    91.33000000000001,
    94.833,
    93.35499999999999,
    93.34,
    93.835,
    94.839,
    93.858,
    93.84200000000001,
    92.84300000000002,
    96.837,
    96.345,
    94.35499999999999,
    91.338,
    93.34100000000001,
    96.361,
    95.34400000000001,
    93.328,
    92.35100000000001,
    94.346,
