{
  "complexity": 0,
  "alpha": 0.2,
  "gamma": 0.85,
  "epsilon": 0.3,
  "extra_passages": 7,
  "avg_rewards": [
    -124.24799999999937,
    67.03300000000002,
    56.545000000000016,
    76.20599999999999,
    66.43199999999996,
    74.849,
    81.99500000000002,
    81.91499999999999,
    80.922,
    84.096,
    88.57300000000001,
    90.678,
    87.628,
    89.202,
    90.66400000000002,
    93.20100000000002,
    91.199,
    93.298,
    95.28,
    93.251,
    90.727,
    91.73100000000002,
    93.31899999999999,
    91.79299999999999,
    95.802,
    91.83500000000001,
    96.329,
    93.28600000000002,
    95.83200000000001,
    89.82900000000001,
    94.32499999999999,
    91.325,
    92.33000000000001,
    91.334,
    92.82000000000001,
    94.33200000000001,
    93.855,
    96.82299999999998,
    96.35499999999999,
    95.352,
    92.35600000000001,
    93.82600000000001,
    96.86,
    95.35400000000001,
    93.35300000000001,
    95.351,
    94.35900000000001,
    91.361,
    92.84700000000001,
    94.34100000000001,
    96.36,
    96.86000000000001,
    93.857,
    91.84799999999998,
    95.858,
    92.35100000000001,
    95.346,
    95.83900000000001,
    94.348,
    92.84799999999998,
    95.861,
    97.33500000000001,
    96.83700000000002,
    94.85600000000002,
    93.34299999999999,
    92.33500000000001,
    94.865,
    96.841,
    92.846,
    95.852,
    92.85,
    89.339,
    96.33900000000001,
    95.33000000000001,
    92.338,
    93.345,
    93.34400000000001,
    90.345,
    92.861,
    93.36600000000001,
    94.84,
    94.84400000000002,
    93.344,
    95.83700000000002,
    93.353,
    89.846,
    96.35600000000002,
    95.868,
    91.338,
    96.349,
    93.85100000000001,
    93.34400000000001,
    93.35500000000002,
    93.85499999999999,
    94.852,
    93.328,
    95.852,
    93.328,
    90.348,
    93.34700000000001,
    92.846,
    91.83500000000001,
    93.353,
    92.83500000000001,
    91.353,
    97.85000000000001,
    95.341,
    93.83200000000001,
    93.341,
    90.836,
    96.862,
    94.85600000000001,
    93.83400000000002,
    94.852,
    96.354,
    94.83900000000001,
    92.338,
    90.83800000000001,
    95.352,
    94.865,
    95.363,
    92.369,
    97.34500000000001,
    93.342,
    94.346,
    91.352,
    92.373,
    90.33500000000001,
    93.833,
    96.84,
    96.84800000000001,
    91.852,
    95.33900000000001,
    90.849,
    95.34700000000001,
    92.862,
    95.86300000000001,
    95.357,
    95.852,
    94.85400000000001,
    94.858,
    94.841,
    92.35400000000001,
    92.85100000000001,
    94.34600000000002,
    94.34100000000001,
    96.35,
    93.348,
    94.35600000000001,
    94.84200000000001,
    93.83900000000001,
    95.849,
    95.853,
    93.34200000000001,
    91.86200000000001,
    89.32,
    93.85,
    93.84200000000001,
    96.34200000000001,
    92.857,
    92.85499999999999,
    94.85300000000001,
    94.34700000000001,
    95.34700000000001,
    94.34,
    93.839,
    93.857,
    91.34200000000001,
    95.85600000000001,
    94.865,
    94.841,
    93.84,
    90.836,
    92.84,
    94.35600000000001,
    93.35400000000001,
    96.85900000000001,
    92.353,
    92.33699999999999,
    94.852,
    89.82600000000001,
    93.348,
    92.374,
    90.35,
    95.36,
    96.34799999999998,
    97.83500000000001,
    95.855,
    95.351,
    93.344,
    95.84700000000001,
    95.326,
    95.354,
    93.33600000000001,
    97.862,
    92.355,
    93.84400000000001,
    94.84700000000001,
    95.858,
    95.83099999999999,
    92.846,
    91.83500000000001,
    95.84800000000001,
    95.334,
    92.338,
    97.84600000000002,
    95.84,
    92.35900000000001,
    92.32600000000001,
    93.845,
    92.834,
    95.35,
    96.345,
    94.33500000000001,
    91.34400000000001,
    94.35300000000001,
    91.34700000000001,
    87.82900000000001,
    91.84700000000001,
    96.362,
    94.841,
    97.36500000000001,
    90.325,
    95.34900000000002,
    93.844,
    92.84299999999999,
    92.846,
    96.349,
    94.346,
    93.34600000000002,
    94.364,
    95.349,
    89.848,
    90.83900000000001,
    94.32900000000001,
    91.84700000000001,
    94.351,
    91.34400000000001,
    92.843,
    94.85600000000002,
    90.864,
    94.355,
    93.85900000000001,
    97.85499999999999,
    95.85499999999999,
    95.349,
    91.84600000000002,
    93.816,
    95.34700000000001,
    94.328,
    92.85300000000001,
    95.34,
    97.33700000000002,
    90.834,
    94.34899999999999,
    92.35000000000001,
    90.842,
    92.85,
    94.85600000000001,
    94.33900000000001,
    93.33699999999999,
    94.369,
    94.33200000000002,
    91.33899999999998,
    92.84100000000001,
    94.85,
    92.847,
    95.35300000000001,
    93.34599999999999,
    93.35999999999999,
    93.32199999999999,
    95.346,
    95.84,
    94.35499999999999,
    95.842,
    97.34100000000001,
    92.35600000000001,
    93.33,
    91.846,
    93.84100000000001,
    91.34700000000001,
    93.85499999999999,
    95.348,
    94.85400000000001,
    93.339,
    92.851,
    93.85300000000001,
    92.852,
    92.85900000000001,
    95.846,
    95.853,
    92.82900000000001,
    94.345,
    92.343,
    91.355,
    90.31700000000001,
    93.83900000000001,
    90.83200000000001,
    96.339,
    97.358,
    97.345,
    96.345,
    94.35900000000001,
    94.35900000000001,
    94.34299999999999,
    94.84800000000001,
    93.351,
    91.836,
    96.34200000000001,
    95.357,
    93.34400000000001,
    98.85400000000001,
    92.349,
    95.853,
    95.83500000000001,
    97.34700000000001,
    94.838,
    93.34200000000001,
    94.34899999999999,
    93.346,
    96.35400000000001,
    90.849,
    94.83500000000001,
    96.83700000000002,
    94.36500000000001,
    93.845,
    95.34700000000001,
    93.35300000000002,
    92.84900000000002,
    94.34400000000001,
    92.343,
    93.35600000000001,
    93.82900000000001,
    96.346,
    95.358,
    95.849,
    93.36,
    90.349,
    95.845,
    94.845,
    94.85199999999999,
    93.852,
    94.355,
    93.83900000000001,
    92.34800000000001,
    93.846,
    95.35700000000001,
    92.326,
    91.846,
    95.34,
    92.84,
    94.863,
    93.361,
    94.85499999999999,
    91.84,
    94.34700000000001,
    94.83500000000001,
    96.35400000000001,
    95.362,
    91.83000000000001,
    94.34700000000001,
    88.84900000000002,
    94.315,
    95.35700000000001,
    93.84800000000001,
    91.84900000000002,
    95.867,
    96.34700000000001,
    89.35300000000001,
    95.86600000000001,
    97.33999999999999,
    92.833,
    93.83599999999998,
    95.361,
    94.85,
    94.83500000000001,
    94.84200000000001,
    95.838,
    93.84400000000001,
    94.353,
    94.849,
    94.328,
    93.851,
    91.83899999999998,
    93.357,
    94.34200000000001,
    92.33500000000001,
    94.35499999999999,
    95.346,
    94.84700000000001,
    91.345,
    94.365,
    96.35,
    93.34400000000001,
    95.342,
    92.34200000000001,
    94.845,
    89.80900000000001,
    91.364,
    93.84,
    95.32100000000001,
    95.34599999999999,
    98.353,
    92.364,
    95.849,
    92.854,
    95.345,
    93.339,
    92.84,
    93.86600000000001,
    96.354,
    91.346,
    90.34400000000002,
    89.851,
    91.345,
    92.85600000000001,
    94.36500000000001,
    95.85,
    93.35600000000001,
    94.83600000000001,
    95.84200000000001,
    92.853,
    89.83399999999999,
    90.83800000000001,
    94.848,
    93.35600000000002,
    90.339,
    91.87100000000001,
    96.35300000000001,
    95.351,
    95.35400000000001,
    97.348,
    95.348,
    92.344,
    91.337,
    93.34500000000001,
    95.35600000000001,
    93.861,
    93.83699999999999,
    93.33699999999999,
    94.354,
    95.348,
    89.338,
    92.341,
    94.85000000000001,
    93.348,
    95.348,
    94.33900000000001,
    93.85400000000001,
    94.338,
    91.35199999999999,
    97.861,
    93.83800000000002,
    95.829,
    93.334,
