{
  "complexity": 1,
  "alpha": 0.1,
  "gamma": 0.9,
  "epsilon": 0.1,
  "extra_passages": 6,
  "avg_rewards": [
    -83.50299999999952,
    73.082,
    77.27399999999997,
    87.51099999999998,
    86.60700000000001,
    89.922,
    92.25,
    91.924,
    92.922,
    91.94300000000001,
    94.64700000000002,
    95.6,
    92.06500000000001,
    95.12700000000001,
    93.55199999999999,
    98.689,
    94.687,
    95.71300000000001,
    96.18199999999999,
    93.739,
    95.715,
    97.226,
    95.77900000000001,
    97.765,
    97.795,
    98.25999999999999,
    95.807,
    96.27,
    97.78800000000001,
    98.305,
    97.81700000000001,
    96.30300000000001,
    98.34,
    97.354,
    97.81800000000001,
    97.31800000000001,
    97.86200000000001,
    98.34400000000001,
    99.337,
    99.351,
    98.85000000000001,
    97.86800000000001,
    98.352,
    98.36800000000001,
    97.87,
    98.352,
    99.367,
    98.369,
    98.375,
    99.881,
    98.37,
    98.38199999999999,
    97.86999999999999,
    99.37899999999999,
    98.875,
    97.88,
    99.38499999999999,
    96.374,
    97.38199999999999,
    99.38199999999999,
    98.874,
    98.872,
    98.88199999999999,
    96.878,
    98.878,
    99.38,
    98.883,
    98.381,
    99.37,
    98.87599999999999,
    99.38199999999999,
    97.37899999999999,
    98.877,
    97.866,
    98.37899999999999,
    98.375,
    98.88399999999999,
    98.38,
    96.383,
    97.87400000000001,
    99.377,
    98.882,
    98.34599999999999,
    98.867,
    98.876,
    99.378,
    98.376,
    99.372,
    98.378,
    98.881,
    97.38,
    96.378,
    98.38199999999999,
    98.36800000000001,
    97.87899999999999,
    99.374,
    99.38,
    98.374,
    97.38199999999999,
    97.873,
    97.87500000000001,
    97.88199999999999,
    98.878,
    99.376,
    98.88499999999999,
    98.37,
    99.876,
    98.37100000000001,
    97.886,
    99.38399999999999,
    98.88799999999999,
    97.37899999999999,
    96.88199999999999,
    98.38399999999999,
    97.37899999999999,
    96.881,
    99.376,
    98.875,
    98.878,
    98.881,
    98.88,
    96.38,
    99.377,
    97.377,
    98.37899999999999,
    97.386,
    98.88,
    98.373,
    99.87899999999999,
    98.381,
    97.386,
    97.88,
    97.377,
    99.37899999999999,
    97.88499999999999,
    98.383,
    99.38199999999999,
    99.885,
    98.881,
    96.87700000000001,
    97.874,
    98.881,
    97.876,
    97.88399999999999,
    98.38199999999999,
    98.38399999999999,
    97.37899999999999,
    99.38,
    97.87899999999999,
    97.878,
    98.377,
    97.377,
    98.388,
    96.37899999999999,
    98.873,
    98.374,
    97.88,
    97.88,
    98.375,
    97.878,
    99.881,
    96.38699999999999,
    96.378,
    99.877,
    97.376,
    98.873,
    99.88399999999999,
    98.88,
    98.377,
    99.367,
    98.88199999999999,
    96.374,
    98.885,
    98.876,
    98.376,
    98.375,
    96.88,
    98.881,
    99.37899999999999,
    96.886,
    97.38499999999999,
    98.88499999999999,
    99.383,
    96.878,
    99.38,
    96.88199999999999,
    96.88,
    97.87,
    98.38399999999999,
    98.875,
    98.881,
    98.381,
    97.38499999999999,
    97.886,
    98.875,
    99.372,
    98.38399999999999,
    99.88,
    98.88199999999999,
    97.88,
    98.875,
    98.875,
    98.88,
    99.37100000000001,
    98.375,
    97.377,
    98.88,
    98.381,
    96.883,
    98.874,
    97.877,
    95.874,
    99.376,
    97.38399999999999,
    99.883,
    98.381,
    98.88699999999999,
    98.371,
    99.376,
    99.375,
    98.373,
    97.878,
    98.376,
    97.876,
    97.38799999999999,
    96.881,
    99.383,
    99.378,
    98.377,
    97.88399999999999,
    98.38199999999999,
    98.377,
    99.377,
    96.88399999999999,
    99.883,
    98.876,
    98.884,
    98.863,
    98.38300000000001,
    98.876,
    97.875,
    97.37899999999999,
    97.88899999999998,
    98.88199999999999,
    98.88399999999999,
    98.372,
    98.378,
    98.38499999999999,
    99.88,
    99.37299999999999,
    97.878,
    97.88399999999999,
    96.38399999999999,
    98.374,
    98.381,
    98.876,
    97.86600000000001,
    96.88499999999999,
    99.381,
    97.877,
    99.377,
    98.377,
    98.876,
    97.877,
    97.881,
    99.38199999999999,
    98.37899999999999,
    98.869,
    98.38399999999999,
    98.38399999999999,
    98.876,
    98.38399999999999,
    98.378,
    99.88199999999999,
    99.872,
    98.881,
    98.38499999999999,
    99.38199999999999,
    98.383,
    98.875,
    98.383,
    97.87899999999999,
    99.37100000000001,
    98.382,
    98.376,
    98.87899999999999,
    97.89,
    97.37899999999999,
    97.37100000000001,
    98.883,
    98.364,
    97.883,
    97.376,
    99.377,
    97.378,
    98.38399999999999,
    98.386,
    98.37100000000001,
    97.877,
    97.377,
    97.38,
    98.881,
    98.873,
    97.38,
    98.876,
    99.884,
    97.374,
    99.374,
    98.383,
    97.37299999999999,
    98.38199999999999,
    98.88199999999999,
    97.865,
    97.382,
    98.374,
    97.876,
    98.88,
    98.38199999999999,
    97.878,
    97.876,
    95.37700000000001,
    98.37899999999999,
    99.872,
    98.381,
    97.886,
    98.38199999999999,
    97.886,
    97.378,
    98.376,
    98.88399999999999,
    99.88199999999999,
    97.381,
    97.38,
    99.381,
    98.877,
    97.86699999999999,
    98.365,
    97.375,
    97.378,
    97.878,
    99.378,
    98.88499999999999,
    98.878,
    97.381,
    98.383,
    96.36699999999999,
    98.878,
    97.374,
    98.381,
    99.383,
    98.38499999999999,
    99.878,
    98.37899999999999,
    99.36699999999999,
    97.875,
    99.377,
    98.38199999999999,
    97.37800000000001,
    97.886,
    98.877,
    98.38499999999999,
    98.383,
    99.37700000000001,
    99.877,
    97.37899999999999,
    98.378,
    96.875,
    98.38799999999999,
    99.38199999999999,
    99.381,
    99.374,
    96.37899999999999,
    97.36500000000001,
    97.377,
    98.88199999999999,
    98.876,
    98.883,
    98.378,
    98.375,
    97.88,
    98.877,
    98.873,
    99.383,
    98.87,
    98.88399999999999,
    98.861,
    97.876,
    98.38199999999999,
    98.885,
    98.874,
    97.878,
    98.88199999999999,
    98.88699999999999,
    98.88,
    98.88199999999999,
    98.876,
    98.88,
    97.883,
    97.875,
    98.38000000000001,
    97.38,
    98.876,
    99.381,
    97.375,
    97.87899999999999,
    98.373,
    98.883,
    96.88300000000001,
    98.381,
    98.38499999999999,
    98.88399999999999,
    99.387,
    98.875,
    98.878,
    96.376,
    98.38699999999999,
    96.874,
    97.87,
    99.38399999999999,
    97.878,
    99.37899999999999,
    97.378,
    99.382,
    97.38,
    97.88699999999999,
    98.875,
    97.381,
    97.876,
    98.881,
    97.88499999999999,
    99.377,
    98.88000000000001,
    98.386,
    99.37199999999999,
    96.878,
    97.87899999999999,
    96.383,
    98.877,
    98.88499999999999,
    98.37,
    97.38499999999999,
    97.877,
    97.874,
    97.376,
    99.386,
    97.38199999999999,
    96.886,
    98.38199999999999,
    98.36999999999999,
    98.876,
    96.374,
    99.372,
    97.884,
    97.876,
    97.381,
    98.878,
    97.877,
    97.865,
    98.874,
    97.387,
    96.878,
    98.876,
    99.377,
    97.878,
    96.86800000000001,
    98.378,
    97.88399999999999,
    99.38499999999999,
    96.878,
    98.37499999999999,
    99.384,
    98.381,
    98.872,
    98.883,
    97.88199999999999,
    99.37899999999999,
    97.372,
    97.37100000000001,
    99.87199999999999,
    98.376,
    97.878,
    98.36800000000001,
    98.881,
    97.37899999999999,
    97.377,
    97.383,
    98.39,
    97.381,
    98.387,
    98.876,
    99.369,
    98.868,
    97.881,
    97.384,
    97.38199999999999,
    98.877,
    98.38199999999999,
    98.37899999999999,
    98.378,
    96.874
  ],