{
  "complexity": 3,
  "alpha": 0.2,
  "gamma": 0.95,
  "epsilon": 0.3,
  "extra_passages": 4,
  "avg_rewards": [
    -108.41799999999948,
    12.601999999999956,
    35.6039999999999,
    57.15700000000002,
    68.18700000000001,
    74.32100000000001,
    70.93399999999998,
    87.61000000000001,
    80.857,
    89.713,
    81.495,
    90.203,
    86.09899999999999,
    91.22900000000001,
    90.73700000000001,
    87.71900000000001,
    93.234,
    93.32000000000001,
    93.77799999999999,
    94.3,
    90.80799999999999,
    94.315,
    94.34400000000001,
    91.32600000000001,
    97.339,
    87.843,
    92.821,
    95.34700000000001,
    90.824,
    90.34900000000002,
    92.352,
    91.84100000000001,
    94.372,
    93.36800000000001,
    94.831,
    93.35,
    95.351,
    91.84600000000002,
    93.83899999999998,
    93.32000000000001,
    93.36800000000001,
    90.81000000000002,
    95.38,
    92.84100000000001,
    92.35900000000001,
    89.84500000000001,
    95.34,
    91.831,
    94.852,
    95.343,
    91.86,
    95.83000000000001,
    91.798,
    91.854,
    95.34299999999999,
    92.35,
    90.35800000000002,
    94.853,
    91.848,
    92.83099999999999,
    91.831,
    94.862,
    96.854,
    92.842,
    92.862,
    93.348,
    95.33399999999999,
    92.349,
    91.85400000000001,
    90.35,
    90.852,
    89.35400000000001,
    91.845,
    89.84200000000001,
    93.84299999999999,
    96.854,
    90.348,
    92.322,
    91.35000000000001,
    93.84700000000001,
    93.846,
    92.863,
    94.361,
    95.833,
    91.849,
    90.85000000000001,
    92.35,
    91.322,
    92.355,
    96.844,
    91.84299999999999,
    94.86800000000001,
    94.85,
    93.35000000000001,
    94.85,
    94.85900000000001,
    94.841,
    93.851,
    90.85400000000001,
    93.857,
    94.33699999999999,
    95.838,
    90.834,
    92.833,
    88.35,
    92.86,
    94.844,
    90.356,
    92.358,
    89.34800000000001,
    93.85499999999999,
    92.84799999999998,
    93.32700000000001,
    94.84100000000001,
    93.85700000000001,
    93.846,
    94.36,
    95.349,
    94.35600000000001,
    91.845,
    96.352,
    95.856,
    96.33500000000001,
    95.33900000000001,
    95.83800000000001,
    94.32499999999999,
    91.35900000000001,
    93.85,
    90.852,
    94.32200000000002,
    93.84299999999999,
    89.364,
    97.36200000000001,
    92.36500000000001,
    92.844,
    93.33399999999999,
    91.83800000000001,
    89.84700000000001,
    94.35300000000001,
    89.85,
    92.34700000000001,
    97.34400000000001,
    96.846,
    96.842,
    96.867,
    92.85100000000001,
    93.85900000000001,
    94.361,
    92.835,
    94.34100000000001,
    95.846,
    93.85500000000002,
    92.847,
    93.83400000000002,
    95.858,
    93.83599999999998,
    95.83800000000001,
    96.34799999999998,
    92.35300000000001,
    91.845,
    93.336,
    92.855,
    91.34400000000002,
    89.32600000000001,
    89.32200000000002,
    96.355,
    93.34900000000002,
    89.35300000000001,
    91.36699999999999,
    95.35499999999999,
    91.337,
    94.86000000000001,
    94.845,
    94.84299999999999,
    93.34100000000001,
    93.34400000000001,
    93.84800000000001,
    94.356,
    90.348,
    92.821,
    90.83400000000002,
    95.33100000000002,
    92.822,
    95.841,
    92.861,
    90.30000000000003,
    93.334,
    93.84400000000002,
    96.35,
    93.85900000000001,
    95.36300000000001,
    90.829,
    94.363,
    91.344,
    91.339,
    95.365,
    90.83600000000001,
    95.358,
    92.345,
    91.345,
    93.331,
    94.85700000000001,
    89.366,
    95.83500000000001,
    94.861,
    94.84799999999998,
    93.84899999999999,
    94.87100000000001,
    93.84900000000002,
    90.849,
    89.825,
    90.34700000000001,
    92.833,
    93.866,
    95.33500000000001,
    95.362,
    94.83600000000003,
    94.822,
    88.842,
    94.83700000000002,
    94.857,
    95.85700000000001,
    92.842,
    93.33800000000001,
    94.334,
    95.346,
    92.337,
    94.345,
    94.35,
    95.33399999999999,
    90.84199999999998,
    91.83900000000001,
    93.84,
    89.86,
    89.34900000000002,
    93.357,
    94.84100000000001,
    91.33800000000001,
    93.86200000000001,
    93.86500000000001,
    92.35900000000001,
    92.35300000000001,
    93.843,
    91.85100000000001,
    95.346,
    95.866,
    94.34100000000001,
    91.35400000000001,
    91.34900000000002,
    94.351,
    94.35300000000001,
    93.34700000000001,
    93.849,
    90.82900000000001,
    93.85300000000001,
    91.833,
    91.364,
    94.346,
    93.855,
    92.837,
    89.84700000000001,
    92.34500000000001,
    94.336,
    86.84200000000001,
    92.83,
    92.345,
    89.84400000000001,
    90.83500000000001,
    88.836,
    94.84800000000001,
    94.86300000000001,
    93.362,
    92.32500000000002,
    94.84600000000002,
    92.35,
    95.363,
    92.35400000000001,
    91.34700000000001,
    96.367,
    91.34100000000001,
    94.831,
    92.846,
    92.32900000000001,
    88.81400000000001,
    91.346,
    91.348,
    89.857,
    93.837,
    95.35900000000001,
    93.33900000000001,
    91.364,
    94.84,
    93.34100000000001,
    92.33700000000002,
    95.845,
    96.34100000000001,
    92.841,
    91.355,
    97.35900000000001,
    92.35,
    92.85599999999998,
    96.85,
    95.371,
    94.83,
    93.86,
    95.849,
    88.83500000000001,
    93.85400000000001,
    95.35,
    92.85499999999999,
    94.341,
    89.84299999999999,
    93.353,
    90.849,
    95.848,
    91.852,
    90.84400000000001,
    94.35999999999999,
    92.838,
    89.32100000000001,
    94.863,
    96.86600000000001,
    94.35600000000001,
    94.365,
    96.85400000000001,
    96.35700000000001,
    93.354,
    91.33800000000001,
    92.36,
    93.848,
    94.84599999999999,
    92.87,
    94.853,
    92.83099999999999,
    93.862,
    94.337,
    94.35,
    93.352,
    95.852,
    91.832,
    93.32000000000001,
    92.833,
    91.84800000000001,
    93.84400000000001,
    93.358,
    91.85000000000001,
    92.857,
    94.36,
    91.359,
    91.33800000000001,
    93.35300000000001,
    92.351,
    96.34200000000001,
    94.34099999999998,
    91.343,
    95.854,
    94.82400000000001,
    92.84,
    93.36,
    91.851,
    94.33400000000002,
    93.848,
    92.852,
    91.84300000000002,
    90.83500000000001,
    91.33300000000001,
    90.836,
    94.845,
    91.345,
    94.35600000000001,
    95.35999999999999,
    95.334,
    91.84700000000001,
    92.835,
    97.852,
    95.34500000000001,
    92.86800000000001,
    94.842,
    93.846,
    96.84299999999999,
    93.842,
    89.819,
    92.856,
    92.328,
    94.843,
    96.848,
    90.362,
    92.35300000000001,
    92.858,
    92.35100000000001,
    91.355,
    91.34,
    94.84200000000001,
    93.85,
    92.35100000000001,
    92.834,
    94.82500000000002,
    94.33900000000003,
    91.84,
    92.82499999999997,
    94.828,
    94.82600000000001,
    93.33900000000001,
    92.362,
    93.854,
    94.36,
    94.857,
    93.331,
    92.86500000000001,
    90.83000000000001,
    94.849,
    90.845,
    95.85500000000002,
    92.848,
    90.343,
    92.864,
    95.84700000000001,
    95.85900000000001,
    90.863,
    96.372,
    93.867,
    95.34700000000001,
    91.35900000000001,
    93.848,
    91.853,
    92.32300000000001,
    93.33200000000001,
    92.358,
    93.326,
    91.33500000000001,
    93.851,
    95.845,
    95.362,
    94.85900000000001,
    93.857,
    92.868,
    89.831,
    92.343,
    95.343,
    93.34100000000001,
    94.348,
    90.83800000000001,
    91.32700000000001,
    94.33700000000002,
    94.34599999999999,
    91.34200000000001,
    96.355,
    95.34200000000001,
    96.35600000000001,
    96.364,
    96.374,
    91.82899999999998,
    88.84,
    93.351,
    93.34100000000001,
    95.36600000000001,
    91.843,
    92.86600000000001,
    91.336,
    91.84600000000002,
    94.357,
    92.85000000000001,
    96.358,
