{
  "complexity": 1,
  "alpha": 0.1,
  "gamma": 0.95,
  "epsilon": 0.3,
  "extra_passages": 6,
  "avg_rewards": [
    -126.64399999999921,
    49.02699999999997,
    46.29099999999995,
    62.261999999999965,
    58.05799999999998,
    61.95800000000003,
    75.28,
    83.801,
    82.972,
    81.47399999999998,
    83.601,
    84.602,
    89.11099999999999,
    87.651,
    88.646,
    91.076,
    86.705,
    88.689,
    94.209,
    91.712,
    90.70499999999998,
    92.266,
    95.78400000000002,
    90.24300000000001,
    95.777,
    93.76899999999999,
    89.72999999999999,
    94.27400000000002,
    94.287,
    88.804,
    92.307,
    91.285,
    91.82300000000001,
    94.84,
    92.343,
    90.796,
    93.81,
    94.83600000000001,
    95.328,
    95.84,
    94.32700000000001,
    91.84700000000001,
    93.81300000000002,
    92.832,
    95.34799999999998,
    92.846,
    97.34700000000001,
    94.338,
    93.352,
    93.837,
    94.84100000000001,
    93.358,
    94.35100000000001,
    90.836,
    93.848,
    96.35,
    94.35100000000001,
    93.853,
    92.853,
    90.33400000000002,
    91.35900000000001,
    96.34800000000001,
    94.86,
    95.332,
    93.83399999999999,
    92.84400000000002,
    96.34700000000001,
    92.85600000000001,
    91.849,
    92.85600000000001,
    91.36,
    91.84500000000001,
    92.84899999999999,
    95.84700000000001,
    92.86200000000001,
    91.85600000000001,
    91.86500000000001,
    92.34700000000001,
    91.343,
    93.84299999999999,
    89.842,
    93.353,
    93.854,
    95.83900000000001,
    98.349,
    89.858,
    92.83900000000001,
    93.854,
    93.35499999999999,
    92.35900000000001,
    92.331,
    92.337,
    94.841,
    95.837,
    93.84,
    91.83600000000001,
    93.35400000000001,
    96.36,
    93.85100000000001,
    92.84299999999999,
    91.83200000000001,
    93.85600000000001,
    92.354,
    93.35400000000001,
    92.35900000000001,
    95.34600000000002,
    93.854,
    90.83200000000001,
    96.34700000000001,
    95.343,
    93.854,
    92.357,
    95.33699999999999,
    94.337,
    94.854,
    91.83600000000001,
    93.345,
    96.852,
    91.845,
    91.332,
    90.319,
    92.353,
    94.86600000000001,
    94.848,
    95.342,
    94.357,
    92.83500000000001,
    97.34400000000002,
    95.34,
    96.36300000000001,
    94.349,
    94.82300000000001,
    91.357,
    89.33200000000001,
    92.83600000000001,
    93.355,
    91.32000000000001,
    96.346,
    92.339,
    94.826,
    95.369,
    94.84,
    92.85600000000001,
    93.841,
    90.822,
    93.33600000000001,
    92.85800000000002,
    96.358,
    95.838,
    95.85600000000001,
    94.33400000000002,
    93.35400000000001,
    89.351,
    96.85900000000001,
    91.856,
    92.35100000000001,
    94.862,
    97.351,
    90.852,
    94.84700000000001,
    93.85800000000002,
    93.85400000000001,
    93.364,
    95.839,
    93.83000000000001,
    96.866,
    92.83500000000001,
    94.358,
    90.337,
    94.84700000000001,
    92.833,
    91.842,
    93.857,
    93.341,
    92.83400000000002,
    96.35499999999999,
    93.324,
    94.85,
    94.852,
    92.34100000000001,
    98.825,
    94.345,
    91.836,
    93.831,
    87.831,
    95.842,
    94.858,
    90.80799999999999,
    90.86300000000001,
    95.35400000000001,
    93.838,
    91.844,
    95.856,
    92.833,
    91.352,
    94.82900000000002,
    93.34200000000001,
    90.839,
    94.859,
    90.869,
    94.84800000000001,
    95.354,
    94.83899999999998,
    96.365,
    92.34100000000001,
    92.85600000000001,
    92.83200000000001,
    94.85,
    89.851,
    92.339,
    95.34700000000001,
    93.35700000000001,
    92.34700000000001,
    91.847,
    94.338,
    90.34100000000001,
    92.361,
    92.343,
    93.343,
    94.34500000000001,
    94.346,
    94.837,
    91.83200000000001,
    93.35900000000001,
    94.34900000000002,
    92.349,
    93.349,
    94.33599999999998,
    96.87100000000001,
    93.85900000000001,
    95.837,
    92.83600000000001,
    90.852,
    96.34,
    93.83400000000002,
    95.35300000000001,
    92.342,
    92.855,
    94.346,
    95.34799999999998,
    90.35900000000001,
    94.353,
    95.35300000000001,
    96.337,
    97.366,
    96.84200000000001,
    92.364,
    93.85,
    90.35300000000001,
    93.34800000000001,
    93.84700000000001,
    93.33099999999999,
    92.822,
    92.834,
    93.327,
    95.822,
    93.34900000000002,
    92.853,
    94.83300000000001,
    94.84900000000002,
    93.354,
    97.85400000000001,
    93.33600000000001,
    90.85900000000001,
    93.361,
    95.85000000000001,
    94.86,
    93.354,
    92.336,
    95.357,
    93.349,
    95.842,
    95.34799999999998,
    96.35099999999998,
    93.346,
    93.34100000000001,
    94.33,
    92.85600000000002,
    95.853,
    94.846,
    93.83900000000001,
    96.34600000000002,
    95.364,
    95.839,
    93.849,
    95.32400000000001,
    91.342,
    94.34700000000001,
    90.823,
    96.352,
    92.85100000000001,
    94.35900000000001,
    93.84200000000001,
    92.85800000000002,
    91.84,
    93.33400000000002,
    94.857,
    93.843,
    93.357,
    92.849,
    92.852,
    96.85499999999999,
    95.358,
    92.344,
    92.83700000000002,
    97.34,
    92.845,
    93.84400000000001,
    97.858,
    93.358,
    93.828,
    94.86100000000002,
    93.83999999999999,
    89.361,
    94.35499999999999,
    96.85500000000002,
    92.338,
    92.84200000000001,
    92.35300000000001,
    93.35100000000001,
    95.34200000000001,
    90.848,
    94.34700000000001,
    93.84400000000001,
    95.32800000000002,
    88.346,
    91.333,
    93.33800000000001,
    94.36300000000001,
    92.34,
    91.828,
    93.358,
    96.85600000000002,
    95.85100000000001,
    95.85100000000001,
    94.357,
    94.35,
    95.352,
    94.30900000000001,
    93.34400000000001,
    92.344,
    92.35700000000001,
    93.357,
    97.369,
    91.346,
    89.834,
    93.339,
    95.34700000000001,
    94.35000000000001,
    91.34100000000001,
    93.353,
    92.34599999999999,
    95.85,
    93.84900000000002,
    94.853,
    95.35400000000001,
    97.35,
    91.81900000000002,
    93.84700000000001,
    95.83500000000001,
    94.83500000000001,
    88.81800000000001,
    93.816,
    90.845,
    91.846,
    93.837,
    91.85900000000001,
    91.343,
    93.351,
    94.352,
    92.851,
    91.85300000000001,
    90.801,
    92.861,
    90.355,
    94.34,
    96.851,
    94.857,
    92.827,
    97.329,
    92.34700000000001,
    91.81400000000001,
    94.84600000000002,
    95.35,
    92.35100000000001,
    92.853,
    93.852,
    95.355,
    93.85900000000001,
    92.34600000000002,
    93.843,
    95.84500000000001,
    95.357,
    92.84200000000001,
    94.84,
    93.84700000000001,
    94.32199999999999,
    96.849,
    95.838,
    95.34,
    95.34400000000002,
    95.345,
    93.33099999999999,
    95.346,
    92.34400000000001,
    94.32600000000001,
    95.33600000000001,
    91.83200000000002,
    93.344,
    91.83099999999999,
    93.33600000000001,
    95.85500000000002,
    94.837,
    94.852,
    91.84100000000002,
    94.353,
    95.34800000000001,
    92.84100000000001,
    92.349,
    95.35600000000001,
    87.821,
    93.34300000000002,
    91.851,
    94.356,
    91.36000000000001,
    94.35,
    90.843,
    87.85099999999998,
    91.854,
    94.346,
    89.852,
    93.852,
    87.837,
    91.846,
    94.833,
    93.35800000000002,
    95.86800000000001,
    96.349,
    93.35600000000001,
    91.83200000000001,
    91.34700000000001,
    95.84,
    88.837,
    92.86100000000002,
    94.367,
    97.85,
    94.854,
    93.33700000000002,
    92.852,
    93.84,
    94.85400000000001,
    93.31800000000001,
    95.84100000000001,
    90.32200000000002,
    95.338,
    93.85000000000001,
    93.35,
    93.336,
    92.32200000000003,
    89.32900000000001,
    91.316,
    95.32300000000001,
    95.35400000000001,
    93.338,
    95.848,
    94.344,
