{
  "complexity": 4,
  "alpha": 0.3,
  "gamma": 0.95,
  "epsilon": 0.3,
  "extra_passages": 3,
  "avg_rewards": [
    -113.37699999999954,
    10.216999999999905,
    49.51799999999996,
    65.71299999999998,
    46.47199999999991,
    82.53800000000001,
    76.47900000000001,
    66.31599999999995,
    80.459,
    88.606,
    83.63399999999999,
    88.68199999999999,
    91.26500000000001,
    86.22199999999998,
    91.265,
    88.16699999999999,
    92.83399999999999,
    91.316,
    93.326,
    94.83300000000001,
    91.33699999999999,
    94.33000000000001,
    90.83099999999999,
    93.361,
    93.829,
    88.774,
    95.866,
    94.83099999999999,
    95.85100000000001,
    93.844,
    94.84700000000001,
    93.85900000000001,
    93.357,
    95.357,
    95.352,
    95.354,
    96.35300000000001,
    94.33700000000002,
    93.35900000000001,
    91.348,
    90.83800000000001,
    91.331,
    96.34700000000001,
    93.35,
    94.859,
    90.853,
    91.35499999999999,
    92.83700000000002,
    91.85400000000001,
    94.336,
    96.348,
    94.35799999999999,
    91.86600000000001,
    93.33500000000001,
    95.35300000000001,
    93.349,
    94.37,
    93.86,
    93.862,
    92.35400000000001,
    93.344,
    93.86800000000001,
    93.845,
    94.358,
    92.347,
    95.86,
    94.333,
    94.83800000000001,
    95.852,
    90.34700000000001,
    92.832,
    95.365,
    94.852,
    93.34500000000001,
    91.319,
    95.34800000000001,
    93.343,
    94.86399999999999,
    90.35300000000001,
    92.836,
    93.857,
    95.354,
    94.35000000000001,
    94.852,
    94.34400000000001,
    88.84700000000001,
    93.355,
    92.849,
    93.341,
    95.853,
    93.338,
    93.86300000000001,
    95.36500000000001,
    92.83800000000001,
    95.34400000000001,
    91.86100000000002,
    94.35000000000001,
    91.349,
    92.35900000000001,
    96.357,
    92.35000000000001,
    94.85600000000002,
    94.851,
    92.34400000000001,
    93.83800000000001,
    91.861,
    92.865,
    92.852,
    91.852,
    93.844,
    90.858,
    90.33399999999999,
    92.84899999999999,
    94.351,
    92.844,
    92.336,
    91.34899999999999,
    89.84200000000001,
    94.84900000000002,
    94.344,
    92.843,
    91.343,
    93.345,
    96.354,
    91.33099999999999,
    92.35900000000001,
    92.85499999999999,
    92.36,
    91.851,
    92.858,
    92.83500000000001,
    91.86,
    90.35,
    93.85300000000001,
    94.35600000000001,
    92.328,
    95.362,
    88.84100000000001,
    91.36,
    95.862,
    91.833,
    94.86300000000001,
    92.35,
    89.35,
    90.846,
    95.324,
    95.837,
    97.36300000000001,
    92.34299999999999,
    97.36300000000001,
    91.843,
    92.34200000000001,
    94.859,
    96.363,
    96.84700000000001,
    88.85799999999999,
    92.349,
    91.842,
    92.313,
    92.349,
    92.343,
    95.356,
    92.333,
    91.357,
    95.84900000000002,
    96.84,
    91.84299999999999,
    93.84500000000001,
    91.839,
    93.34500000000001,
    91.845,
    90.851,
    93.36,
    94.84900000000002,
    95.332,
    92.83000000000001,
    94.84799999999998,
    90.865,
    90.81400000000001,
    95.34400000000002,
    91.863,
    94.853,
    95.34900000000002,
    94.855,
    93.355,
    89.35300000000001,
    95.341,
    90.82600000000001,
    96.358,
    94.83200000000001,
    92.326,
    93.35,
    94.348,
    93.35100000000001,
    92.34200000000001,
    91.364,
    93.861,
    93.846,
    92.35100000000001,
    92.353,
    90.343,
    91.35300000000001,
    96.841,
    94.864,
    93.866,
    92.851,
    94.86600000000001,
    90.83600000000001,
    91.34400000000001,
    94.85400000000001,
    90.831,
    94.338,
    91.83800000000001,
    93.34,
    93.85600000000001,
    95.85400000000001,
    94.342,
    90.855,
    95.354,
    94.349,
    93.34900000000002,
    90.844,
    92.845,
    92.869,
    89.273,
    90.35499999999999,
    91.324,
    95.85899999999998,
    92.345,
    95.86800000000001,
    88.36100000000002,
    94.35300000000001,
    91.352,
    90.827,
    92.34200000000001,
    89.849,
    94.861,
    97.857,
    94.344,
    91.84,
    91.85,
    91.843,
    95.35,
    90.33399999999997,
    91.34400000000001,
    96.846,
    91.33399999999999,
    92.845,
    93.34200000000001,
    93.848,
    90.84700000000001,
    94.346,
    93.85800000000002,
    93.325,
    92.36000000000001,
    95.35900000000001,
    91.351,
    92.852,
    93.849,
    92.35300000000001,
    94.85700000000001,
    95.35000000000001,
    95.349,
    94.844,
    94.36500000000001,
    94.35,
    92.836,
    93.85,
    90.826,
    93.34800000000001,
    95.35800000000002,
    93.86,
    95.86000000000001,
    94.351,
    94.84900000000002,
    93.85100000000001,
    91.853,
    95.35400000000001,
    94.34900000000002,
    91.848,
    90.851,
    95.361,
    91.862,
    93.345,
    92.84700000000001,
    92.834,
    93.34200000000001,
    93.358,
    93.346,
    93.849,
    96.34,
    95.82900000000001,
    91.83699999999999,
    95.852,
    93.82300000000001,
    94.831,
    91.84899999999999,
    92.345,
    92.844,
    91.848,
    90.829,
    92.333,
    93.369,
    93.836,
    93.849,
    92.36100000000002,
    92.36600000000001,
    94.85900000000001,
    91.35900000000001,
    91.862,
    95.85300000000001,
    90.862,
    92.85900000000001,
    90.833,
    91.86600000000001,
    93.833,
    93.85,
    92.343,
    92.34700000000001,
    94.84400000000001,
    92.846,
    96.339,
    92.848,
    93.85,
    87.332,
    90.348,
    95.35500000000002,
    92.84100000000001,
    92.846,
    93.364,
    93.84700000000001,
    95.34200000000001,
    92.84700000000001,
    93.337,
    92.35900000000001,
    94.85000000000001,
    95.343,
    88.84900000000002,
    92.856,
    90.361,
    94.84800000000001,
    92.33200000000001,
    95.852,
    94.849,
    93.854,
    91.84299999999999,
    95.827,
    94.33700000000002,
    91.32900000000001,
    91.36100000000002,
    94.838,
    91.34099999999998,
    93.33800000000001,
    93.349,
    94.842,
    91.338,
    96.362,
    93.347,
    93.84100000000001,
    96.374,
    90.86600000000001,
    95.352,
    92.34400000000002,
    92.845,
    91.857,
    94.83399999999999,
    91.862,
    90.349,
    95.851,
    96.37,
    97.368,
    92.85499999999999,
    91.335,
    92.83500000000001,
    93.34299999999999,
    97.363,
    91.861,
    91.36500000000001,
    92.83700000000002,
    96.844,
    93.35000000000001,
    94.84600000000002,
    93.34,
    93.86600000000001,
    91.34800000000001,
    95.848,
    93.35,
    93.342,
    94.35900000000001,
    89.333,
    94.331,
    95.34200000000001,
    93.354,
    89.84200000000001,
    90.348,
    95.354,
    91.84100000000001,
    94.345,
    93.362,
    95.35000000000001,
    94.352,
    93.858,
    93.84100000000002,
    93.83600000000001,
    92.82700000000001,
    95.853,
    91.34,
    94.83899999999998,
    93.85,
    88.34200000000001,
    95.86000000000001,
    92.34400000000001,
    95.355,
    95.356,
    93.33400000000002,
    95.84700000000001,
    95.84700000000002,
    92.838,
    88.86,
    95.358,
    92.345,
    93.82199999999999,
    92.35499999999999,
    95.34299999999999,
    90.84700000000001,
    94.85400000000001,
    95.84400000000002,
    93.359,
    94.349,
    90.845,
    93.855,
    91.35900000000001,
    94.357,
    95.857,
    90.85600000000001,
    90.81700000000001,
    89.35000000000001,
    90.35900000000001,
    95.354,
    95.36099999999999,
    93.85600000000001,
    90.32500000000002,
    95.855,
    88.849,
    94.864,
    91.81200000000001,
    94.367,
    96.358,
    92.338,
    90.346,
    92.845,
    92.85600000000002,
    90.349,
    92.36600000000001,
    93.821,
    95.34200000000001,
    95.35600000000001,
    95.84900000000002,
    93.85700000000001,
    93.331,
    91.837,
    92.845,
    93.35600000000001,
    90.333,
    92.333,
    96.35900000000001,
    95.849,
    93.341,
