{
  "complexity": 14,
  "alpha": 0.2,
  "gamma": 0.85,
  "epsilon": 0.1,
  "extra_passages": 1,
  "avg_rewards": [
    -209.04399999999896,
    -38.757999999999846,
    50.50299999999996,
    67.24,
    60.302999999999955,
    73.28699999999995,
    81.958,
    81.28299999999999,
    77.30299999999995,
    81.95399999999998,
    89.183,
    85.142,
    88.48499999999999,
    88.835,
    87.826,
    88.57199999999999,
    88.35900000000001,
    93.482,
    91.102,
    89.04299999999998,
    91.09299999999999,
    94.662,
    93.212,
    91.69200000000001,
    93.65900000000002,
    97.738,
    97.269,
    95.688,
    97.25500000000001,
    96.797,
    94.72099999999999,
    92.69300000000001,
    96.806,
    95.803,
    96.80800000000002,
    96.82500000000002,
    98.312,
    97.82900000000001,
    97.316,
    95.333,
    97.82699999999998,
    93.73600000000002,
    97.329,
    96.322,
    96.83000000000001,
    95.833,
    96.82700000000001,
    96.295,
    96.804,
    98.83300000000001,
    97.826,
    97.331,
    96.34100000000001,
    93.32799999999997,
    97.32499999999999,
    98.326,
    93.33500000000001,
    94.822,
    95.33,
    97.316,
    98.33499999999998,
    97.82699999999998,
    97.826,
    96.33400000000002,
    98.32700000000001,
    94.333,
    94.33900000000001,
    95.81700000000001,
    94.81700000000001,
    97.83700000000002,
    98.333,
    96.316,
    99.826,
    94.292,
    93.824,
    95.83400000000002,
    97.32900000000002,
    96.335,
    93.834,
    96.815,
    97.83200000000001,
    96.82900000000001,
    94.83100000000002,
    97.32699999999998,
    97.32000000000001,
    95.823,
    97.329,
    96.33700000000002,
    97.83600000000001,
    95.83500000000001,
    97.829,
    95.81299999999999,
    96.33700000000002,
    96.83500000000001,
    97.32900000000001,
    96.82400000000001,
    97.321,
    96.33300000000001,
    96.326,
    96.328,
    95.328,
    97.82900000000001,
    96.82000000000001,
    97.329,
    94.32,
    98.32400000000001,
    95.329,
    97.33200000000001,
    98.33099999999999,
    97.31700000000002,
    95.827,
    98.828,
    97.33600000000001,
    96.82300000000001,
    95.326,
    96.828,
    96.826,
    97.326,
    97.828,
    97.333,
    97.323,
    95.30199999999999,
    97.292,
    98.325,
    97.327,
    98.329,
    98.324,
    94.83399999999999,
    97.81899999999999,
    95.828,
    95.328,
    97.32000000000001,
    98.83200000000001,
    95.824,
    96.82399999999998,
    98.32700000000001,
    96.83000000000001,
    96.83500000000001,
    94.82500000000002,
    95.82700000000003,
    94.82900000000001,
    96.32500000000002,
    97.31199999999998,
    94.309,
    96.828,
    96.833,
    98.82300000000001,
    97.32300000000001,
    96.83099999999999,
    96.83000000000001,
    91.82300000000001,
    97.33300000000001,
    96.32199999999999,
    95.825,
    96.32300000000001,
    96.31200000000001,
    94.338,
    96.32100000000003,
    96.331,
    99.83400000000002,
    95.32899999999998,
    96.33599999999998,
    96.83400000000002,
    96.326,
    96.33400000000002,
    98.32300000000001,
    97.83,
    97.81899999999999,
    96.82000000000001,
    97.329,
    98.331,
    98.33200000000001,
    97.33200000000001,
    97.824,
    96.83,
    96.826,
    97.32,
    99.32600000000002,
    95.82199999999997,
    96.825,
    97.82499999999999,
    97.81700000000001,
    93.825,
    97.828,
    96.32600000000001,
    97.82600000000001,
    96.826,
    96.83200000000002,
    99.32200000000002,
    97.328,
    96.83,
    96.83500000000001,
    96.318,
    99.33500000000001,
    96.82500000000002,
    97.31899999999999,
    96.32600000000001,
    97.81700000000001,
    97.82700000000001,
    96.821,
    97.321,
    98.819,
    97.83,
    97.83099999999999,
    95.836,
    94.82400000000003,
    96.82500000000002,
    98.33500000000001,
    96.33000000000001,
    99.33400000000002,
    97.319,
    95.82,
    97.834,
    98.32900000000001,
    96.32700000000001,
    96.825,
    95.818,
    97.326,
    96.33099999999999,
    95.831,
    96.82700000000001,
    95.828,
    98.81500000000001,
    97.83000000000001,
    95.825,
    96.333,
    98.829,
    97.328,
    97.83,
    98.82300000000001,
    94.829,
    95.831,
    96.331,
    96.33400000000002,
    95.832,
    97.83000000000001,
    96.319,
    96.826,
    99.33000000000001,
    97.327,
    97.32900000000002,
    97.83300000000001,
    96.327,
    96.834,
    98.33000000000001,
    94.82700000000001,
    96.83200000000001,
    97.32799999999999,
    98.83500000000001,
    97.823,
    95.82900000000001,
    97.32600000000001,
    95.826,
    98.324,
    97.31500000000001,
    98.33600000000001,
    96.325,
    93.826,
    95.831,
    96.83000000000001,
    96.83600000000001,
    96.819,
    96.81800000000001,
    94.325,
    96.32999999999998,
    97.33600000000001,
    97.326,
    97.83500000000001,
    98.32600000000001,
    98.31500000000001,
    98.33099999999999,
    96.32000000000001,
    97.32199999999999,
    98.322,
    96.83000000000001,
    95.82199999999999,
    99.33300000000001,
    95.32499999999999,
    95.328,
    96.333,
    98.327,
    96.83900000000001,
    95.321,
    96.828,
    99.33099999999999,
    96.82500000000002,
    96.33100000000002,
    97.83200000000002,
    96.82200000000003,
    98.32900000000001,
    96.824,
    96.33200000000001,
    98.828,
    97.33600000000001,
    96.82700000000003,
    94.83400000000002,
    97.83700000000002,
    95.327,
    97.82900000000001,
    97.33099999999999,
    94.83700000000002,
    97.827,
    98.32000000000002,
    95.32800000000002,
    97.829,
    96.83099999999999,
    98.33,
    99.324,
    96.82200000000002,
    96.82300000000001,
    96.832,
    94.827,
    93.333,
    97.32300000000001,
    97.322,
    95.82600000000001,
    95.333,
    95.326,
    95.33200000000002,
    93.786,
    97.329,
    97.83300000000001,
    97.829,
    97.822,
    98.325,
    97.31800000000001,
    97.32399999999998,
    98.828,
    96.325,
    94.83,
    96.82300000000001,
    96.82800000000002,
    95.318,
    96.33399999999999,
    96.83099999999999,
    98.83000000000001,
    96.82700000000001,
    97.33400000000002,
    95.325,
    95.832,
    97.33200000000001,
    96.327,
    97.334,
    95.82300000000001,
    96.825,
    98.819,
    96.32300000000001,
    97.83200000000001,
    96.322,
    96.33200000000001,
    98.82099999999998,
    97.83200000000002,
    94.83800000000001,
    96.33400000000002,
    95.82400000000001,
    97.32700000000001,
    96.33399999999999,
    96.33000000000001,
    96.83200000000001,
    94.82600000000001,
    97.83099999999999,
    95.83000000000001,
    97.81800000000001,
    96.81700000000001,
    97.331,
    96.832,
    96.827,
    98.33,
    97.32400000000001,
    97.334,
    96.32300000000001,
    95.824,
    98.329,
    95.333,
    96.826,
    98.321,
    97.33500000000001,
    95.33400000000002,
    94.83800000000001,
    97.829,
    98.317,
    93.82600000000001,
    96.828,
    97.32300000000001,
    96.82800000000002,
    94.83399999999999,
    96.824,
    96.82000000000001,
    97.326,
    97.324,
    96.828,
    96.33099999999999,
    96.33100000000002,
    96.32300000000001,
    95.31299999999999,
    94.82499999999997,
    97.32500000000002,
    98.33500000000001,
    98.328,
    96.33,
    95.828,
    93.32700000000001,
    97.808,
    96.33000000000001,
    97.827,
    94.81799999999998,
    94.827,
    98.831,
    97.826,
    97.32300000000001,
    98.326,
    95.82900000000002,
    97.323,
    97.826,
    97.33,
    95.83,
    95.32400000000001,
    95.33500000000001,
    98.83399999999997,
    96.829,
    96.33399999999999,
    98.82200000000003,
    98.32499999999999,
    97.321,
    95.83,
    97.33000000000001,
    97.333,
    97.33100000000002,
    95.83600000000001,
    96.82000000000001,
    97.32400000000001,
    97.317,
    97.82900000000001,
    97.825,
    94.33099999999999,
    99.83400000000002,
    97.828,
