{
  "complexity": 7,
  "alpha": 0.2,
  "gamma": 0.95,
  "epsilon": 0.1,
  "extra_passages": 8,
  "avg_rewards": [
    -249.90399999999818,
    43.192999999999834,
    73.40799999999999,
    63.48399999999996,
    72.68599999999999,
    71.91999999999997,
    84.977,
    84.00600000000001,
    88.826,
    83.558,
    86.648,
    88.742,
    92.979,
    91.40900000000002,
    93.431,
    90.35099999999998,
    89.02799999999999,
    94.60799999999999,
    95.66300000000001,
    92.908,
    92.619,
    95.593,
    96.72200000000001,
    92.627,
    95.19699999999999,
    97.229,
    96.753,
    95.691,
    96.66599999999998,
    96.77199999999999,
    96.269,
    92.15799999999999,
    97.76499999999999,
    97.74,
    97.311,
    96.268,
    94.764,
    95.79800000000002,
    96.79099999999998,
    97.32499999999999,
    96.775,
    96.83700000000002,
    94.32900000000002,
    97.31400000000001,
    97.816,
    98.32000000000002,
    97.833,
    97.836,
    96.304,
    99.334,
    99.33600000000001,
    94.83200000000001,
    98.33200000000001,
    99.328,
    97.83200000000001,
    98.34400000000002,
    97.769,
    97.837,
    99.338,
    97.33000000000001,
    99.343,
    97.33700000000002,
    96.83700000000002,
    95.324,
    97.34100000000001,
    97.82900000000002,
    98.34400000000001,
    97.83600000000003,
    96.83600000000001,
    97.838,
    97.34100000000002,
    96.33700000000002,
    98.33700000000002,
    96.33500000000002,
    97.33800000000001,
    95.839,
    97.83100000000002,
    96.83100000000002,
    97.33000000000001,
    98.82400000000003,
    96.83600000000001,
    97.83500000000001,
    98.34200000000001,
    98.33400000000002,
    97.83300000000001,
    99.34400000000001,
    97.84200000000001,
    96.84400000000002,
    98.32900000000001,
    97.83400000000002,
    95.84000000000002,
    97.34,
    97.33900000000001,
    98.33400000000002,
    97.33300000000001,
    97.33600000000001,
    97.34500000000001,
    96.33500000000001,
    97.82400000000001,
    96.33400000000002,
    98.34100000000001,
    97.33600000000001,
    97.82300000000001,
    98.83600000000001,
    97.343,
    98.33800000000001,
    96.83300000000001,
    97.34200000000001,
    97.834,
    97.33300000000001,
    97.34,
    98.33800000000001,
    95.334,
    96.34100000000002,
    97.34200000000001,
    97.32700000000003,
    95.84200000000001,
    97.33000000000001,
    96.33500000000001,
    98.33000000000001,
    95.83800000000001,
    99.32500000000002,
    96.33400000000002,
    98.831,
    97.84100000000001,
    99.84400000000002,
    96.83500000000001,
    98.34200000000001,
    98.83700000000002,
    98.83900000000001,
    97.84400000000002,
    98.34,
    98.83800000000001,
    97.328,
    96.34400000000002,
    97.328,
    96.83900000000003,
    96.83500000000001,
    97.83700000000002,
    98.84400000000002,
    97.322,
    96.83200000000001,
    99.34,
    98.34200000000001,
    99.34400000000002,
    96.83500000000001,
    97.34,
    96.84100000000002,
    98.83500000000001,
    97.34400000000001,
    99.33900000000001,
    96.831,
    96.33400000000002,
    97.34200000000001,
    98.33900000000001,
    98.33800000000002,
    97.84700000000001,
    96.84200000000001,
    96.32000000000002,
    98.33500000000001,
    95.83,
    97.33800000000002,
    98.34300000000002,
    97.83600000000001,
    98.84400000000001,
    96.33800000000001,
    96.82999999999998,
    96.33700000000002,
    96.838,
    97.33800000000001,
    97.33900000000001,
    96.33,
    97.83600000000001,
    98.333,
    94.83400000000002,
    97.83800000000001,
    96.33500000000001,
    95.84,
    97.34100000000001,
    97.33400000000002,
    95.82600000000001,
    98.84100000000001,
    98.33800000000001,
    97.34,
    97.34400000000002,
    95.82300000000001,
    98.332,
    98.83000000000001,
    96.83200000000001,
    98.33900000000001,
    96.33700000000002,
    97.32600000000001,
    97.33800000000002,
    97.34200000000001,
    97.343,
    95.827,
    99.34,
    98.34,
    98.34200000000001,
    95.837,
    97.337,
    96.83200000000001,
    97.83500000000001,
    98.328,
    95.327,
    98.33800000000002,
    96.83800000000002,
    97.83800000000001,
    97.843,
    97.83100000000002,
    97.33000000000001,
    96.32700000000003,
    96.33400000000002,
    97.84300000000002,
    99.834,
    97.82500000000002,
    95.83400000000002,
    96.83700000000002,
    99.33900000000001,
    96.843,
    98.82400000000001,
    96.34600000000002,
    98.337,
    98.337,
    97.83700000000002,
    98.331,
    97.84400000000001,
    98.83900000000001,
    96.33100000000002,
    97.82700000000001,
    97.83500000000001,
    96.84100000000001,
    96.33700000000002,
    97.83800000000001,
    96.34100000000002,
    98.33800000000001,
    97.334,
    97.343,
    96.84300000000002,
    99.338,
    97.33900000000001,
    98.83000000000001,
    99.339,
    96.83400000000002,
    96.33800000000002,
    98.336,
    97.83500000000001,
    98.33700000000002,
    97.83300000000001,
    97.83000000000001,
    98.34200000000001,
    97.33500000000001,
    98.34,
    98.33900000000001,
    94.83500000000001,
    94.81700000000001,
    97.84700000000001,
    95.84500000000001,
    98.84300000000002,
    96.34,
    95.84200000000001,
    97.84300000000002,
    97.835,
    96.84300000000002,
    96.831,
    97.84100000000001,
    97.33900000000001,
    96.331,
    97.84300000000002,
    96.32700000000003,
    94.33500000000001,
    96.34300000000002,
    97.84,
    99.33800000000001,
    95.83600000000001,
    98.84100000000001,
    97.33700000000002,
    95.83000000000001,
    97.831,
    98.824,
    96.83000000000001,
    96.337,
    97.84100000000001,
    96.32300000000001,
    96.828,
    97.83900000000001,
    97.34000000000002,
    97.33,
    98.33300000000001,
    96.34000000000002,
    96.804,
    97.34100000000001,
    96.843,
    97.84500000000001,
    97.331,
    98.836,
    97.333,
    98.33900000000001,
    96.84600000000002,
    97.33000000000001,
    99.33700000000002,
    98.31000000000002,
    97.33099999999999,
    98.33500000000002,
    98.828,
    98.32900000000002,
    97.84100000000001,
    95.84200000000001,
    98.34200000000001,
    96.83200000000001,
    94.336,
    97.834,
    98.33700000000002,
    97.84200000000001,
    97.33500000000001,
    97.83400000000002,
    96.82900000000001,
    98.331,
    98.84,
    97.83900000000003,
    98.333,
    98.34200000000001,
    98.33400000000002,
    97.327,
    98.829,
    97.33200000000001,
    98.33500000000001,
    97.83900000000001,
    97.83700000000002,
    98.331,
    95.828,
    96.33099999999999,
    98.342,
    97.83800000000001,
    97.331,
    97.336,
    97.32700000000001,
    97.834,
    96.33900000000003,
    96.83900000000001,
    97.84000000000002,
    97.34200000000001,
    97.33699999999999,
    95.833,
    95.836,
    97.34400000000002,
    97.33500000000001,
    98.33500000000001,
    97.34,
    97.831,
    94.33500000000002,
    97.83200000000002,
    97.83800000000001,
    98.83700000000002,
    95.338,
    98.33900000000001,
    97.33900000000001,
    96.83900000000001,
    97.34600000000002,
    98.832,
    99.33800000000001,
    96.83200000000002,
    97.83500000000001,
    97.333,
    97.831,
    97.843,
    96.321,
    97.83600000000001,
    96.331,
    99.843,
    98.83900000000003,
    97.83800000000001,
    98.34100000000001,
    96.34100000000001,
    97.33900000000001,
    95.834,
    95.324,
    97.33600000000001,
    96.83300000000001,
    98.84200000000001,
    99.33500000000002,
    96.832,
    96.34400000000001,
    97.83200000000001,
    98.84200000000001,
    97.33600000000001,
    96.33,
    96.84300000000002,
    98.34400000000002,
    97.83900000000001,
    99.34400000000001,
    98.84400000000002,
    96.33600000000003,
    96.33900000000003,
    96.83500000000001,
    97.34,
    98.83900000000001,
    97.84100000000001,
    96.33300000000001,
    96.84400000000002,
