{
  "complexity": 11,
  "alpha": 0.3,
  "gamma": 0.95,
  "epsilon": 0.1,
  "extra_passages": 4,
  "avg_rewards": [
    -193.5759999999988,
    -4.790000000000278,
    74.16499999999995,
    64.06699999999998,
    78.62100000000001,
    84.81799999999997,
    79.037,
    82.924,
    82.95999999999997,
    80.823,
    85.277,
    95.998,
    90.372,
    81.708,
    92.01599999999999,
    84.386,
    88.95899999999999,
    94.07000000000002,
    92.929,
    90.607,
    95.139,
    94.61300000000001,
    95.71600000000001,
    92.17500000000001,
    95.66900000000001,
    97.251,
    95.762,
    94.766,
    93.237,
    96.29300000000002,
    95.781,
    98.80100000000002,
    94.79400000000001,
    95.78200000000001,
    97.28400000000002,
    97.29900000000002,
    94.79800000000003,
    96.29700000000003,
    97.30700000000002,
    96.812,
    93.32300000000001,
    98.31200000000001,
    95.31300000000002,
    98.81800000000001,
    95.82100000000001,
    97.816,
    97.82400000000001,
    95.32500000000002,
    97.31400000000002,
    98.32300000000001,
    98.82000000000002,
    95.82000000000002,
    96.82600000000001,
    95.811,
    97.8,
    96.81800000000001,
    98.31500000000001,
    96.82400000000001,
    97.319,
    98.322,
    95.82000000000002,
    97.31900000000002,
    94.328,
    99.814,
    95.799,
    95.32100000000001,
    97.82000000000001,
    97.32500000000002,
    95.327,
    96.83000000000001,
    97.30699999999999,
    94.811,
    97.311,
    97.32700000000001,
    95.82000000000002,
    97.31800000000001,
    96.81800000000001,
    95.81900000000002,
    97.32100000000001,
    98.82300000000001,
    95.31200000000001,
    96.819,
    97.819,
    98.319,
    98.815,
    95.82400000000001,
    98.328,
    98.31300000000002,
    97.31800000000001,
    95.816,
    98.824,
    97.81800000000001,
    96.319,
    97.819,
    98.32400000000001,
    98.812,
    95.32300000000001,
    95.311,
    96.81099999999999,
    98.31700000000001,
    95.819,
    96.80600000000001,
    98.32600000000001,
    96.81,
    97.82600000000001,
    97.804,
    95.81400000000001,
    96.82000000000001,
    98.32900000000001,
    97.822,
    99.334,
    97.81700000000001,
    96.82500000000002,
    96.81700000000002,
    97.31300000000002,
    95.316,
    96.82100000000001,
    97.802,
    97.312,
    97.32600000000001,
    97.82300000000001,
    99.31900000000002,
    96.816,
    98.82900000000001,
    96.31200000000001,
    95.82000000000001,
    98.819,
    97.313,
    96.82500000000002,
    96.813,
    97.31700000000001,
    95.81300000000002,
    97.33000000000001,
    96.822,
    98.315,
    94.314,
    95.813,
    98.29,
    97.808,
    96.316,
    97.322,
    97.32300000000001,
    96.322,
    98.30900000000001,
    97.32600000000001,
    97.83000000000001,
    98.321,
    96.82600000000001,
    96.82400000000001,
    95.817,
    96.81200000000001,
    96.82300000000001,
    99.80600000000001,
    96.31300000000002,
    97.825,
    95.32100000000001,
    97.309,
    96.32000000000002,
    95.819,
    97.82600000000001,
    96.833,
    98.31400000000001,
    97.31200000000001,
    99.322,
    97.82000000000001,
    96.314,
    95.81300000000002,
    96.32100000000001,
    99.32100000000001,
    95.31599999999999,
    96.32100000000001,
    96.819,
    97.313,
    97.31500000000001,
    96.31800000000001,
    97.31200000000001,
    97.32100000000001,
    98.31700000000001,
    97.295,
    96.82200000000002,
    98.811,
    98.795,
    96.82600000000001,
    96.319,
    97.32500000000002,
    98.311,
    97.82300000000001,
    95.81500000000001,
    97.31800000000001,
    96.81800000000001,
    97.33000000000001,
    95.32500000000002,
    96.81800000000001,
    96.82500000000002,
    95.81400000000001,
    97.81400000000001,
    97.32200000000002,
    96.32100000000001,
    96.81400000000001,
    96.81899999999999,
    97.31900000000002,
    97.30999999999999,
    97.313,
    97.815,
    98.32200000000002,
    96.82600000000001,
    97.805,
    96.31800000000001,
    97.81200000000001,
    97.31300000000002,
    96.325,
    98.31899999999999,
    98.319,
    96.319,
    98.81800000000001,
    97.31500000000001,
    96.813,
    97.81700000000001,
    95.32200000000002,
    94.81300000000002,
    96.82500000000002,
    96.819,
    97.31800000000001,
    95.816,
    95.828,
    98.81900000000002,
    95.82000000000001,
    97.822,
    97.822,
    97.321,
    97.82300000000001,
    96.31600000000002,
    98.81700000000001,
    97.815,
    98.82300000000001,
    95.80900000000001,
    94.827,
    99.31,
    97.322,
    96.81400000000001,
    97.313,
    97.324,
    95.31800000000001,
    97.822,
    96.82600000000001,
    98.31800000000001,
    95.82100000000001,
    98.31700000000002,
    96.32400000000001,
    98.324,
    96.301,
    95.32200000000002,
    98.32200000000002,
    96.81500000000003,
    96.314,
    96.32000000000001,
    95.80799999999999,
    96.819,
    97.817,
    97.817,
    97.828,
    97.819,
    96.321,
    97.322,
    98.82600000000001,
    98.32300000000001,
    97.82400000000001,
    96.813,
    97.31300000000002,
    97.32000000000002,
    97.819,
    96.82400000000001,
    98.324,
    98.817,
    97.82100000000001,
    98.31700000000001,
    95.812,
    99.319,
    96.31000000000002,
    95.82300000000001,
    96.31800000000001,
    95.82000000000002,
    97.30999999999999,
    96.81900000000002,
    97.309,
    98.321,
    97.316,
    97.82400000000001,
    95.82900000000001,
    95.81500000000001,
    95.32500000000002,
    96.31200000000001,
    96.311,
    95.81600000000002,
    97.33000000000001,
    98.312,
    95.322,
    97.813,
    96.807,
    97.31800000000001,
    96.81500000000001,
    99.30900000000001,
    98.311,
    97.31900000000002,
    96.82300000000001,
    97.31900000000002,
    96.82200000000002,
    95.822,
    97.82400000000001,
    97.82300000000001,
    98.81800000000001,
    97.81500000000001,
    97.32100000000001,
    99.81700000000002,
    98.32100000000001,
    97.32100000000001,
    97.316,
    96.82300000000001,
    98.32000000000002,
    94.82700000000001,
    95.32300000000001,
    97.83000000000001,
    97.311,
    97.821,
    97.81700000000001,
    97.319,
    97.80300000000001,
    96.32600000000001,
    95.317,
    97.31400000000001,
    98.311,
    92.82400000000001,
    96.31500000000003,
    97.31800000000001,
    96.83000000000001,
    96.318,
    98.31700000000002,
    97.32600000000001,
    99.32700000000001,
    97.32400000000001,
    97.81900000000002,
    97.316,
    96.31300000000002,
    96.822,
    97.812,
    96.31000000000002,
    97.32700000000001,
    97.32500000000002,
    98.32900000000001,
    97.82600000000001,
    96.319,
    97.81000000000002,
    96.31799999999998,
    95.826,
    96.81400000000001,
    98.81500000000001,
    96.82700000000001,
    96.82400000000001,
    97.31900000000002,
    97.82900000000001,
    95.82400000000001,
    96.31800000000001,
    98.82500000000002,
    98.316,
    98.32100000000001,
    96.32200000000002,
    98.82100000000001,
    98.32000000000001,
    97.322,
    97.328,
    98.321,
    96.324,
    95.82100000000001,
    98.30799999999999,
    93.82200000000003,
    98.328,
    96.32500000000002,
    95.81199999999998,
    95.81700000000001,
    98.30999999999999,
    95.31400000000001,
    97.312,
    97.822,
    98.32300000000001,
    96.81200000000001,
    96.32200000000002,
    96.809,
    97.816,
    97.31800000000001,
    98.32400000000001,
    95.316,
    97.81700000000001,
    99.328,
    97.311,
    96.821,
    98.32500000000002,
    98.32199999999999,
    97.81800000000001,
    98.318,
    96.819,
    96.32500000000002,
    95.316,
    98.82400000000001,
    97.81500000000001,
    96.81200000000001,
    98.82000000000002,
    97.82100000000001,
    98.32400000000001,
    96.31800000000001,
    97.82600000000001,
    99.314,
    98.319,
    97.81800000000001,
    98.32100000000001,
    97.312,
    97.312,
