{
  "complexity": 15,
  "alpha": 0.2,
  "gamma": 0.95,
  "epsilon": 0.2,
  "extra_passages": 0,
  "avg_rewards": [
    -272.4979999999984,
    -103.42799999999905,
    -1.3110000000003006,
    -16.365000000000016,
    34.838999999999885,
    26.103999999999797,
    65.94300000000001,
    44.2179999999999,
    56.802999999999926,
    71.59799999999998,
    65.65700000000001,
    66.61799999999998,
    68.19500000000002,
    79.874,
    82.438,
    87.098,
    84.826,
    90.68199999999999,
    80.53899999999999,
    84.04400000000001,
    85.13899999999998,
    91.678,
    87.142,
    89.701,
    80.614,
    89.737,
    87.19200000000001,
    91.23700000000001,
    91.73299999999999,
    88.74600000000001,
    91.252,
    89.75999999999999,
    88.67999999999999,
    87.255,
    95.272,
    86.258,
    93.77200000000002,
    89.773,
    91.293,
    90.786,
    95.276,
    91.292,
    93.797,
    92.25900000000001,
    94.28100000000002,
    92.28099999999999,
    90.80300000000001,
    93.793,
    95.80999999999999,
    94.77600000000001,
    94.787,
    85.775,
    93.79100000000001,
    94.304,
    90.80100000000002,
    91.27799999999999,
    89.272,
    94.797,
    93.80600000000001,
    89.29400000000001,
    91.78,
    92.304,
    89.78699999999999,
    94.30100000000002,
    93.80199999999999,
    90.282,
    88.29400000000001,
    92.28800000000001,
    85.78099999999999,
    91.268,
    94.30199999999999,
    90.779,
    92.292,
    90.79200000000002,
    93.29100000000001,
    91.202,
    94.28800000000001,
    88.78300000000002,
    91.287,
    91.28900000000002,
    90.28599999999999,
    95.78299999999999,
    90.797,
    94.30200000000002,
    87.28099999999999,
    93.792,
    93.287,
    93.28799999999998,
    91.26899999999999,
    93.301,
    95.29700000000001,
    94.30499999999999,
    88.27,
    92.30700000000002,
    95.299,
    95.28900000000002,
    94.799,
    91.292,
    92.795,
    91.293,
    92.297,
    89.30099999999999,
    92.79300000000002,
    90.296,
    90.772,
    95.79299999999999,
    91.78800000000001,
    90.248,
    94.29700000000003,
    91.313,
    94.79100000000001,
    90.30500000000002,
    91.796,
    88.779,
    90.292,
    95.301,
    88.8,
    91.788,
    93.795,
    94.789,
    84.785,
    91.798,
    93.28200000000001,
    92.77799999999999,
    91.79299999999999,
    91.787,
    93.80499999999999,
    93.281,
    93.79,
    91.773,
    91.78299999999999,
    94.29799999999999,
    91.292,
    91.78900000000002,
    92.283,
    90.79,
    91.28200000000001,
    93.795,
    91.79299999999999,
    87.28400000000002,
    94.304,
    91.78099999999999,
    95.78999999999999,
    90.78200000000001,
    93.29500000000002,
    94.78,
    91.79300000000002,
    93.299,
    87.29699999999998,
    93.28999999999999,
    92.80000000000001,
    89.793,
    90.284,
    95.81300000000002,
    89.782,
    96.798,
    91.28299999999999,
    91.29,
    93.804,
    93.292,
    90.79100000000001,
    90.26400000000001,
    86.79700000000001,
    90.298,
    92.292,
    92.28299999999999,
    92.795,
    92.80100000000002,
    91.29400000000001,
    94.77700000000002,
    91.81400000000001,
    92.30100000000002,
    95.292,
    97.305,
    92.77800000000002,
    93.797,
    92.80399999999999,
    94.796,
    89.78799999999998,
    90.81400000000002,
    93.77100000000002,
    92.25699999999999,
    91.78999999999999,
    91.79100000000003,
    90.28599999999999,
    93.287,
    88.68300000000002,
    93.79400000000001,
    93.287,
    94.78900000000002,
    91.787,
    92.301,
    93.79400000000001,
    87.76200000000001,
    94.80300000000001,
    91.27499999999999,
    92.792,
    91.789,
    93.78600000000003,
    88.29299999999999,
    92.772,
    92.76500000000001,
    94.311,
    91.29400000000001,
    96.298,
    91.28,
    92.298,
    92.76400000000001,
    93.287,
    92.79599999999999,
    89.29100000000003,
    88.273,
    92.29400000000001,
    92.28900000000002,
    91.3,
    92.807,
    95.79700000000001,
    91.797,
    93.287,
    89.78800000000001,
    92.79400000000001,
    94.78399999999999,
    95.29600000000002,
    92.301,
    97.298,
    93.793,
    94.28099999999999,
    90.29,
    92.792,
    85.30100000000002,
    90.807,
    92.80199999999999,
    97.30900000000001,
    93.28900000000002,
    95.30800000000002,
    92.289,
    93.786,
    89.768,
    94.30000000000001,
    91.29299999999999,
    95.78999999999999,
    93.71700000000001,
    94.292,
    94.76700000000001,
    92.79100000000001,
    92.798,
    94.79599999999999,
    92.287,
    93.292,
    93.302,
    92.286,
    92.788,
    93.789,
    90.78999999999999,
    92.304,
    91.285,
    92.269,
    94.29600000000002,
    92.263,
    90.79600000000002,
    93.295,
    88.284,
    91.309,
    91.79500000000003,
    92.786,
    94.271,
    92.781,
    92.784,
    92.293,
    90.28999999999999,
    92.78399999999999,
    92.29099999999998,
    93.284,
    95.80600000000001,
    92.282,
    90.79,
    91.295,
    94.812,
    93.797,
    90.79800000000002,
    93.30499999999999,
    94.29100000000003,
    94.79700000000001,
    94.285,
    92.77699999999997,
    89.78900000000002,
    94.298,
    93.287,
    91.80600000000001,
    93.311,
    90.785,
    92.26599999999999,
    93.79199999999999,
    91.787,
    92.79900000000002,
    88.296,
    93.789,
    92.30100000000002,
    89.28800000000001,
    93.78399999999999,
    88.78900000000002,
    91.78899999999999,
    92.78100000000002,
    94.799,
    93.78900000000002,
    94.809,
    93.292,
    90.30100000000002,
    90.28699999999999,
    91.79800000000002,
    91.28800000000001,
    94.797,
    91.772,
    93.299,
    94.285,
    90.286,
    92.77099999999999,
    91.298,
    89.298,
    92.29100000000001,
    89.292,
    91.301,
    94.28800000000001,
    92.27900000000001,
    88.79800000000002,
    93.80600000000001,
    93.798,
    90.28800000000001,
    92.787,
    89.78999999999999,
    94.29399999999998,
    88.79200000000002,
    92.282,
    89.27600000000001,
    92.30600000000001,
    91.792,
    93.78400000000002,
    91.79400000000001,
    89.30100000000002,
    93.287,
    93.299,
    90.78,
    94.29700000000001,
    90.77799999999999,
    94.304,
    90.795,
    90.80199999999999,
    90.78999999999999,
    92.282,
    93.79300000000002,
    91.78800000000001,
    92.303,
    92.79400000000001,
    95.28599999999999,
    95.294,
    95.755,
    90.30100000000002,
    93.801,
    91.77600000000001,
    88.797,
    91.29700000000001,
    93.788,
    92.79,
    90.29400000000001,
    92.29800000000002,
    89.793,
    91.28999999999999,
    96.776,
    88.79299999999999,
    91.296,
    94.28799999999998,
    89.78900000000002,
    91.79700000000001,
    94.29400000000001,
    89.80000000000001,
    88.302,
    92.776,
    93.31,
    93.295,
    91.787,
    93.29499999999999,
    93.284,
    91.787,
    93.309,
    92.77700000000002,
    91.30300000000003,
    94.29100000000001,
    91.3,
    90.79500000000002,
    90.804,
    92.79400000000001,
    89.29299999999999,
    89.78900000000002,
    90.28800000000001,
    92.299,
    90.79400000000001,
    95.299,
    91.799,
    93.79599999999999,
    96.79600000000002,
    89.787,
    94.79100000000001,
    90.275,
    94.29700000000001,
    90.79100000000001,
    94.29,
    92.79600000000002,
    94.279,
    92.802,
    93.78100000000002,
    95.775,
    94.30100000000002,
    91.80600000000001,
    93.296,
    94.78400000000002,
    89.28200000000001,
    92.78900000000002,
    90.288,
    88.79400000000001,
    90.802,
    88.793,
    91.28200000000001,
    89.29499999999999,
    92.797,
    88.783,
    92.79599999999999,
    93.79499999999999,
    93.302,
    93.79900000000002,
    96.29100000000001,
    93.797,
    91.797,
    91.787,
    92.78600000000002,
    93.30100000000002,
    91.28900000000002,
    92.80499999999999,
    93.28299999999999,
    91.29400000000001,
    88.303,
    91.78800000000001,
