{
  "complexity": 13,
  "alpha": 0.3,
  "gamma": 0.9,
  "epsilon": 0.1,
  "extra_passages": 2,
  "avg_rewards": [
    -226.24999999999855,
    8.42700000000003,
    63.78999999999998,
    64.85899999999997,
    66.51699999999997,
    77.13000000000004,
    76.59399999999998,
    83.44600000000003,
    86.58899999999998,
    81.94599999999994,
    89.82300000000001,
    90.819,
    89.804,
    89.912,
    90.28799999999998,
    93.01899999999999,
    87.62100000000001,
    90.957,
    94.147,
    97.202,
    94.16400000000002,
    96.61899999999999,
    92.70100000000001,
    96.205,
    97.299,
    95.70200000000001,
    96.76000000000002,
    96.804,
    93.28999999999999,
    95.221,
    95.28,
    94.31200000000001,
    96.80700000000002,
    96.80800000000002,
    97.30100000000002,
    94.304,
    95.30700000000002,
    92.81000000000002,
    97.81600000000002,
    96.82000000000002,
    96.32400000000001,
    94.321,
    96.32600000000001,
    94.816,
    96.32600000000001,
    96.31800000000001,
    95.31400000000001,
    96.301,
    96.297,
    95.81800000000001,
    97.32400000000001,
    96.811,
    96.32000000000002,
    96.32000000000002,
    97.825,
    99.32100000000001,
    96.82500000000002,
    94.316,
    94.30700000000002,
    96.81899999999999,
    98.32600000000001,
    95.80600000000001,
    95.313,
    95.31600000000002,
    97.32200000000002,
    98.821,
    95.82100000000001,
    95.316,
    98.32900000000001,
    98.82300000000001,
    98.299,
    94.82700000000001,
    97.319,
    97.32000000000001,
    95.32000000000001,
    98.32000000000002,
    95.82200000000002,
    92.81800000000001,
    97.311,
    95.819,
    97.313,
    98.321,
    97.324,
    97.81900000000002,
    96.333,
    98.82000000000002,
    97.82300000000001,
    96.314,
    96.82700000000001,
    98.82400000000001,
    96.82000000000001,
    97.316,
    97.28500000000001,
    98.81500000000001,
    95.81500000000001,
    98.31800000000001,
    94.33200000000001,
    96.31000000000002,
    98.822,
    96.311,
    97.32300000000001,
    96.31200000000001,
    96.821,
    97.33000000000001,
    97.824,
    92.81200000000001,
    94.32100000000001,
    96.32000000000001,
    97.321,
    98.32400000000001,
    98.31800000000001,
    96.321,
    97.32700000000001,
    96.82300000000001,
    95.32600000000001,
    95.81400000000001,
    97.32600000000001,
    96.819,
    95.821,
    96.31,
    97.309,
    97.31700000000002,
    96.32000000000001,
    97.32500000000002,
    98.324,
    96.32400000000001,
    95.81800000000001,
    95.815,
    95.31200000000001,
    97.73000000000002,
    97.775,
    95.81899999999999,
    98.32300000000001,
    97.80600000000001,
    97.32200000000002,
    96.81299999999999,
    96.32200000000002,
    96.784,
    98.82300000000001,
    98.321,
    95.816,
    97.82000000000001,
    95.32,
    97.32600000000001,
    98.32300000000001,
    97.32499999999999,
    95.31,
    96.82000000000001,
    98.82400000000001,
    97.80600000000001,
    97.316,
    97.80199999999999,
    97.32500000000002,
    96.31000000000002,
    95.81800000000001,
    93.81400000000002,
    96.802,
    97.31200000000001,
    97.812,
    95.324,
    97.82200000000002,
    96.82400000000001,
    96.32300000000001,
    98.31800000000001,
    97.32100000000001,
    96.32500000000002,
    97.32400000000001,
    95.82300000000001,
    94.82200000000002,
    97.31200000000001,
    97.32000000000001,
    96.31800000000001,
    97.32300000000001,
    97.32300000000001,
    96.82100000000001,
    97.32300000000001,
    95.32100000000001,
    96.31700000000002,
    95.32600000000001,
    96.81800000000001,
    97.81500000000001,
    97.819,
    96.809,
    98.32100000000001,
    97.316,
    92.235,
    97.81000000000002,
    94.31400000000002,
    95.818,
    97.81900000000002,
    96.31800000000001,
    95.319,
    99.319,
    96.82100000000001,
    95.82400000000001,
    94.82500000000002,
    96.315,
    97.32600000000001,
    94.80900000000001,
    96.32400000000001,
    97.82000000000002,
    97.308,
    96.81500000000001,
    97.316,
    96.827,
    98.819,
    98.31800000000001,
    97.319,
    95.819,
    96.30699999999999,
    99.316,
    96.81400000000002,
    97.31800000000001,
    96.31700000000001,
    96.828,
    97.31800000000001,
    96.80900000000001,
    97.31500000000001,
    95.82500000000002,
    97.81800000000001,
    95.81899999999999,
    95.82000000000002,
    94.32600000000001,
    96.322,
    96.82500000000002,
    98.32000000000001,
    96.821,
    96.81700000000001,
    97.32100000000001,
    96.32700000000001,
    96.313,
    96.319,
    93.816,
    97.81700000000001,
    96.31200000000001,
    96.811,
    97.32100000000001,
    96.322,
    95.81800000000001,
    98.815,
    98.315,
    95.78900000000002,
    96.321,
    97.31700000000002,
    98.32200000000002,
    97.82300000000001,
    98.80900000000001,
    95.311,
    96.32400000000001,
    97.32500000000002,
    97.82700000000001,
    98.326,
    94.31900000000002,
    96.825,
    94.82400000000001,
    93.815,
    96.82100000000001,
    96.80900000000001,
    98.31900000000002,
    98.322,
    95.819,
    97.322,
    96.82100000000001,
    97.32400000000001,
    97.321,
    97.31900000000002,
    96.32100000000001,
    95.32900000000001,
    95.819,
    97.317,
    97.816,
    96.31900000000002,
    96.821,
    95.32800000000002,
    95.31300000000002,
    95.821,
    97.816,
    97.32000000000002,
    98.316,
    96.82100000000001,
    96.31,
    97.82300000000001,
    97.31800000000001,
    95.82900000000001,
    95.32400000000001,
    97.828,
    95.821,
    97.32000000000002,
    96.82600000000001,
    96.828,
    96.31300000000002,
    96.324,
    97.328,
    97.31900000000002,
    96.32100000000001,
    96.32200000000002,
    97.307,
    97.817,
    96.31700000000002,
    95.322,
    98.328,
    95.31800000000001,
    98.821,
    96.319,
    97.328,
    96.82200000000002,
    97.317,
    97.319,
    98.319,
    94.82200000000002,
    98.82100000000001,
    96.32000000000001,
    96.32300000000001,
    97.81300000000002,
    96.82000000000002,
    96.815,
    96.82000000000002,
    97.32100000000001,
    96.818,
    94.825,
    93.81199999999998,
    96.31900000000002,
    94.31300000000002,
    97.32100000000001,
    97.32400000000001,
    95.32300000000001,
    97.82600000000001,
    97.325,
    94.33000000000001,
    94.31300000000002,
    97.32400000000001,
    95.32600000000001,
    96.324,
    97.82500000000002,
    95.316,
    96.82500000000002,
    97.31700000000001,
    93.81700000000001,
    97.82500000000002,
    97.311,
    96.81900000000002,
    94.311,
    98.82900000000001,
    96.808,
    96.81300000000002,
    98.31899999999999,
    96.817,
    98.321,
    94.32400000000001,
    96.81800000000001,
    98.32300000000001,
    98.311,
    99.31800000000001,
    98.322,
    95.81700000000002,
    97.321,
    94.32000000000002,
    98.80999999999999,
    96.82000000000001,
    94.81900000000002,
    97.32000000000002,
    93.821,
    97.816,
    96.32700000000001,
    94.82199999999999,
    96.82100000000001,
    97.308,
    96.31700000000002,
    97.328,
    94.82600000000001,
    96.81800000000001,
    97.32600000000001,
    98.81900000000002,
    97.32000000000001,
    97.815,
    96.822,
    94.81800000000001,
    94.82100000000001,
    96.32100000000001,
    96.821,
    96.81900000000002,
    97.30800000000002,
    97.319,
    95.31900000000002,
    95.31800000000001,
    97.32700000000001,
    98.31700000000002,
    97.30900000000001,
    97.821,
    94.80600000000001,
    97.328,
    97.82900000000001,
    95.31300000000002,
    98.31400000000002,
    98.824,
    95.82100000000001,
    96.304,
    97.30999999999999,
    96.824,
    95.819,
    95.30800000000002,
    95.818,
    96.31,
    95.81600000000002,
    97.32200000000002,
    96.322,
    98.32200000000002,
    94.81700000000001,
    94.32600000000001,
    97.31500000000003,
    96.82000000000001,
