{
  "complexity": 2,
  "alpha": 0.2,
  "gamma": 0.95,
  "epsilon": 0.3,
  "extra_passages": 13,
  "avg_rewards": [
    -309.8029999999978,
    23.934999999999825,
    35.62399999999986,
    55.685999999999964,
    44.22399999999997,
    58.11499999999994,
    51.19499999999987,
    56.919000000000054,
    56.776000000000025,
    81.338,
    74.80899999999998,
    73.85000000000001,
    72.312,
    84.48,
    70.826,
    81.37699999999998,
    77.48800000000001,
    78.396,
    89.08099999999999,
    86.475,
    85.099,
    86.08400000000002,
    88.092,
    81.951,
    86.64699999999999,
    90.164,
    80.119,
    83.50799999999998,
    94.17699999999999,
    90.14200000000001,
    88.65200000000002,
    88.65800000000002,
    83.66199999999999,
    84.661,
    89.686,
    88.64500000000001,
    91.701,
    85.724,
    87.224,
    88.21900000000001,
    89.72900000000001,
    90.229,
    90.23999999999998,
    87.226,
    86.21600000000001,
    91.218,
    90.26100000000001,
    92.28699999999999,
    92.243,
    92.77799999999999,
    89.24100000000001,
    90.77000000000001,
    89.778,
    89.77600000000001,
    93.297,
    89.777,
    92.792,
    92.756,
    87.78899999999999,
    90.77199999999999,
    91.774,
    89.292,
    88.825,
    94.792,
    91.299,
    92.302,
    91.3,
    94.787,
    90.27799999999999,
    89.27600000000002,
    92.30300000000001,
    91.28900000000002,
    91.79600000000002,
    92.29400000000001,
    90.798,
    92.28200000000001,
    90.792,
    90.26699999999998,
    89.79500000000002,
    93.303,
    96.284,
    91.8,
    87.777,
    91.28699999999999,
    90.758,
    92.78999999999999,
    92.789,
    95.792,
    91.803,
    94.27699999999999,
    91.81800000000001,
    93.28,
    91.78600000000002,
    91.285,
    92.31000000000002,
    93.299,
    89.80699999999999,
    90.286,
    92.29599999999999,
    88.289,
    91.31,
    90.271,
    90.785,
    89.785,
    94.302,
    91.78399999999999,
    89.782,
    92.807,
    97.30499999999999,
    94.30199999999999,
    92.29099999999998,
    90.80699999999999,
    90.289,
    91.811,
    89.77799999999999,
    91.27799999999999,
    97.79400000000001,
    93.291,
    90.297,
    90.312,
    90.78599999999999,
    92.78099999999999,
    92.298,
    92.801,
    93.25899999999999,
    91.296,
    91.279,
    98.299,
    91.81000000000002,
    91.801,
    93.26899999999999,
    93.792,
    91.787,
    95.31599999999999,
    88.29400000000001,
    91.282,
    92.27000000000001,
    93.261,
    94.79,
    91.783,
    91.31400000000002,
    90.277,
    90.794,
    92.78999999999999,
    93.78899999999999,
    92.26199999999999,
    90.30499999999999,
    90.29700000000001,
    90.3,
    93.305,
    92.29300000000002,
    91.77900000000001,
    91.78999999999999,
    93.30100000000002,
    90.782,
    91.294,
    91.29999999999998,
    92.8,
    91.77700000000002,
    94.29400000000001,
    92.797,
    91.29100000000001,
    92.80199999999999,
    90.288,
    92.274,
    87.27000000000001,
    90.283,
    89.302,
    94.31300000000002,
    90.3,
    91.28,
    90.79199999999999,
    94.29199999999999,
    93.30999999999999,
    93.29100000000001,
    87.78999999999999,
    90.78599999999999,
    90.78699999999999,
    91.299,
    95.27700000000002,
    94.296,
    90.30600000000001,
    88.30600000000001,
    94.804,
    92.79699999999998,
    89.30199999999999,
    92.304,
    91.798,
    93.772,
    87.29400000000001,
    91.78699999999999,
    94.30499999999999,
    91.79300000000002,
    93.804,
    91.316,
    86.79299999999998,
    94.30099999999999,
    93.309,
    93.78999999999999,
    86.79400000000001,
    92.295,
    92.766,
    92.804,
    92.79599999999999,
    94.287,
    89.27199999999998,
    88.277,
    93.299,
    94.308,
    93.805,
    93.29,
    90.80100000000002,
    93.30300000000001,
    94.287,
    89.26799999999999,
    87.78099999999999,
    93.809,
    90.29,
    87.77699999999999,
    88.273,
    91.79999999999998,
    92.788,
    95.79799999999997,
    92.297,
    93.30300000000003,
    86.279,
    90.266,
    93.273,
    92.309,
    92.29299999999998,
    93.79299999999999,
    93.29599999999998,
    91.31299999999999,
    91.304,
    91.80699999999999,
    89.786,
    88.315,
    89.781,
    95.31700000000001,
    92.29600000000002,
    91.28,
    91.27600000000001,
    88.27700000000002,
    90.27799999999999,
    90.264,
    94.80300000000001,
    96.292,
    86.791,
    90.78400000000002,
    91.803,
    96.28899999999999,
    92.28,
    87.77799999999999,
    93.78500000000001,
    90.275,
    94.31800000000001,
    92.78699999999999,
    91.781,
    91.78200000000001,
    91.26299999999999,
    91.80000000000001,
    93.29399999999998,
    88.289,
    91.28800000000001,
    91.275,
    91.81099999999999,
    92.266,
    88.274,
    90.78399999999999,
    94.299,
    89.771,
    91.27099999999999,
    92.803,
    90.296,
    87.791,
    85.78200000000001,
    92.788,
    93.79100000000001,
    89.81300000000002,
    87.295,
    90.78500000000001,
    93.315,
    94.28699999999999,
    89.80800000000002,
    91.809,
    92.80199999999999,
    93.29400000000001,
    93.79800000000002,
    92.285,
    95.297,
    95.776,
    91.296,
    93.78900000000002,
    94.298,
    92.804,
    94.80800000000002,
    91.27499999999999,
    92.278,
    92.30299999999998,
    92.806,
    92.807,
    93.28699999999999,
    94.3,
    92.287,
    91.306,
    95.285,
    89.26799999999999,
    90.812,
    91.30300000000001,
    90.77799999999999,
    92.26700000000002,
    93.79799999999999,
    92.783,
    92.279,
    92.289,
    93.292,
    94.309,
    92.297,
    89.31,
    86.28299999999999,
    87.30699999999999,
    93.801,
    89.78000000000002,
    93.30700000000002,
    89.287,
    91.271,
    89.801,
    92.282,
    90.78900000000002,
    94.81600000000002,
    92.272,
    94.28699999999999,
    88.265,
    92.78,
    93.77900000000001,
    89.278,
    93.275,
    95.793,
    91.273,
    94.279,
    87.285,
    91.78300000000002,
    90.288,
    93.322,
    92.28999999999999,
    92.294,
    89.78699999999999,
    89.28,
    90.273,
    95.283,
    93.292,
    91.802,
    92.801,
    93.748,
    93.28,
    89.28399999999999,
    92.266,
    91.26499999999999,
    92.29400000000001,
    92.76599999999999,
    93.285,
    93.30400000000002,
    92.788,
    94.283,
    87.805,
    89.29100000000001,
    87.797,
    92.28,
    92.26499999999999,
    91.809,
    92.80300000000001,
    90.28900000000002,
    90.775,
    92.782,
    93.263,
    91.297,
    91.799,
    89.78699999999999,
    89.79499999999999,
    89.781,
    94.301,
    91.787,
    92.28099999999999,
    92.79,
    93.27300000000002,
    89.29799999999999,
    93.797,
    89.288,
    90.77499999999998,
    93.791,
    89.29500000000002,
    91.80400000000002,
    91.281,
    91.81800000000001,
    87.77099999999999,
    82.28899999999999,
    90.30699999999999,
    93.25699999999999,
    91.781,
    91.78099999999999,
    93.29299999999998,
    92.80300000000003,
    89.79400000000001,
    96.299,
    91.28300000000002,
    87.79100000000001,
    92.79499999999999,
    95.808,
    93.31300000000002,
    89.28799999999998,
    94.28800000000001,
    92.793,
    96.78999999999999,
    93.797,
    94.78599999999999,
    89.28999999999999,
    90.78400000000002,
    94.81200000000001,
    91.796,
    92.27000000000001,
    89.792,
    89.78999999999999,
    92.77199999999999,
    91.796,
    94.293,
    87.297,
    90.31000000000002,
    93.295,
    91.77600000000001,
    91.806,
    94.80000000000003,
    88.779,
    90.768,
    96.29299999999999,
    91.305,
    92.28999999999999,
    92.818,
    92.293,
    88.28200000000001,
    90.29100000000001,
    87.785,
    90.784,
    92.30199999999999,
    93.80499999999999,
    92.792,
    94.314,
    91.316,
    90.27799999999999,
    95.30199999999999,
    91.30100000000002,
    89.78099999999999,
    90.30500000000002,
