{
  "complexity": 9,
  "alpha": 0.2,
  "gamma": 0.9,
  "epsilon": 0.1,
  "extra_passages": 6,
  "avg_rewards": [
    -223.99499999999853,
    21.46499999999991,
    64.14600000000002,
    70.19899999999998,
    70.0589999999999,
    74.46099999999997,
    80.27199999999998,
    87.42,
    84.26399999999998,
    90.69500000000001,
    79.79499999999996,
    90.61300000000001,
    94.44000000000001,
    93.29199999999999,
    91.38199999999999,
    92.82600000000001,
    94.47799999999998,
    94.53400000000002,
    95.482,
    91.44899999999998,
    91.97500000000001,
    94.077,
    98.16600000000001,
    94.09599999999999,
    94.65100000000001,
    95.66400000000002,
    97.24799999999999,
    94.184,
    86.89099999999999,
    97.732,
    96.75999999999999,
    96.72400000000002,
    96.14699999999999,
    97.251,
    96.233,
    95.26899999999998,
    96.796,
    97.78999999999999,
    98.79199999999999,
    96.312,
    96.307,
    95.81,
    96.81500000000001,
    98.26700000000001,
    98.82300000000001,
    97.31800000000001,
    98.817,
    98.83200000000002,
    95.77400000000002,
    97.34,
    97.34600000000002,
    98.32100000000001,
    98.33900000000003,
    97.84400000000001,
    97.84300000000002,
    97.83600000000001,
    96.33000000000001,
    97.343,
    96.833,
    96.833,
    98.33100000000002,
    97.34000000000002,
    98.34300000000002,
    98.33600000000001,
    96.83500000000001,
    98.34100000000001,
    97.83800000000001,
    97.33600000000001,
    98.337,
    98.33000000000001,
    96.33800000000001,
    95.33800000000001,
    95.821,
    98.33700000000002,
    96.328,
    99.83599999999998,
    98.831,
    96.836,
    98.338,
    97.34000000000002,
    97.82900000000001,
    98.33900000000001,
    96.82000000000001,
    96.333,
    96.84300000000002,
    98.32300000000001,
    95.31400000000002,
    94.34,
    97.34100000000001,
    96.83800000000001,
    98.32900000000001,
    98.843,
    98.34,
    97.341,
    96.83200000000001,
    97.83900000000001,
    98.33700000000002,
    97.33700000000002,
    96.82700000000003,
    96.83600000000001,
    97.84400000000002,
    98.83400000000002,
    97.836,
    96.819,
    97.84400000000001,
    97.33700000000002,
    97.82600000000001,
    97.83200000000002,
    95.84,
    97.82300000000001,
    96.332,
    98.841,
    96.84,
    96.34200000000001,
    99.34300000000002,
    97.83000000000001,
    98.33900000000003,
    94.828,
    97.335,
    98.32900000000001,
    96.83200000000002,
    96.84100000000001,
    97.325,
    97.84500000000001,
    95.82900000000001,
    97.34200000000001,
    98.34200000000001,
    97.829,
    97.83900000000001,
    98.82900000000002,
    95.328,
    98.33900000000001,
    97.828,
    98.331,
    97.83200000000001,
    96.33500000000001,
    97.33000000000001,
    98.33900000000001,
    97.83800000000001,
    98.33,
    98.34400000000002,
    97.83200000000002,
    94.83800000000001,
    97.82599999999998,
    99.33300000000001,
    97.32500000000002,
    98.34200000000001,
    97.33600000000001,
    98.32900000000002,
    98.32900000000001,
    98.33200000000002,
    97.32500000000002,
    98.841,
    98.83800000000002,
    98.83000000000001,
    98.333,
    99.33200000000001,
    97.84,
    98.34,
    98.83900000000003,
    97.327,
    98.83900000000001,
    96.333,
    98.83800000000001,
    97.333,
    95.83400000000002,
    97.33000000000001,
    97.837,
    97.84100000000002,
    96.837,
    97.83700000000002,
    99.33700000000002,
    97.84800000000001,
    97.82300000000001,
    96.33900000000001,
    96.838,
    97.84,
    94.33700000000002,
    98.33100000000002,
    95.33100000000002,
    98.34100000000001,
    98.83900000000001,
    95.84100000000001,
    97.838,
    96.83700000000002,
    98.83900000000001,
    96.82000000000001,
    98.83000000000001,
    98.33200000000001,
    97.33400000000002,
    96.832,
    96.83300000000001,
    96.33400000000002,
    96.832,
    98.33100000000002,
    98.33800000000001,
    97.84700000000001,
    97.83300000000001,
    96.83600000000001,
    96.83700000000002,
    98.33900000000001,
    98.32900000000001,
    98.33500000000001,
    97.33700000000002,
    98.84200000000001,
    98.336,
    97.831,
    97.33800000000001,
    97.83800000000001,
    96.84100000000001,
    98.83700000000002,
    98.32600000000001,
    98.33300000000001,
    99.33500000000001,
    98.34,
    96.83099999999999,
    98.83800000000001,
    98.837,
    98.83800000000001,
    97.33800000000001,
    98.33800000000001,
    97.82900000000002,
    97.34100000000001,
    98.832,
    98.33500000000001,
    96.82700000000001,
    98.338,
    97.34800000000001,
    95.33700000000002,
    98.331,
    98.82699999999998,
    96.33700000000002,
    96.83800000000002,
    98.84,
    96.34300000000002,
    99.34100000000002,
    97.83500000000001,
    97.33700000000002,
    97.34100000000001,
    97.337,
    97.834,
    97.83500000000001,
    96.83100000000002,
    97.84200000000001,
    96.34600000000002,
    97.83500000000001,
    98.83700000000002,
    97.831,
    96.83500000000001,
    98.83,
    95.83500000000001,
    98.825,
    97.325,
    98.836,
    98.84200000000001,
    99.83100000000002,
    97.34200000000001,
    96.833,
    96.827,
    97.329,
    98.326,
    95.33500000000001,
    96.837,
    96.83500000000001,
    98.834,
    97.33500000000001,
    99.34700000000001,
    98.33100000000002,
    97.34400000000002,
    98.34,
    97.83099999999999,
    97.83300000000001,
    98.33500000000001,
    98.83200000000001,
    97.34200000000001,
    95.83200000000002,
    97.83600000000001,
    96.83300000000001,
    98.831,
    95.83700000000002,
    96.83500000000001,
    97.83800000000001,
    97.83800000000001,
    98.34300000000002,
    95.834,
    96.84200000000001,
    95.82900000000001,
    95.83100000000002,
    98.33399999999999,
    99.83100000000002,
    95.33300000000001,
    96.83300000000001,
    99.33700000000002,
    96.83700000000002,
    98.33500000000001,
    95.32300000000001,
    97.33099999999999,
    97.33600000000001,
    95.82900000000002,
    98.33700000000002,
    99.33700000000002,
    99.34,
    99.343,
    97.32900000000001,
    96.33700000000002,
    96.84,
    98.33700000000002,
    97.83900000000001,
    97.82900000000001,
    94.82700000000003,
    96.341,
    96.84100000000001,
    96.83800000000002,
    97.326,
    96.831,
    97.319,
    97.839,
    98.84,
    97.34100000000001,
    96.33800000000001,
    96.34200000000001,
    97.829,
    97.83500000000001,
    95.34200000000001,
    95.84,
    97.843,
    98.836,
    99.34,
    97.826,
    97.33500000000001,
    97.33900000000001,
    97.83300000000001,
    97.334,
    99.33700000000002,
    97.83900000000001,
    97.834,
    97.33300000000001,
    96.34,
    98.33600000000001,
    96.84300000000002,
    94.834,
    96.83700000000002,
    97.33900000000003,
    98.84300000000002,
    97.334,
    96.846,
    95.837,
    97.83900000000001,
    96.33800000000002,
    96.83800000000002,
    97.82900000000002,
    97.32700000000001,
    95.84200000000001,
    98.84000000000002,
    99.83800000000001,
    97.34200000000001,
    99.334,
    99.83400000000002,
    96.339,
    97.33100000000002,
    98.33200000000002,
    96.321,
    94.33700000000002,
    97.839,
    98.33600000000001,
    97.33600000000001,
    95.84400000000001,
    98.321,
    97.834,
    98.34200000000001,
    97.83500000000001,
    94.32400000000001,
    98.828,
    97.83800000000001,
    96.33100000000002,
    96.84,
    94.83500000000001,
    98.84,
    96.32500000000002,
    95.84100000000002,
    96.84200000000001,
    98.334,
    97.84500000000001,
    97.34300000000002,
    98.84100000000001,
    97.328,
    95.82199999999999,
    98.32600000000001,
    97.33900000000001,
    98.33700000000002,
    96.84200000000001,
    95.842,
    96.836,
    96.83900000000003,
    96.83700000000002,
    98.83099999999999,
    97.33600000000001,
    95.34000000000002,
