{
  "complexity": 7,
  "alpha": 0.1,
  "gamma": 0.95,
  "epsilon": 0.3,
  "extra_passages": 8,
  "avg_rewards": [
    -355.40199999999766,
    -18.234999999999836,
    -5.044999999999895,
    -1.5870000000000566,
    0.7409999999997694,
    34.888,
    27.966999999999775,
    32.06399999999984,
    43.039,
    43.77899999999996,
    63.086999999999975,
    47.857000000000006,
    65.58799999999998,
    63.49699999999998,
    76.828,
    65.62699999999998,
    55.679999999999964,
    78.987,
    61.525999999999975,
    76.463,
    69.73400000000001,
    70.44000000000001,
    76.333,
    74.777,
    79.99000000000002,
    72.433,
    79.481,
    74.89199999999998,
    87.03599999999999,
    78.49299999999998,
    81.043,
    85.443,
    81.53699999999999,
    75.507,
    88.671,
    81.032,
    85.48600000000002,
    85.51599999999999,
    85.599,
    76.07399999999998,
    91.61600000000001,
    83.67299999999999,
    80.596,
    87.64699999999999,
    86.173,
    85.09,
    82.601,
    87.192,
    83.59699999999998,
    87.12299999999998,
    91.159,
    93.74300000000001,
    85.187,
    86.22999999999999,
    84.70200000000001,
    88.19500000000001,
    81.67799999999998,
    91.721,
    86.19,
    90.69500000000001,
    86.672,
    88.245,
    88.73499999999999,
    91.27100000000002,
    87.72200000000001,
    86.74399999999999,
    88.22,
    92.249,
    89.21699999999998,
    87.23599999999999,
    89.26400000000001,
    90.259,
    88.758,
    89.753,
    87.26,
    93.29400000000001,
    95.26100000000001,
    91.75899999999999,
    92.26700000000001,
    88.76000000000002,
    90.26299999999999,
    86.76100000000001,
    91.78099999999999,
    90.221,
    89.28299999999999,
    87.78200000000001,
    88.75500000000002,
    87.76399999999998,
    85.80100000000002,
    90.76400000000001,
    91.76599999999999,
    92.79199999999999,
    89.75800000000001,
    88.785,
    95.287,
    93.796,
    94.79499999999999,
    86.768,
    88.276,
    91.80500000000002,
    89.777,
    90.295,
    91.271,
    91.77799999999999,
    90.279,
    90.28599999999997,
    89.80800000000002,
    89.78200000000001,
    91.293,
    87.79100000000001,
    91.792,
    90.78,
    86.28200000000001,
    87.275,
    92.29100000000001,
    91.77200000000002,
    94.76899999999999,
    88.28500000000001,
    94.29700000000001,
    91.76500000000001,
    88.279,
    94.798,
    92.277,
    90.30499999999999,
    90.76399999999998,
    89.797,
    90.27700000000002,
    88.285,
    88.276,
    91.79100000000001,
    91.27600000000001,
    90.295,
    91.755,
    89.269,
    91.794,
    89.763,
    91.28999999999999,
    90.777,
    94.79600000000002,
    94.286,
    85.78,
    88.79100000000001,
    93.802,
    91.799,
    90.78899999999999,
    90.776,
    87.77600000000001,
    89.29299999999999,
    89.787,
    93.304,
    84.285,
    93.29100000000001,
    88.278,
    89.784,
    92.30600000000001,
    92.297,
    93.272,
    91.27400000000002,
    88.26900000000002,
    89.79100000000001,
    88.766,
    90.79299999999999,
    90.77400000000002,
    92.30100000000002,
    89.786,
    93.78099999999999,
    89.292,
    91.796,
    93.296,
    88.775,
    81.791,
    94.28099999999999,
    80.267,
    88.787,
    90.27799999999999,
    91.77900000000001,
    93.795,
    92.26199999999999,
    90.265,
    89.78,
    90.77899999999998,
    91.78100000000002,
    87.267,
    95.29499999999999,
    89.772,
    87.743,
    91.24300000000002,
    88.28499999999998,
    88.29400000000001,
    87.25300000000001,
    86.78999999999999,
    88.287,
    89.78999999999999,
    92.295,
    92.77199999999998,
    87.26700000000001,
    89.29700000000001,
    86.779,
    88.29000000000002,
    88.792,
    88.299,
    90.268,
    88.28599999999999,
    90.77000000000001,
    92.30400000000002,
    84.76499999999999,
    90.25999999999999,
    91.287,
    90.77799999999999,
    92.292,
    90.27499999999999,
    92.776,
    83.26499999999999,
    91.782,
    88.295,
    91.275,
    88.26899999999998,
    89.28400000000002,
    94.78200000000001,
    88.26700000000001,
    91.3,
    85.283,
    90.775,
    93.787,
    93.78900000000002,
    90.28200000000001,
    90.78699999999999,
    87.785,
    89.786,
    85.765,
    90.275,
    87.78999999999999,
    91.279,
    93.77000000000001,
    88.277,
    85.782,
    90.27000000000001,
    91.263,
    91.292,
    92.778,
    89.77199999999998,
    88.788,
    91.79799999999999,
    92.804,
    91.785,
    88.773,
    86.76499999999999,
    91.74199999999999,
    91.284,
    92.26299999999998,
    87.28399999999999,
    90.25700000000002,
    95.28699999999999,
    88.78099999999999,
    89.282,
    90.804,
    95.30799999999999,
    88.786,
    92.27300000000001,
    90.78099999999999,
    83.77799999999999,
    89.77900000000001,
    90.76400000000001,
    95.294,
    86.77,
    91.297,
    91.279,
    90.29,
    88.77799999999999,
    91.28399999999999,
    90.275,
    91.79499999999999,
    93.28,
    92.788,
    89.77599999999998,
    90.281,
    89.747,
    89.75300000000001,
    91.788,
    92.27600000000001,
    91.777,
    87.75300000000001,
    93.275,
    92.275,
    88.781,
    90.274,
    92.28,
    89.784,
    90.26,
    91.77000000000001,
    92.31400000000002,
    92.297,
    92.28,
    91.78099999999999,
    90.27700000000002,
    90.775,
    87.778,
    91.76399999999998,
    91.282,
    89.786,
    92.261,
    91.77900000000001,
    86.752,
    85.791,
    94.79800000000002,
    90.76599999999999,
    89.78900000000002,
    91.271,
    90.795,
    84.304,
    88.767,
    92.772,
    87.79299999999999,
    89.80000000000003,
    88.78600000000002,
    86.75599999999999,
    90.292,
    90.27799999999999,
    94.796,
    90.261,
    93.296,
    89.776,
    89.77800000000002,
    90.297,
    88.796,
    91.76,
    87.792,
    90.76199999999999,
    90.295,
    92.78999999999999,
    89.78800000000001,
    91.288,
    90.771,
    83.262,
    88.797,
    90.297,
    91.8,
    92.285,
    89.29799999999999,
    93.78400000000002,
    91.27799999999999,
    89.78999999999999,
    90.249,
    90.29,
    89.799,
    87.28900000000002,
    92.75100000000002,
    90.28500000000001,
    88.765,
    91.78600000000002,
    86.278,
    90.787,
    90.80600000000001,
    88.299,
    93.27500000000002,
    91.792,
    90.303,
    90.27000000000001,
    86.769,
    93.295,
    92.286,
    92.27400000000002,
    88.78,
    88.77599999999998,
    90.798,
    86.789,
    91.76599999999999,
    90.79599999999999,
    90.284,
    89.277,
    91.28399999999999,
    94.785,
    88.772,
    93.79299999999999,
    91.804,
    90.78900000000002,
    86.767,
    85.776,
    90.285,
    93.78299999999999,
    95.27799999999999,
    87.286,
    91.25299999999999,
    90.78900000000002,
    94.28200000000001,
    90.77899999999997,
    87.29100000000001,
    84.775,
    90.27000000000001,
    90.75900000000001,
    90.80100000000002,
    88.28800000000001,
    88.264,
    88.783,
    92.273,
    86.272,
    88.79499999999999,
    91.27799999999999,
    92.292,
    89.78699999999999,
    92.793,
    87.778,
    90.24999999999999,
    88.77400000000002,
    92.77900000000001,
    88.287,
    92.26700000000001,
    85.79600000000002,
    88.771,
    88.76299999999999,
    93.256,
    93.292,
    87.77,
    89.25300000000001,
    93.78999999999999,
    94.27299999999998,
    91.30100000000002,
    85.26599999999999,
    89.29599999999999,
    81.759,
    90.76199999999999,
    88.28299999999999,
    90.288,
    87.785,
    87.289,
    85.76299999999999,
    88.751,
    89.78399999999999,
    92.27000000000001,
    86.296,
    88.77600000000002,
    91.791,
    89.275,
    87.77200000000002,
    96.275,
    87.77,
    90.271,
    90.761,
    88.282,
    90.778,
    90.797,
    93.779,
    90.783,
    90.297,
    87.29299999999999,
    90.785,
    89.784,
    90.787,
    94.296,
    90.248,
    92.29,
    90.26599999999999,
    85.75699999999999,
