{
  "complexity": 13,
  "alpha": 0.1,
  "gamma": 0.85,
  "epsilon": 0.3,
  "extra_passages": 2,
  "avg_rewards": [
    -372.6209999999973,
    -224.75999999999766,
    -156.46199999999828,
    -87.28899999999943,
    -70.24999999999946,
    -22.936999999999948,
    1.5330000000000865,
    -36.30199999999993,
    25.573999999999916,
    -10.950999999999818,
    19.446999999999843,
    12.341999999999999,
    1.5500000000000547,
    54.56999999999995,
    -0.36900000000005023,
    61.146000000000015,
    27.218999999999944,
    28.118000000000073,
    50.52999999999993,
    37.79999999999997,
    55.123999999999924,
    32.764999999999944,
    67.40899999999999,
    44.07399999999991,
    58.10999999999997,
    19.1040000000002,
    66.28299999999997,
    70.876,
    66.243,
    63.90599999999997,
    64.33399999999999,
    65.44799999999998,
    52.03800000000003,
    61.40999999999998,
    67.874,
    72.44899999999998,
    74.48299999999999,
    82.132,
    64.349,
    69.57999999999998,
    74.08700000000002,
    86.146,
    84.67299999999997,
    82.70099999999998,
    78.554,
    67.33800000000005,
    85.69800000000001,
    66.86699999999995,
    80.129,
    85.25200000000001,
    86.191,
    86.131,
    86.20400000000002,
    82.168,
    72.50699999999999,
    85.242,
    77.223,
    90.22,
    77.638,
    86.74800000000002,
    90.263,
    89.775,
    87.18200000000002,
    85.244,
    85.774,
    92.766,
    86.257,
    92.771,
    86.744,
    88.28999999999999,
    85.793,
    87.27599999999998,
    87.78399999999999,
    84.27599999999998,
    87.75899999999999,
    84.70699999999998,
    91.237,
    87.804,
    89.282,
    85.78,
    88.743,
    88.77799999999999,
    87.771,
    88.30600000000001,
    91.29100000000001,
    87.78699999999999,
    87.77700000000002,
    87.28699999999999,
    89.283,
    90.768,
    77.09599999999998,
    87.273,
    89.778,
    90.775,
    91.288,
    89.76699999999998,
    92.771,
    88.28399999999999,
    90.27900000000001,
    93.754,
    90.269,
    90.29800000000002,
    89.30199999999999,
    92.80700000000002,
    93.26399999999998,
    91.786,
    87.25400000000002,
    89.764,
    84.778,
    89.773,
    89.29099999999998,
    88.772,
    92.275,
    85.777,
    89.764,
    87.775,
    89.287,
    85.20699999999998,
    89.28799999999998,
    80.247,
    86.768,
    87.276,
    94.28099999999999,
    86.732,
    90.299,
    93.79299999999998,
    95.78599999999999,
    93.29100000000001,
    91.78900000000002,
    88.78,
    83.275,
    90.28300000000002,
    89.282,
    89.268,
    89.768,
    90.27699999999999,
    90.28699999999999,
    89.271,
    92.793,
    88.272,
    93.27100000000002,
    91.27600000000001,
    90.276,
    86.26599999999999,
    88.25800000000001,
    93.299,
    85.751,
    90.274,
    89.771,
    89.26699999999998,
    91.26599999999999,
    93.78600000000002,
    89.298,
    88.279,
    88.735,
    86.76599999999999,
    91.291,
    87.77099999999999,
    87.792,
    91.28,
    88.77900000000001,
    93.78400000000002,
    91.29200000000002,
    88.769,
    88.783,
    89.24899999999998,
    89.27099999999999,
    93.78400000000002,
    90.287,
    93.795,
    88.77099999999999,
    86.803,
    91.77799999999999,
    84.757,
    88.29399999999998,
    89.262,
    87.282,
    87.789,
    92.295,
    88.796,
    89.767,
    90.285,
    85.77000000000001,
    92.275,
    91.778,
    92.774,
    91.779,
    90.285,
    91.291,
    90.279,
    86.791,
    89.76100000000001,
    83.769,
    87.77900000000001,
    88.768,
    93.792,
    87.26,
    91.786,
    87.24799999999999,
    87.255,
    90.77799999999999,
    88.767,
    90.269,
    90.787,
    85.27399999999997,
    85.27000000000001,
    89.274,
    90.261,
    90.79299999999999,
    87.268,
    88.28300000000002,
    91.277,
    86.78400000000002,
    88.769,
    90.79200000000002,
    90.27000000000001,
    88.76500000000001,
    92.29000000000002,
    89.799,
    90.28200000000001,
    91.28,
    91.79099999999998,
    84.27299999999998,
    91.78,
    89.788,
    92.789,
    89.276,
    86.28599999999997,
    86.29399999999998,
    86.26799999999999,
    90.27799999999999,
    90.303,
    89.784,
    87.28200000000001,
    87.29,
    90.768,
    93.28,
    89.803,
    92.28300000000002,
    91.792,
    87.265,
    87.786,
    87.29199999999999,
    90.782,
    91.276,
    86.284,
    89.76700000000001,
    85.794,
    90.769,
    90.287,
    90.804,
    88.791,
    91.297,
    82.774,
    87.783,
    85.28399999999998,
    88.779,
    87.771,
    91.28,
    92.756,
    89.80600000000001,
    87.28,
    87.772,
    87.786,
    86.782,
    84.273,
    90.28200000000001,
    93.794,
    86.78799999999998,
    89.777,
    89.264,
    90.29599999999999,
    83.744,
    87.769,
    90.792,
    91.765,
    93.793,
    89.76899999999998,
    89.286,
    87.764,
    89.273,
    86.775,
    89.27,
    87.784,
    87.77700000000002,
    87.773,
    87.78,
    85.776,
    92.75800000000001,
    87.779,
    88.27000000000001,
    89.756,
    93.775,
    86.269,
    92.28200000000001,
    85.76100000000001,
    89.78999999999999,
    83.279,
    85.276,
    86.769,
    88.76700000000002,
    90.268,
    93.78299999999999,
    86.285,
    94.291,
    91.78,
    88.29699999999998,
    92.29299999999999,
    88.759,
    85.29299999999999,
    85.76000000000002,
    90.25600000000001,
    87.294,
    89.76599999999999,
    92.77799999999999,
    90.264,
    91.296,
    89.283,
    90.285,
    89.774,
    94.78600000000002,
    92.771,
    95.78899999999999,
    88.28199999999998,
    92.268,
    91.296,
    89.27600000000001,
    84.78999999999999,
    93.788,
    85.282,
    87.78099999999999,
    92.275,
    90.816,
    88.27699999999997,
    87.27800000000002,
    89.292,
    89.298,
    93.77600000000001,
    88.797,
    86.773,
    92.28899999999999,
    90.77799999999999,
    90.28099999999998,
    86.279,
    90.282,
    85.78600000000002,
    93.75699999999999,
    88.77099999999999,
    86.256,
    84.775,
    92.303,
    89.771,
    86.285,
    89.28,
    90.28200000000001,
    90.8,
    87.27799999999999,
    88.781,
    86.266,
    87.781,
    87.77000000000001,
    88.75800000000001,
    84.763,
    85.78999999999999,
    88.299,
    89.27999999999997,
    91.256,
    90.29100000000001,
    86.787,
    89.28800000000001,
    88.28799999999998,
    92.789,
    91.76499999999999,
    91.79799999999999,
    92.766,
    90.289,
    92.27,
    90.273,
    90.267,
    88.795,
    90.28799999999998,
    89.268,
    89.81000000000002,
    86.77400000000002,
    90.771,
    86.79100000000001,
    90.279,
    85.761,
    91.77700000000002,
    90.77300000000001,
    86.281,
    88.757,
    89.76199999999999,
    86.28799999999998,
    91.26700000000001,
    84.287,
    92.774,
    89.294,
    89.76400000000001,
    92.79299999999999,
    90.78400000000002,
    89.772,
    87.75800000000001,
    91.29499999999999,
    92.79899999999999,
    89.78099999999999,
    90.292,
    85.254,
    90.29099999999998,
    90.76700000000002,
    88.784,
    89.28900000000002,
    88.26700000000001,
    90.79199999999999,
    88.274,
    88.252,
    91.77700000000002,
    84.75999999999999,
    83.785,
    92.28099999999999,
    86.28,
    87.28300000000002,
    92.249,
    89.79199999999999,
    88.796,
    89.29199999999999,
    86.776,
    92.789,
    88.768,
    84.78200000000001,
    85.785,
    88.80699999999999,
    90.27600000000001,
    88.274,
    91.76100000000001,
    88.284,
    86.27,
    89.28000000000002,
    88.756,
    86.76699999999998,
    89.296,
    86.26499999999999,
    88.251,
    89.26899999999999,
    88.251,
    89.793,
    91.30200000000002,
    91.79099999999998,
    89.30199999999999,
    90.28299999999999,
    89.782,
    90.797,
    88.255,
    90.284,
    83.78799999999998,
    88.27300000000001,
    87.747,
    90.26700000000001,
    93.3,
    90.273,
    92.804,
    93.77300000000001,
    88.773,
