{
  "complexity": 1,
  "alpha": 0.3,
  "gamma": 0.95,
  "epsilon": 0.3,
  "extra_passages": 14,
  "avg_rewards": [
    -229.6769999999984,
    -39.49399999999979,
    28.73299999999997,
    57.78199999999996,
    60.94999999999997,
    61.02499999999994,
    58.39299999999996,
    61.88800000000002,
    67.179,
    71.21999999999998,
    75.33700000000002,
    81.89200000000002,
    77.909,
    86.38399999999999,
    73.81399999999998,
    72.498,
    74.958,
    86.02000000000001,
    88.05600000000001,
    85.561,
    88.20599999999999,
    85.606,
    92.17300000000002,
    88.148,
    88.146,
    87.14899999999999,
    89.23800000000001,
    89.67099999999999,
    86.24199999999999,
    92.2,
    88.69500000000001,
    94.71200000000002,
    89.72800000000002,
    91.76000000000002,
    85.69799999999998,
    92.25399999999999,
    87.25800000000001,
    93.745,
    87.78999999999999,
    91.28799999999998,
    89.258,
    90.729,
    93.77799999999999,
    89.78599999999999,
    89.76799999999999,
    92.28999999999999,
    93.773,
    95.79899999999999,
    94.26599999999999,
    93.296,
    89.31099999999999,
    95.293,
    90.28099999999999,
    91.31800000000001,
    92.79599999999999,
    91.81099999999999,
    93.78799999999998,
    90.28099999999999,
    87.80699999999999,
    93.78299999999999,
    94.276,
    93.28299999999999,
    95.811,
    94.284,
    91.319,
    92.80399999999999,
    92.31600000000002,
    86.29,
    94.279,
    93.80199999999999,
    93.313,
    90.82100000000001,
    92.79899999999999,
    95.8,
    92.30000000000001,
    89.78999999999999,
    90.78600000000002,
    90.28800000000001,
    94.81700000000001,
    92.298,
    91.788,
    88.28800000000001,
    92.294,
    91.30800000000002,
    92.78599999999999,
    88.79299999999998,
    92.29,
    94.28299999999999,
    91.791,
    91.28299999999999,
    87.78,
    92.27300000000001,
    94.29499999999999,
    93.804,
    93.78900000000002,
    94.80400000000002,
    89.32000000000001,
    93.79999999999998,
    90.793,
    93.299,
    93.81299999999999,
    92.806,
    93.79499999999999,
    93.28099999999999,
    93.804,
    88.792,
    90.771,
    95.30499999999999,
    88.793,
    90.297,
    94.812,
    91.79300000000002,
    86.784,
    87.78500000000001,
    91.80500000000002,
    88.29599999999998,
    94.826,
    92.79400000000001,
    95.29700000000001,
    90.799,
    92.28699999999999,
    92.77500000000002,
    92.80600000000001,
    90.291,
    90.77699999999999,
    90.80299999999998,
    88.787,
    91.79099999999998,
    90.819,
    92.299,
    91.792,
    92.77300000000001,
    89.312,
    88.79799999999999,
    90.302,
    93.28300000000002,
    93.786,
    91.279,
    91.79100000000001,
    92.28,
    92.29499999999999,
    91.308,
    89.78400000000002,
    93.8,
    89.28299999999999,
    93.816,
    90.29099999999998,
    94.808,
    94.80800000000002,
    89.276,
    91.28999999999999,
    93.307,
    90.272,
    93.305,
    89.77799999999999,
    94.30300000000001,
    92.29099999999998,
    92.276,
    89.788,
    88.789,
    92.28,
    88.79,
    91.804,
    96.29800000000002,
    90.79999999999998,
    91.79800000000002,
    93.79100000000001,
    91.294,
    93.27400000000002,
    94.791,
    91.284,
    91.28800000000001,
    94.274,
    95.79,
    90.803,
    92.29599999999999,
    93.789,
    94.792,
    91.32000000000001,
    96.309,
    88.788,
    92.779,
    90.28299999999999,
    94.81800000000001,
    93.30499999999999,
    88.27,
    92.80099999999999,
    93.816,
    90.272,
    90.308,
    91.78099999999999,
    87.30199999999999,
    90.793,
    89.804,
    94.796,
    87.775,
    89.80300000000003,
    93.799,
    93.305,
    90.285,
    90.796,
    92.78600000000002,
    93.292,
    88.78200000000001,
    89.295,
    95.28900000000002,
    93.27999999999999,
    91.78900000000002,
    92.811,
    91.80100000000002,
    90.796,
    92.804,
    92.78600000000002,
    89.76999999999998,
    95.80499999999999,
    91.77499999999999,
    92.81,
    93.78899999999999,
    90.27399999999999,
    94.28699999999999,
    91.781,
    93.78599999999999,
    91.783,
    92.297,
    90.279,
    91.30300000000001,
    90.28499999999998,
    90.766,
    91.78299999999999,
    92.27499999999999,
    88.3,
    90.80100000000002,
    92.804,
    87.28299999999999,
    91.792,
    90.78099999999999,
    92.79399999999998,
    91.78799999999998,
    88.785,
    93.807,
    88.281,
    90.78,
    91.281,
    92.29400000000001,
    96.83200000000001,
    93.28600000000002,
    93.78,
    88.79799999999999,
    92.807,
    93.297,
    93.28399999999999,
    93.28800000000001,
    90.78899999999999,
    94.8,
    92.287,
    89.804,
    94.79600000000002,
    89.785,
    91.806,
    96.309,
    90.793,
    95.28999999999999,
    92.80100000000002,
    93.798,
    89.796,
    91.304,
    89.772,
    91.275,
    91.79499999999999,
    94.279,
    94.799,
    91.79499999999999,
    90.28999999999999,
    91.27799999999999,
    95.307,
    87.793,
    91.803,
    94.29299999999998,
    86.786,
    94.806,
    92.793,
    93.288,
    90.81800000000001,
    93.27199999999999,
    94.29800000000002,
    93.791,
    89.77900000000001,
    90.789,
    92.30600000000001,
    92.799,
    92.78999999999999,
    94.287,
    88.78,
    92.80499999999999,
    92.807,
    94.296,
    92.297,
    92.31500000000001,
    90.26599999999999,
    91.815,
    89.784,
    91.79400000000001,
    93.292,
    93.78099999999999,
    93.29600000000002,
    95.28999999999999,
    92.816,
    92.313,
    91.78999999999999,
    92.28999999999999,
    92.778,
    93.312,
    93.304,
    93.28799999999998,
    92.31700000000002,
    89.779,
    90.8,
    93.786,
    94.77700000000002,
    90.277,
    92.27799999999999,
    93.782,
    89.78599999999999,
    93.80300000000001,
    93.3,
    86.78,
    91.29899999999999,
    96.30499999999999,
    87.291,
    91.27899999999998,
    95.809,
    88.78699999999999,
    88.79299999999998,
    87.276,
    88.293,
    92.80699999999999,
    90.792,
    88.292,
    92.80199999999999,
    93.29400000000001,
    91.273,
    95.29400000000001,
    87.783,
    94.803,
    92.79,
    88.78300000000002,
    94.28799999999998,
    89.293,
    90.29200000000002,
    96.30699999999999,
    92.799,
    88.779,
    90.28099999999999,
    88.30300000000001,
    93.295,
    92.304,
    90.77900000000001,
    90.28699999999999,
    90.79199999999999,
    93.312,
    95.31800000000001,
    90.29199999999999,
    93.80699999999999,
    95.295,
    95.799,
    94.80000000000003,
    91.315,
    91.77700000000002,
    95.79499999999999,
    92.303,
    93.30300000000001,
    93.78200000000001,
    93.78800000000001,
    90.78299999999999,
    91.799,
    92.804,
    91.27700000000002,
    93.815,
    91.29299999999999,
    93.30900000000001,
    91.299,
    89.78699999999999,
    90.292,
    86.273,
    94.304,
    92.316,
    93.284,
    92.29099999999998,
    89.78,
    90.809,
    95.812,
    87.81900000000002,
    94.28899999999999,
    90.28200000000001,
    88.78699999999999,
    88.303,
    90.784,
    87.794,
    92.311,
    90.293,
    91.78500000000001,
    88.28999999999999,
    91.29899999999998,
    93.28800000000001,
    92.28599999999999,
    93.287,
    93.796,
    93.27599999999998,
    94.279,
    88.78800000000003,
    94.80400000000002,
    92.789,
    93.803,
    91.288,
    94.304,
    94.80499999999998,
    95.279,
    93.29400000000001,
    91.785,
    91.78200000000001,
    89.78,
    92.271,
    91.79499999999999,
    91.28900000000002,
    91.28600000000002,
    94.769,
    92.809,
    89.80199999999998,
    90.279,
    90.782,
    95.304,
    93.80700000000002,
    91.296,
    90.798,
    94.29599999999999,
    91.795,
    93.799,
    86.80799999999999,
    94.78200000000001,
    94.304,
    94.292,
    90.257,
    94.29,
    92.291,
    94.314,
    92.813,
    95.79100000000003,
    93.298,
    89.794,
    88.782,
