{
  "complexity": 6,
  "alpha": 0.2,
  "gamma": 0.9,
  "epsilon": 0.3,
  "extra_passages": 9,
  "avg_rewards": [
    -286.3149999999981,
    -79.75899999999956,
    14.307999999999804,
    12.289999999999775,
    30.377999999999883,
    60.41700000000001,
    37.204999999999934,
    51.306999999999974,
    52.41099999999999,
    65.62700000000002,
    66.78200000000001,
    74.83099999999999,
    72.80800000000002,
    79.47399999999999,
    79.385,
    70.34799999999998,
    82.07300000000001,
    69.22699999999999,
    80.99,
    86.552,
    85.05,
    82.591,
    81.55200000000002,
    81.085,
    83.101,
    88.195,
    92.17,
    86.75500000000001,
    82.15900000000002,
    88.719,
    93.713,
    92.21600000000001,
    90.693,
    92.20200000000001,
    85.695,
    90.27900000000001,
    90.26599999999999,
    89.288,
    90.298,
    90.779,
    90.769,
    87.297,
    88.775,
    92.775,
    90.277,
    88.771,
    91.80099999999999,
    94.282,
    92.79,
    84.77,
    92.80100000000002,
    92.798,
    90.793,
    92.301,
    94.79499999999999,
    91.282,
    85.292,
    92.31300000000002,
    85.785,
    94.80699999999999,
    91.288,
    88.79400000000001,
    88.779,
    92.30100000000002,
    88.772,
    93.292,
    89.784,
    88.28999999999999,
    91.78399999999999,
    93.30499999999999,
    88.289,
    90.299,
    90.79099999999998,
    91.78999999999999,
    93.27900000000001,
    95.795,
    94.28799999999998,
    88.29699999999998,
    93.28200000000001,
    96.31499999999998,
    90.28900000000002,
    89.772,
    91.785,
    89.795,
    90.799,
    88.78799999999998,
    90.80699999999999,
    86.80500000000002,
    91.795,
    90.296,
    91.791,
    90.304,
    92.79799999999999,
    94.298,
    95.81400000000001,
    88.76499999999999,
    89.28699999999999,
    92.272,
    93.79199999999999,
    91.79799999999997,
    88.295,
    87.78699999999999,
    95.814,
    91.804,
    87.28299999999999,
    92.804,
    93.288,
    92.776,
    93.80600000000001,
    93.792,
    91.753,
    91.78,
    94.299,
    92.316,
    89.29799999999999,
    89.781,
    91.78299999999997,
    90.816,
    89.30199999999999,
    90.78099999999999,
    89.79400000000001,
    87.77600000000001,
    92.304,
    89.30300000000003,
    89.803,
    95.276,
    86.78099999999999,
    93.30100000000002,
    85.27599999999998,
    86.78300000000002,
    93.81200000000001,
    88.29100000000001,
    91.80100000000002,
    82.29599999999998,
    92.81300000000002,
    89.812,
    88.78200000000001,
    92.792,
    86.78999999999999,
    91.312,
    92.804,
    91.792,
    90.79300000000002,
    91.308,
    90.28900000000002,
    86.28200000000001,
    91.27200000000002,
    90.297,
    87.31,
    91.806,
    93.804,
    92.78600000000002,
    91.292,
    89.79,
    92.28400000000002,
    85.78,
    90.28299999999999,
    93.80100000000002,
    92.31500000000001,
    92.301,
    89.292,
    91.30600000000001,
    91.81499999999998,
    87.273,
    93.79499999999999,
    92.768,
    88.27099999999999,
    95.78299999999999,
    87.28900000000002,
    87.768,
    91.262,
    90.274,
    92.78399999999999,
    88.299,
    90.78800000000001,
    89.289,
    91.792,
    93.28299999999999,
    90.771,
    93.806,
    90.28200000000001,
    92.798,
    90.28099999999999,
    91.283,
    93.807,
    91.294,
    86.779,
    87.78299999999999,
    92.297,
    88.29400000000001,
    92.295,
    89.299,
    91.30600000000001,
    92.28900000000002,
    91.80600000000001,
    91.797,
    91.755,
    93.30099999999999,
    93.293,
    90.28200000000001,
    93.315,
    93.794,
    90.786,
    93.295,
    92.28,
    90.28299999999999,
    92.802,
    91.799,
    90.81300000000002,
    89.30300000000001,
    92.286,
    86.748,
    91.284,
    92.269,
    86.274,
    93.301,
    95.30099999999999,
    93.789,
    90.296,
    93.28,
    89.292,
    91.78099999999999,
    87.276,
    91.78399999999999,
    94.302,
    91.30300000000001,
    92.30499999999999,
    93.308,
    92.793,
    88.316,
    92.29199999999999,
    89.79099999999998,
    89.774,
    90.29600000000002,
    94.30100000000002,
    89.28999999999999,
    89.27,
    91.285,
    85.776,
    94.799,
    90.777,
    90.80099999999999,
    91.29599999999999,
    93.301,
    89.789,
    91.304,
    93.78399999999999,
    88.798,
    88.79600000000002,
    90.77600000000002,
    89.76999999999998,
    87.78200000000001,
    90.28799999999998,
    89.8,
    92.30499999999999,
    91.80699999999999,
    92.78299999999999,
    90.273,
    87.30499999999999,
    91.758,
    90.30800000000002,
    93.31499999999998,
    92.294,
    91.30199999999999,
    90.302,
    92.80799999999999,
    90.27000000000001,
    89.29199999999999,
    90.28599999999999,
    88.791,
    89.80999999999999,
    89.81200000000001,
    90.272,
    93.316,
    92.78699999999999,
    90.797,
    91.319,
    89.801,
    92.79999999999998,
    93.30299999999998,
    94.26399999999998,
    93.27900000000001,
    94.78799999999998,
    90.785,
    86.795,
    90.804,
    92.79,
    92.30400000000002,
    91.80699999999999,
    90.808,
    86.285,
    91.292,
    92.79499999999999,
    92.28999999999999,
    92.804,
    92.79499999999999,
    87.788,
    96.82700000000003,
    88.28300000000002,
    89.791,
    94.78999999999999,
    85.752,
    85.79799999999997,
    93.30900000000001,
    92.28,
    90.806,
    89.78500000000001,
    95.29,
    90.797,
    89.31800000000001,
    91.799,
    90.266,
    93.307,
    89.78399999999999,
    89.776,
    91.29999999999998,
    89.29499999999999,
    87.78999999999999,
    92.78699999999999,
    91.27499999999999,
    89.314,
    90.29300000000002,
    92.773,
    89.779,
    90.778,
    95.285,
    88.743,
    93.282,
    89.277,
    89.277,
    92.294,
    87.793,
    89.28399999999999,
    91.31700000000001,
    92.30700000000002,
    90.292,
    86.76599999999999,
    93.80600000000001,
    93.30000000000001,
    91.303,
    87.795,
    94.79899999999999,
    92.76,
    87.788,
    89.289,
    91.775,
    92.29,
    90.292,
    92.79800000000002,
    93.79600000000002,
    95.306,
    91.78999999999999,
    94.29099999999998,
    92.28799999999998,
    87.80800000000002,
    88.785,
    83.753,
    90.78099999999999,
    91.279,
    91.28500000000001,
    89.28999999999999,
    93.288,
    92.302,
    93.78200000000001,
    91.302,
    90.285,
    91.31200000000001,
    91.28,
    90.775,
    91.3,
    92.792,
    89.323,
    90.28399999999998,
    86.296,
    90.29400000000001,
    92.29300000000002,
    92.285,
    88.307,
    90.792,
    94.27000000000001,
    88.767,
    92.32200000000002,
    93.30199999999999,
    91.78400000000002,
    91.80000000000001,
    87.78899999999999,
    85.79100000000001,
    88.768,
    94.308,
    92.28699999999999,
    91.77,
    90.28199999999998,
    90.802,
    90.26400000000001,
    89.798,
    87.3,
    89.292,
    90.80199999999999,
    91.295,
    89.78999999999999,
    93.29599999999998,
    92.29,
    94.30399999999999,
    91.28500000000001,
    92.79400000000001,
    92.275,
    90.79299999999999,
    95.30099999999999,
    89.306,
    93.79299999999999,
    89.769,
    94.29400000000001,
    91.796,
    90.779,
    92.795,
    88.304,
    92.796,
    93.792,
    90.77600000000001,
    86.76599999999999,
    89.79999999999998,
    92.287,
    93.81,
    95.299,
    93.792,
    90.28800000000001,
    91.81500000000001,
    91.801,
    91.28900000000002,
    92.766,
    90.309,
    93.29000000000002,
    90.28999999999999,
    88.787,
    88.785,
    88.8,
    90.78299999999999,
    94.275,
    93.80099999999999,
    93.28099999999999,
    92.263,
    92.309,
    95.785,
    90.787,
    87.297,
    90.29199999999999,
    96.315,
    89.78299999999999,
    92.285,
    93.296,
    85.79799999999997,
    90.79799999999997,
    87.803,
    93.29599999999998,
    89.787,
    93.29999999999998,
    90.294,
    89.285,
    91.799,
    82.262,
