{
  "complexity": 0,
  "alpha": 0.2,
  "gamma": 0.85,
  "epsilon": 0.3,
  "extra_passages": 15,
  "avg_rewards": [
    -274.256999999998,
    0.031999999999815995,
    53.199,
    48.95699999999994,
    63.82499999999999,
    60.62299999999999,
    57.722999999999956,
    73.01199999999997,
    68.57599999999998,
    62.30399999999999,
    80.31200000000001,
    78.801,
    80.882,
    76.34100000000002,
    88.925,
    78.98299999999999,
    84.43,
    86.01500000000001,
    84.949,
    80.95499999999998,
    82.586,
    83.022,
    86.63899999999998,
    82.54599999999996,
    89.679,
    87.114,
    84.09,
    89.173,
    90.16799999999999,
    90.172,
    86.622,
    90.687,
    88.648,
    89.684,
    89.674,
    95.22,
    90.73600000000002,
    89.18599999999999,
    90.191,
    93.25,
    88.22800000000001,
    91.77699999999997,
    91.24,
    91.662,
    90.74600000000001,
    92.256,
    90.271,
    92.727,
    91.252,
    92.248,
    90.723,
    92.25899999999999,
    94.277,
    91.776,
    96.28,
    90.294,
    95.787,
    89.79099999999998,
    91.8,
    95.78899999999999,
    94.30099999999999,
    93.80100000000002,
    91.774,
    92.28599999999999,
    89.291,
    92.29,
    93.28099999999999,
    93.807,
    94.275,
    89.80100000000002,
    91.78599999999999,
    94.27399999999999,
    89.79099999999998,
    91.304,
    93.804,
    93.80100000000002,
    86.802,
    93.28099999999999,
    90.293,
    93.29199999999999,
    91.294,
    86.312,
    91.29400000000001,
    92.78299999999999,
    89.781,
    86.29499999999999,
    87.792,
    92.28,
    89.78,
    88.26700000000001,
    91.78599999999999,
    87.766,
    91.296,
    92.282,
    92.287,
    88.779,
    87.76400000000001,
    94.76899999999999,
    91.309,
    90.774,
    91.79599999999999,
    91.804,
    91.801,
    95.30499999999999,
    93.266,
    86.78800000000001,
    88.25399999999999,
    95.29599999999999,
    91.77900000000001,
    92.30000000000001,
    94.27699999999999,
    87.263,
    92.26299999999999,
    91.80600000000001,
    89.75699999999999,
    93.27900000000001,
    93.29299999999999,
    87.771,
    89.78200000000001,
    93.28999999999999,
    90.782,
    90.277,
    89.245,
    95.803,
    93.31200000000001,
    91.28699999999999,
    92.304,
    93.80700000000002,
    92.28800000000001,
    90.26899999999999,
    93.798,
    94.28099999999999,
    92.291,
    90.786,
    92.28799999999998,
    91.28200000000001,
    93.28300000000002,
    91.79100000000001,
    91.291,
    89.27000000000001,
    92.78900000000002,
    89.786,
    91.28500000000001,
    90.80199999999999,
    93.27700000000002,
    89.79700000000001,
    91.303,
    88.778,
    93.30099999999997,
    94.80199999999999,
    90.77600000000001,
    89.786,
    92.788,
    85.29599999999999,
    91.30000000000001,
    89.771,
    93.30600000000001,
    93.79,
    93.273,
    91.281,
    92.79399999999998,
    92.80199999999999,
    90.8,
    89.767,
    94.303,
    88.80000000000001,
    90.804,
    88.28099999999999,
    91.285,
    95.80499999999999,
    92.799,
    91.31700000000001,
    88.29499999999999,
    88.77799999999999,
    94.31500000000001,
    92.27000000000001,
    89.295,
    95.802,
    87.26499999999999,
    94.28799999999998,
    93.28999999999999,
    87.27799999999999,
    95.785,
    94.785,
    96.307,
    95.30799999999999,
    94.79,
    93.81400000000001,
    96.80199999999999,
    92.28799999999998,
    90.774,
    90.792,
    93.29,
    93.299,
    91.782,
    91.299,
    95.296,
    93.288,
    92.78799999999998,
    94.301,
    96.79100000000001,
    87.804,
    92.28400000000002,
    92.30000000000001,
    95.785,
    92.271,
    92.78699999999999,
    90.30900000000001,
    87.279,
    94.789,
    90.286,
    88.80199999999999,
    89.78299999999999,
    92.80500000000002,
    88.797,
    87.79399999999998,
    93.78699999999999,
    90.777,
    92.80499999999998,
    93.786,
    89.31599999999999,
    88.799,
    91.81199999999998,
    89.298,
    93.761,
    92.286,
    90.796,
    90.259,
    91.287,
    92.29100000000003,
    90.77899999999998,
    90.29400000000001,
    93.79299999999998,
    93.29100000000003,
    94.75899999999999,
    94.29400000000001,
    94.301,
    93.287,
    93.28900000000002,
    93.80099999999999,
    93.79299999999999,
    92.798,
    91.27799999999999,
    92.78900000000002,
    89.788,
    92.30499999999999,
    93.28799999999998,
    88.272,
    90.761,
    92.774,
    94.81500000000001,
    92.269,
    95.25899999999999,
    91.279,
    88.283,
    93.79799999999999,
    91.307,
    88.80600000000001,
    92.293,
    91.28299999999999,
    91.294,
    89.794,
    94.292,
    92.289,
    93.80699999999999,
    91.29199999999999,
    91.28500000000001,
    90.272,
    91.779,
    89.782,
    92.279,
    93.8,
    88.799,
    92.80100000000002,
    87.80199999999999,
    89.8,
    94.794,
    86.27000000000001,
    95.305,
    94.299,
    88.792,
    88.27699999999999,
    88.265,
    93.787,
    90.784,
    91.792,
    89.28599999999999,
    95.29599999999999,
    91.775,
    91.31099999999999,
    91.79799999999999,
    87.27799999999999,
    90.78399999999999,
    93.275,
    93.30199999999999,
    92.297,
    92.31199999999998,
    90.299,
    92.79600000000002,
    96.28799999999998,
    96.31500000000001,
    90.77199999999999,
    91.787,
    92.28599999999999,
    93.79499999999999,
    92.27899999999998,
    89.81200000000001,
    84.301,
    93.78799999999998,
    93.287,
    90.298,
    89.79700000000001,
    91.78299999999999,
    90.786,
    93.28800000000001,
    90.31000000000002,
    93.801,
    93.29100000000001,
    93.81200000000001,
    93.793,
    91.29,
    92.286,
    92.8,
    87.774,
    92.74499999999999,
    93.277,
    90.809,
    93.31700000000002,
    91.78,
    94.804,
    92.286,
    91.773,
    90.782,
    92.272,
    92.81,
    93.8,
    93.28299999999999,
    88.266,
    91.30700000000002,
    88.276,
    92.304,
    93.28799999999998,
    90.79,
    92.785,
    92.28,
    91.818,
    93.30699999999999,
    92.80199999999999,
    90.286,
    90.291,
    92.273,
    88.285,
    91.777,
    95.28300000000002,
    92.787,
    87.292,
    94.31000000000002,
    91.78099999999999,
    88.78200000000001,
    94.29999999999998,
    91.78600000000002,
    88.30099999999999,
    93.797,
    97.78900000000002,
    92.782,
    87.79799999999999,
    95.285,
    92.81700000000001,
    92.78999999999999,
    90.30199999999999,
    91.79899999999999,
    94.801,
    95.798,
    93.287,
    87.809,
    89.28299999999999,
    93.3,
    87.28399999999999,
    92.80000000000001,
    92.273,
    89.80199999999999,
    89.26499999999999,
    86.78499999999997,
    93.816,
    93.776,
    92.299,
    93.80000000000001,
    90.30499999999999,
    94.282,
    90.28399999999999,
    88.28099999999999,
    91.80600000000001,
    96.28099999999999,
    90.30200000000002,
    90.76899999999999,
    91.292,
    93.79,
    93.795,
    88.301,
    90.788,
    96.26699999999998,
    92.28799999999998,
    88.80799999999998,
    91.28499999999998,
    91.796,
    96.28900000000002,
    92.78999999999999,
    92.78399999999999,
    86.282,
    94.79100000000001,
    92.805,
    89.78599999999999,
    87.784,
    91.28999999999999,
    91.787,
    92.28799999999998,
    93.29299999999999,
    93.265,
    89.783,
    91.779,
    94.803,
    92.79899999999999,
    93.28800000000001,
    92.27600000000002,
    94.28999999999999,
    94.289,
    92.303,
    93.797,
    93.292,
    91.296,
    94.78599999999999,
    95.78599999999999,
    89.801,
    91.77799999999999,
    92.285,
    94.799,
    94.76200000000001,
    90.27799999999999,
    93.779,
    90.29400000000001,
    89.28200000000001,
    85.795,
    90.792,
    92.276,
    94.31400000000001,
    90.78,
    92.808,
    94.803,
    89.302,
    92.307,
    93.769,
    93.78999999999999,
    93.785,
    90.282,
    91.81100000000002,
    90.277,
