{
  "complexity": 9,
  "alpha": 0.2,
  "gamma": 0.85,
  "epsilon": 0.3,
  "extra_passages": 6,
  "avg_rewards": [
    -344.10199999999736,
    -78.6959999999993,
    -29.748999999999977,
    5.949999999999897,
    50.12099999999996,
    33.319999999999894,
    34.91099999999998,
    41.23499999999997,
    63.641999999999975,
    48.32099999999998,
    47.73700000000001,
    64.199,
    73.89599999999999,
    78.376,
    72.94500000000001,
    72.83899999999997,
    77.44899999999998,
    77.96899999999998,
    79.91799999999999,
    55.19699999999998,
    81.01700000000001,
    86.564,
    79.061,
    86.674,
    84.195,
    84.629,
    88.267,
    81.021,
    88.238,
    87.65299999999999,
    84.735,
    82.72699999999999,
    86.73299999999999,
    85.18299999999999,
    81.711,
    84.73899999999999,
    86.762,
    89.73299999999999,
    81.73,
    86.288,
    86.785,
    91.799,
    86.822,
    91.778,
    91.76899999999999,
    92.806,
    92.296,
    91.787,
    92.321,
    89.281,
    92.80399999999999,
    85.277,
    88.29199999999999,
    84.771,
    84.781,
    90.77399999999999,
    91.28200000000001,
    89.80199999999999,
    86.765,
    90.797,
    86.298,
    87.79199999999999,
    94.295,
    93.29099999999998,
    91.8,
    91.778,
    90.79499999999999,
    89.79599999999999,
    89.78799999999998,
    90.28799999999998,
    91.294,
    88.803,
    88.78599999999999,
    86.782,
    88.80799999999999,
    88.316,
    86.30699999999999,
    91.31500000000003,
    91.30999999999999,
    87.31400000000001,
    91.28299999999999,
    90.803,
    93.805,
    89.77999999999999,
    86.28,
    89.797,
    92.78,
    92.79299999999998,
    86.795,
    84.796,
    88.282,
    89.29299999999999,
    89.79599999999999,
    92.79899999999998,
    87.28799999999998,
    91.30199999999999,
    91.28299999999999,
    87.28299999999999,
    86.27699999999997,
    92.812,
    89.28999999999999,
    91.29800000000002,
    92.787,
    87.261,
    88.28999999999999,
    90.81400000000001,
    91.28299999999999,
    86.78099999999999,
    86.79200000000002,
    88.80499999999999,
    91.80100000000002,
    89.804,
    87.79799999999999,
    90.28,
    86.804,
    90.786,
    91.803,
    83.776,
    91.799,
    85.777,
    93.283,
    93.29,
    89.28,
    89.799,
    86.805,
    85.79299999999999,
    92.30600000000001,
    92.282,
    84.799,
    91.8,
    88.798,
    85.747,
    89.80599999999998,
    91.30799999999999,
    89.29899999999999,
    89.30299999999998,
    90.28799999999998,
    88.307,
    90.29299999999999,
    94.796,
    92.29400000000001,
    92.781,
    88.30999999999999,
    92.796,
    93.31499999999998,
    90.81000000000002,
    90.304,
    88.77799999999999,
    93.306,
    94.78299999999999,
    92.80000000000001,
    90.30699999999999,
    89.783,
    86.25699999999999,
    90.29799999999997,
    88.797,
    90.807,
    91.286,
    89.79599999999999,
    88.31400000000001,
    86.79299999999998,
    91.308,
    90.31500000000001,
    93.301,
    86.792,
    85.28,
    90.805,
    97.279,
    86.804,
    93.28899999999999,
    95.304,
    93.809,
    88.28999999999999,
    91.29499999999999,
    91.30700000000002,
    91.749,
    90.292,
    94.822,
    92.80099999999999,
    88.28699999999999,
    88.79599999999999,
    88.77099999999999,
    91.80199999999999,
    87.281,
    88.29,
    89.78100000000002,
    89.79299999999999,
    85.268,
    88.78299999999999,
    89.28,
    87.78999999999999,
    90.799,
    84.30000000000001,
    90.292,
    89.31099999999999,
    92.79900000000002,
    95.31700000000001,
    91.80999999999999,
    91.795,
    89.806,
    90.803,
    92.79799999999997,
    85.77799999999999,
    87.78200000000001,
    85.78,
    92.28999999999999,
    87.77799999999999,
    90.79499999999999,
    91.30600000000001,
    88.77899999999998,
    89.29799999999999,
    89.80199999999999,
    86.29499999999999,
    91.801,
    92.28999999999999,
    85.29899999999998,
    86.785,
    90.791,
    82.26499999999999,
    79.26699999999998,
    89.77300000000001,
    89.806,
    87.30900000000001,
    91.791,
    91.28699999999999,
    90.313,
    91.79799999999999,
    90.787,
    93.81000000000002,
    93.80699999999999,
    88.30600000000001,
    87.77600000000001,
    91.802,
    94.791,
    87.81400000000001,
    90.30799999999999,
    88.297,
    94.812,
    90.28399999999999,
    93.28400000000002,
    90.30500000000002,
    93.76000000000002,
    89.29299999999999,
    92.29799999999999,
    95.309,
    90.804,
    86.26699999999998,
    90.28,
    88.80099999999999,
    93.803,
    87.777,
    91.783,
    92.30600000000001,
    94.297,
    89.79400000000001,
    89.289,
    89.29199999999999,
    88.81200000000001,
    89.811,
    89.30100000000002,
    90.29,
    90.799,
    92.27799999999999,
    91.309,
    87.755,
    89.78099999999999,
    92.80699999999999,
    87.29400000000001,
    92.291,
    87.764,
    92.31000000000002,
    89.78,
    86.29499999999999,
    93.30800000000002,
    86.79400000000001,
    90.78200000000001,
    91.30299999999997,
    90.80499999999999,
    88.78799999999998,
    91.29799999999999,
    86.79299999999999,
    90.78399999999999,
    90.29,
    89.295,
    86.80300000000001,
    86.80199999999999,
    89.297,
    90.276,
    88.803,
    90.802,
    84.29699999999998,
    89.78200000000001,
    93.3,
    89.29,
    94.30199999999999,
    87.78099999999999,
    91.78999999999999,
    89.304,
    90.816,
    87.27799999999999,
    94.321,
    91.80300000000003,
    89.803,
    88.30300000000001,
    86.29499999999999,
    89.29600000000002,
    87.31,
    84.791,
    93.79400000000001,
    92.80100000000002,
    90.802,
    86.774,
    90.285,
    91.803,
    88.79100000000001,
    89.28899999999999,
    93.32000000000001,
    87.789,
    86.775,
    92.80499999999998,
    88.77799999999999,
    90.293,
    94.785,
    90.286,
    90.80499999999999,
    92.809,
    86.799,
    89.793,
    86.801,
    95.289,
    91.28,
    89.801,
    88.286,
    90.315,
    86.301,
    87.79100000000001,
    90.797,
    93.279,
    90.28399999999998,
    89.806,
    90.306,
    87.279,
    90.308,
    86.286,
    91.29899999999998,
    86.78999999999999,
    90.316,
    86.27400000000002,
    87.778,
    86.289,
    85.79600000000002,
    91.314,
    91.31200000000001,
    88.783,
    91.79400000000001,
    88.297,
    95.32,
    91.795,
    88.29499999999999,
    92.781,
    91.273,
    90.79499999999999,
    91.297,
    91.316,
    89.79700000000001,
    87.803,
    94.804,
    85.78,
    89.792,
    89.797,
    90.30199999999999,
    89.80799999999999,
    95.28500000000001,
    93.304,
    87.27699999999999,
    91.788,
    89.799,
    90.8,
    94.291,
    91.80699999999999,
    90.80999999999999,
    90.28099999999999,
    92.298,
    89.271,
    91.27000000000001,
    89.802,
    89.80199999999999,
    88.796,
    92.30499999999999,
    88.291,
    86.292,
    80.80100000000002,
    88.78,
    86.78999999999999,
    93.785,
    89.29099999999998,
    88.788,
    94.803,
    92.30100000000002,
    88.80699999999999,
    91.82000000000001,
    88.80499999999999,
    90.80600000000001,
    89.315,
    86.304,
    89.28300000000002,
    89.281,
    85.78699999999999,
    92.78999999999999,
    92.309,
    88.277,
    89.801,
    90.78,
    92.289,
    88.304,
    88.29400000000001,
    90.793,
    92.29899999999998,
    91.30600000000001,
    90.792,
    89.782,
    89.28699999999999,
    85.28,
    91.779,
    87.79899999999999,
    86.296,
    90.31,
    87.296,
    92.287,
    88.819,
    83.752,
    87.274,
    94.294,
    92.80799999999999,
    93.813,
    88.78399999999999,
    92.28299999999999,
    88.798,
    86.30300000000001,
    88.809,
    91.30999999999999,
    94.802,
    92.3,
    92.808,
    84.76899999999999,
    92.796,
    88.29400000000001,
    87.79600000000002,
    92.802,
    93.314,
    90.29299999999998,
    88.793,
    90.302,
    87.76200000000001,
