{
  "complexity": 8,
  "alpha": 0.3,
  "gamma": 0.85,
  "epsilon": 0.1,
  "extra_passages": 7,
  "avg_rewards": [
    -229.3699999999986,
    35.84699999999985,
    78.58899999999997,
    64.62099999999997,
    77.48700000000005,
    82.19299999999998,
    83.42699999999999,
    83.02299999999998,
    89.75300000000001,
    86.18800000000002,
    84.627,
    87.845,
    92.96400000000001,
    95.958,
    90.461,
    88.99600000000001,
    95.642,
    94.49300000000001,
    98.128,
    93.07300000000001,
    97.126,
    93.62800000000001,
    95.695,
    94.635,
    97.21,
    94.673,
    96.254,
    93.745,
    96.74100000000001,
    96.76500000000001,
    99.79700000000001,
    97.769,
    99.28,
    95.771,
    96.283,
    97.311,
    97.78899999999999,
    97.78699999999998,
    97.81700000000001,
    95.32000000000001,
    97.828,
    98.32399999999998,
    97.321,
    96.826,
    98.82100000000001,
    96.821,
    97.82100000000001,
    97.83800000000001,
    97.34,
    99.34100000000002,
    98.83000000000001,
    96.827,
    98.32000000000001,
    97.33399999999999,
    97.83800000000001,
    99.33,
    98.33700000000002,
    96.84100000000001,
    97.83100000000002,
    98.822,
    98.32900000000001,
    96.334,
    95.833,
    96.329,
    96.83800000000002,
    96.32700000000001,
    95.829,
    97.83500000000002,
    97.83700000000002,
    97.83500000000001,
    98.33200000000001,
    97.32900000000001,
    99.826,
    97.334,
    96.83200000000002,
    97.331,
    96.83300000000001,
    97.333,
    98.82700000000001,
    96.33099999999999,
    97.826,
    98.816,
    96.831,
    95.836,
    97.33000000000001,
    95.336,
    95.33000000000001,
    98.837,
    97.333,
    98.837,
    96.81700000000002,
    94.32700000000001,
    97.33500000000001,
    95.329,
    97.84200000000001,
    97.33000000000001,
    97.833,
    97.83800000000002,
    96.334,
    97.83399999999999,
    96.33900000000001,
    99.83200000000001,
    97.32900000000001,
    98.83200000000001,
    96.83000000000001,
    98.34000000000002,
    99.33099999999999,
    98.337,
    99.32200000000002,
    97.831,
    96.83399999999999,
    99.33,
    94.337,
    96.84000000000002,
    97.82900000000002,
    97.83800000000002,
    98.32300000000001,
    98.32900000000001,
    97.834,
    93.83000000000001,
    97.339,
    99.34200000000001,
    95.819,
    98.33699999999999,
    97.334,
    97.831,
    98.825,
    94.326,
    94.82700000000001,
    97.83000000000001,
    96.83400000000002,
    97.33500000000001,
    96.83800000000001,
    96.834,
    97.831,
    95.83,
    94.827,
    96.83,
    97.82000000000002,
    97.82900000000001,
    97.32600000000001,
    95.33200000000001,
    96.33500000000001,
    98.33200000000001,
    97.82300000000001,
    98.828,
    96.33,
    98.83500000000002,
    97.334,
    94.834,
    97.821,
    98.833,
    96.829,
    98.33,
    97.33200000000001,
    98.833,
    96.82,
    97.333,
    98.833,
    96.329,
    98.338,
    97.83200000000002,
    98.83200000000001,
    95.83700000000002,
    97.83400000000002,
    97.32700000000001,
    98.324,
    95.335,
    97.836,
    98.336,
    97.33099999999999,
    98.338,
    98.83800000000002,
    98.342,
    98.34,
    99.332,
    96.83300000000001,
    97.83200000000002,
    96.82600000000001,
    96.83099999999999,
    97.332,
    98.82200000000002,
    96.336,
    97.842,
    98.83500000000001,
    97.825,
    94.831,
    98.326,
    97.336,
    94.83,
    96.333,
    97.838,
    97.325,
    97.333,
    96.333,
    97.831,
    98.83,
    95.82900000000001,
    97.826,
    96.31999999999998,
    97.339,
    98.838,
    97.82900000000001,
    96.833,
    96.83000000000001,
    99.33200000000001,
    98.329,
    96.828,
    98.332,
    97.83500000000001,
    97.33200000000002,
    97.83200000000001,
    97.83400000000002,
    95.32200000000002,
    98.82700000000001,
    94.831,
    96.33699999999999,
    97.84,
    96.333,
    98.34200000000001,
    97.33000000000001,
    98.33200000000001,
    99.33100000000002,
    97.83000000000001,
    96.32000000000001,
    96.828,
    98.836,
    97.31700000000001,
    97.82300000000001,
    97.32400000000001,
    98.34000000000002,
    98.826,
    98.33200000000001,
    97.339,
    97.338,
    93.335,
    96.84200000000001,
    97.33300000000001,
    96.334,
    98.833,
    97.31800000000001,
    96.319,
    97.33200000000001,
    96.834,
    96.83200000000001,
    97.824,
    97.33200000000001,
    98.33099999999999,
    98.835,
    96.83800000000001,
    95.83200000000001,
    97.84,
    96.82900000000001,
    97.332,
    97.32799999999999,
    98.32400000000001,
    98.339,
    98.83500000000002,
    97.33800000000001,
    94.334,
    98.326,
    95.33400000000002,
    96.825,
    96.83000000000001,
    96.83100000000002,
    97.33100000000002,
    98.33200000000001,
    97.83200000000001,
    98.838,
    98.34100000000001,
    96.31800000000001,
    98.33100000000002,
    98.337,
    97.83900000000001,
    98.83200000000001,
    98.32000000000001,
    97.33600000000001,
    95.828,
    99.836,
    97.335,
    99.325,
    97.331,
    96.83900000000001,
    98.84200000000001,
    96.834,
    98.33500000000001,
    95.82200000000002,
    97.819,
    96.83500000000001,
    95.827,
    97.82500000000002,
    98.33000000000001,
    98.33200000000001,
    98.33800000000001,
    97.831,
    98.33000000000001,
    97.835,
    98.83000000000001,
    95.822,
    98.83900000000003,
    97.82900000000001,
    96.835,
    98.341,
    96.82500000000002,
    98.84100000000002,
    98.32500000000002,
    97.838,
    97.83800000000002,
    97.335,
    97.336,
    97.337,
    97.32500000000002,
    97.826,
    97.331,
    95.84100000000002,
    96.83500000000001,
    97.82700000000001,
    98.33200000000001,
    96.827,
    98.842,
    98.326,
    98.334,
    97.83500000000001,
    96.829,
    98.336,
    96.83600000000001,
    96.83600000000003,
    97.31899999999999,
    98.33,
    98.33900000000001,
    98.33200000000001,
    97.827,
    97.83700000000002,
    98.34100000000002,
    98.82700000000001,
    99.32500000000002,
    96.824,
    97.83200000000001,
    98.83800000000002,
    96.83600000000001,
    96.33100000000002,
    98.338,
    96.329,
    96.333,
    97.831,
    96.841,
    98.83099999999999,
    98.83200000000001,
    97.82399999999998,
    97.331,
    96.83500000000001,
    99.337,
    98.835,
    98.333,
    97.82600000000001,
    97.33400000000003,
    94.83100000000002,
    97.32900000000002,
    96.836,
    95.33200000000001,
    98.834,
    98.82700000000001,
    96.83200000000001,
    98.334,
    98.33500000000001,
    94.83200000000001,
    97.82900000000001,
    98.83500000000001,
    97.83400000000002,
    98.834,
    97.33900000000003,
    95.839,
    98.32700000000001,
    98.326,
    98.32900000000001,
    96.82700000000003,
    97.339,
    97.32900000000001,
    95.32900000000001,
    97.834,
    97.338,
    97.33000000000001,
    98.827,
    96.839,
    94.831,
    99.33700000000002,
    98.334,
    98.336,
    96.821,
    96.343,
    97.33399999999999,
    98.319,
    97.333,
    95.331,
    97.33399999999999,
    98.828,
    98.336,
    95.827,
    98.33000000000001,
    97.33,
    98.327,
    97.837,
    94.34,
    97.83500000000001,
    99.331,
    96.82700000000001,
    97.33200000000001,
    98.333,
    98.325,
    96.83100000000002,
    97.32400000000001,
    95.83300000000001,
    96.83300000000001,
    97.32300000000001,
    97.84,
    97.34,
    96.82600000000001,
    97.336,
    96.334,
    98.33000000000001,
    95.836,
    97.83800000000001,
    97.833,
    95.829,
    98.83100000000002,
    96.83000000000001,
    98.338,
    98.833,
    98.833,
    98.833,
    95.834,
    98.33800000000001,
    98.83500000000001,
    98.34300000000002,
    97.33200000000001,
    96.82000000000001,
    96.33099999999999,
    97.33600000000003,
    97.83000000000001,
    98.326,
    97.333,
    95.82700000000001,
    98.83500000000001,
