{
  "complexity": 1,
  "alpha": 0.3,
  "gamma": 0.95,
  "epsilon": 0.1,
  "extra_passages": 14,
  "avg_rewards": [
    -242.4049999999983,
    66.163,
    82.9259999999999,
    86.725,
    86.37199999999996,
    94.791,
    89.36899999999999,
    89.046,
    90.054,
    91.869,
    90.346,
    90.85799999999999,
    92.367,
    95.881,
    95.488,
    95.043,
    93.53099999999999,
    96.06500000000001,
    95.54199999999999,
    96.583,
    98.631,
    96.18,
    96.598,
    97.119,
    94.665,
    97.72399999999999,
    97.137,
    94.643,
    96.75699999999999,
    97.252,
    95.24100000000001,
    98.23799999999999,
    97.783,
    95.76300000000002,
    97.213,
    95.74499999999998,
    97.773,
    97.762,
    97.79599999999999,
    97.29299999999999,
    97.263,
    98.319,
    97.306,
    98.31799999999998,
    97.30499999999999,
    96.79700000000001,
    98.30600000000001,
    99.31300000000002,
    97.322,
    98.81699999999998,
    98.321,
    97.322,
    98.83700000000002,
    98.33200000000001,
    98.325,
    96.83500000000002,
    97.83600000000001,
    96.843,
    98.83500000000001,
    98.32700000000001,
    95.83200000000001,
    98.83700000000002,
    98.33300000000001,
    96.84500000000001,
    97.84,
    99.345,
    96.32600000000001,
    98.84,
    97.845,
    98.33200000000002,
    98.33800000000001,
    98.34400000000002,
    97.33600000000001,
    98.823,
    98.33300000000001,
    97.83700000000002,
    98.33300000000001,
    98.83700000000002,
    98.331,
    97.34,
    96.34,
    99.33,
    98.33600000000001,
    98.33900000000003,
    97.31900000000002,
    98.83200000000002,
    97.33500000000001,
    97.33200000000001,
    98.33200000000001,
    98.33300000000001,
    99.33000000000001,
    98.834,
    98.33100000000002,
    97.836,
    98.34000000000002,
    98.34100000000001,
    95.34200000000001,
    97.82700000000001,
    98.836,
    99.842,
    97.83800000000002,
    99.33000000000001,
    97.82000000000002,
    98.83400000000002,
    97.34,
    99.34100000000002,
    95.823,
    96.333,
    95.82900000000001,
    96.83000000000001,
    98.30799999999999,
    97.83400000000002,
    98.33000000000001,
    98.84200000000001,
    98.33500000000001,
    97.833,
    98.328,
    96.83000000000001,
    98.33300000000001,
    97.83000000000001,
    99.83300000000001,
    98.33100000000002,
    99.33900000000001,
    98.83100000000002,
    97.83400000000002,
    96.33800000000001,
    97.838,
    97.83900000000001,
    98.32700000000001,
    96.343,
    97.834,
    99.33400000000002,
    98.84100000000001,
    98.84200000000001,
    98.34300000000002,
    99.836,
    98.83700000000002,
    97.82300000000001,
    98.83200000000001,
    98.83500000000001,
    98.34300000000002,
    99.83,
    95.83800000000002,
    98.32900000000001,
    98.33200000000002,
    96.84000000000002,
    96.82600000000001,
    98.83400000000002,
    96.338,
    96.32900000000002,
    95.331,
    97.83300000000001,
    98.84200000000001,
    94.838,
    98.33700000000002,
    96.83800000000001,
    97.83200000000001,
    97.82700000000001,
    98.34100000000002,
    98.84100000000002,
    98.33900000000003,
    97.83900000000001,
    97.845,
    97.84100000000001,
    97.82900000000001,
    99.34400000000002,
    98.327,
    97.83500000000001,
    98.83900000000003,
    98.83700000000002,
    97.83500000000001,
    99.32800000000002,
    99.33100000000002,
    99.34200000000001,
    97.84,
    99.334,
    97.33100000000002,
    98.83500000000001,
    98.34200000000001,
    97.327,
    98.83900000000001,
    99.325,
    97.33099999999999,
    98.33200000000002,
    98.826,
    97.839,
    97.328,
    96.33400000000002,
    97.337,
    99.328,
    99.32899999999998,
    97.33599999999998,
    96.83500000000001,
    97.33700000000002,
    98.32400000000001,
    99.337,
    97.83500000000001,
    98.83800000000002,
    97.33000000000001,
    98.33400000000002,
    97.83200000000002,
    97.34100000000001,
    96.839,
    96.83,
    97.83400000000002,
    98.83399999999997,
    98.82700000000003,
    98.34,
    98.337,
    98.33600000000001,
    99.328,
    98.33300000000001,
    97.328,
    97.34,
    97.83400000000002,
    98.838,
    97.34100000000001,
    97.33,
    98.33700000000002,
    97.831,
    99.84200000000001,
    96.83600000000001,
    98.334,
    96.83900000000001,
    97.34700000000001,
    95.334,
    98.843,
    97.83900000000001,
    98.33800000000001,
    97.83900000000001,
    97.83000000000001,
    98.33200000000002,
    97.327,
    97.321,
    97.82700000000001,
    99.33400000000002,
    96.82300000000001,
    95.33600000000001,
    98.34400000000002,
    98.84,
    96.83200000000001,
    97.83700000000002,
    97.336,
    96.33700000000002,
    96.838,
    94.83500000000001,
    96.83900000000001,
    95.82700000000001,
    98.33800000000001,
    99.33200000000001,
    99.343,
    97.83700000000002,
    97.333,
    99.33500000000001,
    97.34000000000002,
    98.31800000000001,
    96.84000000000002,
    97.828,
    98.34200000000001,
    98.84500000000001,
    98.83700000000002,
    94.83300000000001,
    98.34200000000001,
    97.334,
    97.329,
    97.33700000000002,
    99.33900000000003,
    99.33800000000001,
    99.34,
    97.834,
    96.33500000000001,
    97.337,
    98.33500000000001,
    97.83300000000001,
    97.329,
    97.33500000000001,
    98.33400000000002,
    98.83800000000001,
    97.832,
    96.828,
    96.834,
    98.33000000000001,
    99.33300000000001,
    97.33800000000001,
    96.84000000000002,
    98.33500000000001,
    96.343,
    98.83600000000001,
    98.83500000000001,
    98.329,
    98.33400000000002,
    97.331,
    97.33600000000001,
    98.33500000000001,
    97.33400000000002,
    97.83200000000001,
    96.83300000000001,
    98.33100000000002,
    98.83300000000001,
    96.33200000000002,
    97.34200000000001,
    98.827,
    97.83700000000002,
    96.84200000000001,
    97.336,
    97.33200000000001,
    98.33000000000001,
    98.83900000000003,
    96.83000000000001,
    97.33200000000001,
    98.84400000000002,
    98.84200000000001,
    99.33000000000001,
    98.838,
    98.84,
    97.33,
    98.34400000000002,
    97.83900000000003,
    99.33500000000002,
    98.83500000000001,
    97.84400000000002,
    97.33200000000001,
    97.34400000000002,
    97.33600000000001,
    98.33700000000002,
    97.34,
    98.83200000000002,
    95.828,
    97.83500000000001,
    96.33000000000001,
    97.83000000000001,
    98.34100000000002,
    97.33800000000002,
    99.343,
    98.33400000000002,
    98.83600000000001,
    97.34200000000001,
    98.83400000000003,
    97.84,
    97.34500000000001,
    98.33800000000001,
    96.34100000000001,
    98.32900000000002,
    98.33900000000001,
    98.32500000000002,
    99.33400000000002,
    98.33099999999999,
    97.33600000000001,
    97.333,
    98.34,
    96.34,
    99.33800000000002,
    95.33600000000001,
    99.329,
    97.33500000000001,
    98.31800000000001,
    98.828,
    98.84300000000002,
    96.833,
    98.33000000000001,
    95.33900000000001,
    97.33200000000002,
    98.834,
    96.82300000000001,
    98.828,
    98.84,
    98.84200000000001,
    96.32800000000002,
    97.83800000000001,
    97.82,
    97.83100000000002,
    98.33400000000002,
    99.32900000000002,
    98.33500000000001,
    99.33500000000001,
    98.836,
    97.83800000000001,
    97.33900000000001,
    98.33,
    99.33800000000001,
    97.84200000000001,
    97.84600000000002,
    97.843,
    98.34200000000001,
    97.33400000000002,
    99.34,
    99.83300000000001,
    98.34600000000002,
    96.331,
    95.83,
    99.83699999999999,
    95.83600000000001,
    97.32600000000001,
    98.834,
    97.836,
    96.334,
    98.33200000000002,
    98.83900000000003,
    97.33800000000001,
    98.33400000000002,
    98.84900000000002,
    98.83200000000002,
    98.33900000000001,
    96.83500000000001,
    97.33600000000001,
    99.833,
    98.327,
