{
  "complexity": 14,
  "alpha": 0.3,
  "gamma": 0.95,
  "epsilon": 0.2,
  "extra_passages": 1,
  "avg_rewards": [
    -313.51499999999794,
    -18.609999999999623,
    29.30799999999985,
    27.823999999999945,
    28.709999999999845,
    46.68099999999996,
    51.98399999999987,
    64.95099999999998,
    73.15899999999998,
    74.586,
    70.677,
    75.29499999999994,
    79.82700000000001,
    79.94699999999999,
    77.955,
    74.94099999999999,
    82.99100000000001,
    88.07099999999998,
    90.177,
    87.486,
    89.543,
    90.709,
    93.775,
    93.19500000000001,
    89.244,
    91.68800000000002,
    88.14000000000001,
    91.78399999999999,
    90.161,
    92.78399999999999,
    91.684,
    92.293,
    84.09599999999996,
    94.78099999999999,
    90.271,
    91.29400000000001,
    91.74099999999999,
    93.812,
    93.79599999999999,
    93.797,
    94.814,
    95.817,
    94.29,
    91.298,
    91.297,
    93.81299999999999,
    95.80999999999999,
    93.802,
    94.316,
    91.32900000000002,
    94.303,
    95.81200000000001,
    93.307,
    91.304,
    91.80399999999999,
    91.807,
    95.306,
    95.292,
    91.801,
    93.80600000000001,
    89.302,
    93.79500000000002,
    88.773,
    93.807,
    92.30600000000001,
    92.32300000000001,
    92.809,
    92.80600000000001,
    95.797,
    93.81,
    93.298,
    91.32000000000001,
    91.314,
    92.301,
    94.31500000000001,
    94.298,
    93.301,
    92.80699999999999,
    92.807,
    90.80099999999999,
    91.319,
    96.296,
    93.779,
    93.309,
    92.80499999999999,
    91.796,
    90.296,
    91.809,
    93.31000000000002,
    93.81800000000001,
    94.31700000000001,
    90.81500000000001,
    95.30799999999999,
    92.79899999999999,
    88.30199999999999,
    91.30600000000001,
    92.808,
    96.81700000000001,
    93.304,
    92.311,
    93.30499999999999,
    95.311,
    94.308,
    93.301,
    96.30600000000001,
    94.294,
    95.299,
    89.286,
    93.307,
    92.31800000000001,
    93.808,
    92.80900000000001,
    92.80400000000002,
    87.779,
    92.80300000000003,
    93.80799999999999,
    91.30600000000001,
    95.31800000000001,
    96.297,
    93.799,
    91.30000000000003,
    92.79400000000001,
    93.78900000000002,
    90.319,
    93.805,
    92.31000000000002,
    93.292,
    92.31900000000002,
    90.313,
    93.815,
    92.303,
    91.309,
    91.30600000000001,
    93.818,
    91.797,
    92.30700000000002,
    93.804,
    88.79799999999997,
    95.30199999999999,
    92.79800000000002,
    91.31200000000001,
    95.81500000000001,
    94.3,
    94.795,
    93.79599999999999,
    93.804,
    92.282,
    92.313,
    89.805,
    93.80300000000001,
    96.31,
    92.797,
    96.81200000000001,
    91.80100000000002,
    90.79499999999999,
    92.29500000000002,
    90.28599999999999,
    93.80099999999997,
    92.29499999999999,
    96.821,
    92.804,
    95.80499999999999,
    95.32000000000001,
    93.781,
    92.299,
    93.30799999999999,
    94.312,
    90.799,
    92.80699999999999,
    95.804,
    93.811,
    92.28399999999999,
    91.28399999999999,
    91.815,
    95.30100000000002,
    94.31500000000001,
    94.80800000000002,
    91.804,
    91.313,
    95.806,
    93.315,
    91.792,
    88.8,
    96.29999999999998,
    91.81400000000001,
    94.80200000000002,
    93.81199999999998,
    90.299,
    92.789,
    98.801,
    94.8,
    91.30699999999999,
    95.779,
    94.799,
    92.815,
    89.81,
    93.312,
    94.306,
    94.29700000000001,
    92.801,
    93.81300000000002,
    92.81299999999999,
    94.297,
    92.81500000000001,
    93.80400000000002,
    94.79299999999999,
    95.796,
    92.752,
    86.80999999999999,
    91.79499999999999,
    93.313,
    93.311,
    89.298,
    94.80100000000002,
    94.30100000000002,
    96.319,
    96.293,
    93.809,
    94.79899999999999,
    93.28600000000002,
    97.30099999999997,
    91.816,
    95.315,
    92.801,
    91.80600000000001,
    92.30399999999999,
    94.302,
    93.303,
    95.29999999999998,
    91.30300000000001,
    93.804,
    91.30799999999999,
    91.80799999999999,
    94.31400000000001,
    89.301,
    90.29800000000002,
    95.30600000000001,
    94.79299999999999,
    95.31300000000002,
    95.299,
    95.31,
    95.81200000000001,
    95.811,
    94.308,
    93.312,
    94.82,
    95.287,
    93.29599999999999,
    92.308,
    95.302,
    97.80699999999999,
    93.81200000000001,
    89.31200000000001,
    96.80799999999999,
    93.31300000000002,
    90.297,
    91.80300000000003,
    89.303,
    95.31500000000001,
    91.325,
    93.81300000000002,
    94.31500000000001,
    94.79400000000001,
    92.8,
    94.304,
    96.30799999999999,
    91.308,
    93.30999999999999,
    96.82000000000001,
    91.793,
    92.29499999999999,
    90.804,
    92.80100000000002,
    95.301,
    95.81700000000001,
    93.82000000000001,
    95.30600000000001,
    93.795,
    92.31000000000002,
    91.79100000000001,
    93.80499999999999,
    92.78999999999999,
    94.28999999999999,
    95.81000000000002,
    95.304,
    88.792,
    92.32400000000001,
    94.309,
    93.308,
    94.797,
    95.796,
    92.30399999999997,
    90.29400000000001,
    89.29599999999998,
    94.804,
    94.808,
    96.32000000000002,
    95.302,
    93.812,
    95.81300000000002,
    93.81300000000002,
    97.311,
    91.785,
    93.31400000000001,
    92.29799999999999,
    96.307,
    93.79,
    93.809,
    95.795,
    92.79599999999999,
    94.793,
    95.316,
    97.82800000000002,
    94.304,
    91.313,
    93.81899999999999,
    93.805,
    96.29400000000001,
    94.311,
    94.81500000000001,
    94.311,
    90.78,
    94.292,
    91.298,
    91.803,
    91.806,
    97.305,
    94.81300000000002,
    96.295,
    89.779,
    93.801,
    94.30700000000002,
    93.321,
    91.809,
    93.79800000000002,
    88.81199999999998,
    95.809,
    91.81499999999998,
    93.308,
    92.29400000000001,
    89.81199999999998,
    95.792,
    93.29099999999998,
    89.813,
    94.82400000000001,
    95.312,
    96.298,
    91.79400000000001,
    92.78800000000001,
    91.306,
    93.799,
    96.319,
    94.799,
    92.281,
    94.80600000000001,
    89.80099999999999,
    93.80799999999999,
    90.3,
    96.301,
    91.30700000000002,
    91.28999999999999,
    95.812,
    94.807,
    94.31800000000001,
    93.812,
    92.30199999999999,
    90.783,
    93.30600000000001,
    93.31400000000001,
    87.805,
    95.31,
    92.297,
    95.803,
    90.31400000000001,
    94.805,
    94.29899999999999,
    95.314,
    95.311,
    93.799,
    94.787,
    93.315,
    93.309,
    96.3,
    94.30800000000002,
    94.306,
    94.80199999999999,
    94.318,
    96.32000000000001,
    92.799,
    96.818,
    94.809,
    95.812,
    94.301,
    89.30099999999999,
    90.79100000000001,
    90.80600000000001,
    93.81700000000001,
    91.30799999999999,
    93.325,
    94.29799999999999,
    94.29800000000002,
    94.797,
    93.316,
    95.319,
    92.29800000000002,
    94.301,
    96.31499999999998,
    94.81400000000001,
    93.309,
    92.78900000000002,
    92.307,
    95.299,
    93.319,
    93.29700000000001,
    97.804,
    92.80499999999999,
    94.29499999999999,
    95.30199999999999,
    91.78000000000002,
    95.81800000000001,
    93.79799999999999,
    91.807,
    92.80099999999999,
    96.80499999999999,
    93.813,
    93.316,
    93.29599999999999,
    94.303,
    92.303,
    94.316,
    92.80000000000003,
    97.81,
    96.82400000000001,
    92.3,
    94.304,
    91.80100000000002,
    92.79500000000002,
    93.30399999999999,
    94.799,
    92.31500000000001,
    90.309,
    95.81200000000001,
    90.801,
    91.30100000000002,
    93.81,
    96.30700000000002,
    93.321,
    96.303,
    93.797,
    93.798,
    94.811,
    91.782,
    91.304,
    93.297,
    91.293,
    91.788,
    95.30900000000001,
    96.294,
    93.798,
    94.311,
    94.80699999999999,
    92.307,
