{
  "complexity": 13,
  "alpha": 0.2,
  "gamma": 0.85,
  "epsilon": 0.1,
  "extra_passages": 2,
  "avg_rewards": [
    -206.87099999999865,
    -17.708999999999833,
    37.210999999999736,
    61.14100000000004,
    65.28800000000001,
    60.437,
    72.499,
    81.09199999999998,
    75.09699999999998,
    77.77100000000002,
    85.52400000000002,
    81.049,
    79.641,
    86.616,
    91.44000000000001,
    89.77400000000002,
    92.939,
    92.36500000000001,
    92.87599999999999,
    90.559,
    93.47,
    94.055,
    93.601,
    93.069,
    91.166,
    96.19699999999997,
    92.20700000000001,
    94.126,
    94.72200000000001,
    93.67300000000002,
    92.2,
    95.225,
    96.22100000000002,
    97.78,
    96.21000000000001,
    97.764,
    96.28800000000001,
    96.269,
    96.282,
    95.749,
    98.28999999999999,
    95.30000000000001,
    94.292,
    94.283,
    96.27300000000001,
    96.81,
    97.803,
    97.78299999999999,
    98.317,
    95.30199999999999,
    97.81300000000002,
    97.809,
    95.80300000000001,
    95.292,
    96.80600000000001,
    97.31400000000001,
    96.81500000000003,
    98.32500000000002,
    97.82000000000002,
    97.319,
    97.30900000000001,
    96.82000000000002,
    98.292,
    99.32200000000002,
    94.784,
    96.82300000000001,
    96.32500000000002,
    96.81900000000002,
    97.31700000000001,
    93.816,
    97.311,
    98.321,
    97.31400000000002,
    97.272,
    98.80799999999999,
    94.31000000000002,
    97.81699999999998,
    98.32400000000001,
    96.796,
    97.316,
    96.81400000000002,
    95.314,
    97.812,
    97.82300000000001,
    97.32200000000002,
    94.83000000000001,
    94.319,
    98.813,
    95.32100000000001,
    94.821,
    95.306,
    98.319,
    96.822,
    98.319,
    95.81499999999998,
    95.816,
    96.818,
    98.30499999999999,
    96.81800000000001,
    95.80999999999999,
    96.819,
    96.316,
    94.213,
    96.811,
    97.819,
    96.31700000000001,
    98.312,
    97.81500000000001,
    97.81299999999999,
    98.31500000000003,
    97.81700000000002,
    98.81400000000001,
    97.31000000000002,
    96.321,
    97.816,
    96.82300000000001,
    93.816,
    97.806,
    96.81800000000001,
    96.28999999999998,
    96.32200000000002,
    97.82000000000001,
    94.78900000000002,
    93.308,
    98.31899999999999,
    95.815,
    94.824,
    98.311,
    98.81899999999999,
    97.31800000000001,
    97.32300000000001,
    95.32100000000001,
    96.811,
    98.81199999999998,
    97.81400000000001,
    95.32499999999999,
    96.80799999999999,
    97.80499999999999,
    97.31900000000002,
    97.317,
    93.80999999999999,
    96.816,
    96.32000000000002,
    94.82200000000002,
    97.818,
    95.814,
    96.311,
    96.817,
    97.82100000000001,
    96.314,
    98.315,
    96.317,
    98.32000000000002,
    97.31099999999999,
    96.82000000000002,
    97.32000000000001,
    96.304,
    96.80499999999999,
    99.309,
    96.82500000000002,
    97.81700000000002,
    95.81400000000001,
    98.304,
    95.812,
    96.811,
    97.31700000000001,
    97.81900000000002,
    95.31400000000001,
    96.80300000000001,
    97.82199999999999,
    96.81000000000002,
    95.319,
    94.815,
    93.31500000000003,
    95.31299999999999,
    95.81900000000002,
    96.815,
    92.31200000000001,
    97.32300000000001,
    96.312,
    97.31299999999999,
    96.31700000000001,
    98.312,
    96.30699999999999,
    95.81,
    94.28500000000001,
    96.812,
    96.807,
    94.82400000000001,
    96.32600000000001,
    94.814,
    95.81500000000001,
    98.81400000000001,
    99.815,
    97.814,
    98.299,
    95.317,
    93.285,
    96.31800000000001,
    97.81800000000001,
    96.81900000000002,
    97.821,
    97.81,
    97.81299999999999,
    94.30300000000003,
    98.319,
    95.81500000000001,
    96.309,
    95.311,
    97.813,
    96.32300000000001,
    95.301,
    94.816,
    95.81099999999999,
    97.32000000000001,
    97.316,
    96.32000000000001,
    97.816,
    96.32100000000001,
    95.82000000000001,
    96.808,
    95.32700000000001,
    97.82300000000001,
    98.32300000000001,
    98.31800000000001,
    97.31500000000001,
    94.321,
    97.31800000000001,
    95.31800000000001,
    96.81200000000001,
    95.82000000000002,
    94.31300000000002,
    95.82300000000001,
    97.80899999999998,
    96.31700000000001,
    94.807,
    96.80799999999999,
    98.31100000000002,
    97.811,
    98.31700000000001,
    97.292,
    96.321,
    96.314,
    94.316,
    97.31899999999999,
    95.81900000000002,
    96.81099999999999,
    97.318,
    96.30799999999998,
    95.82200000000002,
    96.816,
    97.812,
    97.31899999999999,
    95.814,
    94.309,
    96.815,
    96.31000000000002,
    97.81899999999999,
    91.814,
    96.82100000000001,
    97.30499999999999,
    97.811,
    97.82200000000002,
    97.82200000000002,
    97.308,
    97.822,
    96.317,
    98.314,
    94.80499999999999,
    97.81899999999999,
    97.321,
    96.31199999999998,
    98.817,
    97.81899999999999,
    95.809,
    98.81800000000001,
    96.31499999999998,
    97.31899999999999,
    93.81500000000001,
    96.323,
    98.32300000000001,
    97.81700000000001,
    97.821,
    93.319,
    98.32100000000001,
    97.815,
    97.80699999999999,
    97.81800000000001,
    97.80799999999999,
    98.31200000000003,
    94.31800000000001,
    97.813,
    95.81899999999999,
    96.81099999999999,
    97.824,
    96.31599999999999,
    95.31800000000001,
    97.822,
    97.822,
    93.30799999999999,
    97.815,
    95.31900000000002,
    96.32399999999998,
    97.80700000000002,
    97.30199999999999,
    93.811,
    97.809,
    96.321,
    96.812,
    96.82100000000001,
    97.81299999999999,
    97.821,
    96.319,
    94.309,
    96.32000000000001,
    97.815,
    95.32300000000001,
    97.31500000000001,
    98.82300000000001,
    96.81499999999997,
    98.32000000000002,
    96.312,
    98.82400000000001,
    97.82400000000001,
    97.324,
    95.809,
    96.31500000000001,
    96.80100000000002,
    97.309,
    97.82199999999999,
    96.81099999999999,
    96.318,
    98.314,
    97.311,
    97.31800000000001,
    93.81,
    96.815,
    96.314,
    98.316,
    94.816,
    96.82300000000001,
    96.324,
    97.312,
    98.318,
    94.816,
    96.312,
    96.819,
    96.317,
    97.316,
    95.32000000000001,
    93.82300000000001,
    95.31500000000001,
    95.815,
    97.81199999999998,
    95.308,
    96.31800000000001,
    95.809,
    95.31199999999998,
    97.30799999999999,
    96.81,
    98.82,
    96.321,
    96.82399999999998,
    95.32000000000001,
    97.31299999999999,
    96.30499999999999,
    97.809,
    98.816,
    97.30199999999999,
    98.821,
    94.31200000000001,
    94.313,
    97.316,
    96.31700000000001,
    93.813,
    97.322,
    96.32000000000002,
    96.324,
    98.32300000000001,
    95.79999999999998,
    96.31599999999999,
    96.31899999999999,
    94.311,
    96.804,
    98.811,
    97.32400000000001,
    95.81,
    97.819,
    96.314,
    95.819,
    96.29400000000001,
    98.31000000000002,
    96.82000000000001,
    96.32300000000001,
    98.31800000000001,
    95.814,
    95.81000000000003,
    98.32500000000002,
    96.81600000000002,
    95.82000000000001,
    93.81900000000002,
    97.303,
    96.81,
    98.31700000000002,
    97.81900000000002,
    96.81699999999998,
    97.81400000000001,
    97.81500000000003,
    95.309,
    95.812,
    96.301,
    97.81200000000001,
    96.314,
    96.813,
    95.821,
    97.81500000000001,
    96.82600000000001,
    96.818,
    96.317,
    95.821,
    96.319,
    97.81199999999998,
    96.816,
    97.81900000000002,
    97.30300000000001,
    97.316,
    98.80899999999998,
    98.315,
    98.814,
    97.312,
    95.31899999999999,
    96.32200000000002,
    98.305,
    94.82300000000001,
    97.82400000000001,
    95.31600000000002,
    97.32500000000002,
    94.311,
    97.82000000000001,
