{
  "complexity": 4,
  "alpha": 0.2,
  "gamma": 0.95,
  "epsilon": 0.2,
  "extra_passages": 11,
  "avg_rewards": [
    -247.8239999999983,
    18.35299999999999,
    41.36899999999992,
    45.43500000000002,
    58.013999999999974,
    59.35299999999994,
    80.561,
    83.16199999999998,
    68.35100000000001,
    85.26999999999997,
    82.20499999999998,
    84.34199999999998,
    82.28099999999998,
    84.967,
    85.88300000000001,
    80.38099999999999,
    90.50699999999999,
    85.43499999999999,
    88.07399999999998,
    89.563,
    93.07699999999998,
    86.043,
    89.56100000000002,
    90.57000000000001,
    92.148,
    89.654,
    90.701,
    93.73100000000001,
    90.603,
    93.16599999999998,
    93.685,
    86.69999999999999,
    93.203,
    93.225,
    93.203,
    91.242,
    94.734,
    90.76400000000001,
    95.749,
    96.239,
    94.732,
    93.777,
    97.263,
    91.773,
    95.79,
    97.28900000000002,
    92.771,
    93.249,
    95.29499999999999,
    97.799,
    96.78,
    92.804,
    97.80199999999999,
    96.28799999999998,
    94.302,
    95.313,
    97.816,
    93.824,
    95.813,
    95.31400000000001,
    95.828,
    96.80400000000002,
    96.32000000000001,
    95.314,
    95.81299999999999,
    96.32600000000001,
    97.311,
    94.333,
    96.82100000000001,
    93.79799999999997,
    94.821,
    94.303,
    95.31899999999999,
    95.29299999999998,
    95.79899999999998,
    95.322,
    95.81499999999998,
    96.33600000000001,
    97.32000000000001,
    96.33800000000001,
    96.313,
    95.31800000000001,
    93.32900000000001,
    95.30799999999999,
    95.80999999999999,
    95.83100000000002,
    95.31899999999999,
    93.816,
    94.82600000000001,
    96.82000000000001,
    96.31200000000001,
    92.314,
    94.81800000000001,
    96.311,
    96.30999999999999,
    96.31400000000001,
    93.82000000000001,
    96.82300000000001,
    94.309,
    90.303,
    96.819,
    94.826,
    94.80100000000002,
    97.316,
    95.81400000000001,
    97.31800000000001,
    96.31300000000002,
    96.812,
    94.821,
    95.331,
    94.31599999999999,
    96.32500000000002,
    97.315,
    95.826,
    92.31600000000002,
    95.82500000000002,
    95.824,
    98.32,
    92.81700000000001,
    95.29599999999999,
    96.32000000000002,
    94.813,
    98.81300000000002,
    94.8,
    95.309,
    95.82200000000002,
    92.31600000000002,
    96.81500000000001,
    95.31500000000001,
    96.329,
    97.81800000000001,
    94.814,
    96.322,
    93.81800000000001,
    96.824,
    92.3,
    93.322,
    95.327,
    95.316,
    95.32300000000001,
    95.819,
    94.82900000000002,
    94.31800000000001,
    96.31300000000002,
    94.80300000000003,
    96.814,
    95.301,
    95.81000000000002,
    93.28899999999999,
    97.328,
    94.287,
    93.308,
    94.804,
    96.305,
    93.32300000000001,
    92.80399999999997,
    95.826,
    96.328,
    97.32200000000002,
    96.329,
    97.31299999999999,
    93.317,
    91.80999999999999,
    96.82000000000002,
    94.313,
    94.31699999999998,
    93.81800000000001,
    97.81500000000003,
    93.31899999999999,
    91.31500000000001,
    96.302,
    95.815,
    97.828,
    94.819,
    94.317,
    94.801,
    95.316,
    96.81599999999999,
    94.319,
    96.83200000000002,
    96.816,
    96.816,
    94.31500000000001,
    92.812,
    97.31800000000001,
    94.31499999999998,
    94.297,
    96.32900000000001,
    94.32300000000001,
    96.312,
    96.30499999999999,
    96.811,
    96.31300000000002,
    97.304,
    96.83000000000001,
    94.315,
    94.80199999999999,
    96.32400000000001,
    95.82700000000001,
    96.32800000000002,
    94.808,
    93.83000000000001,
    95.31300000000002,
    95.82200000000002,
    98.31599999999999,
    97.307,
    94.809,
    95.316,
    96.82400000000001,
    96.80300000000001,
    96.29100000000001,
    93.807,
    95.82100000000003,
    96.819,
    97.311,
    98.80700000000002,
    95.32300000000001,
    96.325,
    95.804,
    91.816,
    95.819,
    96.819,
    97.318,
    98.30600000000001,
    94.83600000000001,
    94.309,
    95.32300000000001,
    97.32500000000002,
    97.326,
    95.31000000000002,
    96.31700000000001,
    97.32000000000002,
    96.334,
    96.821,
    94.306,
    96.816,
    94.8,
    95.81700000000001,
    94.82199999999997,
    92.82900000000001,
    95.82500000000002,
    97.303,
    95.811,
    97.31900000000002,
    98.31199999999998,
    96.33000000000001,
    94.32399999999998,
    96.82199999999999,
    97.80699999999999,
    95.30900000000001,
    93.83,
    95.304,
    94.301,
    94.31299999999999,
    96.30600000000001,
    94.32199999999999,
    96.828,
    97.29199999999999,
    97.312,
    96.81800000000001,
    94.83000000000001,
    95.81400000000001,
    97.819,
    94.799,
    94.82300000000001,
    94.31700000000001,
    97.30900000000001,
    94.31300000000002,
    96.82000000000002,
    97.822,
    96.33500000000001,
    94.804,
    95.807,
    94.822,
    96.32900000000001,
    95.82000000000001,
    92.824,
    95.82800000000002,
    92.82300000000001,
    96.32300000000001,
    95.326,
    96.81299999999999,
    97.80499999999999,
    98.306,
    94.328,
    96.826,
    96.314,
    93.82400000000001,
    97.809,
    95.816,
    97.299,
    92.328,
    96.31700000000001,
    94.806,
    96.31,
    96.81299999999999,
    97.81299999999999,
    97.30499999999999,
    96.32000000000001,
    96.304,
    96.32600000000001,
    93.319,
    95.821,
    95.32000000000001,
    93.31200000000001,
    96.321,
    95.816,
    94.821,
    94.29300000000002,
    96.81400000000001,
    95.81600000000002,
    97.82600000000001,
    92.311,
    94.31500000000001,
    91.79700000000001,
    93.293,
    98.32400000000003,
    92.32400000000001,
    96.319,
    93.81,
    96.82200000000002,
    94.293,
    96.29500000000002,
    95.82300000000001,
    95.30699999999999,
    96.30499999999999,
    97.31700000000001,
    96.31700000000002,
    94.306,
    97.31900000000002,
    96.81700000000001,
    96.32200000000003,
    97.321,
    96.808,
    93.79,
    95.31200000000003,
    93.31300000000002,
    93.80699999999999,
    91.80799999999999,
    97.31700000000001,
    95.31199999999998,
    94.80799999999999,
    96.822,
    95.313,
    92.31800000000001,
    94.82099999999998,
    92.31800000000003,
    94.80199999999999,
    96.814,
    93.799,
    94.81,
    95.31800000000001,
    96.804,
    94.81500000000001,
    92.797,
    95.809,
    94.33500000000001,
    95.324,
    97.31799999999998,
    92.80800000000002,
    94.812,
    94.81899999999999,
    91.308,
    92.82500000000002,
    93.31199999999998,
    95.31700000000001,
    96.80999999999999,
    91.82000000000001,
    97.33100000000002,
    95.811,
    96.81000000000002,
    96.30900000000001,
    96.81000000000002,
    97.816,
    97.325,
    98.31900000000002,
    96.82900000000001,
    96.80399999999999,
    96.32500000000002,
    97.31,
    95.30700000000002,
    94.81300000000002,
    92.29100000000001,
    97.319,
    93.302,
    95.309,
    93.321,
    96.32400000000001,
    94.32400000000001,
    93.823,
    96.307,
    93.81,
    95.32200000000002,
    95.314,
    94.318,
    93.314,
    98.307,
    94.799,
    95.83300000000001,
    92.83200000000002,
    95.32000000000002,
    96.31800000000001,
    97.321,
    96.31300000000002,
    94.321,
    95.313,
    96.80799999999999,
    93.81300000000002,
    97.32600000000001,
    94.32300000000002,
    96.82300000000001,
    93.816,
    93.826,
    95.82500000000002,
    95.81099999999998,
    96.31899999999999,
    96.306,
    94.82300000000002,
    93.321,
    96.809,
    93.81800000000001,
    96.286,
    94.315,
    94.32300000000001,
    94.801,
    95.31900000000002,
    95.79699999999998,
    96.81700000000001,
    95.303,
    96.3,
    95.32300000000001,
    94.31200000000001,
    95.31899999999999,
    96.82300000000001,
    95.829,
    89.802,
    97.33100000000002,
