{
  "complexity": 0,
  "alpha": 0.1,
  "gamma": 0.95,
  "epsilon": 0.3,
  "extra_passages": 15,
  "avg_rewards": [
    -279.6259999999981,
    12.128999999999937,
    54.45799999999997,
    65.28100000000002,
    17.420000000000073,
    46.289999999999836,
    64.853,
    48.81399999999998,
    67.905,
    52.38499999999998,
    67.388,
    68.112,
    77.77099999999997,
    74.567,
    82.96399999999998,
    64.01899999999995,
    77.90799999999999,
    79.34700000000001,
    76.72399999999999,
    71.82999999999996,
    82.054,
    85.00699999999999,
    85.023,
    83.925,
    86.513,
    79.46099999999998,
    84.59599999999999,
    88.61,
    89.03,
    81.517,
    82.03099999999999,
    85.02000000000001,
    75.52899999999997,
    86.10799999999999,
    92.63300000000001,
    85.989,
    82.54100000000001,
    91.14500000000001,
    85.643,
    89.663,
    85.13399999999999,
    90.134,
    89.09,
    88.66900000000001,
    91.143,
    86.654,
    92.22900000000001,
    89.14500000000001,
    87.155,
    80.62899999999999,
    90.67,
    89.24500000000002,
    91.204,
    88.70200000000001,
    92.72800000000002,
    88.707,
    87.744,
    86.18799999999999,
    92.739,
    86.21399999999998,
    88.279,
    89.185,
    92.7,
    93.25000000000001,
    91.225,
    92.752,
    89.206,
    92.237,
    90.257,
    91.75900000000001,
    93.76699999999998,
    91.273,
    91.746,
    89.752,
    93.73999999999998,
    89.71899999999998,
    90.765,
    87.758,
    88.766,
    89.72999999999999,
    94.303,
    89.772,
    89.771,
    89.779,
    90.73299999999999,
    91.27400000000002,
    89.27000000000001,
    88.777,
    94.78,
    90.27399999999999,
    91.77499999999999,
    90.27799999999999,
    93.286,
    86.78099999999999,
    93.28899999999999,
    90.78400000000002,
    89.29599999999999,
    90.768,
    92.81700000000001,
    93.807,
    90.296,
    89.79499999999999,
    89.31300000000002,
    92.777,
    93.80600000000001,
    92.304,
    88.28399999999999,
    88.784,
    92.805,
    92.31000000000002,
    93.31099999999999,
    91.79999999999998,
    90.79400000000001,
    89.307,
    92.30900000000001,
    93.803,
    94.796,
    90.80299999999998,
    91.80999999999999,
    92.79800000000002,
    93.81700000000001,
    92.806,
    89.799,
    90.80999999999999,
    94.303,
    88.30600000000001,
    94.284,
    91.80099999999999,
    90.28299999999999,
    93.789,
    93.80300000000001,
    91.80499999999999,
    92.292,
    89.315,
    86.80199999999999,
    91.78900000000002,
    91.30500000000002,
    91.75800000000001,
    93.298,
    92.75800000000001,
    89.774,
    92.27,
    88.80199999999999,
    88.78,
    93.311,
    95.32000000000001,
    91.8,
    91.755,
    89.795,
    89.27799999999999,
    91.27900000000001,
    89.773,
    91.29599999999998,
    92.323,
    90.797,
    92.788,
    91.30300000000001,
    94.30300000000003,
    92.803,
    89.299,
    91.79799999999997,
    90.793,
    91.80199999999999,
    91.79600000000002,
    88.78400000000002,
    91.287,
    90.29499999999999,
    91.809,
    91.777,
    93.293,
    93.29799999999997,
    89.28299999999999,
    95.31400000000001,
    93.273,
    90.79199999999999,
    92.28200000000001,
    89.30099999999997,
    91.80400000000002,
    94.28099999999999,
    90.30199999999999,
    88.26700000000001,
    94.303,
    90.30799999999999,
    93.299,
    89.30199999999999,
    91.781,
    91.3,
    88.774,
    92.28400000000002,
    93.80699999999999,
    91.26999999999998,
    92.8,
    88.79100000000001,
    89.299,
    94.296,
    88.798,
    94.796,
    91.295,
    92.30299999999998,
    91.788,
    91.80100000000002,
    88.80600000000001,
    94.291,
    90.29799999999999,
    92.77599999999998,
    91.28999999999999,
    95.821,
    94.30699999999999,
    93.31200000000003,
    88.297,
    92.79800000000002,
    91.29400000000001,
    91.30600000000001,
    89.796,
    92.80799999999999,
    88.30300000000003,
    91.288,
    95.795,
    92.804,
    92.28200000000001,
    91.806,
    92.29800000000002,
    89.28000000000002,
    95.303,
    88.282,
    89.289,
    93.285,
    95.307,
    94.81700000000001,
    93.29899999999999,
    91.29299999999999,
    86.276,
    92.775,
    95.30999999999999,
    92.28399999999999,
    88.292,
    89.776,
    92.785,
    94.31400000000001,
    96.252,
    92.81899999999999,
    89.297,
    91.775,
    90.797,
    88.801,
    92.297,
    86.284,
    88.797,
    93.80600000000001,
    90.803,
    89.77799999999999,
    89.27000000000001,
    93.296,
    93.309,
    93.79599999999999,
    93.803,
    92.797,
    92.79499999999999,
    94.798,
    92.80700000000002,
    93.30199999999999,
    93.797,
    93.30699999999999,
    92.295,
    90.288,
    93.3,
    89.279,
    90.79599999999998,
    93.811,
    87.25899999999999,
    93.277,
    95.81300000000002,
    92.311,
    91.28200000000001,
    91.30699999999999,
    92.783,
    90.298,
    93.795,
    92.787,
    91.29299999999999,
    94.80799999999999,
    94.787,
    92.29499999999999,
    95.29599999999999,
    96.798,
    93.77099999999999,
    92.785,
    94.304,
    92.79800000000002,
    88.26399999999998,
    93.309,
    92.28999999999999,
    95.76199999999999,
    84.79499999999999,
    94.792,
    90.804,
    91.78399999999999,
    86.29399999999998,
    89.29800000000002,
    88.28100000000002,
    94.29400000000001,
    96.307,
    91.809,
    91.78899999999999,
    92.28,
    92.80999999999999,
    91.297,
    89.79599999999999,
    86.802,
    91.76400000000001,
    89.28799999999998,
    93.795,
    92.28100000000002,
    90.79599999999999,
    88.795,
    95.79599999999998,
    94.271,
    94.28999999999999,
    90.80199999999999,
    92.27599999999998,
    94.292,
    90.28300000000002,
    90.78799999999998,
    89.275,
    87.29999999999998,
    91.28,
    90.799,
    93.246,
    92.79299999999999,
    88.28,
    85.761,
    90.797,
    93.29899999999998,
    87.76699999999998,
    91.799,
    91.30399999999999,
    85.279,
    95.80199999999999,
    94.273,
    87.29,
    88.289,
    90.811,
    88.786,
    90.791,
    91.289,
    90.29400000000001,
    92.81199999999998,
    92.799,
    91.77600000000001,
    95.795,
    93.29700000000001,
    94.30799999999999,
    92.768,
    86.28999999999999,
    90.80199999999999,
    89.26599999999999,
    91.80399999999997,
    92.28,
    93.293,
    89.784,
    91.29,
    93.29700000000001,
    91.784,
    93.797,
    93.306,
    89.81099999999999,
    89.79100000000001,
    92.785,
    92.78600000000002,
    89.279,
    90.781,
    92.284,
    92.795,
    89.75599999999999,
    89.795,
    91.799,
    92.27200000000002,
    95.294,
    90.27200000000002,
    90.29,
    88.30900000000001,
    91.776,
    91.28999999999999,
    95.27799999999999,
    93.283,
    89.80600000000001,
    89.28999999999999,
    93.80100000000002,
    91.78500000000001,
    92.797,
    88.279,
    89.319,
    94.30199999999999,
    91.79099999999998,
    89.26200000000001,
    89.301,
    97.30199999999999,
    91.78999999999999,
    91.30699999999999,
    93.294,
    88.79099999999998,
    96.29100000000001,
    94.28600000000002,
    97.26499999999999,
    90.792,
    92.803,
    89.811,
    93.79299999999999,
    94.799,
    92.796,
    92.301,
    91.279,
    93.801,
    84.79299999999998,
    90.297,
    92.292,
    90.80600000000001,
    95.304,
    90.295,
    93.80399999999999,
    94.27699999999999,
    88.288,
    92.31300000000002,
    89.779,
    92.28500000000001,
    94.799,
    94.785,
    92.29899999999999,
    93.79700000000001,
    93.301,
    91.30000000000001,
    92.78799999999998,
    93.287,
    94.31500000000001,
    88.79499999999999,
    91.78999999999999,
    85.25,
    93.78999999999999,
    86.79800000000002,
    91.774,
    90.28899999999999,
    92.792,
    92.31099999999999,
    94.29499999999999,
    89.293,
    90.298,
    91.28299999999999,
    91.782,
    90.283,
    90.8,
