{
  "complexity": 3,
  "alpha": 0.1,
  "gamma": 0.85,
  "epsilon": 0.3,
  "extra_passages": 12,
  "avg_rewards": [
    -299.0689999999977,
    -12.782000000000043,
    19.94100000000026,
    24.96199999999984,
    21.586999999999666,
    26.800999999999885,
    43.40199999999991,
    42.699999999999854,
    49.01999999999996,
    60.997,
    63.65699999999994,
    69.03599999999999,
    72.549,
    60.50900000000003,
    81.29499999999999,
    70.27000000000002,
    50.46100000000005,
    73.41800000000002,
    73.276,
    77.86599999999999,
    79.441,
    82.49099999999999,
    80.861,
    84.393,
    84.55899999999998,
    82.00399999999999,
    81.93,
    78.373,
    84.125,
    93.157,
    80.494,
    79.56700000000001,
    79.981,
    94.073,
    84.56099999999999,
    86.626,
    86.59,
    88.14200000000001,
    92.645,
    90.62,
    88.652,
    90.599,
    87.684,
    90.62899999999999,
    88.138,
    87.708,
    87.179,
    83.20900000000002,
    86.213,
    95.193,
    84.656,
    87.16099999999999,
    90.68999999999998,
    88.21300000000001,
    91.699,
    90.185,
    92.203,
    88.22200000000001,
    90.26299999999999,
    92.219,
    89.68599999999999,
    90.208,
    90.27,
    91.75800000000001,
    90.25,
    88.725,
    89.256,
    90.24300000000001,
    91.75,
    90.73599999999999,
    93.24600000000001,
    92.27300000000001,
    87.263,
    96.26500000000001,
    86.27900000000001,
    93.28299999999999,
    90.242,
    89.252,
    88.723,
    92.26299999999999,
    85.274,
    93.798,
    89.779,
    89.777,
    93.80499999999998,
    92.787,
    91.287,
    93.272,
    89.781,
    90.26600000000002,
    90.787,
    90.782,
    95.29499999999999,
    91.77099999999999,
    90.271,
    90.287,
    89.28200000000001,
    92.269,
    89.28999999999999,
    93.772,
    89.795,
    90.28599999999999,
    90.30700000000002,
    90.28299999999999,
    93.80900000000001,
    93.292,
    90.29499999999999,
    91.75300000000001,
    92.30799999999999,
    91.321,
    88.796,
    92.30199999999999,
    86.29299999999999,
    91.31500000000001,
    94.79099999999998,
    91.79,
    87.779,
    90.795,
    92.28999999999999,
    89.28200000000001,
    90.28899999999999,
    92.804,
    89.80500000000002,
    86.78399999999999,
    92.292,
    93.80199999999999,
    89.79500000000002,
    93.292,
    90.28899999999999,
    91.78500000000001,
    89.808,
    93.77,
    93.30399999999999,
    92.80300000000001,
    92.78700000000002,
    88.3,
    91.79199999999999,
    91.78600000000002,
    93.3,
    93.291,
    89.78700000000002,
    94.268,
    91.80199999999999,
    85.776,
    92.3,
    88.283,
    91.78599999999999,
    93.785,
    90.79799999999997,
    90.28900000000002,
    89.269,
    91.79400000000001,
    91.29999999999998,
    92.803,
    91.815,
    85.775,
    91.8,
    91.30700000000002,
    90.311,
    89.772,
    94.29599999999998,
    92.28699999999999,
    92.285,
    91.28600000000002,
    90.81099999999999,
    89.28,
    94.30300000000001,
    92.30000000000001,
    93.82300000000002,
    94.79700000000001,
    91.283,
    92.299,
    95.305,
    90.30099999999999,
    91.31,
    92.254,
    90.797,
    92.80300000000001,
    92.29599999999999,
    89.304,
    94.80199999999999,
    90.31299999999999,
    93.303,
    90.794,
    90.826,
    95.304,
    89.79500000000002,
    94.311,
    91.28200000000001,
    93.78799999999998,
    90.297,
    95.292,
    89.80199999999999,
    90.802,
    91.28699999999999,
    92.307,
    85.25800000000001,
    94.295,
    92.30400000000002,
    91.29899999999999,
    93.299,
    91.804,
    87.78099999999999,
    93.287,
    88.282,
    89.77099999999999,
    90.776,
    89.798,
    94.78999999999999,
    89.792,
    86.76700000000001,
    89.791,
    93.287,
    89.77600000000001,
    90.28799999999998,
    91.785,
    91.804,
    88.307,
    90.31800000000001,
    87.773,
    93.303,
    89.31000000000002,
    93.29399999999998,
    91.80300000000003,
    90.79200000000002,
    90.28400000000002,
    88.804,
    93.303,
    89.79400000000001,
    92.79599999999999,
    91.284,
    89.30599999999998,
    90.28799999999998,
    92.794,
    89.795,
    92.28399999999999,
    89.305,
    91.28999999999999,
    92.28600000000002,
    84.27799999999999,
    92.80000000000001,
    91.78099999999999,
    91.3,
    90.793,
    94.30600000000001,
    91.77799999999999,
    93.77099999999999,
    86.818,
    93.814,
    88.811,
    94.298,
    87.79899999999998,
    90.314,
    90.30699999999999,
    92.785,
    90.81099999999999,
    93.29400000000001,
    90.768,
    90.78500000000001,
    90.30699999999999,
    90.799,
    91.292,
    90.275,
    93.773,
    90.80100000000002,
    90.815,
    94.303,
    92.276,
    91.77799999999999,
    89.80999999999999,
    89.28799999999998,
    95.80099999999999,
    94.79299999999998,
    91.30499999999999,
    94.795,
    92.273,
    91.78299999999999,
    89.775,
    91.313,
    88.78200000000001,
    93.27400000000002,
    87.78199999999998,
    88.287,
    87.769,
    86.299,
    90.81800000000001,
    94.807,
    96.29800000000002,
    89.796,
    90.796,
    90.786,
    94.311,
    87.31099999999999,
    86.795,
    90.77799999999999,
    91.274,
    89.784,
    90.286,
    93.31500000000003,
    93.317,
    91.797,
    87.28600000000002,
    92.31400000000001,
    90.792,
    91.78900000000002,
    91.29800000000002,
    93.299,
    92.29100000000003,
    90.80399999999997,
    93.306,
    91.804,
    92.796,
    89.284,
    90.279,
    90.801,
    92.81700000000001,
    94.295,
    90.298,
    95.305,
    95.803,
    92.776,
    93.293,
    92.798,
    92.292,
    93.792,
    93.3,
    89.296,
    91.776,
    92.27099999999999,
    92.776,
    91.29600000000002,
    91.79299999999998,
    90.30499999999999,
    92.26699999999998,
    93.795,
    90.274,
    88.793,
    92.29300000000002,
    93.273,
    91.79899999999998,
    91.80300000000001,
    90.81299999999999,
    93.78300000000002,
    89.78999999999999,
    91.78900000000002,
    91.28,
    92.28599999999999,
    94.79799999999997,
    92.28,
    93.792,
    93.825,
    90.784,
    96.29299999999999,
    92.803,
    90.804,
    88.78599999999999,
    91.784,
    87.28699999999999,
    91.29800000000002,
    91.28699999999999,
    88.327,
    91.30499999999999,
    94.29299999999999,
    92.80300000000003,
    93.31400000000001,
    90.79299999999999,
    90.28800000000001,
    93.324,
    88.292,
    92.3,
    89.79099999999998,
    90.281,
    86.27600000000001,
    90.284,
    88.76599999999999,
    89.78900000000002,
    90.29400000000001,
    93.81700000000001,
    93.292,
    94.779,
    90.815,
    91.275,
    95.297,
    93.28899999999999,
    91.78999999999999,
    89.292,
    92.787,
    92.79299999999999,
    89.245,
    91.79399999999998,
    93.78200000000001,
    90.298,
    90.28399999999999,
    89.282,
    91.28900000000002,
    93.27599999999998,
    92.79399999999998,
    87.792,
    91.31699999999998,
    87.79599999999998,
    89.803,
    96.303,
    92.815,
    91.792,
    93.28300000000002,
    92.797,
    92.78800000000001,
    93.305,
    90.288,
    92.79400000000001,
    90.78,
    90.76899999999999,
    88.27000000000001,
    91.304,
    93.311,
    93.31699999999998,
    89.304,
    93.29700000000001,
    88.80199999999999,
    90.803,
    93.79899999999999,
    92.81199999999998,
    88.276,
    96.30100000000002,
    90.80800000000002,
    90.78399999999999,
    93.77099999999999,
    91.807,
    89.799,
    94.296,
    90.792,
    91.789,
    89.28200000000001,
    93.795,
    88.78799999999998,
    90.31800000000001,
    91.79299999999998,
    94.783,
    92.299,
    90.29399999999998,
    88.28300000000002,
    91.31,
    89.297,
    90.29800000000002,
    92.28,
    91.269,
    88.75899999999999,
    90.81500000000001,
    92.311,
    95.304,
    93.80699999999999,
    88.29099999999998,
    89.80099999999997,
    92.30100000000002,
