{
  "complexity": 10,
  "alpha": 0.2,
  "gamma": 0.85,
  "epsilon": 0.1,
  "extra_passages": 5,
  "avg_rewards": [
    -215.70199999999872,
    10.320999999999604,
    41.50499999999997,
    65.1269999999999,
    78.09399999999998,
    79.82899999999998,
    82.10299999999994,
    90.14500000000001,
    85.923,
    83.15899999999999,
    90.787,
    89.30499999999998,
    90.89399999999998,
    91.86299999999999,
    90.32499999999999,
    88.31699999999998,
    94.58900000000001,
    93.076,
    92.57699999999998,
    91.474,
    94.16999999999999,
    96.64499999999998,
    93.169,
    94.23800000000001,
    96.14200000000001,
    94.667,
    96.214,
    96.202,
    95.801,
    98.256,
    96.76700000000001,
    95.72200000000001,
    98.287,
    95.28400000000002,
    96.81000000000002,
    95.798,
    97.26200000000001,
    95.287,
    97.312,
    95.78500000000001,
    97.788,
    96.825,
    94.793,
    96.82300000000001,
    96.82000000000002,
    98.82300000000001,
    96.34,
    97.33900000000001,
    96.33300000000001,
    97.83400000000002,
    98.256,
    98.329,
    97.82900000000002,
    97.333,
    95.811,
    98.84000000000002,
    95.83400000000002,
    97.831,
    97.333,
    97.84300000000002,
    96.333,
    97.83900000000001,
    96.834,
    97.34100000000002,
    94.84400000000002,
    96.83700000000002,
    97.32500000000002,
    98.811,
    97.83000000000001,
    98.34200000000001,
    96.33200000000001,
    98.33,
    96.28500000000001,
    98.33900000000001,
    97.337,
    97.82300000000001,
    95.83500000000001,
    96.32300000000001,
    99.33500000000001,
    96.83400000000002,
    98.84100000000002,
    99.34000000000002,
    97.837,
    97.34,
    96.84,
    95.33500000000001,
    98.33500000000001,
    94.832,
    96.83500000000001,
    96.33900000000001,
    97.343,
    97.34000000000002,
    97.83599999999998,
    98.826,
    97.83600000000001,
    96.84,
    96.83500000000001,
    97.83400000000002,
    97.84300000000002,
    95.83300000000001,
    98.83600000000001,
    97.84,
    97.34100000000001,
    97.836,
    98.83500000000001,
    97.333,
    96.32900000000001,
    98.333,
    98.33900000000003,
    98.83500000000001,
    98.33700000000002,
    96.317,
    96.836,
    97.82500000000002,
    97.838,
    97.32300000000001,
    97.82900000000001,
    98.33100000000002,
    97.83099999999999,
    94.84400000000001,
    98.33700000000002,
    96.83900000000001,
    97.84600000000002,
    97.334,
    96.838,
    97.83900000000001,
    96.827,
    96.85000000000001,
    97.33700000000002,
    95.33600000000001,
    96.82800000000002,
    96.34200000000001,
    97.84100000000001,
    98.84000000000002,
    97.84100000000002,
    97.331,
    96.33200000000002,
    94.83000000000001,
    97.834,
    96.826,
    97.33300000000001,
    96.83000000000001,
    98.337,
    98.333,
    96.83900000000003,
    96.336,
    98.34200000000001,
    98.33800000000001,
    97.33100000000002,
    95.836,
    98.834,
    97.84400000000002,
    97.83700000000002,
    96.33099999999999,
    97.83800000000001,
    98.83900000000001,
    94.33200000000001,
    97.84,
    98.33699999999999,
    98.325,
    96.838,
    98.33699999999999,
    97.83500000000001,
    96.33700000000002,
    93.837,
    96.84,
    98.32300000000002,
    95.33099999999999,
    96.83900000000003,
    98.84100000000001,
    97.33700000000002,
    97.84200000000001,
    99.33800000000002,
    97.84300000000002,
    95.83900000000001,
    99.34100000000001,
    97.34200000000001,
    98.33900000000003,
    98.336,
    96.84600000000002,
    98.83400000000002,
    97.84300000000002,
    97.83500000000001,
    96.82299999999998,
    98.33500000000001,
    95.83200000000002,
    98.34200000000001,
    95.326,
    98.83400000000002,
    97.84100000000001,
    95.84100000000001,
    96.84200000000001,
    97.84100000000001,
    96.83800000000002,
    98.34600000000002,
    98.333,
    97.82600000000001,
    98.30199999999999,
    94.33100000000002,
    96.83000000000001,
    95.33600000000001,
    98.34100000000001,
    94.836,
    99.33800000000001,
    96.83200000000001,
    98.34200000000001,
    98.333,
    95.82400000000001,
    97.83700000000002,
    97.831,
    96.34200000000001,
    98.336,
    97.83800000000001,
    98.83300000000001,
    97.33900000000001,
    97.33200000000002,
    98.34,
    98.34,
    97.33400000000002,
    95.834,
    96.83200000000001,
    96.33700000000002,
    97.336,
    96.82900000000002,
    98.83200000000002,
    97.34400000000002,
    99.839,
    97.32700000000001,
    97.83200000000002,
    97.836,
    97.34100000000001,
    97.33700000000002,
    95.83000000000001,
    96.83800000000002,
    94.82300000000001,
    98.84600000000002,
    95.82900000000001,
    96.83500000000001,
    95.83100000000002,
    98.83900000000001,
    96.837,
    97.833,
    98.833,
    97.33600000000003,
    98.83900000000001,
    96.30000000000001,
    99.33600000000001,
    98.34400000000001,
    97.83800000000001,
    96.33700000000002,
    98.33600000000001,
    99.82399999999998,
    93.83700000000002,
    96.34700000000001,
    96.83800000000001,
    98.824,
    97.83300000000001,
    96.32900000000002,
    97.83200000000001,
    98.338,
    97.34,
    93.82900000000001,
    97.83300000000001,
    98.32300000000002,
    99.33500000000001,
    96.33700000000002,
    97.33600000000003,
    97.84200000000001,
    98.33500000000001,
    98.34100000000002,
    97.83800000000001,
    98.828,
    98.33800000000001,
    97.83700000000002,
    96.833,
    97.83900000000001,
    96.836,
    97.83300000000001,
    97.324,
    97.33500000000001,
    97.83900000000001,
    97.84100000000001,
    96.83700000000002,
    98.33800000000002,
    98.329,
    97.33600000000001,
    96.33100000000002,
    98.83099999999999,
    97.327,
    96.34700000000001,
    96.84200000000001,
    96.33900000000001,
    97.83100000000002,
    97.33200000000002,
    97.33600000000001,
    97.34,
    97.84000000000002,
    95.83600000000001,
    98.33800000000002,
    96.845,
    97.83200000000002,
    95.845,
    96.83900000000003,
    96.33,
    97.82900000000004,
    97.333,
    96.83200000000001,
    98.33000000000001,
    98.34,
    98.83099999999999,
    97.83000000000001,
    96.82700000000001,
    95.83900000000003,
    95.83700000000002,
    97.33900000000001,
    97.83700000000002,
    97.84700000000001,
    97.32900000000001,
    97.34200000000001,
    93.84000000000002,
    96.336,
    97.84400000000002,
    96.837,
    96.84,
    98.831,
    96.33500000000001,
    98.338,
    98.83900000000001,
    97.315,
    98.33300000000001,
    98.838,
    95.33900000000001,
    95.33500000000001,
    98.833,
    97.33600000000001,
    93.33500000000001,
    96.33900000000001,
    96.33500000000001,
    97.332,
    97.84000000000002,
    97.35000000000001,
    98.82500000000002,
    96.34300000000002,
    97.329,
    97.83200000000002,
    97.83,
    98.83800000000001,
    96.846,
    97.34000000000002,
    97.333,
    96.84,
    96.83500000000001,
    98.83700000000002,
    96.831,
    97.33400000000002,
    96.83700000000002,
    97.34100000000001,
    97.33900000000001,
    96.32900000000002,
    97.33399999999999,
    96.83900000000001,
    98.332,
    99.34,
    97.33600000000001,
    97.32300000000001,
    98.84200000000001,
    98.33400000000002,
    97.338,
    98.83000000000001,
    96.32900000000001,
    97.84100000000001,
    98.33900000000001,
    98.32900000000001,
    98.331,
    97.838,
    97.327,
    98.837,
    95.83800000000002,
    97.333,
    98.337,
    99.33600000000001,
    98.34500000000001,
    97.82400000000001,
    96.324,
    96.839,
    96.83500000000001,
    96.83600000000001,
    97.83800000000001,
    97.83900000000001,
    98.34100000000001,
    98.33199999999998,
    95.83600000000001,
    97.83600000000001,
    97.333,
    95.82700000000001,
    97.33400000000002,
    96.33800000000001,
    97.83600000000001,
    96.827,
