{
  "complexity": 7,
  "alpha": 0.1,
  "gamma": 0.85,
  "epsilon": 0.1,
  "extra_passages": 8,
  "avg_rewards": [
    -228.0149999999985,
    8.53899999999955,
    48.660999999999845,
    46.89999999999992,
    72.34899999999996,
    68.78799999999994,
    73.94999999999996,
    85.052,
    77.886,
    75.05599999999998,
    84.77999999999999,
    79.81299999999995,
    84.74999999999997,
    83.12500000000001,
    84.93999999999998,
    85.45399999999998,
    92.38099999999999,
    91.126,
    86.15599999999999,
    87.3,
    90.25499999999998,
    91.353,
    95.853,
    91.49,
    92.36,
    93.885,
    92.43499999999999,
    94.08700000000002,
    92.498,
    93.336,
    95.083,
    95.102,
    94.5,
    93.57000000000001,
    92.96099999999998,
    94.68500000000002,
    95.58200000000001,
    97.16900000000001,
    96.616,
    92.49600000000001,
    94.184,
    93.10999999999999,
    95.188,
    94.212,
    94.66000000000001,
    96.22999999999999,
    97.16099999999999,
    95.237,
    93.74000000000001,
    96.16299999999998,
    98.249,
    96.148,
    95.25400000000002,
    97.755,
    97.761,
    95.20700000000002,
    94.256,
    98.26700000000001,
    96.28000000000002,
    96.252,
    95.278,
    99.30099999999999,
    96.78600000000002,
    96.313,
    96.792,
    98.82200000000002,
    97.27400000000002,
    98.792,
    97.299,
    97.80199999999999,
    97.80000000000001,
    96.82300000000001,
    98.824,
    95.826,
    98.32000000000001,
    97.809,
    96.825,
    97.333,
    97.81800000000001,
    98.33099999999999,
    97.343,
    97.83500000000001,
    98.33000000000001,
    95.83000000000001,
    97.33100000000002,
    97.32700000000001,
    97.333,
    96.845,
    98.83600000000001,
    98.83600000000001,
    97.34500000000001,
    95.841,
    97.84,
    96.83400000000002,
    98.33600000000001,
    96.336,
    99.83900000000001,
    96.331,
    97.84100000000001,
    96.31799999999998,
    96.84400000000002,
    97.83800000000001,
    97.83900000000001,
    97.83000000000001,
    95.83500000000001,
    97.33900000000003,
    97.82900000000001,
    98.33900000000003,
    96.84000000000002,
    98.331,
    98.344,
    97.81900000000002,
    96.83900000000001,
    96.84100000000002,
    95.836,
    97.83200000000001,
    95.82200000000002,
    98.321,
    98.333,
    96.322,
    98.83800000000001,
    96.83699999999999,
    95.33800000000001,
    97.33700000000002,
    97.82499999999999,
    97.83700000000002,
    97.828,
    95.82900000000001,
    95.83800000000001,
    97.83500000000001,
    97.334,
    97.32500000000002,
    97.83400000000002,
    96.325,
    96.83700000000002,
    97.837,
    97.33900000000001,
    96.32300000000001,
    99.34,
    96.34200000000001,
    96.831,
    96.834,
    98.84500000000001,
    97.32900000000001,
    98.831,
    98.34100000000002,
    96.83600000000001,
    96.32900000000001,
    97.34100000000002,
    98.34,
    99.84400000000002,
    96.333,
    99.33200000000002,
    97.82900000000001,
    96.33000000000001,
    97.34500000000001,
    99.33300000000001,
    96.83600000000001,
    98.82900000000001,
    97.84200000000001,
    97.84100000000002,
    98.32900000000002,
    97.33500000000001,
    98.83500000000001,
    97.835,
    95.83200000000002,
    98.34000000000002,
    96.84100000000001,
    95.831,
    96.83800000000001,
    96.33,
    98.324,
    97.84,
    97.83200000000001,
    97.331,
    98.84100000000002,
    98.33800000000001,
    97.83500000000001,
    94.84,
    97.832,
    95.84,
    96.83100000000002,
    97.82100000000001,
    98.34300000000002,
    95.84000000000002,
    97.338,
    98.83500000000001,
    98.34000000000002,
    98.84400000000002,
    99.33600000000003,
    98.34800000000001,
    97.336,
    97.34700000000001,
    97.83700000000002,
    97.84100000000001,
    97.33900000000001,
    98.338,
    97.33200000000002,
    97.328,
    98.84100000000001,
    98.83000000000001,
    98.34100000000001,
    97.33600000000001,
    95.33800000000001,
    98.33900000000001,
    94.311,
    97.836,
    96.83600000000001,
    96.34400000000002,
    97.841,
    99.333,
    96.834,
    96.83800000000001,
    95.83700000000002,
    96.83800000000001,
    97.83900000000001,
    99.31500000000001,
    98.84700000000001,
    96.84100000000002,
    95.843,
    98.33700000000002,
    96.83500000000001,
    99.33200000000002,
    97.33500000000001,
    95.33800000000001,
    97.33100000000002,
    96.34,
    98.837,
    96.34100000000001,
    96.83500000000001,
    96.836,
    99.33700000000002,
    99.33600000000001,
    94.33100000000002,
    97.82700000000001,
    94.84100000000001,
    96.33900000000001,
    97.83200000000001,
    98.83800000000001,
    95.83600000000001,
    94.83400000000002,
    98.34400000000001,
    97.82500000000002,
    97.84,
    96.84000000000002,
    98.34200000000001,
    98.837,
    98.83599999999998,
    96.836,
    95.83399999999999,
    98.84400000000001,
    98.84,
    95.83400000000002,
    95.83400000000002,
    94.833,
    97.83099999999999,
    97.33600000000001,
    98.32200000000002,
    97.834,
    97.338,
    96.83800000000001,
    98.337,
    98.33900000000001,
    97.34100000000001,
    98.33000000000001,
    97.84200000000001,
    97.326,
    98.331,
    98.83500000000001,
    97.836,
    95.33200000000001,
    99.33300000000001,
    96.33500000000001,
    97.33900000000001,
    96.83900000000003,
    98.84300000000002,
    97.333,
    97.338,
    95.83800000000002,
    98.33300000000001,
    96.83900000000003,
    95.831,
    98.834,
    97.33700000000002,
    97.82600000000001,
    99.34400000000001,
    98.82600000000002,
    98.32600000000001,
    99.33800000000001,
    97.33100000000002,
    98.84200000000001,
    96.83400000000002,
    98.33600000000001,
    95.33700000000002,
    97.33800000000001,
    97.843,
    96.838,
    98.33399999999999,
    95.82399999999998,
    99.338,
    97.33900000000003,
    95.83000000000001,
    97.837,
    98.84,
    97.831,
    97.828,
    97.843,
    97.82900000000001,
    99.827,
    98.83100000000002,
    96.83000000000001,
    98.33300000000001,
    94.84400000000001,
    97.33800000000001,
    97.84300000000002,
    98.34100000000001,
    98.83000000000001,
    98.32900000000001,
    98.336,
    96.838,
    97.83800000000001,
    97.33900000000001,
    97.84300000000002,
    95.82900000000001,
    93.33300000000001,
    96.33600000000003,
    97.829,
    95.843,
    96.33700000000002,
    96.34200000000001,
    98.334,
    96.33000000000001,
    97.84200000000001,
    97.33500000000001,
    97.84600000000002,
    98.83400000000002,
    98.831,
    98.32400000000001,
    98.83600000000001,
    97.83800000000001,
    98.336,
    97.82300000000001,
    98.33500000000001,
    97.836,
    98.34,
    96.83900000000003,
    97.829,
    96.82900000000001,
    96.83700000000002,
    98.83700000000002,
    97.83699999999999,
    97.82900000000001,
    95.34100000000002,
    98.33300000000001,
    98.84300000000002,
    97.83900000000003,
    98.83900000000001,
    97.33900000000001,
    98.33500000000001,
    97.83700000000002,
    98.33200000000001,
    96.34200000000001,
    95.83700000000002,
    97.83400000000002,
    97.34100000000001,
    97.324,
    95.82700000000001,
    95.80700000000002,
    98.83600000000001,
    97.34,
    99.33800000000002,
    97.832,
    97.84400000000001,
    95.83800000000001,
    97.33100000000002,
    97.32700000000001,
    96.84100000000002,
    97.82500000000002,
    98.32900000000001,
    98.33099999999999,
    97.33000000000001,
    96.32899999999998,
    96.831,
    98.33700000000002,
    96.33600000000001,
    96.83400000000002,
    96.83300000000001,
    98.336,
    96.33200000000002,
    98.33200000000001,
    96.84100000000001,
    97.33700000000002,
    97.32600000000001,
    97.328,
    95.833,
    96.33300000000001,
    96.33500000000001,
    98.33699999999999,
    97.83500000000001,
    97.83600000000001,
    95.84100000000001,
