{
  "complexity": 12,
  "alpha": 0.1,
  "gamma": 0.85,
  "epsilon": 0.1,
  "extra_passages": 3,
  "avg_rewards": [
    -240.08999999999847,
    -19.52600000000058,
    20.296999999999827,
    58.87399999999995,
    45.768999999999735,
    60.110999999999954,
    69.01500000000001,
    67.67699999999994,
    74.75999999999998,
    75.84199999999996,
    75.90199999999999,
    79.768,
    76.99600000000001,
    74.71999999999998,
    88.954,
    87.96799999999999,
    77.741,
    88.48899999999998,
    85.05399999999997,
    82.67,
    84.01700000000002,
    87.08999999999999,
    85.11499999999998,
    85.58100000000002,
    95.31099999999999,
    86.77,
    90.33900000000001,
    86.81299999999999,
    89.30399999999999,
    90.40100000000002,
    89.80699999999999,
    87.317,
    93.48400000000001,
    85.81500000000003,
    93.55999999999999,
    88.42499999999998,
    95.054,
    94.38499999999999,
    91.96799999999999,
    91.479,
    90.00399999999999,
    95.623,
    94.59200000000001,
    93.01299999999999,
    93.56,
    95.04299999999999,
    94.622,
    92.542,
    95.721,
    98.077,
    89.061,
    94.60099999999998,
    91.59799999999998,
    97.204,
    93.639,
    95.17200000000001,
    95.221,
    97.18700000000001,
    92.103,
    93.606,
    95.59,
    94.739,
    95.743,
    95.141,
    95.798,
    96.225,
    96.24000000000001,
    95.794,
    96.666,
    95.73300000000002,
    96.281,
    96.805,
    98.253,
    94.75200000000001,
    96.81700000000002,
    97.30199999999999,
    94.678,
    96.811,
    94.70400000000001,
    97.31300000000002,
    97.81800000000001,
    94.81000000000002,
    96.307,
    96.301,
    95.28600000000003,
    99.31199999999998,
    97.312,
    93.761,
    94.80900000000001,
    98.808,
    98.311,
    96.75,
    94.785,
    97.82300000000001,
    96.30600000000001,
    95.81700000000002,
    98.29,
    93.81500000000001,
    97.32700000000001,
    93.79100000000001,
    97.82300000000001,
    97.309,
    97.32100000000003,
    97.32100000000001,
    95.82600000000002,
    97.80300000000001,
    96.819,
    97.319,
    94.771,
    94.81,
    96.80000000000001,
    97.819,
    94.81700000000001,
    95.328,
    97.321,
    98.32000000000001,
    96.81099999999999,
    96.81800000000001,
    97.32000000000002,
    98.827,
    95.32600000000001,
    97.821,
    97.325,
    99.32600000000002,
    97.325,
    96.81500000000001,
    99.316,
    97.81700000000001,
    95.814,
    97.83100000000002,
    97.31199999999998,
    97.82400000000001,
    97.82000000000001,
    95.81800000000001,
    96.82300000000001,
    96.81999999999998,
    98.316,
    95.80799999999999,
    97.81700000000001,
    96.32300000000001,
    95.325,
    96.32400000000001,
    95.828,
    97.30699999999999,
    94.82200000000002,
    94.816,
    96.821,
    95.32,
    99.325,
    94.787,
    95.816,
    97.81300000000002,
    95.81800000000001,
    97.322,
    97.81700000000001,
    97.822,
    97.31400000000001,
    96.81800000000001,
    96.81600000000002,
    98.316,
    97.316,
    98.32100000000001,
    96.811,
    97.809,
    97.32600000000002,
    95.308,
    96.312,
    97.32300000000001,
    97.31800000000001,
    96.81800000000001,
    95.30500000000002,
    96.819,
    97.31400000000001,
    97.31800000000001,
    97.82000000000001,
    95.322,
    97.319,
    96.31500000000001,
    95.81499999999998,
    97.81700000000001,
    97.31899999999999,
    99.32400000000003,
    97.32400000000003,
    96.315,
    95.321,
    97.32000000000001,
    97.32300000000001,
    97.826,
    97.819,
    98.314,
    96.82600000000001,
    95.319,
    97.81,
    95.31700000000001,
    95.81500000000001,
    97.81800000000001,
    98.31300000000002,
    97.318,
    95.32400000000003,
    96.82000000000001,
    96.824,
    97.81599999999999,
    97.82800000000002,
    95.819,
    96.321,
    98.824,
    95.81800000000001,
    96.31400000000001,
    95.297,
    97.819,
    98.31200000000001,
    98.82300000000001,
    96.32300000000001,
    97.81500000000001,
    98.32300000000001,
    93.33000000000001,
    96.32200000000002,
    96.313,
    97.329,
    98.821,
    98.327,
    95.821,
    97.322,
    95.81800000000001,
    98.319,
    97.31800000000001,
    98.316,
    98.822,
    98.324,
    97.814,
    97.822,
    96.32100000000003,
    98.32300000000001,
    97.32300000000001,
    96.81200000000001,
    99.319,
    98.81700000000001,
    97.81500000000001,
    96.31199999999998,
    97.31500000000001,
    96.316,
    98.823,
    95.816,
    97.316,
    97.82000000000002,
    95.816,
    98.32000000000001,
    96.80699999999999,
    97.32200000000003,
    97.81700000000002,
    96.821,
    96.81300000000002,
    95.821,
    96.81400000000001,
    95.32000000000001,
    98.821,
    98.82300000000002,
    97.78400000000002,
    96.81500000000001,
    96.816,
    94.32000000000001,
    97.31300000000002,
    97.30699999999999,
    95.82200000000002,
    97.31700000000001,
    97.31400000000001,
    98.32300000000001,
    95.82600000000002,
    98.822,
    97.318,
    96.32399999999998,
    96.31500000000001,
    96.82300000000001,
    97.81299999999999,
    97.316,
    98.318,
    98.31500000000001,
    97.318,
    96.824,
    95.32300000000001,
    96.819,
    96.31900000000003,
    95.821,
    98.82100000000003,
    98.82500000000002,
    96.81700000000001,
    97.31800000000001,
    94.822,
    98.816,
    95.81000000000002,
    97.807,
    97.32500000000002,
    96.807,
    95.83000000000001,
    96.81000000000002,
    97.81700000000001,
    98.329,
    95.821,
    97.32,
    97.81300000000003,
    97.309,
    97.821,
    95.32400000000001,
    97.82300000000001,
    97.82300000000001,
    96.312,
    95.322,
    96.825,
    96.81499999999998,
    96.82600000000001,
    94.81500000000001,
    97.81300000000002,
    95.82400000000003,
    99.314,
    96.308,
    98.81700000000001,
    98.82800000000002,
    98.30499999999999,
    96.821,
    97.319,
    98.319,
    97.321,
    97.826,
    98.31099999999999,
    96.822,
    97.31700000000001,
    97.821,
    98.81400000000001,
    97.82400000000001,
    97.80100000000002,
    97.816,
    97.321,
    95.822,
    95.81500000000001,
    99.32300000000001,
    98.819,
    97.31400000000001,
    98.31800000000001,
    97.30300000000003,
    95.31800000000001,
    96.821,
    97.32300000000002,
    96.31700000000001,
    96.32300000000001,
    96.81700000000001,
    95.30999999999999,
    98.82100000000001,
    96.81400000000001,
    95.809,
    97.309,
    98.31000000000002,
    98.31700000000001,
    93.81299999999999,
    95.825,
    98.81400000000001,
    97.32000000000001,
    92.32600000000002,
    97.31900000000002,
    95.82,
    97.31700000000001,
    98.325,
    96.82000000000001,
    97.31099999999999,
    97.81500000000001,
    96.811,
    93.819,
    96.32300000000001,
    94.30800000000002,
    99.325,
    99.817,
    95.31299999999999,
    97.81,
    95.82300000000001,
    96.31200000000001,
    97.319,
    98.33100000000002,
    98.324,
    96.32100000000001,
    97.31900000000002,
    97.33200000000002,
    96.31800000000001,
    96.316,
    95.82500000000002,
    97.319,
    99.322,
    98.816,
    95.32300000000001,
    95.314,
    96.81400000000001,
    97.82600000000002,
    97.313,
    96.31500000000001,
    97.814,
    97.32000000000002,
    97.319,
    96.825,
    98.324,
    97.81499999999998,
    97.822,
    97.824,
    95.319,
    96.32300000000001,
    97.32300000000001,
    97.82300000000001,
    97.324,
    96.316,
    97.316,
    98.32300000000001,
    96.32700000000003,
    98.32700000000001,
    97.315,
    96.81800000000001,
    98.81500000000001,
    96.81200000000001,
    95.30200000000002,
    96.811,
    95.81400000000001,
    96.81299999999999,
    95.317,
    97.326,
    95.32400000000001,
    97.32000000000001,
    97.319,
    96.316,
    97.81199999999998,
    98.321,
    97.82700000000003,
    97.327,
    97.816,
    97.825,
    95.32500000000002,
