{
  "complexity": 3,
  "alpha": 0.1,
  "gamma": 0.95,
  "epsilon": 0.3,
  "extra_passages": 12,
  "avg_rewards": [
    -289.4479999999981,
    -61.31199999999923,
    9.264999999999944,
    28.20699999999988,
    17.948999999999884,
    31.697999999999972,
    54.07999999999997,
    43.867000000000004,
    60.492999999999974,
    70.64,
    63.056,
    62.67499999999999,
    58.00999999999999,
    61.06299999999999,
    71.716,
    80.40699999999998,
    81.317,
    73.75900000000001,
    77.938,
    77.35599999999998,
    84.041,
    71.82200000000002,
    77.43699999999998,
    79.93699999999998,
    82.96600000000001,
    83.57400000000001,
    88.02900000000001,
    75.00699999999999,
    83.62500000000001,
    83.518,
    87.61699999999999,
    81.547,
    80.067,
    81.573,
    86.609,
    85.125,
    90.13399999999999,
    86.135,
    90.109,
    86.63299999999998,
    90.13,
    85.174,
    90.16,
    91.172,
    88.19200000000001,
    91.247,
    85.191,
    90.69500000000001,
    85.66699999999999,
    86.179,
    84.22299999999998,
    86.70599999999999,
    89.17000000000002,
    92.245,
    88.71899999999998,
    90.729,
    93.72600000000001,
    93.214,
    93.25000000000001,
    87.231,
    92.253,
    88.745,
    89.215,
    94.273,
    88.20500000000001,
    87.74,
    95.26399999999998,
    91.77800000000002,
    90.251,
    86.70699999999998,
    91.29299999999999,
    91.25699999999999,
    88.263,
    87.25399999999999,
    87.768,
    91.26599999999999,
    93.773,
    92.773,
    90.251,
    90.765,
    87.79299999999998,
    88.263,
    94.788,
    84.775,
    92.26800000000001,
    91.773,
    92.79400000000001,
    90.304,
    90.79100000000001,
    92.78399999999999,
    91.752,
    96.30200000000002,
    92.284,
    94.28999999999999,
    89.797,
    90.786,
    93.31900000000002,
    90.29299999999999,
    91.29899999999999,
    91.268,
    90.76200000000001,
    92.814,
    89.78999999999999,
    92.78999999999999,
    91.30800000000002,
    90.31000000000002,
    89.28899999999999,
    90.316,
    94.303,
    92.299,
    90.29,
    91.301,
    91.31099999999999,
    91.304,
    88.799,
    88.776,
    91.299,
    91.773,
    86.782,
    92.291,
    92.786,
    89.29700000000001,
    86.273,
    93.297,
    91.28500000000001,
    88.268,
    88.28699999999999,
    89.28599999999999,
    94.793,
    90.78,
    93.793,
    92.269,
    92.79299999999998,
    90.80499999999998,
    93.81700000000001,
    90.275,
    94.304,
    88.255,
    91.284,
    92.79499999999999,
    87.28799999999998,
    90.28600000000002,
    89.788,
    87.777,
    90.29700000000001,
    91.804,
    89.28699999999999,
    91.293,
    92.79400000000001,
    88.791,
    86.77699999999999,
    91.79399999999998,
    92.80199999999998,
    94.29799999999999,
    91.81,
    89.275,
    94.275,
    91.29299999999999,
    94.278,
    94.79599999999999,
    89.80199999999999,
    90.797,
    95.79400000000001,
    92.32499999999999,
    93.289,
    90.78,
    89.785,
    93.28799999999998,
    94.768,
    90.77900000000001,
    89.29100000000001,
    89.287,
    91.81,
    96.316,
    86.787,
    92.31199999999998,
    92.75200000000001,
    92.302,
    88.27700000000002,
    91.3,
    93.283,
    91.273,
    90.31099999999999,
    89.27,
    91.79499999999999,
    91.3,
    88.28,
    86.264,
    91.79199999999999,
    87.27900000000001,
    92.30499999999998,
    94.30099999999999,
    91.803,
    92.777,
    93.29400000000001,
    91.29499999999999,
    94.806,
    89.284,
    89.808,
    88.82300000000001,
    90.28099999999999,
    90.788,
    89.803,
    92.785,
    93.31300000000002,
    91.294,
    93.29799999999999,
    86.764,
    88.29799999999999,
    92.773,
    90.77700000000002,
    93.81000000000002,
    90.288,
    91.785,
    88.76499999999999,
    91.78500000000001,
    94.28699999999999,
    92.301,
    90.298,
    92.77199999999999,
    94.28999999999999,
    94.299,
    90.28,
    93.314,
    90.298,
    90.76599999999999,
    89.78299999999999,
    91.288,
    89.294,
    90.799,
    92.767,
    90.28399999999999,
    89.31099999999999,
    94.79599999999998,
    93.30400000000002,
    92.28299999999999,
    91.28999999999999,
    90.28999999999999,
    85.29400000000001,
    92.282,
    92.277,
    88.78200000000001,
    88.27199999999998,
    87.80799999999999,
    90.279,
    89.77700000000002,
    94.29299999999999,
    90.775,
    93.279,
    88.80299999999998,
    89.29799999999999,
    93.793,
    89.292,
    92.79399999999998,
    92.78999999999999,
    89.769,
    93.81,
    92.29399999999998,
    88.79499999999999,
    90.28800000000001,
    92.296,
    93.777,
    90.77199999999998,
    93.29499999999999,
    90.795,
    85.279,
    91.274,
    93.80600000000001,
    92.29299999999998,
    88.28,
    89.25500000000001,
    90.29399999999998,
    86.287,
    90.811,
    91.80100000000002,
    86.779,
    93.811,
    92.29399999999998,
    92.304,
    92.285,
    88.80300000000001,
    89.29500000000002,
    89.782,
    94.30600000000001,
    89.795,
    93.806,
    88.28799999999998,
    90.786,
    90.31,
    91.79299999999998,
    89.286,
    87.293,
    88.264,
    90.303,
    92.283,
    88.8,
    87.79599999999998,
    86.26299999999999,
    89.785,
    90.29299999999998,
    90.783,
    88.795,
    89.801,
    91.29,
    89.807,
    91.292,
    92.284,
    85.24999999999997,
    93.78099999999999,
    88.79700000000001,
    93.284,
    88.814,
    90.32000000000002,
    86.78899999999999,
    90.30600000000001,
    92.289,
    93.30199999999999,
    92.78099999999999,
    91.276,
    90.29299999999998,
    89.80000000000001,
    89.291,
    92.29700000000001,
    89.287,
    94.797,
    89.30099999999999,
    87.271,
    90.80099999999999,
    93.818,
    92.792,
    89.277,
    93.28900000000002,
    90.799,
    89.304,
    92.79399999999998,
    91.279,
    91.27600000000001,
    90.786,
    91.804,
    93.276,
    88.788,
    90.78800000000001,
    85.273,
    94.285,
    89.78400000000002,
    90.28,
    93.301,
    89.80699999999999,
    92.295,
    88.80299999999998,
    88.79099999999998,
    87.81,
    92.79100000000001,
    89.28999999999999,
    89.297,
    89.26499999999999,
    93.30499999999999,
    88.273,
    87.799,
    89.778,
    96.784,
    92.31200000000001,
    92.287,
    92.28300000000002,
    92.798,
    90.79800000000002,
    90.793,
    91.77799999999999,
    90.26399999999998,
    89.779,
    93.28799999999998,
    87.8,
    94.804,
    90.773,
    94.295,
    94.79800000000003,
    90.773,
    88.292,
    89.78999999999999,
    92.27799999999999,
    93.30499999999999,
    90.27600000000001,
    86.80499999999999,
    91.3,
    93.273,
    92.30099999999999,
    96.792,
    89.803,
    92.795,
    86.775,
    90.287,
    92.30600000000001,
    95.8,
    93.757,
    89.79299999999999,
    94.798,
    91.291,
    88.78899999999999,
    90.803,
    95.29800000000002,
    90.30600000000001,
    86.79,
    89.8,
    90.29299999999999,
    86.28699999999999,
    91.258,
    87.796,
    94.79199999999999,
    92.28999999999999,
    90.801,
    91.287,
    92.285,
    89.30000000000001,
    92.78799999999998,
    90.292,
    89.79199999999999,
    92.27799999999999,
    91.28999999999999,
    89.78500000000001,
    86.27099999999999,
    90.28099999999999,
    91.80499999999999,
    90.255,
    91.777,
    90.29799999999999,
    94.80000000000001,
    91.758,
    90.29099999999998,
    90.79299999999999,
    92.304,
    90.28300000000002,
    92.291,
    92.268,
    89.77900000000001,
    92.293,
    91.285,
    91.793,
    91.78,
    93.792,
    91.304,
    95.30600000000001,
    89.25699999999998,
    89.304,
    90.29700000000001,
    91.80099999999999,
    93.305,
    93.80600000000001,
    87.81200000000001,
    92.79399999999998,
    91.78,
    94.81099999999999,
    88.26500000000001,
    90.301,
    92.29400000000001,
    92.26499999999999,
    90.80600000000001,
