{
  "complexity": 6,
  "alpha": 0.1,
  "gamma": 0.9,
  "epsilon": 0.1,
  "extra_passages": 9,
  "avg_rewards": [
    -191.2409999999989,
    1.6140000000001116,
    55.99600000000002,
    81.71499999999997,
    75.41299999999998,
    79.41399999999997,
    79.579,
    80.62099999999998,
    86.78600000000002,
    85.98699999999998,
    85.95699999999998,
    90.19800000000001,
    85.20700000000001,
    85.09299999999999,
    89.673,
    92.283,
    91.394,
    92.39500000000001,
    93.96600000000002,
    92.377,
    88.929,
    90.471,
    94.95599999999999,
    97.63300000000001,
    92.421,
    95.04599999999999,
    93.98299999999999,
    95.64500000000001,
    94.56,
    94.53900000000002,
    94.608,
    95.559,
    92.63699999999999,
    92.681,
    95.126,
    95.648,
    96.67699999999999,
    96.143,
    94.706,
    98.62100000000001,
    97.13200000000002,
    94.615,
    96.72900000000001,
    95.719,
    96.73800000000001,
    93.691,
    97.22900000000001,
    92.22400000000002,
    92.74,
    95.23700000000001,
    96.256,
    99.21700000000001,
    95.227,
    98.21900000000001,
    96.79400000000001,
    96.807,
    96.231,
    96.784,
    95.278,
    96.792,
    97.29100000000001,
    95.75500000000001,
    98.793,
    96.797,
    96.283,
    97.79499999999999,
    98.30400000000002,
    97.307,
    96.813,
    96.321,
    97.813,
    97.81499999999998,
    98.80499999999999,
    97.33500000000001,
    95.82400000000001,
    95.82199999999999,
    96.313,
    96.83500000000001,
    96.82300000000001,
    98.827,
    97.82900000000001,
    97.814,
    97.29100000000003,
    98.83200000000001,
    94.82300000000002,
    98.817,
    97.332,
    98.33100000000002,
    97.318,
    95.33300000000001,
    94.83600000000001,
    96.83400000000002,
    96.83900000000003,
    97.83500000000001,
    97.84100000000001,
    98.836,
    98.824,
    95.83400000000002,
    99.33300000000001,
    97.334,
    97.33099999999999,
    96.828,
    98.345,
    95.83800000000001,
    96.83,
    98.836,
    97.83200000000002,
    97.83099999999999,
    98.34200000000001,
    97.837,
    96.33500000000001,
    97.83000000000001,
    95.83800000000001,
    99.33500000000001,
    98.834,
    95.33700000000002,
    96.83300000000001,
    97.831,
    98.329,
    99.33900000000001,
    99.34,
    97.34,
    99.33100000000002,
    97.84500000000001,
    99.33300000000001,
    97.84200000000001,
    96.34400000000002,
    97.83399999999999,
    97.32500000000002,
    98.33900000000001,
    98.33200000000001,
    96.34100000000001,
    97.32300000000001,
    97.84300000000002,
    96.833,
    99.336,
    96.34100000000002,
    98.83400000000002,
    98.34,
    97.329,
    98.335,
    98.82900000000001,
    96.83600000000001,
    98.333,
    98.836,
    96.83400000000002,
    97.33200000000002,
    98.83099999999999,
    98.333,
    97.333,
    98.32900000000002,
    98.33200000000001,
    97.336,
    96.331,
    96.831,
    95.33500000000001,
    99.83400000000002,
    96.837,
    98.30100000000002,
    97.32800000000002,
    96.343,
    96.831,
    98.84500000000001,
    96.83000000000001,
    98.83900000000001,
    96.84,
    96.83800000000001,
    97.328,
    97.84100000000001,
    95.33600000000001,
    95.83600000000001,
    98.34000000000002,
    97.33800000000001,
    98.34500000000001,
    96.842,
    98.83300000000001,
    97.33900000000001,
    97.834,
    96.83600000000001,
    96.83900000000001,
    97.337,
    98.83200000000001,
    99.33600000000001,
    97.84100000000001,
    98.33900000000001,
    97.34,
    97.34700000000001,
    98.83900000000001,
    96.83,
    96.84200000000001,
    98.84,
    95.33,
    97.84200000000001,
    98.326,
    97.832,
    97.33400000000002,
    97.84200000000001,
    97.33200000000001,
    98.33600000000001,
    96.83500000000001,
    98.84,
    97.828,
    98.84100000000001,
    97.836,
    96.83700000000002,
    97.837,
    98.327,
    97.33700000000002,
    96.34300000000002,
    96.33700000000002,
    98.32500000000002,
    97.82900000000001,
    96.34400000000002,
    97.33600000000001,
    97.84200000000001,
    99.846,
    97.343,
    97.32500000000002,
    97.83300000000001,
    97.83400000000002,
    97.83700000000002,
    95.33000000000001,
    94.343,
    97.831,
    98.84,
    95.83500000000001,
    97.33900000000001,
    97.82400000000003,
    97.34100000000002,
    97.33600000000001,
    98.83300000000001,
    98.83900000000001,
    99.325,
    98.33800000000002,
    98.33900000000003,
    97.32300000000001,
    98.32700000000001,
    95.84100000000001,
    97.84,
    96.83600000000001,
    97.828,
    95.839,
    95.83800000000002,
    97.337,
    99.34200000000001,
    96.33300000000001,
    98.333,
    97.33700000000002,
    96.337,
    97.83500000000001,
    98.345,
    94.33200000000002,
    96.83200000000002,
    94.333,
    98.84200000000001,
    96.83600000000001,
    97.331,
    98.838,
    98.84100000000001,
    96.33800000000001,
    98.84000000000002,
    96.33600000000003,
    96.324,
    95.83700000000002,
    97.33100000000002,
    99.33800000000001,
    94.33900000000001,
    98.83700000000002,
    99.839,
    98.82600000000002,
    97.34200000000001,
    96.83600000000001,
    97.83200000000001,
    98.33699999999999,
    96.83900000000001,
    98.84200000000001,
    98.34100000000002,
    98.82500000000002,
    97.83100000000002,
    96.33700000000002,
    97.83500000000001,
    97.833,
    98.34800000000001,
    96.328,
    97.84400000000001,
    96.84100000000001,
    96.833,
    96.34400000000001,
    98.84300000000002,
    96.83300000000001,
    98.337,
    97.82900000000001,
    96.83900000000001,
    99.34,
    98.32700000000001,
    96.338,
    97.83099999999999,
    97.325,
    99.33300000000001,
    98.34,
    97.33399999999999,
    97.33,
    96.84200000000001,
    96.33800000000001,
    98.33000000000001,
    97.328,
    98.332,
    96.33000000000001,
    98.33000000000001,
    97.83600000000001,
    97.836,
    97.833,
    98.33800000000001,
    95.82900000000001,
    98.33200000000002,
    96.32,
    98.33800000000002,
    96.83200000000001,
    97.817,
    99.34400000000002,
    98.83900000000001,
    97.34100000000002,
    94.83700000000002,
    95.34700000000001,
    95.34700000000001,
    98.334,
    98.83400000000002,
    98.82900000000001,
    97.33300000000001,
    97.83700000000002,
    97.34200000000001,
    98.83200000000001,
    96.836,
    98.84700000000001,
    96.83,
    98.34100000000002,
    96.32900000000001,
    97.839,
    96.84500000000001,
    94.327,
    97.829,
    96.84500000000001,
    97.33200000000002,
    96.84000000000002,
    97.84,
    95.83400000000002,
    97.83700000000002,
    97.34600000000002,
    98.826,
    97.333,
    98.333,
    98.84,
    98.32600000000001,
    97.83100000000002,
    95.84100000000001,
    97.33600000000001,
    98.83300000000001,
    99.84100000000001,
    95.846,
    97.843,
    97.83600000000001,
    96.34,
    96.34400000000002,
    98.33700000000002,
    97.331,
    97.333,
    99.33800000000001,
    97.84600000000002,
    99.33500000000001,
    97.83900000000001,
    98.83800000000002,
    98.84200000000001,
    97.83600000000001,
    96.33500000000001,
    97.33400000000002,
    96.84100000000001,
    95.83500000000002,
    95.33800000000001,
    96.33700000000002,
    99.33800000000001,
    97.83600000000001,
    94.839,
    96.83900000000001,
    98.33600000000001,
    98.34300000000002,
    98.33800000000001,
    97.33300000000001,
    95.34800000000001,
    97.824,
    96.33800000000002,
    98.83500000000001,
    97.82700000000001,
    96.84200000000001,
    95.84,
    98.831,
    96.834,
    98.32700000000001,
    98.84,
    99.83900000000001,
    95.83300000000001,
    97.83200000000002,
    95.33300000000001,
    97.34,
    97.33500000000001,
    98.34400000000002,
    97.33800000000001,
    97.835,
    96.33500000000001,
    99.34400000000001,
    98.83600000000001,
    97.84200000000001,
