{
  "complexity": 12,
  "alpha": 0.2,
  "gamma": 0.85,
  "epsilon": 0.1,
  "extra_passages": 3,
  "avg_rewards": [
    -210.30599999999868,
    -2.7819999999994764,
    51.275,
    53.15300000000004,
    62.84499999999997,
    66.85299999999992,
    79.10900000000004,
    74.936,
    80.63699999999994,
    75.95699999999997,
    79.68999999999997,
    84.58300000000003,
    85.94099999999997,
    85.695,
    88.60199999999999,
    85.58099999999997,
    91.797,
    90.146,
    91.86099999999999,
    88.91799999999998,
    91.976,
    97.049,
    93.379,
    93.047,
    92.06400000000001,
    98.14000000000001,
    95.557,
    93.574,
    95.161,
    93.55199999999998,
    93.65599999999999,
    95.184,
    93.237,
    96.72299999999998,
    98.266,
    96.294,
    98.75999999999999,
    92.263,
    99.28,
    96.768,
    97.76599999999999,
    97.8,
    98.804,
    97.311,
    98.319,
    96.814,
    96.81400000000001,
    96.799,
    97.31099999999999,
    97.819,
    97.26399999999998,
    95.824,
    96.32300000000001,
    98.819,
    97.293,
    93.803,
    94.82399999999998,
    96.827,
    97.322,
    97.322,
    97.825,
    99.324,
    97.31599999999999,
    98.828,
    96.825,
    97.81299999999999,
    97.825,
    97.32000000000001,
    95.81899999999999,
    96.327,
    97.83,
    94.824,
    95.83099999999999,
    98.31700000000001,
    98.31699999999998,
    97.833,
    96.83,
    97.31599999999999,
    96.328,
    95.327,
    97.822,
    98.828,
    98.32499999999999,
    97.29499999999999,
    98.82399999999998,
    98.31200000000001,
    95.81899999999999,
    97.821,
    98.329,
    96.325,
    95.30999999999999,
    96.31000000000002,
    97.793,
    96.81299999999999,
    97.327,
    96.832,
    96.83,
    98.826,
    96.817,
    96.81199999999998,
    97.81400000000001,
    95.83399999999999,
    95.827,
    97.811,
    96.822,
    97.824,
    96.326,
    98.822,
    96.83,
    97.326,
    95.316,
    95.816,
    97.321,
    97.82199999999999,
    98.326,
    98.829,
    97.822,
    98.824,
    98.824,
    96.80799999999999,
    98.31400000000001,
    94.329,
    98.817,
    98.32000000000001,
    97.322,
    99.328,
    98.804,
    97.826,
    98.33699999999999,
    97.825,
    97.833,
    96.83099999999999,
    96.83,
    97.31800000000001,
    96.826,
    95.81199999999998,
    97.319,
    98.825,
    96.33,
    97.821,
    96.736,
    96.321,
    97.81200000000001,
    97.828,
    96.326,
    97.329,
    97.822,
    99.83,
    97.329,
    97.82499999999999,
    94.327,
    96.82000000000001,
    96.81599999999999,
    97.824,
    98.33099999999999,
    96.824,
    98.826,
    98.826,
    95.327,
    97.819,
    95.33099999999999,
    95.83,
    97.31899999999999,
    96.324,
    96.83,
    95.827,
    96.816,
    98.312,
    94.825,
    97.83099999999999,
    99.33099999999999,
    98.324,
    97.322,
    97.82300000000001,
    96.821,
    98.325,
    96.81700000000001,
    95.824,
    98.324,
    96.81899999999999,
    97.329,
    98.321,
    97.325,
    96.326,
    96.31799999999998,
    98.826,
    97.329,
    96.824,
    98.325,
    99.332,
    95.319,
    97.321,
    93.319,
    96.828,
    95.329,
    96.83,
    96.83699999999999,
    97.326,
    98.321,
    97.821,
    94.824,
    96.329,
    98.829,
    95.311,
    97.335,
    96.30999999999999,
    97.33399999999999,
    97.31499999999998,
    96.31999999999998,
    97.31899999999999,
    97.829,
    95.826,
    96.821,
    98.329,
    96.324,
    95.824,
    95.81800000000001,
    97.828,
    96.28,
    97.826,
    99.317,
    97.819,
    97.824,
    95.83099999999999,
    97.325,
    94.325,
    98.822,
    97.826,
    95.816,
    96.825,
    97.33,
    98.332,
    97.829,
    96.324,
    97.332,
    96.81299999999999,
    98.827,
    95.824,
    97.32300000000001,
    95.32199999999999,
    97.825,
    96.804,
    96.324,
    95.329,
    96.822,
    97.325,
    96.314,
    96.327,
    97.82899999999998,
    97.81899999999999,
    97.825,
    97.829,
    95.324,
    96.83099999999999,
    95.83,
    96.31800000000001,
    94.328,
    97.31400000000001,
    97.329,
    95.827,
    96.327,
    96.83699999999999,
    96.826,
    96.83099999999999,
    95.322,
    97.81500000000001,
    97.332,
    97.83099999999999,
    97.328,
    98.314,
    96.821,
    98.822,
    97.822,
    97.319,
    97.329,
    97.321,
    97.32399999999998,
    99.32399999999998,
    96.825,
    97.325,
    96.321,
    93.31800000000001,
    97.824,
    94.827,
    96.822,
    96.82300000000001,
    97.325,
    96.321,
    96.827,
    98.33099999999999,
    98.321,
    98.828,
    97.31300000000002,
    97.821,
    97.325,
    96.326,
    97.825,
    95.832,
    97.324,
    96.319,
    96.316,
    97.83,
    96.328,
    97.32000000000001,
    97.32699999999998,
    98.31800000000001,
    97.31500000000001,
    93.821,
    97.314,
    97.326,
    97.82300000000001,
    97.313,
    95.31899999999999,
    97.822,
    97.822,
    97.335,
    97.81299999999999,
    97.824,
    96.33,
    96.82300000000001,
    97.324,
    97.333,
    96.314,
    98.313,
    97.327,
    95.316,
    97.32300000000001,
    97.81800000000001,
    96.328,
    97.826,
    97.323,
    97.82299999999998,
    97.333,
    96.82,
    97.82300000000001,
    95.326,
    94.826,
    95.827,
    94.321,
    97.833,
    97.32300000000001,
    97.326,
    98.319,
    97.828,
    97.83,
    95.824,
    97.828,
    99.83,
    96.821,
    97.829,
    96.327,
    98.824,
    97.327,
    97.323,
    95.33,
    97.81999999999998,
    98.329,
    96.31700000000001,
    98.32000000000001,
    97.325,
    97.824,
    96.832,
    97.827,
    96.80699999999999,
    97.83,
    99.32299999999998,
    96.83099999999999,
    98.325,
    97.335,
    97.821,
    96.822,
    96.81799999999998,
    95.81700000000001,
    96.821,
    98.83099999999999,
    97.324,
    97.316,
    98.321,
    98.319,
    96.81800000000001,
    96.81800000000001,
    96.824,
    97.315,
    97.328,
    98.81200000000001,
    96.319,
    97.325,
    94.326,
    96.31899999999999,
    95.81099999999999,
    98.83,
    97.828,
    98.321,
    95.314,
    95.814,
    99.322,
    97.31800000000001,
    95.32999999999998,
    97.322,
    97.316,
    96.31199999999998,
    98.825,
    95.833,
    95.825,
    98.326,
    95.30999999999999,
    98.819,
    97.83,
    95.821,
    96.825,
    97.32799999999999,
    97.324,
    98.322,
    97.825,
    98.81800000000001,
    96.817,
    97.32300000000001,
    97.328,
    96.82000000000001,
    98.828,
    97.82000000000001,
    98.82000000000001,
    97.33,
    96.83099999999999,
    97.826,
    96.329,
    97.821,
    95.821,
    96.822,
    98.322,
    96.81999999999998,
    94.80699999999999,
    97.819,
    96.824,
    96.819,
    98.33,
    98.321,
    98.31800000000001,
    96.322,
    95.82000000000001,
    98.829,
    95.81499999999998,
    96.315,
    95.825,
    95.319,
    98.31599999999999,
    97.832,
    95.826,
    92.828,
    96.81299999999999,
    96.824,
    96.322,
    97.816,
    96.315,
    95.827,
    97.322,
    97.318,
    96.33099999999999,
    96.33,
    94.31400000000001,
    96.824,
    96.82300000000001,
    98.826,
    98.32000000000001,
    97.819,
    95.323,
    96.31599999999999,
    97.296,
    96.825,
    98.321,
    96.825,
    96.812,
    95.825,
    97.828,
    95.825,
    97.322,
    94.827,
    97.82300000000001,
    97.32000000000001,
    97.332,
    98.31800000000001,
    95.327,
    98.81799999999998,
    96.82000000000001,
    98.325,
    96.329,
    98.324,
    95.33,
    97.82499999999997,
    97.324,
    97.327,
    99.316,
    96.322,
    95.826,
    97.825,
    93.813,
    96.326,
    95.824,
    96.81700000000001,
    96.332
  ],