{
  "complexity": 14,
  "alpha": 0.1,
  "gamma": 0.9,
  "epsilon": 0.1,
  "extra_passages": 1,
  "avg_rewards": [
    -193.535999999999,
    -52.030999999999494,
    12.550999999999593,
    42.99799999999999,
    52.55099999999993,
    63.417999999999964,
    64.75500000000004,
    66.97499999999991,
    58.135000000000005,
    68.53899999999996,
    74.40600000000003,
    74.36399999999996,
    82.96899999999998,
    85.695,
    80.215,
    80.81800000000001,
    80.97100000000003,
    85.205,
    87.52299999999998,
    82.47999999999999,
    83.01199999999999,
    88.208,
    80.37199999999997,
    89.34899999999999,
    91.78900000000002,
    87.39099999999996,
    93.31200000000001,
    92.795,
    86.84799999999998,
    86.14,
    90.0,
    87.78599999999999,
    89.77999999999999,
    85.38699999999999,
    92.97600000000001,
    94.158,
    92.49299999999998,
    90.04499999999999,
    88.438,
    94.60900000000001,
    90.36500000000001,
    93.63199999999999,
    92.98799999999999,
    97.191,
    95.147,
    93.646,
    96.70899999999999,
    94.075,
    96.16799999999999,
    95.71400000000001,
    94.18900000000002,
    96.197,
    97.272,
    95.71200000000002,
    94.718,
    95.75300000000001,
    97.26700000000002,
    96.27400000000002,
    93.24600000000001,
    97.76700000000001,
    95.69200000000001,
    97.285,
    95.27900000000001,
    98.766,
    97.77500000000002,
    95.268,
    97.30700000000002,
    93.808,
    97.816,
    96.302,
    97.796,
    97.309,
    96.80500000000002,
    98.31500000000001,
    95.311,
    95.81700000000001,
    97.31500000000001,
    97.321,
    96.32400000000001,
    97.321,
    99.32100000000001,
    94.797,
    96.321,
    96.322,
    97.305,
    96.82000000000002,
    96.31700000000001,
    96.816,
    96.32300000000001,
    96.82000000000002,
    97.32200000000002,
    95.821,
    97.80600000000001,
    97.272,
    96.30100000000002,
    96.311,
    96.319,
    97.82500000000002,
    97.822,
    97.81500000000001,
    97.32000000000002,
    95.82000000000002,
    97.31899999999999,
    96.32200000000003,
    96.796,
    96.31600000000002,
    96.82500000000002,
    96.81700000000002,
    96.81400000000001,
    97.81800000000001,
    95.777,
    96.31800000000001,
    93.32500000000002,
    97.31800000000001,
    96.31800000000001,
    95.806,
    96.30200000000002,
    97.31700000000002,
    96.82600000000002,
    95.82100000000001,
    97.81400000000001,
    96.31900000000002,
    97.821,
    96.81800000000001,
    98.32000000000002,
    97.81400000000001,
    97.32400000000001,
    96.82600000000001,
    98.815,
    96.30300000000001,
    97.32300000000001,
    94.82900000000001,
    95.316,
    99.31900000000002,
    97.32000000000002,
    96.31800000000001,
    97.82200000000002,
    98.31500000000003,
    97.32400000000001,
    99.32000000000002,
    95.83000000000001,
    96.32199999999999,
    96.81600000000002,
    97.32600000000001,
    96.32400000000001,
    98.32600000000001,
    94.826,
    97.31800000000001,
    95.80000000000001,
    96.82000000000001,
    95.32500000000002,
    95.31400000000001,
    98.32100000000001,
    92.81200000000001,
    97.831,
    97.314,
    96.82000000000002,
    95.811,
    96.81300000000002,
    98.31500000000001,
    97.82000000000002,
    96.81900000000002,
    97.819,
    97.32700000000003,
    96.328,
    95.82100000000001,
    97.313,
    96.31700000000002,
    97.32300000000001,
    95.31700000000001,
    96.31800000000001,
    97.274,
    96.328,
    95.82600000000001,
    96.31500000000001,
    96.81900000000002,
    94.80699999999999,
    97.32400000000001,
    98.328,
    97.31800000000001,
    96.81400000000001,
    97.82000000000002,
    97.319,
    95.82000000000002,
    97.32500000000002,
    97.81400000000001,
    98.819,
    96.324,
    97.81400000000001,
    97.82100000000001,
    98.82300000000001,
    97.819,
    97.81000000000002,
    97.30900000000001,
    97.82300000000001,
    97.31200000000003,
    97.31900000000002,
    99.31400000000001,
    98.82900000000002,
    96.82300000000001,
    93.82500000000002,
    96.31600000000002,
    95.82000000000001,
    97.81500000000003,
    97.325,
    97.31800000000001,
    97.31800000000001,
    97.31500000000001,
    94.31000000000002,
    97.81299999999999,
    97.80600000000001,
    96.31900000000002,
    96.80800000000002,
    96.31800000000001,
    96.82100000000001,
    97.31400000000001,
    96.32000000000001,
    96.32000000000002,
    96.82400000000001,
    96.82800000000002,
    96.31400000000002,
    97.322,
    97.82300000000001,
    94.317,
    96.83000000000001,
    96.31800000000001,
    97.82700000000001,
    98.32100000000001,
    98.315,
    97.816,
    96.31400000000002,
    96.31300000000002,
    97.81500000000001,
    98.32400000000001,
    96.828,
    97.31700000000001,
    97.32100000000001,
    97.32100000000001,
    98.31800000000001,
    93.31300000000002,
    98.328,
    93.25700000000002,
    96.81200000000003,
    96.31800000000001,
    97.31700000000002,
    96.81900000000002,
    96.316,
    98.31400000000001,
    96.82600000000001,
    95.82000000000002,
    98.319,
    97.81,
    96.32300000000001,
    95.82500000000002,
    93.82300000000001,
    97.31500000000001,
    99.32100000000001,
    98.316,
    96.82200000000002,
    96.81700000000001,
    96.82000000000002,
    98.32000000000002,
    95.32500000000002,
    96.30999999999999,
    96.324,
    97.82800000000002,
    97.317,
    97.82300000000001,
    97.317,
    97.816,
    95.81400000000001,
    98.32500000000002,
    95.82400000000001,
    94.81300000000002,
    97.82600000000001,
    97.32400000000001,
    99.32100000000001,
    97.31600000000002,
    98.31800000000001,
    95.32400000000003,
    98.319,
    98.32700000000001,
    96.81700000000001,
    98.316,
    98.31800000000001,
    95.32100000000001,
    97.82800000000002,
    96.81200000000003,
    98.826,
    96.82200000000002,
    96.31800000000001,
    98.82000000000001,
    98.311,
    93.81800000000001,
    97.82300000000001,
    95.82200000000002,
    97.819,
    95.82100000000001,
    97.82000000000002,
    97.311,
    96.31600000000002,
    98.816,
    97.32100000000001,
    98.82100000000001,
    97.82200000000002,
    97.81500000000001,
    94.82000000000002,
    98.82600000000001,
    97.81800000000001,
    98.812,
    96.32300000000001,
    97.82000000000001,
    98.81700000000001,
    96.826,
    97.31800000000001,
    96.81700000000002,
    96.811,
    96.80500000000002,
    99.31700000000002,
    98.31300000000002,
    97.82300000000001,
    94.816,
    97.81900000000002,
    96.30499999999999,
    95.82500000000002,
    97.821,
    95.812,
    96.81800000000001,
    98.81300000000002,
    96.81799999999998,
    94.81500000000003,
    97.312,
    96.81700000000002,
    95.82000000000002,
    97.32400000000001,
    99.81400000000001,
    97.79,
    97.815,
    96.82400000000001,
    97.82300000000001,
    98.32200000000002,
    94.82100000000001,
    98.31900000000002,
    96.81800000000001,
    96.816,
    97.32200000000002,
    98.314,
    98.32800000000002,
    96.81500000000003,
    94.328,
    98.31800000000001,
    94.816,
    96.816,
    96.81500000000001,
    96.81500000000003,
    95.31900000000002,
    98.313,
    97.32400000000001,
    96.321,
    96.81900000000002,
    97.82400000000003,
    97.81400000000001,
    94.82200000000002,
    95.82400000000001,
    98.32200000000002,
    97.81300000000002,
    97.30700000000002,
    96.82300000000001,
    95.81900000000002,
    96.82000000000002,
    95.82000000000002,
    96.81700000000001,
    93.811,
    96.33300000000001,
    93.82300000000001,
    96.31,
    97.821,
    97.32400000000001,
    96.81700000000002,
    98.319,
    97.819,
    95.81800000000001,
    96.816,
    96.814,
    96.32700000000001,
    97.311,
    97.81600000000002,
    95.81600000000002,
    96.30600000000001,
    97.819,
    96.82600000000001,
    97.81400000000002,
