{
  "complexity": 1,
  "alpha": 0.1,
  "gamma": 0.9,
  "epsilon": 0.1,
  "extra_passages": 14,
  "avg_rewards": [
    -228.9259999999982,
    52.41800000000003,
    80.18099999999995,
    79.99199999999996,
    79.46899999999998,
    76.35299999999998,
    71.35399999999993,
    84.381,
    83.12099999999998,
    92.04899999999999,
    94.08200000000002,
    89.855,
    90.19300000000001,
    90.73499999999999,
    91.75399999999999,
    90.65200000000002,
    94.51,
    95.446,
    94.986,
    92.283,
    90.814,
    95.96400000000001,
    93.89800000000001,
    96.46600000000001,
    92.987,
    95.425,
    95.04299999999999,
    92.572,
    94.56,
    94.05000000000001,
    92.05199999999999,
    95.64500000000001,
    94.614,
    95.63300000000001,
    97.05699999999999,
    94.62899999999999,
    96.598,
    96.63199999999999,
    95.60800000000003,
    92.62500000000001,
    97.257,
    93.569,
    98.174,
    97.61600000000001,
    96.65499999999999,
    94.703,
    95.63,
    94.669,
    97.64500000000001,
    95.19500000000001,
    95.737,
    95.7,
    96.686,
    96.691,
    95.723,
    97.717,
    95.22,
    97.24999999999999,
    97.706,
    97.248,
    96.24100000000001,
    96.73700000000001,
    95.726,
    96.253,
    96.733,
    96.26400000000001,
    95.761,
    98.25800000000001,
    97.74,
    98.268,
    97.22200000000001,
    98.28699999999999,
    98.279,
    98.28,
    97.79400000000001,
    97.75200000000001,
    96.792,
    97.803,
    97.79,
    98.78,
    97.78399999999999,
    98.292,
    97.311,
    96.804,
    96.295,
    98.309,
    97.822,
    97.80199999999999,
    96.287,
    98.818,
    96.332,
    95.312,
    97.819,
    96.82300000000001,
    96.81,
    97.82300000000001,
    98.30799999999999,
    97.799,
    99.322,
    98.32200000000002,
    97.82900000000001,
    98.32700000000003,
    98.32600000000001,
    99.32400000000001,
    99.33,
    96.821,
    99.83800000000001,
    99.83500000000001,
    97.83900000000001,
    98.825,
    97.32900000000002,
    99.33800000000001,
    96.83200000000002,
    97.84200000000001,
    98.84100000000001,
    99.33200000000001,
    99.333,
    99.83500000000002,
    96.828,
    98.336,
    98.83500000000002,
    96.33600000000001,
    98.33800000000001,
    97.84,
    98.83700000000002,
    98.83699999999999,
    98.83600000000003,
    98.833,
    98.338,
    98.345,
    97.84,
    96.83600000000001,
    98.34600000000002,
    96.84300000000002,
    98.848,
    98.33500000000001,
    98.33,
    99.34000000000002,
    98.84,
    97.83900000000003,
    97.33200000000002,
    96.32699999999998,
    98.34100000000001,
    99.83900000000001,
    97.333,
    96.83800000000002,
    98.84100000000002,
    97.33599999999998,
    96.84200000000001,
    98.34000000000002,
    96.83300000000001,
    98.33400000000002,
    98.33800000000001,
    97.82400000000001,
    98.33700000000002,
    97.327,
    95.825,
    99.84100000000001,
    95.82700000000001,
    96.83800000000001,
    98.84900000000002,
    99.33900000000001,
    97.343,
    98.34000000000002,
    98.33400000000003,
    97.33800000000001,
    99.34400000000002,
    98.83800000000002,
    99.84200000000001,
    97.34,
    95.84100000000002,
    98.333,
    98.343,
    97.343,
    98.343,
    98.83000000000001,
    95.31700000000001,
    96.84400000000001,
    99.33000000000001,
    96.82900000000001,
    97.33500000000001,
    98.34,
    97.32900000000002,
    98.833,
    98.334,
    97.32400000000003,
    97.83600000000001,
    98.333,
    97.33100000000002,
    98.33800000000001,
    97.32700000000001,
    99.33600000000001,
    99.34200000000001,
    99.326,
    97.84100000000001,
    96.833,
    97.83500000000001,
    99.34,
    98.83200000000002,
    97.32700000000001,
    95.84,
    97.34400000000001,
    96.825,
    97.83500000000001,
    96.83900000000003,
    95.825,
    97.326,
    96.84100000000001,
    98.34400000000002,
    98.33800000000001,
    97.838,
    99.33100000000002,
    97.84300000000002,
    97.33800000000002,
    98.32700000000001,
    97.32800000000002,
    97.34500000000001,
    98.83500000000001,
    98.33699999999999,
    99.343,
    96.836,
    96.83700000000002,
    96.83700000000002,
    97.83600000000001,
    96.84,
    97.324,
    97.83200000000002,
    97.334,
    98.334,
    99.83500000000001,
    97.83600000000001,
    98.332,
    98.32199999999999,
    98.83300000000001,
    98.33300000000001,
    98.33500000000002,
    97.335,
    99.82499999999999,
    95.83400000000002,
    99.32900000000001,
    96.83900000000001,
    98.34300000000002,
    97.33000000000001,
    98.33200000000001,
    97.32500000000002,
    96.33099999999999,
    97.83300000000001,
    99.34400000000001,
    99.33000000000001,
    97.34200000000001,
    99.828,
    97.83400000000002,
    98.837,
    98.33500000000001,
    96.33300000000001,
    97.83900000000001,
    95.83600000000001,
    99.34100000000002,
    96.34,
    98.836,
    97.83399999999999,
    99.33200000000002,
    97.83800000000001,
    98.34400000000001,
    99.333,
    98.829,
    96.333,
    98.33200000000001,
    96.33200000000001,
    95.33900000000001,
    98.82900000000001,
    97.83000000000001,
    96.34400000000002,
    97.34600000000002,
    98.33200000000001,
    98.84400000000001,
    98.836,
    98.84200000000001,
    97.83200000000001,
    99.33900000000003,
    97.33600000000001,
    96.84100000000002,
    98.83600000000001,
    98.33800000000001,
    98.833,
    97.33500000000001,
    97.843,
    97.843,
    97.33500000000001,
    98.83300000000001,
    97.828,
    96.83000000000001,
    98.84600000000002,
    97.33300000000001,
    95.33700000000002,
    97.33000000000001,
    99.34100000000002,
    97.83900000000001,
    99.33400000000002,
    98.83399999999999,
    99.83900000000003,
    97.843,
    97.826,
    97.33600000000001,
    97.82699999999998,
    97.33800000000001,
    97.81199999999998,
    97.84100000000002,
    98.34,
    98.83000000000001,
    98.331,
    98.33800000000002,
    98.33700000000002,
    98.83700000000002,
    98.83399999999999,
    98.83900000000001,
    97.833,
    98.831,
    97.34200000000001,
    95.84300000000002,
    97.33700000000002,
    98.332,
    96.836,
    98.84,
    99.83900000000001,
    95.84,
    97.836,
    97.83200000000001,
    96.828,
    97.843,
    98.846,
    99.34,
    99.33200000000001,
    98.34000000000002,
    95.33200000000001,
    97.33300000000001,
    97.83200000000002,
    98.33700000000002,
    98.339,
    98.83700000000002,
    98.34100000000002,
    98.33400000000002,
    96.84,
    98.33400000000002,
    98.32500000000002,
    97.33900000000003,
    98.833,
    98.836,
    98.33800000000001,
    97.82700000000003,
    96.33900000000001,
    98.34100000000001,
    98.34600000000002,
    98.83700000000002,
    99.34100000000001,
    97.83200000000001,
    97.336,
    98.83900000000001,
    98.32700000000003,
    98.334,
    97.82300000000001,
    98.33000000000001,
    97.33700000000002,
    97.331,
    98.84100000000001,
    97.838,
    98.83600000000001,
    98.33800000000002,
    98.836,
    99.83200000000002,
    98.33500000000001,
    95.83700000000002,
    95.83500000000001,
    98.319,
    96.33900000000001,
    98.324,
    98.33200000000001,
    97.84400000000002,
    96.83400000000002,
    98.34100000000001,
    99.33,
    96.837,
    98.83500000000001,
    97.336,
    97.84200000000001,
    94.836,
    92.83400000000002,
    97.824,
    97.83500000000001,
    96.83500000000001,
    97.33100000000002,
    96.32700000000003,
    98.33700000000002,
    97.831,
    95.83200000000001,
    97.334,
    98.34600000000002,
    96.83900000000001,
    98.834,
    97.34100000000001,
    98.33600000000001,
    98.82500000000002,
    97.337,
    97.34,
    98.33400000000002,
    98.828,
    98.83200000000001,
    97.82500000000002,
    96.33800000000001,
    98.34,
    97.84100000000001,
    97.828,
    96.83600000000001,
    98.34200000000001,
    98.837,
