{
  "complexity": 0,
  "alpha": 0.1,
  "gamma": 0.9,
  "epsilon": 0.2,
  "extra_passages": 15,
  "avg_rewards": [
    -238.55399999999818,
    31.483999999999913,
    61.96399999999996,
    47.94899999999989,
    60.43500000000006,
    63.70500000000002,
    51.57799999999986,
    85.178,
    66.61399999999998,
    81.33099999999999,
    76.77099999999999,
    81.08700000000002,
    85.35000000000001,
    83.73899999999999,
    81.20000000000003,
    85.83799999999998,
    82.732,
    83.75099999999999,
    90.575,
    87.818,
    87.45400000000001,
    87.87,
    92.028,
    90.52900000000002,
    87.912,
    84.40799999999999,
    91.46300000000001,
    90.12100000000001,
    89.03,
    94.09700000000001,
    93.11300000000001,
    88.02799999999999,
    90.066,
    93.56599999999999,
    94.566,
    92.538,
    89.08500000000001,
    86.13600000000001,
    91.607,
    92.667,
    94.16600000000001,
    96.143,
    90.163,
    91.11600000000001,
    85.558,
    92.64500000000001,
    93.691,
    93.626,
    93.203,
    90.64700000000002,
    93.68800000000002,
    95.681,
    96.719,
    91.12100000000001,
    93.678,
    91.68900000000001,
    93.206,
    96.689,
    91.718,
    92.23999999999998,
    95.74399999999999,
    93.73400000000001,
    95.70800000000001,
    95.751,
    93.228,
    93.263,
    96.256,
    92.70500000000001,
    93.774,
    96.274,
    94.223,
    93.744,
    95.262,
    97.274,
    95.789,
    93.727,
    93.78,
    94.28999999999999,
    92.761,
    91.268,
    94.276,
    95.776,
    96.26900000000002,
    94.79099999999998,
    95.773,
    91.796,
    96.28699999999999,
    94.77799999999999,
    94.79400000000001,
    97.27599999999998,
    94.77499999999999,
    93.29899999999999,
    96.297,
    96.311,
    93.303,
    96.297,
    92.809,
    96.28299999999999,
    96.319,
    95.309,
    89.816,
    93.31500000000001,
    95.30800000000002,
    96.31500000000001,
    95.8,
    95.31899999999999,
    95.30700000000002,
    96.32600000000002,
    93.305,
    96.30900000000001,
    94.314,
    96.813,
    95.828,
    94.799,
    96.81800000000001,
    96.31700000000001,
    93.816,
    97.809,
    95.81700000000002,
    94.315,
    97.299,
    95.31700000000001,
    95.81900000000002,
    96.32900000000001,
    96.80800000000002,
    94.82900000000002,
    93.315,
    97.32499999999999,
    95.31800000000001,
    93.82300000000001,
    95.81200000000001,
    96.82300000000001,
    97.81199999999998,
    93.82400000000001,
    97.81200000000001,
    96.83,
    93.80800000000002,
    94.82500000000002,
    97.328,
    97.333,
    97.314,
    95.824,
    94.318,
    93.82000000000001,
    97.31799999999998,
    94.803,
    95.817,
    95.81500000000001,
    96.316,
    95.326,
    97.812,
    95.80599999999998,
    97.318,
    96.31500000000001,
    94.821,
    96.328,
    95.81400000000001,
    95.80400000000002,
    94.305,
    94.304,
    96.306,
    95.831,
    94.32200000000002,
    98.31800000000001,
    95.81200000000001,
    95.319,
    95.33200000000002,
    98.82000000000002,
    96.80499999999999,
    94.80699999999999,
    94.807,
    94.81,
    95.319,
    97.805,
    97.32300000000002,
    97.306,
    94.32000000000001,
    93.325,
    96.32399999999998,
    94.814,
    93.82700000000001,
    97.815,
    94.826,
    94.81199999999998,
    96.302,
    97.316,
    94.822,
    96.32300000000001,
    94.325,
    95.817,
    93.30100000000002,
    95.32600000000001,
    94.309,
    95.321,
    96.80999999999999,
    98.321,
    95.82200000000002,
    96.309,
    96.30799999999996,
    94.32300000000001,
    96.307,
    92.299,
    97.311,
    96.29999999999998,
    95.318,
    95.33100000000002,
    93.808,
    94.824,
    93.81700000000002,
    95.81400000000001,
    97.321,
    95.82400000000001,
    95.82100000000001,
    95.31300000000002,
    97.811,
    96.319,
    91.814,
    92.313,
    96.31,
    95.802,
    97.29999999999998,
    95.308,
    93.309,
    95.322,
    95.81200000000001,
    96.33099999999999,
    96.83099999999999,
    94.319,
    93.80799999999999,
    92.82,
    95.31200000000001,
    94.806,
    96.322,
    95.82000000000001,
    93.816,
    95.81800000000001,
    95.811,
    96.31300000000002,
    94.81199999999998,
    97.82100000000001,
    96.31400000000002,
    91.806,
    96.801,
    94.827,
    94.83099999999999,
    96.309,
    96.801,
    95.827,
    96.32100000000001,
    94.32000000000001,
    93.31500000000001,
    98.326,
    95.80299999999998,
    94.319,
    98.819,
    92.83400000000002,
    94.82300000000001,
    96.81099999999999,
    94.31700000000001,
    95.81499999999998,
    97.814,
    94.82,
    94.30599999999998,
    97.30999999999999,
    95.305,
    96.31700000000002,
    96.331,
    96.327,
    96.292,
    98.319,
    92.821,
    93.82200000000002,
    94.31500000000001,
    95.329,
    95.32500000000002,
    97.30499999999999,
    97.806,
    95.309,
    91.80499999999999,
    93.82300000000001,
    95.815,
    95.32300000000001,
    95.816,
    90.82199999999999,
    95.31799999999998,
    96.333,
    93.31000000000002,
    98.304,
    94.32700000000003,
    94.807,
    95.80600000000001,
    98.322,
    95.8,
    94.299,
    93.809,
    94.81,
    97.32900000000002,
    92.797,
    94.83000000000001,
    94.29400000000001,
    93.81700000000001,
    96.32400000000001,
    95.81800000000001,
    94.803,
    94.807,
    95.313,
    95.30499999999999,
    97.77899999999998,
    97.31300000000002,
    96.82,
    96.325,
    97.30999999999999,
    94.303,
    95.81600000000002,
    95.31499999999998,
    95.304,
    94.31400000000001,
    95.319,
    91.80500000000002,
    93.80199999999999,
    94.31299999999999,
    96.81799999999998,
    96.32400000000001,
    95.816,
    95.81700000000001,
    95.324,
    95.80699999999999,
    96.824,
    95.316,
    87.81699999999998,
    96.82400000000001,
    93.816,
    97.311,
    94.811,
    96.31800000000001,
    93.79599999999999,
    95.80199999999999,
    94.321,
    95.304,
    93.821,
    93.797,
    94.80699999999999,
    94.828,
    94.819,
    95.812,
    95.326,
    97.316,
    94.80300000000003,
    93.83100000000002,
    96.303,
    94.82399999999998,
    96.308,
    94.816,
    94.314,
    94.803,
    97.322,
    93.81500000000001,
    91.82,
    97.81400000000002,
    96.316,
    96.30699999999999,
    95.816,
    96.82300000000001,
    94.81800000000001,
    95.33000000000001,
    96.803,
    97.82200000000002,
    96.30900000000001,
    96.322,
    97.314,
    93.306,
    97.82000000000001,
    94.31700000000001,
    95.81400000000001,
    93.821,
    95.33000000000001,
    94.81700000000001,
    95.82500000000002,
    90.30699999999999,
    96.31000000000002,
    93.796,
    96.31099999999999,
    93.316,
    97.318,
    97.31600000000002,
    93.82000000000002,
    94.30400000000002,
    94.812,
    97.31800000000001,
    97.32700000000001,
    96.29999999999998,
    94.313,
    94.813,
    95.82500000000002,
    96.315,
    94.81299999999999,
    95.32100000000001,
    94.322,
    97.31900000000002,
    93.32699999999998,
    92.818,
    96.321,
    94.817,
    96.81400000000001,
    97.307,
    94.82400000000001,
    95.81200000000001,
    97.298,
    96.30899999999998,
    91.31700000000001,
    95.32500000000002,
    95.80799999999999,
    93.297,
    97.80300000000001,
    96.30999999999999,
    94.804,
    94.32799999999999,
    93.30900000000001,
    96.31199999999998,
    97.84,
    96.80300000000001,
    97.82000000000002,
    95.31299999999999,
    96.82000000000001,
    96.816,
    95.814,
    95.819,
    92.833,
    94.822,
    97.321,
    97.309,
    93.317,
    93.82400000000001,
    94.81700000000001,
    95.806,
    98.32300000000001,
    93.30199999999999,
    95.297,
    96.317,
    95.801,
    94.826,
    95.832,
    94.32300000000001,
    94.314,
    95.30900000000001,
    94.30600000000001,
    92.312,
    95.802,
    95.319,
    97.818,
    95.80699999999999,
    96.284,
