{
  "complexity": 6,
  "alpha": 0.1,
  "gamma": 0.85,
  "epsilon": 0.1,
  "extra_passages": 9,
  "avg_rewards": [
    -203.87299999999868,
    32.75399999999967,
    61.61100000000006,
    65.69799999999992,
    78.01699999999997,
    82.27099999999994,
    74.91999999999996,
    84.29699999999998,
    69.88499999999999,
    81.48999999999998,
    77.881,
    90.27399999999999,
    85.979,
    88.739,
    92.24399999999999,
    88.739,
    86.044,
    89.8,
    90.76900000000002,
    85.57700000000001,
    93.01400000000001,
    92.07200000000002,
    91.426,
    91.909,
    93.48799999999999,
    92.055,
    91.604,
    91.484,
    91.043,
    93.03200000000001,
    97.5,
    92.60799999999999,
    94.671,
    95.041,
    96.138,
    94.602,
    98.694,
    92.651,
    97.201,
    96.715,
    95.152,
    95.19400000000002,
    94.726,
    94.631,
    94.73400000000001,
    96.22900000000001,
    97.69,
    94.75699999999999,
    96.686,
    97.197,
    97.257,
    98.797,
    97.25399999999999,
    96.281,
    98.234,
    96.263,
    96.73299999999999,
    98.303,
    97.30599999999998,
    96.28999999999999,
    95.778,
    98.81000000000002,
    96.777,
    97.802,
    97.80199999999999,
    97.316,
    95.81400000000001,
    96.303,
    98.311,
    98.807,
    97.32200000000003,
    97.80900000000001,
    98.32700000000001,
    97.82100000000001,
    94.83000000000001,
    96.82400000000001,
    96.81800000000001,
    97.81500000000001,
    98.309,
    96.32900000000001,
    96.33200000000002,
    96.32500000000002,
    98.332,
    97.324,
    96.83600000000001,
    97.32900000000002,
    98.32500000000002,
    98.82600000000001,
    97.33600000000001,
    98.322,
    96.843,
    96.82900000000002,
    98.33900000000001,
    97.83,
    98.33400000000002,
    98.84200000000001,
    98.83200000000001,
    96.33400000000002,
    98.33000000000001,
    97.32899999999998,
    98.33299999999998,
    96.82600000000001,
    98.34,
    96.83500000000001,
    98.29400000000001,
    97.84100000000001,
    97.83700000000002,
    96.83800000000001,
    98.343,
    96.836,
    97.33500000000001,
    96.34400000000001,
    96.32200000000002,
    98.83800000000001,
    98.83800000000001,
    98.34100000000001,
    97.83700000000002,
    97.84,
    96.84,
    96.83800000000001,
    98.33500000000001,
    95.33400000000003,
    94.83400000000002,
    96.84100000000001,
    97.34700000000001,
    96.338,
    99.33600000000001,
    96.83800000000001,
    96.83700000000002,
    99.84400000000002,
    97.33500000000001,
    99.84400000000001,
    96.83,
    98.33800000000001,
    97.837,
    98.33800000000001,
    97.84200000000001,
    97.834,
    93.33800000000001,
    98.333,
    96.84200000000001,
    98.34,
    98.83800000000001,
    98.33300000000001,
    97.83500000000002,
    97.837,
    99.83500000000001,
    98.34400000000002,
    97.33500000000001,
    97.33700000000002,
    96.83300000000001,
    97.33500000000001,
    98.84500000000001,
    96.33900000000001,
    97.83600000000001,
    97.83400000000002,
    98.84200000000001,
    98.343,
    98.34,
    97.33700000000002,
    99.32700000000003,
    97.334,
    97.326,
    98.83500000000001,
    92.83600000000001,
    99.33500000000001,
    96.33500000000001,
    97.333,
    99.328,
    96.32900000000002,
    98.334,
    97.33500000000002,
    97.33500000000001,
    96.84100000000001,
    98.33400000000002,
    96.83600000000001,
    99.343,
    97.334,
    97.84100000000002,
    97.33800000000001,
    96.83000000000001,
    94.328,
    96.33700000000002,
    98.34000000000002,
    96.833,
    98.32500000000002,
    94.33200000000002,
    96.83000000000001,
    96.83800000000001,
    98.33400000000002,
    99.33500000000001,
    96.83700000000002,
    99.32300000000001,
    98.83600000000001,
    94.31899999999999,
    96.34400000000001,
    97.337,
    96.331,
    97.838,
    97.83500000000001,
    97.328,
    98.33900000000001,
    98.328,
    99.329,
    97.333,
    96.826,
    96.33500000000001,
    95.828,
    98.34,
    98.348,
    97.32900000000002,
    97.33900000000001,
    96.81700000000001,
    95.34100000000002,
    95.83500000000001,
    97.84,
    96.825,
    97.33700000000002,
    98.83500000000001,
    96.84600000000002,
    97.83600000000001,
    98.83800000000001,
    97.339,
    95.836,
    96.83500000000001,
    99.33900000000001,
    97.84300000000002,
    98.83400000000002,
    98.34,
    97.83500000000001,
    97.837,
    97.334,
    97.83900000000001,
    98.84,
    98.84,
    97.33800000000001,
    97.33200000000001,
    98.828,
    98.34100000000001,
    97.33500000000001,
    97.83700000000002,
    97.83000000000001,
    98.33500000000001,
    95.33500000000001,
    95.82700000000001,
    98.84,
    97.83700000000002,
    99.34100000000002,
    97.83800000000001,
    97.32999999999998,
    98.34100000000001,
    97.32500000000002,
    98.34,
    99.845,
    94.83500000000002,
    98.84200000000001,
    96.83500000000001,
    98.34100000000001,
    97.334,
    98.33700000000002,
    98.33200000000002,
    97.84300000000002,
    95.33800000000001,
    98.833,
    97.331,
    94.84100000000001,
    97.83700000000002,
    97.337,
    97.838,
    98.338,
    98.33700000000002,
    98.328,
    97.33300000000001,
    95.83400000000002,
    98.33200000000002,
    96.34,
    97.33400000000002,
    97.328,
    95.83000000000001,
    98.328,
    98.33000000000001,
    97.334,
    98.84200000000001,
    94.33300000000001,
    97.835,
    97.337,
    98.83500000000001,
    96.83800000000001,
    97.83300000000001,
    97.83400000000002,
    98.827,
    97.32300000000001,
    96.838,
    97.84100000000002,
    95.828,
    98.324,
    94.83200000000001,
    98.83000000000001,
    97.82600000000002,
    98.34100000000001,
    99.83800000000001,
    96.32799999999999,
    98.33900000000003,
    96.84400000000002,
    98.34200000000001,
    96.33400000000002,
    96.833,
    96.83800000000001,
    98.34200000000001,
    97.33500000000001,
    97.83500000000001,
    96.336,
    98.328,
    97.34100000000001,
    95.83700000000002,
    99.83900000000001,
    97.83900000000001,
    99.32399999999998,
    98.836,
    97.34300000000002,
    97.345,
    97.34400000000001,
    98.33500000000001,
    97.326,
    99.34300000000002,
    96.837,
    98.339,
    99.34100000000001,
    97.83099999999999,
    95.34500000000001,
    98.346,
    96.334,
    96.33900000000001,
    97.34,
    97.83400000000002,
    96.32900000000002,
    98.83500000000001,
    98.345,
    97.33700000000002,
    97.83700000000002,
    98.82900000000002,
    97.333,
    97.334,
    96.84800000000001,
    96.82600000000001,
    97.83000000000001,
    97.33900000000003,
    99.84900000000002,
    98.33300000000001,
    97.824,
    95.83,
    97.82800000000002,
    95.34300000000002,
    96.33800000000001,
    96.838,
    96.33800000000001,
    96.33400000000002,
    94.834,
    98.83800000000002,
    97.34400000000001,
    98.84900000000002,
    99.84,
    97.84000000000002,
    97.32900000000001,
    96.334,
    97.83400000000002,
    97.834,
    97.83500000000002,
    98.32600000000001,
    97.336,
    97.834,
    97.83900000000003,
    97.328,
    97.83600000000001,
    98.83600000000001,
    96.33000000000001,
    96.33300000000001,
    95.84,
    98.335,
    97.826,
    98.82900000000002,
    97.33600000000001,
    98.33300000000001,
    98.34,
    98.831,
    96.333,
    97.83300000000003,
    97.34,
    97.83800000000001,
    96.839,
    94.83100000000002,
    98.33500000000001,
    97.33600000000001,
    97.33900000000001,
    97.83800000000001,
    96.332,
    99.34,
    98.33300000000001,
    98.84200000000001,
    98.336,
    97.82700000000001,
    97.31800000000001,
    97.31500000000003,
    97.34500000000001,
    98.84700000000001,
    97.33100000000002,
    96.83599999999998,
    98.83,
    98.837,
    98.339,
    98.84000000000002,
    98.834,
    96.83400000000002,
    95.82799999999999,
    98.84000000000002,
