{
  "complexity": 2,
  "alpha": 0.3,
  "gamma": 0.95,
  "epsilon": 0.1,
  "extra_passages": 13,
  "avg_rewards": [
    -218.83299999999835,
    54.388,
    79.08299999999994,
    77.35499999999996,
    79.545,
    90.47699999999998,
    91.51899999999998,
    90.59599999999999,
    90.766,
    90.17099999999999,
    94.749,
    92.89899999999999,
    94.94100000000002,
    91.447,
    93.488,
    96.041,
    96.61100000000002,
    97.476,
    93.52799999999999,
    96.57199999999999,
    97.19200000000001,
    96.136,
    96.66,
    94.14699999999999,
    97.24000000000001,
    96.132,
    94.19800000000001,
    99.23499999999999,
    94.19599999999998,
    97.752,
    96.71600000000001,
    97.221,
    97.247,
    98.28799999999998,
    98.237,
    99.31,
    97.256,
    96.80600000000001,
    96.25399999999999,
    97.757,
    96.30199999999999,
    97.31200000000001,
    97.825,
    98.32400000000001,
    97.315,
    99.33200000000002,
    99.33300000000001,
    97.32200000000002,
    99.33800000000001,
    98.34,
    97.33099999999999,
    97.331,
    97.32700000000001,
    97.83400000000002,
    96.82800000000002,
    98.34200000000001,
    97.838,
    97.33100000000002,
    96.84700000000001,
    98.84400000000001,
    98.33200000000001,
    97.83099999999999,
    99.34,
    98.837,
    97.83300000000001,
    97.337,
    97.33400000000002,
    95.83900000000001,
    98.834,
    98.301,
    94.84300000000002,
    97.84600000000002,
    95.83900000000001,
    98.33200000000001,
    97.83600000000001,
    98.84,
    99.332,
    96.83500000000001,
    97.83500000000001,
    97.84,
    98.321,
    96.292,
    97.84100000000001,
    98.82900000000001,
    98.34800000000001,
    98.33700000000002,
    98.337,
    94.83200000000002,
    97.33000000000001,
    97.83399999999999,
    99.83700000000002,
    97.84,
    99.33500000000001,
    98.33000000000001,
    97.33399999999997,
    97.33700000000002,
    97.83300000000001,
    96.828,
    98.34300000000002,
    98.333,
    97.83000000000001,
    97.33800000000001,
    97.33800000000001,
    97.33100000000002,
    98.83900000000001,
    98.834,
    98.33600000000001,
    97.33100000000002,
    98.31800000000001,
    98.34000000000002,
    96.83400000000002,
    98.83800000000001,
    98.827,
    97.838,
    98.83000000000001,
    96.83900000000001,
    97.83700000000002,
    97.83500000000001,
    98.33300000000001,
    97.84200000000001,
    97.83100000000002,
    97.83400000000002,
    96.83500000000001,
    98.33100000000002,
    96.84200000000001,
    97.84,
    98.33800000000001,
    97.834,
    97.33700000000002,
    98.33800000000002,
    99.33300000000001,
    98.338,
    97.83900000000003,
    95.834,
    97.83900000000001,
    96.83899999999998,
    98.83700000000002,
    97.334,
    97.83500000000001,
    98.832,
    97.83400000000002,
    98.83400000000002,
    96.831,
    97.83900000000003,
    97.83000000000001,
    97.32100000000003,
    97.33400000000002,
    98.83900000000001,
    99.33600000000001,
    98.32900000000001,
    97.83800000000002,
    97.34400000000002,
    99.33399999999999,
    97.838,
    97.84,
    98.339,
    98.333,
    99.34200000000001,
    96.827,
    97.834,
    99.33900000000003,
    98.843,
    98.83,
    97.83399999999999,
    97.33500000000001,
    95.833,
    99.337,
    98.84200000000001,
    97.33700000000002,
    96.84,
    97.343,
    96.34200000000001,
    96.83500000000001,
    97.333,
    97.327,
    96.324,
    97.33,
    97.33000000000001,
    99.34,
    97.829,
    95.83400000000002,
    97.33500000000001,
    97.33900000000001,
    97.83100000000002,
    99.33400000000002,
    99.33500000000001,
    97.346,
    98.83800000000001,
    98.33500000000001,
    98.33400000000002,
    98.34100000000002,
    99.33400000000002,
    98.33700000000002,
    97.33400000000002,
    96.33,
    95.83600000000001,
    96.831,
    97.846,
    97.331,
    97.83300000000001,
    99.33700000000002,
    98.84,
    98.332,
    98.33699999999999,
    95.84000000000002,
    98.34000000000002,
    96.34200000000001,
    97.34,
    98.83800000000002,
    97.336,
    98.34,
    97.826,
    98.33500000000001,
    97.34000000000002,
    98.84100000000001,
    98.34,
    97.33600000000001,
    97.328,
    96.83900000000001,
    96.82400000000001,
    94.83200000000001,
    98.34400000000001,
    98.82600000000001,
    98.33900000000001,
    96.83900000000001,
    98.34100000000001,
    98.343,
    95.84400000000001,
    96.83399999999999,
    99.34100000000002,
    97.343,
    98.83500000000001,
    98.83400000000002,
    96.83200000000001,
    96.83900000000003,
    98.828,
    97.83800000000001,
    98.34,
    98.84,
    99.34100000000001,
    99.343,
    97.82600000000001,
    98.34,
    97.83800000000001,
    98.84100000000001,
    95.83800000000001,
    99.84200000000001,
    97.83200000000002,
    95.83700000000002,
    97.34200000000001,
    98.83200000000002,
    98.84400000000001,
    95.83700000000002,
    97.83000000000001,
    96.33000000000001,
    97.83400000000002,
    98.82200000000002,
    97.84300000000002,
    97.82900000000002,
    97.834,
    99.34200000000001,
    96.343,
    98.83600000000001,
    98.83600000000001,
    98.32900000000001,
    98.33000000000001,
    98.33300000000001,
    97.33600000000001,
    97.83800000000001,
    97.343,
    99.34100000000001,
    96.33200000000001,
    98.331,
    98.831,
    98.327,
    97.33900000000001,
    98.345,
    96.836,
    98.333,
    97.83800000000001,
    97.34,
    96.83800000000001,
    99.328,
    98.33300000000001,
    96.326,
    97.33300000000001,
    96.33200000000002,
    97.34300000000002,
    97.833,
    96.83200000000002,
    98.33700000000002,
    96.33900000000001,
    98.82500000000002,
    96.84200000000001,
    98.34100000000001,
    98.34200000000001,
    96.34000000000002,
    96.33600000000001,
    96.831,
    95.83200000000002,
    97.83600000000001,
    97.828,
    96.83700000000002,
    97.83400000000002,
    97.33200000000001,
    97.336,
    96.84,
    98.83200000000002,
    99.333,
    99.338,
    97.33500000000001,
    99.33600000000001,
    96.84400000000001,
    96.831,
    98.84400000000001,
    97.83200000000002,
    98.84200000000001,
    96.84,
    98.33800000000001,
    98.32,
    97.84100000000001,
    97.84600000000002,
    97.83800000000001,
    95.33400000000002,
    97.83800000000001,
    96.843,
    97.84200000000001,
    96.837,
    96.33300000000001,
    97.826,
    96.83900000000001,
    97.834,
    95.83500000000001,
    98.835,
    97.336,
    96.333,
    98.327,
    97.834,
    98.32900000000001,
    97.33300000000001,
    97.83900000000001,
    95.33600000000003,
    99.33600000000001,
    95.82900000000002,
    97.83399999999999,
    97.83500000000001,
    97.843,
    98.34600000000002,
    98.33099999999999,
    98.32400000000001,
    97.84400000000001,
    99.33600000000001,
    98.33300000000001,
    97.83800000000001,
    97.83200000000001,
    98.334,
    96.828,
    96.836,
    98.82900000000001,
    99.33800000000001,
    99.334,
    98.83400000000002,
    97.83900000000001,
    99.333,
    98.33500000000001,
    99.83600000000001,
    98.34300000000002,
    97.329,
    96.33300000000001,
    98.83400000000002,
    98.34200000000001,
    98.843,
    98.33,
    97.83900000000003,
    96.83500000000001,
    98.84400000000002,
    98.33200000000001,
    98.338,
    96.339,
    98.33200000000002,
    98.83599999999998,
    97.33500000000001,
    99.343,
    97.82900000000001,
    95.83700000000002,
    97.33300000000001,
    96.34000000000002,
    96.839,
    97.83200000000001,
    96.33900000000003,
    97.33800000000001,
    97.33600000000001,
    97.83100000000002,
    97.83700000000002,
    96.34,
    98.84100000000001,
    97.83300000000001,
    96.84400000000002,
    98.324,
    96.33900000000001,
    98.33600000000001,
    99.33500000000001,
    99.329,
    98.83800000000002,
    97.83500000000001,
    97.326,
    99.83300000000001,
