{
  "complexity": 13,
  "alpha": 0.3,
  "gamma": 0.95,
  "epsilon": 0.2,
  "extra_passages": 2,
  "avg_rewards": [
    -272.8209999999982,
    -34.54500000000021,
    2.6539999999998556,
    30.90699999999987,
    19.000999999999898,
    55.94599999999993,
    43.89899999999987,
    63.28899999999999,
    63.197999999999944,
    56.27,
    77.851,
    75.00299999999996,
    76.964,
    72.25599999999997,
    80.36400000000002,
    73.39699999999996,
    79.989,
    76.83500000000001,
    80.987,
    83.08699999999999,
    85.51799999999999,
    86.651,
    86.064,
    88.23800000000001,
    88.668,
    92.23500000000001,
    78.58600000000004,
    91.741,
    94.283,
    89.67900000000002,
    93.77599999999998,
    90.26,
    91.79,
    92.767,
    92.26500000000001,
    88.24600000000001,
    93.75299999999999,
    94.774,
    88.277,
    89.275,
    91.27700000000002,
    88.275,
    90.26500000000001,
    91.274,
    89.79499999999999,
    92.79,
    91.78800000000001,
    93.28299999999999,
    90.292,
    93.279,
    94.76700000000002,
    88.79400000000001,
    92.787,
    93.288,
    95.292,
    94.28299999999999,
    89.29100000000001,
    92.29400000000001,
    93.78600000000002,
    88.28300000000002,
    92.28,
    93.78,
    89.793,
    93.272,
    90.786,
    93.29600000000002,
    92.29199999999999,
    93.79099999999998,
    95.295,
    92.773,
    93.3,
    91.791,
    89.784,
    93.26599999999999,
    94.29299999999999,
    89.292,
    93.282,
    94.28400000000002,
    88.77099999999999,
    95.796,
    92.293,
    93.77799999999999,
    95.27000000000001,
    90.277,
    92.277,
    89.786,
    92.283,
    91.31000000000002,
    94.79,
    90.292,
    92.292,
    88.792,
    93.785,
    89.276,
    95.276,
    93.27800000000002,
    94.295,
    91.768,
    94.293,
    92.29100000000001,
    92.28200000000001,
    91.78000000000002,
    88.787,
    88.78,
    89.30100000000002,
    87.282,
    91.785,
    94.26799999999999,
    91.78999999999999,
    92.78999999999999,
    94.3,
    91.774,
    90.78,
    93.276,
    89.796,
    96.281,
    95.77799999999999,
    92.26400000000001,
    94.287,
    95.28,
    91.301,
    92.285,
    90.76,
    91.276,
    89.293,
    93.29,
    94.28500000000001,
    91.28300000000002,
    87.288,
    91.78099999999999,
    90.269,
    92.782,
    94.78899999999999,
    93.297,
    90.299,
    93.79599999999998,
    94.783,
    91.29599999999999,
    92.27000000000001,
    92.78399999999999,
    94.75800000000001,
    94.296,
    91.27799999999999,
    89.769,
    92.79400000000001,
    93.28500000000001,
    95.295,
    90.777,
    91.79299999999998,
    90.78500000000001,
    93.29800000000002,
    92.28800000000001,
    92.801,
    93.777,
    89.279,
    93.303,
    94.28600000000002,
    90.769,
    92.78200000000001,
    92.77399999999999,
    90.78599999999999,
    92.304,
    95.79400000000001,
    92.29400000000001,
    91.292,
    91.27900000000001,
    91.792,
    94.27599999999998,
    93.78500000000001,
    93.77900000000001,
    91.266,
    95.299,
    95.293,
    94.20299999999999,
    94.28699999999999,
    86.28399999999999,
    90.29499999999999,
    91.792,
    91.29499999999999,
    91.77100000000002,
    90.79,
    89.28099999999999,
    95.303,
    92.78900000000002,
    93.292,
    93.28900000000002,
    95.28400000000002,
    93.298,
    94.251,
    91.28200000000001,
    88.771,
    93.796,
    90.273,
    96.285,
    91.78600000000002,
    94.27599999999998,
    90.78899999999999,
    88.28,
    91.8,
    92.269,
    88.28,
    91.77699999999999,
    92.767,
    92.792,
    91.28,
    89.293,
    93.29,
    89.779,
    92.28099999999999,
    91.29,
    97.28599999999999,
    92.297,
    92.785,
    93.783,
    91.28299999999999,
    90.26699999999998,
    93.29400000000001,
    95.297,
    92.78099999999999,
    92.799,
    92.79499999999999,
    91.28400000000002,
    90.26199999999999,
    92.296,
    95.29100000000001,
    94.28900000000002,
    92.781,
    94.79400000000001,
    91.80699999999999,
    95.782,
    96.297,
    90.27,
    95.285,
    90.287,
    93.297,
    92.27700000000002,
    93.789,
    93.79899999999998,
    89.795,
    88.77799999999999,
    90.77900000000001,
    90.281,
    95.297,
    91.787,
    94.3,
    89.29199999999999,
    89.287,
    91.80400000000002,
    93.78299999999999,
    91.29599999999999,
    88.269,
    92.788,
    94.28799999999998,
    92.28099999999999,
    95.292,
    88.303,
    92.78099999999999,
    91.285,
    89.795,
    92.78699999999999,
    88.785,
    93.293,
    92.29299999999999,
    92.28599999999999,
    89.784,
    94.276,
    90.28400000000002,
    93.777,
    93.296,
    94.28399999999999,
    93.78599999999999,
    95.784,
    88.78200000000001,
    89.302,
    89.77399999999999,
    90.29,
    90.276,
    93.293,
    94.79399999999998,
    96.299,
    92.789,
    92.777,
    90.285,
    96.788,
    94.296,
    91.79100000000001,
    91.788,
    93.77000000000001,
    92.77900000000001,
    91.28699999999999,
    89.28099999999999,
    93.297,
    95.29499999999999,
    93.28400000000002,
    90.795,
    92.79399999999998,
    94.79400000000001,
    92.28799999999998,
    92.29400000000001,
    92.284,
    92.29299999999998,
    89.288,
    87.262,
    88.79100000000001,
    92.793,
    90.293,
    92.282,
    93.782,
    94.78299999999999,
    94.29,
    91.795,
    90.299,
    92.28800000000001,
    93.288,
    92.28099999999999,
    92.799,
    95.792,
    94.293,
    94.286,
    92.782,
    93.785,
    90.29299999999998,
    90.28600000000002,
    94.287,
    90.798,
    92.78099999999999,
    91.77600000000001,
    93.25500000000001,
    94.795,
    95.279,
    90.783,
    93.274,
    86.752,
    94.792,
    90.277,
    93.784,
    95.792,
    92.793,
    92.28799999999998,
    91.28299999999999,
    89.27099999999999,
    90.79100000000001,
    91.786,
    92.78299999999999,
    91.26400000000001,
    93.78600000000002,
    93.29400000000001,
    93.774,
    93.78299999999999,
    91.30499999999999,
    92.277,
    90.79599999999998,
    93.304,
    96.28900000000002,
    91.78,
    95.783,
    95.78299999999999,
    92.79100000000001,
    92.279,
    86.27099999999999,
    91.773,
    94.795,
    92.273,
    93.788,
    93.79,
    94.266,
    87.786,
    90.28900000000002,
    90.792,
    93.279,
    88.77400000000002,
    92.279,
    90.785,
    92.783,
    92.296,
    90.76399999999998,
    92.787,
    94.28999999999999,
    89.297,
    87.272,
    89.778,
    90.796,
    92.777,
    93.28799999999998,
    94.793,
    93.28200000000001,
    88.796,
    94.28800000000001,
    94.295,
    95.298,
    92.78300000000002,
    93.79800000000002,
    96.276,
    90.28999999999999,
    94.297,
    93.78100000000002,
    91.298,
    92.8,
    91.78500000000001,
    89.791,
    92.274,
    88.286,
    93.796,
    93.293,
    92.788,
    91.28299999999999,
    92.28,
    93.28300000000002,
    88.77000000000001,
    87.28,
    90.77700000000002,
    96.793,
    92.29899999999999,
    89.785,
    94.285,
    94.283,
    95.28800000000001,
    91.27900000000001,
    97.292,
    91.797,
    89.783,
    95.79099999999998,
    93.25999999999999,
    90.78599999999999,
    92.28000000000002,
    91.292,
    91.78799999999998,
    92.27900000000001,
    95.78799999999998,
    90.80199999999999,
    92.28999999999999,
    91.788,
    90.293,
    93.27900000000001,
    93.281,
    92.28699999999999,
    88.79300000000002,
    87.791,
    92.771,
    90.77000000000001,
    93.775,
    92.782,
    95.285,
    94.796,
    93.29100000000001,
    91.78299999999999,
    92.798,
    93.294,
    92.798,
    93.27399999999997,
    92.79,
    93.791,
    95.29399999999998,
    91.784,
    93.296,
    91.79400000000001,
    93.768,
    93.289,
    90.26,
    88.278,
    91.79599999999998,
    93.79,
    88.275,
    85.779,
    90.79199999999999,
    92.794,
    91.796,
    92.273,
    89.78699999999999,
    91.776,
