{
  "complexity": 9,
  "alpha": 0.3,
  "gamma": 0.9,
  "epsilon": 0.2,
  "extra_passages": 6,
  "avg_rewards": [
    -228.2359999999988,
    -25.500999999999472,
    51.24599999999991,
    63.57999999999995,
    59.33599999999999,
    62.124000000000024,
    72.16299999999998,
    72.95599999999999,
    71.56099999999996,
    77.214,
    76.79599999999998,
    85.452,
    82.436,
    76.199,
    79.868,
    86.929,
    89.061,
    87.605,
    81.99499999999999,
    96.246,
    80.636,
    90.114,
    91.67500000000001,
    93.71400000000001,
    92.244,
    94.746,
    92.779,
    92.23899999999999,
    94.264,
    94.249,
    92.261,
    94.76599999999999,
    94.295,
    87.761,
    95.81500000000003,
    95.771,
    93.805,
    89.771,
    92.31499999999998,
    92.28200000000001,
    94.32300000000001,
    92.33200000000001,
    94.31400000000001,
    97.32500000000002,
    91.306,
    93.33200000000001,
    88.706,
    95.83100000000002,
    96.32600000000001,
    93.30599999999998,
    94.816,
    93.82900000000001,
    96.299,
    96.816,
    93.816,
    94.81000000000002,
    94.822,
    96.324,
    95.821,
    92.812,
    93.81500000000001,
    94.817,
    94.81800000000001,
    95.814,
    93.32399999999998,
    91.314,
    92.828,
    94.82900000000002,
    95.314,
    96.33099999999999,
    92.82000000000002,
    96.321,
    95.30999999999999,
    94.313,
    96.816,
    92.81500000000001,
    94.292,
    97.82500000000002,
    96.326,
    96.311,
    96.82,
    95.31800000000001,
    93.83500000000001,
    93.80900000000001,
    94.32199999999999,
    96.31900000000002,
    93.804,
    93.831,
    94.309,
    94.81300000000002,
    95.324,
    96.30199999999999,
    93.807,
    96.827,
    95.32700000000003,
    93.31800000000001,
    94.82000000000002,
    92.32600000000001,
    97.31200000000001,
    97.82000000000002,
    97.33000000000001,
    92.30399999999999,
    93.32700000000001,
    95.82000000000001,
    95.81200000000001,
    94.31200000000001,
    94.82400000000001,
    95.31400000000001,
    93.824,
    94.82200000000002,
    91.297,
    96.296,
    95.326,
    96.321,
    94.31099999999999,
    97.333,
    95.312,
    96.81700000000001,
    96.31700000000001,
    96.80999999999999,
    93.814,
    93.33400000000002,
    94.81800000000001,
    93.31599999999999,
    93.32000000000001,
    95.83099999999999,
    92.813,
    92.81800000000001,
    93.81800000000001,
    91.809,
    96.315,
    96.31800000000001,
    94.325,
    96.82000000000001,
    94.33000000000001,
    93.812,
    95.31400000000001,
    93.827,
    96.84200000000001,
    96.312,
    95.81899999999999,
    94.311,
    94.31700000000002,
    97.32000000000001,
    95.82000000000001,
    94.32600000000001,
    95.304,
    96.32000000000001,
    95.30300000000001,
    95.81500000000001,
    95.81800000000001,
    97.811,
    94.825,
    94.31900000000002,
    95.32300000000001,
    96.81500000000001,
    93.83300000000001,
    92.822,
    97.31099999999999,
    94.312,
    92.30100000000002,
    96.82300000000002,
    96.83000000000001,
    94.309,
    94.82399999999998,
    92.81500000000001,
    94.806,
    93.81700000000001,
    96.32,
    95.82700000000001,
    91.83000000000001,
    95.31500000000001,
    95.82200000000003,
    93.30799999999999,
    92.81299999999999,
    93.82000000000001,
    96.32000000000001,
    96.82300000000002,
    92.81199999999998,
    93.81800000000001,
    95.81300000000002,
    98.82500000000002,
    94.815,
    94.31800000000001,
    96.31,
    95.81700000000001,
    91.81099999999999,
    93.324,
    94.82300000000001,
    92.80000000000001,
    92.813,
    92.304,
    93.31400000000001,
    94.83000000000001,
    96.312,
    92.813,
    93.82700000000003,
    96.306,
    98.33900000000001,
    91.795,
    95.823,
    95.825,
    92.32000000000001,
    95.828,
    94.322,
    93.821,
    95.84200000000001,
    93.31800000000001,
    95.32300000000001,
    94.814,
    96.317,
    96.815,
    97.82600000000001,
    93.31999999999998,
    94.827,
    95.311,
    94.791,
    96.814,
    96.31499999999998,
    94.32000000000001,
    96.30699999999999,
    95.828,
    94.81499999999998,
    93.32300000000001,
    95.321,
    96.324,
    97.831,
    94.804,
    93.822,
    94.822,
    95.326,
    95.82600000000001,
    95.816,
    95.32199999999997,
    92.32500000000002,
    96.82399999999998,
    95.30100000000002,
    95.82600000000001,
    95.32100000000001,
    96.329,
    94.33000000000001,
    93.31299999999999,
    93.82,
    92.821,
    92.302,
    94.31200000000001,
    94.33200000000002,
    95.32600000000001,
    94.29600000000002,
    93.33000000000001,
    95.80399999999999,
    93.325,
    89.82000000000001,
    95.823,
    96.82799999999997,
    97.32300000000001,
    94.31,
    93.31599999999999,
    93.82100000000001,
    97.32000000000002,
    94.328,
    93.82,
    94.83400000000002,
    98.319,
    97.80799999999999,
    92.814,
    94.309,
    91.828,
    94.821,
    91.31800000000001,
    98.33500000000001,
    96.81400000000001,
    96.316,
    92.316,
    93.81400000000001,
    92.82200000000002,
    91.828,
    93.31000000000002,
    93.818,
    95.822,
    92.31400000000001,
    93.79499999999999,
    90.817,
    96.296,
    96.81700000000001,
    94.81700000000001,
    94.312,
    95.82800000000002,
    95.311,
    96.826,
    96.32000000000002,
    94.83,
    95.32500000000002,
    93.30499999999999,
    94.323,
    95.30899999999997,
    97.326,
    95.322,
    94.31500000000001,
    95.315,
    96.32,
    96.833,
    96.306,
    94.30999999999999,
    94.31599999999999,
    93.81200000000001,
    96.31899999999999,
    96.318,
    97.82300000000001,
    95.798,
    97.328,
    96.319,
    93.83000000000001,
    95.806,
    94.316,
    94.312,
    97.321,
    92.806,
    89.80999999999999,
    91.815,
    96.328,
    93.81800000000001,
    93.31500000000001,
    93.31899999999999,
    96.82900000000002,
    96.312,
    96.83099999999999,
    92.809,
    95.313,
    95.31099999999999,
    95.32700000000001,
    94.81500000000003,
    92.311,
    95.80799999999999,
    93.81900000000002,
    92.32300000000001,
    93.336,
    91.81000000000002,
    93.32000000000001,
    96.321,
    94.81200000000001,
    92.293,
    90.829,
    94.32099999999998,
    93.825,
    96.32000000000001,
    95.31800000000001,
    93.81700000000001,
    92.82000000000001,
    94.331,
    93.812,
    93.82500000000002,
    92.32300000000001,
    95.809,
    95.31599999999999,
    94.32000000000001,
    93.29999999999998,
    95.813,
    96.32900000000002,
    92.821,
    95.81899999999999,
    95.321,
    89.823,
    93.31200000000001,
    91.799,
    94.82000000000002,
    94.308,
    94.81700000000001,
    91.79299999999998,
    93.31199999999998,
    93.33600000000001,
    89.33000000000001,
    94.30600000000001,
    96.81300000000002,
    90.827,
    91.32600000000001,
    96.32199999999999,
    95.32700000000001,
    94.81300000000002,
    95.31600000000002,
    95.81400000000001,
    94.821,
    93.81900000000003,
    95.808,
    93.312,
    94.826,
    95.311,
    96.81199999999998,
    93.80900000000001,
    95.82199999999999,
    94.31899999999999,
    93.81900000000002,
    91.804,
    95.83500000000001,
    95.80199999999999,
    96.328,
    88.821,
    95.811,
    94.32300000000001,
    93.31400000000001,
    96.82200000000002,
    96.322,
    94.82,
    92.316,
    94.82600000000001,
    93.80699999999999,
    91.31400000000001,
    95.306,
    97.82400000000001,
    95.79599999999999,
    95.81800000000001,
    95.82,
    96.32000000000002,
    97.812,
    90.81000000000002,
    91.314,
    92.316,
    96.82200000000002,
    96.30900000000001,
    95.816,
    94.833,
    90.811,
    95.32600000000001,
    92.30600000000001,
    96.312,
    93.815,
    97.315,
    97.32000000000001,
    94.804,
    93.31300000000002,
    93.81800000000001,
    93.31200000000001,
    93.82200000000002,
    95.292,
    95.312,
