{
  "complexity": 3,
  "alpha": 0.1,
  "gamma": 0.95,
  "epsilon": 0.2,
  "extra_passages": 12,
  "avg_rewards": [
    -216.93199999999857,
    8.909000000000102,
    45.41499999999995,
    60.563,
    45.05799999999995,
    61.06799999999997,
    65.80099999999996,
    70.376,
    70.37999999999995,
    79.603,
    80.277,
    70.33999999999997,
    79.149,
    73.39799999999998,
    88.406,
    85.21399999999998,
    85.857,
    83.32399999999998,
    79.81300000000002,
    91.982,
    80.88400000000001,
    89.99900000000001,
    82.26799999999997,
    93.04800000000002,
    88.01400000000001,
    91.06099999999999,
    89.584,
    85.59,
    83.91300000000001,
    84.398,
    85.525,
    94.179,
    88.00499999999998,
    92.58200000000001,
    94.156,
    89.148,
    88.56,
    92.07000000000001,
    92.20900000000002,
    93.142,
    90.55199999999999,
    91.57000000000001,
    95.71099999999998,
    93.729,
    91.73500000000001,
    88.178,
    93.672,
    94.13699999999999,
    93.18200000000002,
    92.212,
    91.139,
    95.71700000000001,
    92.74499999999999,
    92.674,
    92.70500000000001,
    93.203,
    94.236,
    93.24600000000001,
    93.75,
    93.71900000000001,
    95.723,
    95.263,
    96.21100000000001,
    92.761,
    90.74799999999999,
    94.277,
    95.23299999999999,
    93.753,
    93.77999999999999,
    97.749,
    93.767,
    98.28900000000002,
    96.27099999999999,
    92.76899999999999,
    96.256,
    94.77,
    94.281,
    97.793,
    94.316,
    93.793,
    95.28500000000001,
    96.798,
    96.299,
    92.785,
    92.297,
    94.804,
    95.321,
    95.304,
    93.31300000000002,
    92.803,
    95.281,
    97.81300000000002,
    92.28299999999999,
    96.808,
    96.81500000000001,
    97.816,
    95.309,
    94.822,
    96.81099999999999,
    94.31200000000001,
    95.319,
    91.807,
    94.818,
    97.33,
    97.816,
    95.82300000000002,
    98.322,
    95.32399999999998,
    93.328,
    94.82900000000001,
    93.31200000000001,
    92.82500000000002,
    96.32600000000001,
    96.825,
    94.808,
    97.807,
    94.81700000000001,
    96.82700000000003,
    93.31400000000001,
    96.32500000000002,
    96.33200000000002,
    96.31400000000001,
    92.814,
    92.31299999999999,
    98.32900000000001,
    92.31700000000001,
    95.82600000000001,
    94.833,
    97.31,
    95.301,
    95.31500000000001,
    97.30600000000001,
    95.31800000000001,
    94.81,
    95.31099999999999,
    95.82000000000001,
    95.84200000000001,
    94.816,
    93.82500000000002,
    93.30799999999999,
    96.81600000000002,
    94.80900000000001,
    95.31,
    93.83400000000002,
    97.319,
    95.315,
    96.32399999999998,
    94.30600000000001,
    94.816,
    96.328,
    95.32900000000002,
    97.821,
    93.80199999999999,
    92.31000000000002,
    95.31799999999998,
    97.31800000000003,
    94.30100000000002,
    98.326,
    95.82,
    96.82600000000001,
    94.30600000000001,
    97.81800000000001,
    97.81799999999998,
    96.32400000000001,
    94.31,
    93.81700000000001,
    95.31899999999999,
    94.311,
    95.31300000000002,
    94.81800000000001,
    98.82300000000001,
    95.31900000000002,
    94.822,
    92.32900000000001,
    96.31500000000003,
    94.30100000000002,
    94.819,
    98.828,
    96.321,
    93.83300000000001,
    93.805,
    94.303,
    94.816,
    91.822,
    95.32700000000001,
    96.819,
    93.81800000000001,
    96.31500000000003,
    94.813,
    93.322,
    92.81000000000002,
    97.813,
    97.311,
    94.80499999999999,
    92.31800000000001,
    96.33000000000001,
    97.324,
    96.31800000000001,
    98.822,
    95.30600000000001,
    93.322,
    95.809,
    96.81699999999998,
    95.321,
    95.812,
    97.79400000000001,
    97.80999999999999,
    97.316,
    94.31800000000001,
    94.81500000000001,
    94.326,
    98.801,
    93.80900000000001,
    92.304,
    95.32,
    93.31800000000001,
    92.298,
    94.83,
    97.312,
    94.31500000000001,
    95.824,
    96.31500000000001,
    94.82300000000001,
    97.81700000000001,
    94.34100000000001,
    96.30600000000001,
    93.32200000000002,
    95.32200000000002,
    96.803,
    93.816,
    93.811,
    96.81500000000001,
    94.801,
    95.82900000000002,
    93.82300000000001,
    93.8,
    94.326,
    94.81599999999999,
    94.312,
    95.83000000000001,
    92.315,
    93.322,
    95.81299999999999,
    92.33000000000001,
    96.812,
    95.818,
    94.32200000000002,
    94.30800000000002,
    95.326,
    95.816,
    94.33500000000001,
    96.324,
    95.30700000000002,
    95.321,
    94.83400000000002,
    94.80100000000002,
    94.79899999999999,
    94.804,
    96.816,
    95.311,
    92.816,
    92.307,
    94.81400000000001,
    95.315,
    95.821,
    90.82100000000001,
    94.828,
    94.81899999999999,
    97.831,
    93.83100000000002,
    95.30300000000001,
    95.78999999999999,
    92.32400000000001,
    96.82100000000001,
    94.30799999999999,
    94.81099999999999,
    93.81800000000001,
    93.81400000000001,
    95.83000000000001,
    97.309,
    95.329,
    95.29899999999999,
    96.81500000000001,
    93.812,
    94.32300000000002,
    95.307,
    96.826,
    96.30399999999999,
    94.32300000000001,
    95.31800000000001,
    95.811,
    98.82300000000001,
    95.82100000000001,
    95.32000000000001,
    96.33200000000002,
    94.31500000000001,
    94.816,
    96.826,
    95.31500000000001,
    95.82900000000002,
    94.32500000000002,
    93.79800000000002,
    96.81800000000001,
    94.809,
    94.313,
    93.311,
    96.80400000000002,
    96.319,
    97.81499999999998,
    93.31200000000001,
    93.306,
    95.82300000000001,
    94.32200000000002,
    94.821,
    95.817,
    93.321,
    96.319,
    93.82000000000001,
    95.31099999999999,
    95.33900000000003,
    95.82700000000003,
    91.819,
    88.809,
    93.29199999999999,
    96.824,
    92.316,
    94.825,
    95.80799999999999,
    95.81200000000001,
    92.31200000000001,
    94.31700000000001,
    94.814,
    93.30699999999999,
    95.31800000000001,
    93.82500000000002,
    94.311,
    94.32100000000001,
    95.822,
    96.32100000000001,
    96.826,
    96.816,
    94.81700000000001,
    93.32900000000002,
    95.82300000000001,
    94.81000000000002,
    94.32,
    97.82500000000002,
    95.31700000000002,
    98.31199999999998,
    96.32000000000001,
    93.309,
    98.81700000000001,
    94.81500000000001,
    95.307,
    94.81799999999998,
    96.309,
    94.80699999999999,
    95.83000000000001,
    95.32200000000002,
    92.82699999999998,
    95.314,
    96.82700000000001,
    96.32700000000001,
    96.31300000000002,
    96.81200000000001,
    94.31900000000002,
    94.83600000000001,
    94.81700000000001,
    95.32600000000001,
    97.80099999999999,
    96.80399999999999,
    88.80100000000002,
    95.82200000000003,
    93.31800000000001,
    96.815,
    96.32600000000001,
    94.798,
    92.32200000000002,
    96.81800000000001,
    94.31700000000002,
    93.81800000000001,
    97.806,
    96.30499999999999,
    96.311,
    97.319,
    94.804,
    96.29,
    96.31700000000001,
    93.79400000000001,
    95.31700000000001,
    95.311,
    96.82100000000001,
    91.30999999999999,
    95.82100000000001,
    96.82000000000002,
    95.803,
    92.328,
    96.823,
    92.81900000000002,
    94.29899999999999,
    94.32000000000001,
    92.322,
    95.32300000000001,
    94.82500000000002,
    94.308,
    95.33200000000002,
    94.82400000000001,
    96.81500000000001,
    97.32300000000001,
    94.816,
    93.31599999999999,
    95.80300000000003,
    94.83399999999999,
    95.81500000000001,
    93.79099999999998,
    95.30999999999999,
    95.318,
    97.32700000000001,
    91.792,
    97.33000000000001,
    97.321,
    94.304,
    96.32300000000001,
    94.31199999999998,
    96.31299999999999,
    93.82500000000002,
    95.833,
    98.32300000000001,
    94.30199999999999,
    93.29400000000001,
