{
  "complexity": 4,
  "alpha": 0.1,
  "gamma": 0.95,
  "epsilon": 0.3,
  "extra_passages": 11,
  "avg_rewards": [
    -313.3459999999978,
    -36.469999999999764,
    2.6949999999997942,
    26.5989999999998,
    38.30599999999992,
    51.169999999999945,
    32.424999999999855,
    55.749999999999986,
    54.39299999999994,
    43.274999999999935,
    70.13000000000001,
    62.710000000000015,
    61.940999999999995,
    75.813,
    72.22300000000001,
    82.33599999999998,
    74.351,
    72.23100000000001,
    80.458,
    78.34299999999998,
    75.31299999999999,
    79.328,
    87.01400000000001,
    82.444,
    83.967,
    82.96900000000002,
    84.013,
    83.106,
    82.064,
    85.023,
    85.088,
    87.581,
    78.00899999999999,
    83.12300000000002,
    87.63499999999999,
    80.099,
    82.15700000000001,
    86.47999999999999,
    88.72099999999999,
    88.18499999999999,
    82.59,
    91.168,
    87.703,
    87.127,
    89.22,
    89.18100000000001,
    86.65,
    89.156,
    84.178,
    87.732,
    89.138,
    88.748,
    88.68800000000002,
    79.16099999999999,
    89.247,
    90.718,
    92.209,
    90.744,
    92.24999999999997,
    92.226,
    90.744,
    93.28,
    93.253,
    93.738,
    94.264,
    91.259,
    91.274,
    92.73999999999998,
    89.772,
    93.295,
    88.74600000000001,
    91.777,
    90.289,
    91.27199999999998,
    95.792,
    91.779,
    90.268,
    94.30700000000002,
    87.77700000000002,
    88.27499999999998,
    89.29499999999999,
    89.787,
    90.78999999999999,
    90.77799999999999,
    91.79599999999999,
    86.79799999999997,
    93.298,
    89.28699999999999,
    93.28900000000002,
    89.301,
    90.30600000000001,
    90.769,
    89.30300000000001,
    90.276,
    90.276,
    96.81500000000001,
    94.28599999999999,
    92.291,
    91.79299999999999,
    85.80199999999999,
    92.30699999999999,
    93.29299999999999,
    90.795,
    90.306,
    93.79800000000003,
    90.28299999999999,
    90.28399999999999,
    84.30400000000002,
    91.296,
    93.304,
    90.81599999999999,
    91.29400000000001,
    89.273,
    91.791,
    93.81,
    89.81700000000001,
    90.81000000000002,
    93.32200000000003,
    94.78800000000001,
    90.785,
    86.786,
    94.779,
    93.29399999999998,
    84.79,
    90.80600000000001,
    88.78699999999999,
    87.291,
    93.311,
    92.29400000000001,
    87.784,
    91.301,
    88.28999999999999,
    89.30099999999997,
    87.78999999999999,
    87.28399999999998,
    93.80099999999997,
    91.78100000000002,
    94.79599999999999,
    93.28299999999999,
    91.79199999999999,
    92.78800000000001,
    88.277,
    93.308,
    91.78900000000002,
    91.28400000000002,
    91.29,
    93.80799999999999,
    88.3,
    93.30199999999999,
    88.279,
    93.317,
    94.81800000000001,
    88.76699999999998,
    91.28999999999999,
    90.78200000000001,
    92.28099999999998,
    91.285,
    84.28200000000001,
    93.797,
    89.288,
    91.32100000000001,
    95.815,
    88.31099999999999,
    90.296,
    93.30199999999999,
    92.798,
    90.78399999999999,
    92.303,
    90.78099999999999,
    85.301,
    87.30900000000001,
    89.77199999999999,
    92.80400000000002,
    89.3,
    92.31,
    86.27000000000001,
    90.30600000000001,
    90.30100000000002,
    93.80100000000002,
    89.298,
    94.293,
    89.79499999999999,
    96.31099999999999,
    92.29800000000002,
    89.781,
    90.79600000000002,
    88.788,
    92.299,
    92.80699999999999,
    95.304,
    91.81,
    86.30600000000001,
    92.277,
    89.307,
    91.78899999999999,
    88.801,
    87.288,
    91.311,
    90.82300000000001,
    89.79299999999999,
    88.79,
    89.311,
    90.29800000000003,
    91.77399999999999,
    88.28299999999999,
    84.28999999999999,
    89.799,
    91.78600000000002,
    89.787,
    92.27799999999999,
    91.28200000000001,
    91.275,
    91.806,
    86.79100000000003,
    93.30499999999998,
    92.28399999999999,
    92.277,
    93.285,
    93.77000000000001,
    93.789,
    88.79899999999999,
    92.287,
    93.805,
    90.81800000000001,
    93.78900000000002,
    90.78999999999999,
    92.29899999999999,
    87.785,
    90.297,
    92.82000000000001,
    92.28599999999999,
    92.80699999999999,
    87.79100000000001,
    89.29299999999999,
    92.792,
    93.29499999999999,
    87.80800000000002,
    89.28799999999998,
    87.276,
    87.78399999999999,
    88.301,
    93.28100000000002,
    89.787,
    84.77,
    94.26499999999999,
    92.791,
    91.27599999999998,
    92.297,
    90.79299999999998,
    90.77700000000002,
    92.80600000000001,
    86.24600000000001,
    91.799,
    90.78900000000002,
    92.30299999999997,
    89.79199999999999,
    93.8,
    88.802,
    91.796,
    91.292,
    91.285,
    92.30499999999998,
    90.785,
    89.80500000000002,
    93.307,
    91.78700000000002,
    91.796,
    91.78899999999999,
    87.792,
    90.78399999999999,
    91.293,
    91.804,
    92.316,
    88.78299999999999,
    93.304,
    91.29800000000002,
    94.78699999999999,
    93.30799999999999,
    93.80700000000002,
    88.78600000000002,
    91.808,
    96.30600000000001,
    93.303,
    86.29399999999998,
    92.295,
    93.796,
    87.275,
    90.80000000000001,
    84.78699999999999,
    94.314,
    91.291,
    90.31,
    90.792,
    90.27,
    89.81800000000001,
    90.311,
    90.801,
    91.28399999999999,
    88.301,
    89.26799999999999,
    91.79799999999999,
    91.311,
    91.293,
    90.318,
    90.314,
    91.296,
    90.71499999999999,
    88.775,
    92.29499999999999,
    89.81200000000001,
    89.77399999999999,
    91.788,
    91.804,
    96.30500000000002,
    92.283,
    91.797,
    93.31200000000003,
    95.811,
    91.30999999999999,
    88.288,
    92.30499999999999,
    90.27900000000001,
    88.283,
    91.788,
    92.314,
    92.288,
    88.309,
    92.288,
    88.78899999999999,
    88.783,
    94.765,
    92.286,
    94.26700000000001,
    92.269,
    92.279,
    89.28299999999999,
    93.279,
    94.804,
    88.79599999999999,
    89.27799999999999,
    91.786,
    88.26399999999998,
    89.293,
    91.309,
    92.294,
    89.793,
    91.803,
    90.29100000000001,
    92.77400000000003,
    90.28,
    93.297,
    92.79099999999998,
    88.263,
    86.284,
    89.285,
    90.782,
    89.799,
    90.80199999999999,
    95.30199999999999,
    85.771,
    90.29400000000001,
    87.28299999999997,
    92.81300000000002,
    94.789,
    88.309,
    94.28,
    88.792,
    94.28799999999998,
    92.286,
    90.29100000000001,
    85.79100000000001,
    90.78600000000002,
    90.799,
    89.273,
    92.78000000000002,
    86.78999999999999,
    91.29399999999998,
    94.275,
    88.28799999999998,
    91.78999999999999,
    90.291,
    93.31400000000001,
    87.28699999999999,
    90.791,
    88.82000000000001,
    93.79999999999998,
    94.77400000000002,
    90.29299999999999,
    91.801,
    90.269,
    94.29099999999998,
    87.277,
    93.289,
    84.28800000000001,
    90.777,
    92.27800000000002,
    88.804,
    89.28800000000001,
    87.78900000000002,
    93.307,
    93.77799999999999,
    91.77799999999999,
    93.275,
    95.3,
    91.28999999999999,
    93.286,
    88.77900000000002,
    93.28899999999999,
    92.78399999999999,
    91.28999999999999,
    92.288,
    86.27600000000001,
    87.79100000000001,
    92.30799999999999,
    90.796,
    90.79799999999999,
    92.277,
    85.28999999999999,
    92.79299999999999,
    93.79800000000002,
    90.30999999999999,
    93.78199999999998,
    93.285,
    88.78699999999999,
    92.77,
    93.29100000000001,
    87.286,
    94.78999999999999,
    89.774,
    90.292,
    92.78099999999999,
    92.28799999999998,
    87.78099999999999,
    93.29099999999998,
    93.28999999999999,
    91.302,
    89.76299999999999,
    92.80799999999999,
    92.814,
    89.78900000000002,
    91.789,
    90.795,
    89.76499999999999,
    92.292,
