{
  "complexity": 2,
  "alpha": 0.3,
  "gamma": 0.9,
  "epsilon": 0.2,
  "extra_passages": 13,
  "avg_rewards": [
    -282.91399999999766,
    32.95799999999991,
    67.71899999999998,
    59.01299999999994,
    67.727,
    77.51700000000001,
    77.61899999999997,
    79.23299999999998,
    79.19200000000001,
    84.27299999999998,
    83.17999999999999,
    84.857,
    75.72799999999998,
    87.549,
    93.534,
    94.631,
    84.34199999999998,
    92.61500000000001,
    89.11099999999999,
    94.57600000000001,
    87.595,
    92.639,
    91.683,
    90.657,
    92.67999999999999,
    94.742,
    93.11600000000001,
    92.21600000000001,
    91.75399999999999,
    90.68100000000001,
    95.731,
    93.707,
    88.26,
    94.26799999999999,
    94.74300000000001,
    93.25699999999999,
    92.79899999999999,
    95.28399999999999,
    96.30099999999999,
    97.293,
    96.287,
    93.79400000000001,
    94.28299999999999,
    96.323,
    95.80499999999999,
    91.80000000000003,
    93.818,
    95.297,
    98.81400000000001,
    96.309,
    94.81900000000002,
    94.30800000000002,
    97.319,
    94.82400000000003,
    95.328,
    96.33500000000001,
    94.31199999999998,
    95.82000000000001,
    96.825,
    95.309,
    94.31800000000001,
    93.80900000000001,
    95.809,
    97.32400000000003,
    94.83700000000002,
    94.32700000000003,
    94.825,
    96.32200000000002,
    96.298,
    95.81300000000002,
    95.319,
    95.83200000000001,
    95.33200000000002,
    93.329,
    95.818,
    94.80799999999999,
    95.313,
    94.82700000000003,
    96.81800000000001,
    93.313,
    93.815,
    93.29599999999999,
    95.299,
    93.83300000000001,
    96.824,
    94.825,
    97.305,
    93.312,
    91.81599999999999,
    92.81300000000002,
    95.81300000000002,
    95.821,
    93.80000000000001,
    96.29400000000001,
    96.82800000000002,
    94.82500000000002,
    94.81200000000001,
    94.319,
    98.32700000000001,
    93.824,
    93.809,
    96.82000000000002,
    94.82400000000003,
    94.81899999999999,
    96.81700000000001,
    95.81300000000002,
    94.314,
    96.299,
    95.81,
    92.82300000000001,
    97.83500000000001,
    93.80699999999999,
    94.83400000000002,
    96.30600000000001,
    96.81300000000002,
    94.81500000000001,
    94.82200000000002,
    95.8,
    97.81700000000001,
    97.30499999999998,
    93.80199999999999,
    93.32600000000001,
    96.329,
    97.32300000000001,
    96.31299999999999,
    94.815,
    95.31099999999999,
    95.31800000000001,
    95.811,
    97.315,
    97.825,
    96.81300000000002,
    95.315,
    94.30599999999998,
    95.81500000000001,
    95.821,
    94.312,
    94.31200000000001,
    97.32400000000003,
    93.31300000000002,
    92.814,
    93.306,
    93.313,
    94.302,
    95.30199999999999,
    95.299,
    94.31400000000001,
    93.814,
    93.82600000000001,
    95.82199999999999,
    95.82199999999999,
    95.80300000000001,
    93.82300000000001,
    97.80300000000001,
    96.805,
    94.815,
    92.31700000000001,
    97.32200000000002,
    97.30799999999999,
    96.31600000000002,
    92.819,
    96.82100000000001,
    95.81699999999998,
    97.322,
    93.82900000000001,
    94.29999999999998,
    93.83400000000002,
    95.32500000000002,
    94.31600000000002,
    94.807,
    93.309,
    94.32300000000001,
    93.82500000000002,
    98.31300000000002,
    96.322,
    93.32399999999998,
    92.801,
    96.309,
    97.319,
    97.81700000000002,
    95.801,
    96.82500000000002,
    93.31200000000001,
    94.313,
    94.33400000000002,
    97.328,
    95.823,
    93.825,
    94.32200000000002,
    95.80600000000001,
    94.28999999999999,
    95.82800000000002,
    93.319,
    95.315,
    96.30900000000001,
    95.81999999999998,
    95.80600000000001,
    93.795,
    92.82300000000001,
    94.814,
    93.31700000000002,
    96.82300000000001,
    96.321,
    94.809,
    96.321,
    93.325,
    93.82000000000002,
    93.311,
    97.31500000000001,
    95.333,
    94.82300000000001,
    96.79100000000003,
    95.82600000000002,
    92.31300000000002,
    94.30300000000001,
    96.81200000000001,
    91.81500000000001,
    95.30799999999999,
    97.821,
    96.29600000000002,
    95.326,
    96.33099999999999,
    96.81400000000002,
    95.32399999999998,
    96.316,
    96.816,
    94.819,
    94.802,
    96.818,
    95.82300000000001,
    95.32000000000002,
    97.328,
    93.81899999999999,
    95.815,
    96.33500000000001,
    96.82500000000002,
    96.31500000000001,
    91.319,
    95.32000000000001,
    94.30699999999999,
    94.814,
    96.82100000000001,
    95.81300000000002,
    93.316,
    93.31200000000001,
    94.32499999999999,
    97.32500000000002,
    96.828,
    98.83100000000002,
    96.32400000000001,
    95.31700000000001,
    95.328,
    94.81200000000001,
    93.31300000000002,
    97.314,
    96.30999999999999,
    96.307,
    93.809,
    91.30900000000001,
    95.811,
    94.82300000000001,
    95.322,
    95.32500000000002,
    94.81800000000001,
    95.31800000000001,
    92.816,
    95.811,
    95.82200000000002,
    94.31500000000003,
    95.82000000000002,
    94.82400000000001,
    97.307,
    98.317,
    96.33300000000001,
    95.32200000000002,
    95.33500000000001,
    95.821,
    96.80999999999999,
    94.79299999999999,
    97.306,
    96.323,
    94.32700000000001,
    94.822,
    96.82200000000002,
    97.80199999999999,
    93.82300000000001,
    92.825,
    93.81700000000001,
    92.791,
    96.826,
    93.304,
    95.30999999999999,
    94.32200000000002,
    96.32700000000001,
    95.81700000000001,
    96.31700000000001,
    96.80499999999999,
    93.82900000000001,
    95.809,
    97.306,
    90.31700000000001,
    96.32700000000001,
    95.317,
    95.82400000000001,
    92.811,
    95.325,
    95.32300000000001,
    97.31900000000002,
    97.831,
    95.31000000000003,
    95.812,
    94.807,
    94.31499999999998,
    96.32300000000001,
    91.83000000000001,
    94.315,
    93.304,
    95.82100000000001,
    96.32200000000002,
    93.828,
    92.80700000000002,
    95.319,
    94.81500000000001,
    92.317,
    94.32000000000001,
    94.81700000000001,
    97.31000000000002,
    94.82000000000001,
    95.30999999999999,
    92.31400000000001,
    96.80699999999999,
    93.31200000000001,
    95.30900000000001,
    94.80800000000002,
    97.33000000000001,
    98.799,
    95.32,
    94.816,
    95.815,
    87.324,
    93.81299999999999,
    90.811,
    93.31400000000001,
    96.324,
    97.31599999999999,
    93.83200000000002,
    97.83200000000001,
    94.30600000000001,
    97.81200000000001,
    94.305,
    92.813,
    94.809,
    94.81,
    95.819,
    95.82300000000001,
    95.315,
    92.313,
    96.82200000000002,
    93.324,
    95.319,
    95.31800000000001,
    96.82300000000001,
    94.822,
    96.32,
    95.32000000000001,
    95.325,
    96.328,
    91.30999999999999,
    93.82900000000001,
    96.83099999999999,
    95.311,
    93.31300000000002,
    97.32300000000001,
    95.31800000000001,
    95.81400000000001,
    93.82300000000001,
    94.816,
    94.80600000000001,
    93.81800000000001,
    97.323,
    97.32300000000001,
    94.82000000000002,
    90.319,
    94.30600000000001,
    95.819,
    94.313,
    94.303,
    95.828,
    94.806,
    95.797,
    92.30600000000001,
    95.814,
    94.809,
    93.331,
    95.819,
    95.816,
    95.80900000000001,
    95.82300000000001,
    95.30600000000001,
    94.81,
    97.83100000000002,
    96.311,
    94.31600000000002,
    95.31900000000002,
    95.82600000000001,
    95.82500000000002,
    94.822,
    92.31099999999999,
    92.807,
    94.30799999999999,
    93.81800000000001,
    94.819,
    94.819,
    93.81300000000002,
    95.303,
    96.314,
    92.804,
    96.824,
    97.811,
    96.325,
    95.32200000000002,
    97.31200000000001,
    95.318,
    95.811,
    98.299,
    95.83200000000001,
    93.79899999999999,
    95.81700000000001,
