{
  "complexity": 3,
  "alpha": 0.3,
  "gamma": 0.9,
  "epsilon": 0.2,
  "extra_passages": 12,
  "avg_rewards": [
    -260.033999999998,
    23.853999999999832,
    59.47899999999995,
    63.96899999999997,
    83.12399999999998,
    68.32599999999996,
    72.95500000000001,
    84.097,
    77.55600000000001,
    84.437,
    84.808,
    86.959,
    83.343,
    89.517,
    86.43,
    87.455,
    93.15299999999999,
    89.922,
    88.60299999999998,
    92.691,
    91.595,
    91.09100000000001,
    90.624,
    88.607,
    90.674,
    91.736,
    89.69800000000001,
    88.17899999999999,
    95.771,
    94.21799999999999,
    93.726,
    95.25800000000001,
    93.755,
    90.745,
    95.716,
    93.73199999999999,
    92.76700000000001,
    96.28099999999999,
    92.78799999999998,
    95.79099999999998,
    98.77799999999999,
    94.30300000000001,
    95.78299999999999,
    97.319,
    91.81700000000001,
    96.311,
    94.812,
    95.31500000000001,
    94.81699999999998,
    95.79099999999998,
    96.31400000000001,
    95.30399999999999,
    93.813,
    95.29700000000001,
    93.32400000000001,
    97.82400000000001,
    94.31800000000001,
    97.822,
    95.318,
    92.81400000000001,
    91.322,
    93.32600000000002,
    91.314,
    95.314,
    92.822,
    94.32900000000002,
    96.82500000000002,
    93.82000000000002,
    93.32700000000001,
    95.81900000000003,
    95.812,
    95.316,
    94.32600000000001,
    95.82900000000001,
    91.31099999999999,
    96.834,
    92.831,
    94.331,
    94.828,
    94.82100000000003,
    94.81900000000002,
    93.31500000000003,
    94.32300000000001,
    93.32300000000001,
    95.32200000000002,
    92.31500000000001,
    96.32400000000001,
    94.831,
    92.32000000000002,
    95.82000000000001,
    94.31899999999999,
    97.313,
    97.80199999999999,
    93.82300000000001,
    94.816,
    94.32900000000001,
    92.80199999999999,
    96.83200000000001,
    94.322,
    97.311,
    96.81500000000001,
    90.801,
    96.816,
    94.83500000000001,
    95.817,
    97.82700000000003,
    95.809,
    97.816,
    92.82600000000002,
    95.32,
    92.319,
    94.322,
    93.82700000000001,
    98.316,
    95.30499999999999,
    94.816,
    95.32300000000001,
    93.821,
    95.33100000000002,
    94.816,
    94.81299999999999,
    97.831,
    96.316,
    97.31700000000001,
    92.82700000000003,
    96.32,
    93.81899999999999,
    97.816,
    95.3,
    95.82700000000001,
    93.80699999999999,
    96.83100000000002,
    94.822,
    93.82500000000002,
    93.82099999999998,
    94.32700000000003,
    94.81,
    97.81800000000001,
    94.31500000000001,
    93.309,
    94.33100000000002,
    93.79899999999998,
    95.809,
    89.826,
    95.30199999999998,
    95.31500000000001,
    98.818,
    96.81199999999998,
    96.809,
    93.81500000000001,
    94.31,
    91.82300000000001,
    91.82400000000003,
    93.81500000000001,
    93.819,
    98.32200000000002,
    95.32300000000001,
    94.31200000000001,
    97.306,
    95.31700000000001,
    95.322,
    95.316,
    96.815,
    92.298,
    93.3,
    97.82600000000001,
    97.31800000000001,
    95.33300000000001,
    94.82900000000002,
    95.812,
    95.82300000000001,
    97.33100000000002,
    94.816,
    96.33900000000001,
    96.81000000000003,
    95.81099999999999,
    93.314,
    91.313,
    92.81800000000001,
    95.83000000000001,
    96.82000000000001,
    94.798,
    93.80699999999999,
    94.82800000000002,
    95.314,
    93.32600000000002,
    94.326,
    95.80699999999999,
    94.822,
    92.319,
    96.324,
    97.32400000000001,
    95.81299999999999,
    94.81700000000001,
    97.81,
    94.30999999999999,
    95.31199999999998,
    96.31200000000001,
    96.32900000000001,
    95.30799999999999,
    95.821,
    93.81199999999998,
    96.324,
    93.811,
    92.81300000000002,
    96.82600000000002,
    93.30999999999999,
    94.83400000000002,
    93.32100000000001,
    93.32399999999998,
    94.313,
    95.828,
    94.81899999999999,
    95.32000000000001,
    95.29599999999999,
    97.831,
    94.81300000000002,
    94.824,
    93.80699999999999,
    97.329,
    95.81800000000001,
    94.32399999999998,
    97.312,
    92.82100000000001,
    94.805,
    97.32000000000001,
    97.326,
    96.821,
    95.316,
    94.311,
    95.80300000000001,
    94.31200000000001,
    98.33000000000001,
    98.314,
    92.31199999999998,
    97.32600000000001,
    93.832,
    96.80600000000001,
    94.817,
    94.30799999999999,
    95.327,
    94.828,
    94.81700000000001,
    94.312,
    96.323,
    94.826,
    95.799,
    93.8,
    97.32500000000002,
    96.82,
    95.32400000000001,
    97.30799999999999,
    93.312,
    95.81300000000002,
    93.318,
    92.80999999999999,
    92.80800000000002,
    96.31500000000001,
    94.319,
    94.813,
    98.81,
    95.822,
    96.33099999999999,
    91.78699999999999,
    98.82300000000001,
    92.30900000000001,
    94.80700000000002,
    96.826,
    94.81,
    97.80900000000001,
    92.804,
    95.321,
    94.809,
    96.33200000000001,
    92.80600000000001,
    93.82800000000002,
    96.319,
    95.81199999999998,
    96.31300000000002,
    95.31400000000001,
    93.80699999999999,
    95.824,
    94.821,
    94.30499999999999,
    94.82300000000001,
    95.314,
    95.81099999999999,
    96.32,
    95.31000000000002,
    96.82100000000001,
    93.82500000000002,
    93.813,
    96.306,
    97.327,
    94.32800000000002,
    92.81500000000001,
    94.30900000000001,
    93.808,
    95.821,
    92.31899999999999,
    96.819,
    93.31800000000003,
    94.80699999999999,
    96.831,
    93.81500000000001,
    94.81800000000001,
    97.803,
    96.324,
    94.32,
    96.31,
    96.313,
    94.81500000000001,
    96.32600000000002,
    96.32300000000001,
    93.31200000000001,
    92.31000000000002,
    97.325,
    94.813,
    94.31800000000001,
    95.818,
    94.8,
    94.32700000000001,
    96.328,
    93.31300000000002,
    96.311,
    95.81300000000002,
    95.32300000000001,
    97.83,
    94.806,
    94.82600000000001,
    95.32499999999999,
    95.809,
    91.811,
    96.81900000000002,
    96.33300000000001,
    96.32399999999998,
    94.318,
    94.32000000000001,
    98.32300000000001,
    95.31199999999998,
    93.814,
    96.824,
    95.80800000000002,
    94.825,
    95.78399999999999,
    95.81900000000002,
    94.32900000000001,
    97.31900000000002,
    92.304,
    94.807,
    93.303,
    97.33400000000002,
    96.31000000000002,
    95.803,
    95.809,
    95.81099999999999,
    95.308,
    94.319,
    95.32300000000001,
    92.81499999999998,
    93.80499999999999,
    96.81,
    96.82400000000001,
    95.807,
    95.82000000000001,
    96.32000000000001,
    95.82000000000001,
    97.824,
    94.828,
    98.32399999999998,
    98.313,
    93.812,
    95.31800000000001,
    95.31800000000001,
    95.31900000000002,
    95.81700000000001,
    96.33900000000001,
    97.32400000000001,
    95.81099999999996,
    97.33300000000001,
    92.804,
    93.81500000000001,
    94.32000000000001,
    97.32400000000001,
    95.83100000000002,
    97.307,
    96.82000000000002,
    93.831,
    92.82200000000003,
    94.806,
    94.314,
    96.811,
    95.31400000000001,
    95.81700000000001,
    94.83000000000001,
    95.327,
    93.825,
    96.82100000000001,
    94.31900000000002,
    94.32000000000001,
    94.805,
    93.804,
    96.83200000000002,
    95.8,
    96.804,
    94.81500000000001,
    96.826,
    93.313,
    96.276,
    94.31899999999999,
    95.32099999999998,
    95.82800000000002,
    94.319,
    92.80600000000001,
    96.321,
    92.801,
    92.79799999999997,
    93.324,
    94.81499999999998,
    92.811,
    98.317,
    95.31599999999999,
    95.30499999999999,
    97.315,
    96.32000000000002,
    95.30600000000001,
    94.31200000000001,
    95.30800000000002,
    94.313,
    96.824,
    95.292,
    92.81699999999998,
    93.80799999999999,
    95.81899999999999,
