{
  "complexity": 0,
  "alpha": 0.3,
  "gamma": 0.85,
  "epsilon": 0.1,
  "extra_passages": 15,
  "avg_rewards": [
    -223.5099999999981,
    58.81299999999995,
    82.69699999999993,
    79.87499999999996,
    87.89900000000003,
    90.919,
    91.24799999999999,
    90.169,
    92.633,
    91.265,
    91.267,
    95.409,
    94.55999999999999,
    95.87700000000001,
    95.084,
    95.44800000000001,
    93.37100000000001,
    96.56300000000002,
    97.643,
    96.60300000000001,
    97.143,
    95.10000000000001,
    97.14000000000001,
    98.15700000000001,
    98.648,
    97.171,
    96.213,
    98.21900000000001,
    96.672,
    95.729,
    97.69699999999999,
    94.73400000000001,
    99.224,
    96.222,
    98.73400000000001,
    96.769,
    95.74100000000001,
    98.261,
    97.281,
    98.293,
    98.301,
    98.26200000000001,
    97.29400000000001,
    97.78899999999999,
    97.292,
    96.792,
    98.3,
    97.78999999999999,
    96.824,
    98.33000000000001,
    97.822,
    96.825,
    97.31299999999999,
    98.809,
    98.832,
    96.82000000000001,
    98.34600000000002,
    98.336,
    97.83500000000001,
    97.33600000000001,
    99.32499999999999,
    96.328,
    96.34200000000001,
    97.326,
    96.84200000000001,
    98.34400000000001,
    97.33000000000001,
    97.83099999999999,
    97.831,
    96.83400000000002,
    97.83800000000001,
    96.84400000000002,
    96.33900000000001,
    98.33900000000001,
    98.33000000000001,
    97.83500000000001,
    99.33500000000001,
    99.328,
    98.33800000000001,
    96.84300000000002,
    99.33600000000001,
    96.84100000000001,
    97.34100000000001,
    97.33400000000002,
    98.328,
    98.33200000000002,
    97.83600000000001,
    97.83900000000001,
    98.83099999999999,
    99.34600000000002,
    99.34400000000002,
    99.33600000000001,
    97.83100000000002,
    99.333,
    95.82800000000002,
    96.339,
    99.33500000000001,
    97.336,
    99.34400000000002,
    98.319,
    98.33600000000001,
    98.33700000000002,
    95.33700000000002,
    97.83700000000002,
    95.33500000000002,
    98.34200000000001,
    96.33400000000002,
    99.335,
    98.83700000000002,
    97.83400000000002,
    99.83900000000003,
    97.83000000000001,
    97.83500000000001,
    97.33600000000001,
    97.84200000000001,
    97.336,
    96.33700000000002,
    96.83200000000002,
    99.33100000000002,
    97.84,
    98.34,
    99.83400000000002,
    96.83500000000001,
    98.34100000000001,
    97.84200000000001,
    98.83900000000003,
    97.34200000000001,
    97.84,
    98.33200000000001,
    98.83500000000002,
    97.83200000000002,
    98.32900000000001,
    97.323,
    97.333,
    96.34200000000001,
    98.34,
    98.34400000000001,
    97.34,
    96.84,
    97.837,
    97.33600000000001,
    97.33800000000002,
    98.34,
    95.33900000000003,
    98.83600000000001,
    96.831,
    98.338,
    96.34100000000001,
    97.34,
    99.838,
    98.843,
    95.83800000000002,
    98.34300000000002,
    99.34100000000001,
    99.34600000000002,
    97.83500000000001,
    97.33600000000001,
    98.33800000000001,
    98.33300000000001,
    97.32900000000002,
    97.83900000000001,
    95.83300000000001,
    99.33500000000002,
    98.844,
    97.843,
    98.83200000000002,
    98.83600000000001,
    96.83700000000002,
    98.33800000000002,
    98.83600000000001,
    98.84100000000001,
    97.338,
    97.83600000000001,
    97.83200000000001,
    96.84000000000002,
    98.34100000000001,
    99.34,
    98.32900000000002,
    97.329,
    97.328,
    98.83100000000002,
    99.34400000000002,
    98.332,
    97.33500000000001,
    98.33000000000001,
    97.83600000000001,
    97.33500000000001,
    98.84100000000001,
    95.33,
    97.83800000000001,
    99.34800000000001,
    97.836,
    98.83700000000002,
    96.82199999999999,
    99.328,
    99.34100000000001,
    99.33600000000001,
    97.343,
    98.83800000000001,
    98.83900000000003,
    99.334,
    98.82700000000001,
    99.33000000000001,
    98.33500000000001,
    96.83500000000001,
    98.83400000000002,
    95.834,
    98.33300000000001,
    96.33600000000001,
    99.32900000000001,
    97.83500000000002,
    98.832,
    98.84,
    97.83099999999999,
    97.83500000000001,
    98.34200000000001,
    97.334,
    99.331,
    97.33500000000001,
    98.82700000000001,
    98.84400000000002,
    97.84400000000001,
    97.337,
    98.83400000000002,
    97.83800000000001,
    97.829,
    98.34300000000002,
    96.83000000000001,
    96.83200000000002,
    99.33699999999999,
    97.34200000000001,
    97.84,
    98.826,
    98.845,
    96.82500000000002,
    98.34200000000001,
    95.83700000000002,
    98.84000000000002,
    97.843,
    96.34,
    97.83600000000001,
    99.33700000000002,
    97.83200000000002,
    97.34100000000001,
    95.34100000000001,
    98.33700000000002,
    99.33900000000003,
    98.834,
    99.33900000000001,
    99.33500000000001,
    96.83100000000002,
    97.31800000000001,
    95.83200000000001,
    98.336,
    96.34200000000001,
    97.835,
    99.34200000000001,
    96.32600000000001,
    97.831,
    96.83700000000002,
    99.33900000000001,
    95.346,
    97.33800000000001,
    96.83300000000001,
    99.83600000000001,
    99.334,
    97.84100000000002,
    98.837,
    96.84100000000002,
    98.33500000000001,
    96.334,
    98.84300000000002,
    98.831,
    99.83300000000003,
    98.33500000000001,
    96.837,
    97.33500000000001,
    98.34200000000001,
    98.327,
    96.83600000000001,
    98.33800000000002,
    97.33200000000001,
    98.335,
    97.83800000000001,
    98.84200000000001,
    97.83800000000002,
    97.84000000000002,
    98.33900000000001,
    97.83600000000001,
    98.34400000000002,
    96.84800000000001,
    98.83099999999999,
    96.336,
    97.33800000000001,
    96.334,
    99.337,
    97.33600000000001,
    95.83400000000003,
    96.33400000000002,
    98.332,
    97.33200000000001,
    95.33500000000001,
    97.831,
    99.336,
    98.33500000000001,
    97.33600000000001,
    99.33600000000001,
    99.32800000000002,
    96.33700000000002,
    98.34100000000002,
    97.84000000000002,
    97.83600000000001,
    99.84400000000002,
    97.83700000000002,
    97.33000000000001,
    97.32700000000001,
    96.835,
    97.83400000000002,
    96.83000000000001,
    96.837,
    96.825,
    99.32199999999999,
    98.33800000000001,
    98.83900000000001,
    97.34300000000002,
    99.83600000000001,
    98.84100000000002,
    97.84200000000001,
    99.33600000000001,
    97.83400000000002,
    99.33700000000002,
    98.34700000000001,
    97.834,
    99.33400000000002,
    99.34,
    98.34,
    97.83700000000002,
    98.33800000000001,
    97.84100000000001,
    99.83800000000001,
    97.82200000000003,
    98.339,
    98.34100000000002,
    97.84400000000002,
    96.33700000000002,
    98.83200000000002,
    98.33800000000001,
    99.345,
    98.83200000000001,
    98.33600000000001,
    98.84100000000001,
    98.33700000000002,
    97.83300000000001,
    98.33500000000001,
    98.83500000000001,
    98.33900000000001,
    98.83400000000002,
    98.33500000000001,
    98.83900000000001,
    98.83600000000001,
    97.83,
    97.33200000000002,
    98.84200000000001,
    98.343,
    96.83800000000001,
    98.34300000000002,
    96.84500000000001,
    98.83700000000002,
    97.84200000000001,
    96.831,
    98.333,
    98.83300000000001,
    96.83099999999999,
    94.84300000000002,
    98.33700000000002,
    98.33400000000003,
    98.328,
    97.83600000000003,
    97.83900000000001,
    99.325,
    96.33000000000001,
    97.33300000000001,
    95.34,
    98.33200000000001,
    98.334,
    98.335,
    98.322,
    97.34,
    99.33600000000001,
    98.84600000000002,
    96.33000000000001,
    98.34100000000001,
    97.828,
    97.328,
    98.33200000000001,
    98.83600000000001,
    96.345,
    98.327,
    97.33900000000003,
    95.34100000000001,
    99.33000000000001,
    95.84,
