{
  "complexity": 6,
  "alpha": 0.2,
  "gamma": 0.95,
  "epsilon": 0.2,
  "extra_passages": 9,
  "avg_rewards": [
    -284.4859999999975,
    15.316000000000049,
    47.97399999999999,
    53.765999999999984,
    43.34099999999988,
    72.75000000000001,
    79.89,
    75.99599999999995,
    78.59099999999997,
    70.571,
    80.28799999999998,
    79.17500000000001,
    80.78399999999998,
    84.28799999999998,
    88.487,
    78.90499999999999,
    87.982,
    91.63399999999999,
    85.90499999999999,
    92.08399999999999,
    89.046,
    82.979,
    89.11399999999999,
    91.19200000000001,
    92.628,
    88.18,
    88.665,
    89.66899999999998,
    89.63799999999999,
    91.134,
    94.72299999999998,
    90.772,
    92.733,
    90.74800000000002,
    94.262,
    92.712,
    93.25399999999999,
    91.76500000000001,
    91.79799999999997,
    93.819,
    92.76399999999998,
    95.803,
    93.277,
    93.735,
    93.81899999999999,
    92.78099999999999,
    96.304,
    93.308,
    92.77799999999999,
    95.797,
    92.275,
    93.819,
    94.79700000000001,
    93.81899999999999,
    93.82100000000001,
    96.31899999999999,
    97.31900000000002,
    96.326,
    96.316,
    89.811,
    92.801,
    94.809,
    92.826,
    94.316,
    97.30499999999999,
    95.31900000000002,
    94.82600000000001,
    95.33100000000002,
    95.81000000000002,
    94.30199999999999,
    96.817,
    97.321,
    93.321,
    93.31600000000002,
    93.81200000000001,
    90.316,
    95.314,
    96.31500000000001,
    91.807,
    93.82100000000001,
    96.80199999999999,
    95.32700000000001,
    95.81199999999998,
    94.33000000000001,
    94.30700000000002,
    93.307,
    92.31400000000001,
    94.81700000000001,
    95.812,
    95.31700000000001,
    92.31400000000001,
    95.316,
    94.81400000000001,
    96.829,
    97.82000000000001,
    93.816,
    95.33100000000002,
    95.81500000000001,
    95.321,
    95.315,
    96.33700000000002,
    93.82200000000002,
    95.83,
    95.31199999999998,
    95.31700000000002,
    95.328,
    94.821,
    95.31200000000001,
    94.82700000000001,
    93.822,
    95.811,
    93.81500000000003,
    96.31800000000001,
    94.82400000000001,
    96.827,
    93.83400000000002,
    94.82100000000001,
    91.81900000000002,
    93.33500000000001,
    95.802,
    97.318,
    93.30499999999999,
    95.31,
    94.33200000000002,
    94.30600000000001,
    88.82400000000003,
    95.31800000000001,
    94.32000000000002,
    95.31500000000003,
    94.301,
    95.801,
    96.316,
    95.81899999999999,
    95.316,
    93.828,
    97.816,
    96.337,
    93.815,
    91.812,
    96.32900000000001,
    93.32000000000001,
    93.77300000000001,
    95.815,
    91.80199999999999,
    93.297,
    93.816,
    93.82200000000002,
    95.32200000000002,
    95.82800000000002,
    91.819,
    93.32000000000002,
    92.82900000000001,
    93.82400000000003,
    92.809,
    94.32500000000002,
    95.302,
    96.82600000000001,
    94.308,
    95.81000000000002,
    93.81400000000002,
    92.311,
    95.317,
    92.32000000000002,
    95.31200000000001,
    94.31500000000001,
    96.816,
    93.81099999999999,
    93.82800000000002,
    95.813,
    92.80800000000002,
    94.31600000000002,
    93.804,
    93.31700000000002,
    95.82500000000002,
    93.808,
    93.815,
    95.813,
    95.81699999999998,
    97.812,
    94.31400000000001,
    93.32100000000001,
    96.82800000000002,
    92.32500000000002,
    94.32900000000002,
    95.827,
    97.809,
    97.31700000000001,
    96.82700000000001,
    95.83600000000001,
    94.31200000000003,
    90.30099999999997,
    96.33600000000001,
    90.32000000000001,
    95.821,
    96.31300000000002,
    92.319,
    93.81800000000001,
    95.828,
    94.821,
    93.316,
    93.325,
    93.316,
    93.82600000000001,
    91.816,
    90.80600000000001,
    94.83000000000001,
    95.327,
    96.82400000000001,
    91.819,
    94.31700000000001,
    95.822,
    93.82300000000001,
    96.31099999999999,
    94.32500000000002,
    93.81700000000001,
    94.82200000000002,
    96.81800000000001,
    93.30800000000002,
    93.80600000000001,
    93.796,
    92.321,
    95.316,
    95.29800000000002,
    94.812,
    94.31400000000001,
    95.80799999999999,
    94.316,
    95.82300000000001,
    94.32900000000002,
    93.81800000000001,
    93.81200000000001,
    95.81500000000001,
    93.31,
    95.82200000000002,
    98.32700000000001,
    94.809,
    93.32700000000003,
    95.32600000000001,
    94.32900000000001,
    93.31800000000001,
    95.30600000000001,
    93.299,
    95.313,
    93.30600000000001,
    93.824,
    95.82700000000001,
    93.328,
    94.82600000000001,
    94.31299999999999,
    94.82300000000001,
    96.828,
    93.80700000000002,
    94.311,
    91.32,
    96.803,
    95.81199999999998,
    93.82000000000001,
    90.309,
    92.81000000000002,
    95.31800000000001,
    96.83399999999999,
    92.81400000000001,
    94.825,
    95.312,
    93.31799999999998,
    94.299,
    93.3,
    94.30600000000001,
    94.82200000000002,
    93.81,
    94.803,
    95.82300000000001,
    91.299,
    94.81300000000002,
    93.32200000000002,
    92.31,
    94.30800000000002,
    98.303,
    96.309,
    94.321,
    93.302,
    94.81800000000001,
    95.304,
    93.33100000000002,
    94.82000000000001,
    98.313,
    95.31200000000003,
    95.30699999999999,
    95.811,
    93.301,
    96.322,
    96.80300000000003,
    99.307,
    92.31800000000001,
    93.816,
    96.33000000000001,
    93.32500000000002,
    94.82000000000001,
    95.82400000000003,
    94.81500000000003,
    91.811,
    96.31800000000001,
    95.81500000000001,
    95.29400000000001,
    94.313,
    95.313,
    94.331,
    95.33100000000002,
    94.81500000000001,
    95.82300000000001,
    94.812,
    96.32700000000001,
    94.82400000000001,
    95.827,
    93.82000000000001,
    94.81900000000002,
    92.81700000000001,
    95.30199999999999,
    91.33000000000001,
    95.32600000000001,
    93.304,
    92.31300000000002,
    93.83000000000001,
    94.32400000000001,
    96.324,
    93.81400000000001,
    96.31500000000001,
    97.81600000000002,
    95.822,
    95.33,
    94.82300000000001,
    96.81800000000001,
    97.32600000000001,
    93.32400000000001,
    92.33000000000001,
    91.82000000000001,
    94.31700000000001,
    95.81600000000002,
    95.31500000000001,
    95.31199999999998,
    90.82200000000002,
    94.82400000000001,
    94.826,
    92.809,
    96.316,
    93.32000000000001,
    94.803,
    95.312,
    96.82100000000001,
    94.312,
    96.304,
    94.306,
    93.81099999999999,
    94.32700000000003,
    95.81900000000002,
    94.83000000000001,
    94.333,
    94.806,
    95.32700000000001,
    96.809,
    90.31299999999999,
    92.82900000000001,
    96.81900000000002,
    97.322,
    95.83700000000002,
    92.82500000000002,
    94.30000000000001,
    96.30499999999999,
    93.31600000000002,
    94.80499999999998,
    95.315,
    93.30799999999999,
    95.309,
    96.306,
    95.32300000000001,
    93.81200000000001,
    93.822,
    96.33000000000001,
    94.32800000000002,
    94.828,
    92.321,
    93.81000000000002,
    93.81499999999998,
    94.81300000000002,
    98.828,
    93.306,
    94.324,
    95.321,
    95.32000000000001,
    95.31,
    93.32000000000002,
    92.31099999999999,
    95.33000000000001,
    95.318,
    95.804,
    95.81300000000002,
    96.82500000000002,
    93.327,
    93.833,
    91.81800000000001,
    94.301,
    93.81099999999999,
    93.325,
    96.321,
    94.804,
    94.31500000000001,
    95.328,
    96.819,
    95.30699999999999,
    96.799,
    92.32100000000001,
    93.285,
    91.322,
    94.83200000000002,
    96.32200000000002,
    93.82100000000001,
    95.82000000000001,
    94.824,
    95.32600000000001,
    96.33200000000001,
    95.81599999999999,
    94.30799999999999,
    93.815,
    93.82,
    93.806,
    94.32600000000001,
    93.30400000000002,
