{
  "complexity": 13,
  "alpha": 0.1,
  "gamma": 0.95,
  "epsilon": 0.3,
  "extra_passages": 2,
  "avg_rewards": [
    -359.0389999999978,
    -123.99999999999868,
    -137.87499999999858,
    -49.90499999999953,
    -18.424000000000028,
    -7.384000000000047,
    12.553000000000072,
    23.963999999999885,
    30.46799999999999,
    44.37999999999995,
    36.81899999999989,
    52.8869999999999,
    55.01999999999996,
    37.23899999999997,
    39.97499999999995,
    50.618999999999964,
    53.14699999999992,
    58.361999999999966,
    68.22099999999995,
    53.59399999999997,
    60.918000000000006,
    61.334999999999965,
    81.925,
    60.84499999999997,
    84.513,
    77.47399999999996,
    64.384,
    67.93199999999999,
    78.54199999999999,
    73.57399999999998,
    77.50899999999999,
    72.547,
    82.095,
    78.10999999999999,
    84.667,
    77.15199999999999,
    79.68799999999999,
    84.088,
    84.14599999999999,
    82.204,
    81.666,
    86.67699999999999,
    86.22799999999998,
    89.73300000000002,
    83.205,
    84.174,
    87.71499999999999,
    79.70199999999998,
    83.216,
    84.737,
    88.26500000000001,
    87.16299999999998,
    86.273,
    88.25399999999999,
    87.74000000000001,
    88.23100000000001,
    90.26299999999999,
    88.23799999999999,
    87.707,
    87.745,
    89.283,
    85.259,
    92.293,
    89.299,
    87.777,
    82.775,
    91.79999999999998,
    83.792,
    91.261,
    92.796,
    89.28899999999999,
    88.78599999999999,
    86.75800000000001,
    84.78399999999999,
    90.79100000000001,
    91.27600000000001,
    83.282,
    89.285,
    90.297,
    94.788,
    91.79599999999999,
    91.26500000000001,
    87.78800000000001,
    83.26399999999998,
    84.772,
    90.752,
    87.29,
    92.263,
    85.285,
    78.796,
    89.77900000000001,
    86.786,
    85.72699999999999,
    86.29100000000001,
    86.27799999999999,
    86.26599999999999,
    88.298,
    91.27900000000001,
    90.287,
    84.271,
    88.284,
    91.796,
    91.782,
    85.274,
    92.797,
    89.298,
    93.785,
    87.77499999999999,
    89.296,
    91.27600000000001,
    92.288,
    90.783,
    88.788,
    92.31200000000001,
    88.798,
    88.786,
    86.25,
    93.28899999999999,
    86.274,
    87.269,
    91.281,
    86.295,
    92.77899999999997,
    87.792,
    89.772,
    85.804,
    89.763,
    83.272,
    88.28299999999999,
    89.77700000000002,
    86.78,
    87.28099999999998,
    85.273,
    92.271,
    91.285,
    88.245,
    82.77000000000001,
    89.806,
    85.27,
    83.28100000000002,
    86.287,
    89.78,
    90.79400000000001,
    88.281,
    87.25000000000001,
    84.76,
    87.765,
    86.26700000000001,
    86.788,
    85.76199999999999,
    84.777,
    83.282,
    90.286,
    89.27900000000001,
    87.28399999999999,
    89.298,
    89.78900000000002,
    88.26400000000001,
    90.293,
    94.288,
    85.28299999999999,
    91.265,
    85.28,
    90.225,
    92.78900000000002,
    90.28200000000001,
    91.78100000000002,
    87.27899999999998,
    88.26500000000001,
    90.78400000000002,
    88.291,
    90.772,
    87.79100000000003,
    89.259,
    89.78299999999999,
    89.27,
    85.282,
    88.275,
    88.26299999999999,
    86.78599999999999,
    87.769,
    88.27,
    90.273,
    86.767,
    87.28,
    90.77799999999999,
    84.792,
    89.778,
    89.30600000000001,
    85.283,
    82.754,
    90.776,
    89.27600000000001,
    85.774,
    87.78599999999999,
    86.78399999999999,
    93.29799999999999,
    89.80199999999999,
    84.749,
    88.80199999999999,
    88.281,
    80.77900000000002,
    92.27900000000001,
    88.77799999999999,
    91.799,
    87.77700000000002,
    89.297,
    90.779,
    90.27499999999999,
    93.263,
    88.78599999999999,
    87.78599999999999,
    87.27799999999999,
    90.26400000000001,
    91.28,
    86.80199999999999,
    84.24199999999999,
    90.787,
    88.283,
    88.774,
    89.30100000000002,
    92.28,
    84.774,
    86.272,
    83.768,
    84.26700000000001,
    90.78600000000002,
    93.28800000000001,
    85.77799999999999,
    89.79499999999999,
    85.78600000000002,
    88.277,
    87.799,
    88.292,
    87.277,
    93.281,
    84.78099999999998,
    89.805,
    90.315,
    87.29,
    87.725,
    89.784,
    82.777,
    87.77600000000001,
    87.76700000000001,
    88.776,
    89.285,
    92.283,
    86.26999999999998,
    92.26700000000001,
    91.28999999999999,
    89.78399999999999,
    82.74699999999999,
    88.27900000000001,
    92.271,
    84.301,
    89.80500000000002,
    91.78399999999999,
    83.293,
    86.28699999999999,
    85.784,
    88.78299999999999,
    89.783,
    87.79100000000001,
    82.285,
    90.29499999999999,
    90.25699999999999,
    88.29,
    82.269,
    86.276,
    90.27099999999999,
    89.79499999999999,
    92.28,
    88.293,
    82.255,
    93.28299999999999,
    90.787,
    90.304,
    90.78000000000002,
    88.27299999999998,
    85.27999999999999,
    90.284,
    87.29799999999999,
    91.273,
    89.775,
    87.28999999999999,
    89.79400000000001,
    86.767,
    91.28599999999999,
    89.75699999999999,
    88.779,
    92.30000000000001,
    92.79799999999999,
    88.76299999999999,
    87.76800000000001,
    82.78200000000001,
    87.27099999999999,
    92.289,
    85.78600000000002,
    84.77900000000001,
    87.26,
    84.76400000000001,
    92.299,
    86.78699999999999,
    87.297,
    88.75300000000001,
    87.796,
    88.795,
    87.797,
    84.771,
    87.288,
    75.68899999999996,
    89.801,
    91.27299999999998,
    90.785,
    91.787,
    81.78,
    89.76299999999999,
    87.30199999999999,
    90.298,
    84.77899999999998,
    88.27199999999998,
    89.27900000000001,
    90.798,
    87.27799999999999,
    86.76699999999998,
    90.792,
    87.29799999999999,
    86.276,
    86.272,
    86.287,
    89.79500000000002,
    91.25999999999999,
    88.28799999999998,
    87.251,
    85.293,
    91.275,
    87.79400000000001,
    92.274,
    87.295,
    85.28900000000002,
    86.75500000000001,
    88.275,
    88.78599999999999,
    90.78600000000002,
    90.792,
    91.25999999999999,
    86.794,
    90.288,
    84.282,
    87.281,
    86.28,
    88.274,
    88.786,
    83.777,
    89.28099999999999,
    90.78799999999998,
    89.791,
    89.28099999999999,
    85.785,
    87.77699999999999,
    87.776,
    92.78099999999998,
    86.26799999999999,
    86.759,
    89.31200000000001,
    89.29499999999999,
    85.275,
    88.29299999999999,
    91.28,
    89.287,
    83.79999999999998,
    89.78299999999999,
    86.779,
    93.292,
    89.292,
    89.261,
    87.768,
    89.277,
    85.782,
    87.277,
    87.78299999999999,
    90.795,
    88.27700000000002,
    89.277,
    87.28099999999998,
    89.282,
    86.773,
    85.27399999999997,
    85.763,
    92.80000000000001,
    89.797,
    89.806,
    87.777,
    89.79000000000002,
    88.29400000000001,
    90.78300000000002,
    92.25800000000001,
    87.795,
    87.79500000000002,
    89.28400000000002,
    87.776,
    89.27900000000001,
    83.772,
    84.28099999999999,
    90.77599999999998,
    89.263,
    82.18799999999999,
    85.265,
    88.292,
    91.78399999999999,
    91.29299999999999,
    87.285,
    86.28299999999999,
    89.79700000000001,
    90.78399999999999,
    91.283,
    92.27099999999999,
    85.293,
    86.275,
    89.775,
    86.78999999999999,
    91.28,
    91.24600000000001,
    91.789,
    92.28800000000001,
    88.785,
    84.27799999999999,
    86.28999999999999,
    92.29,
    90.29399999999998,
    85.763,
    88.303,
    81.75699999999999,
    87.30199999999999,
    91.77000000000001,
    88.77600000000001,
    87.286,
    88.241,
    84.273,
    93.297,
    85.241,
    88.78699999999999,
    89.272,
    89.775,
    88.266,
    84.77399999999997,
    83.287,
    84.767,
    90.30300000000001,
    87.799,
    86.789,
    87.28799999999998,
    82.3,
    89.289,
    89.76700000000001,
