{
  "complexity": 1,
  "alpha": 0.1,
  "gamma": 0.9,
  "epsilon": 0.3,
  "extra_passages": 14,
  "avg_rewards": [
    -348.0979999999971,
    8.852000000000237,
    23.259999999999785,
    20.794000000000068,
    54.57499999999992,
    32.60599999999985,
    33.84199999999993,
    56.63599999999997,
    51.52699999999997,
    67.55999999999995,
    60.04899999999999,
    74.66599999999998,
    74.196,
    73.76499999999997,
    69.54700000000001,
    75.775,
    82.407,
    74.31400000000001,
    79.359,
    72.374,
    87.97500000000001,
    87.99300000000001,
    82.485,
    71.316,
    87.52599999999998,
    83.505,
    85.96300000000001,
    76.88,
    85.159,
    85.032,
    86.11299999999999,
    89.003,
    87.57699999999998,
    85.52399999999999,
    88.592,
    85.646,
    87.615,
    86.525,
    84.64099999999999,
    92.671,
    81.655,
    86.058,
    86.16,
    86.59900000000002,
    85.66600000000001,
    82.69399999999999,
    90.68900000000001,
    93.681,
    95.24099999999999,
    91.17999999999999,
    88.13900000000001,
    88.598,
    85.70000000000002,
    91.20000000000002,
    91.186,
    90.73799999999999,
    86.693,
    82.69,
    89.73799999999999,
    84.73799999999999,
    92.20599999999999,
    91.753,
    88.74100000000001,
    89.715,
    93.25,
    88.743,
    87.22999999999999,
    92.277,
    94.772,
    87.26899999999999,
    89.76199999999999,
    90.249,
    90.78,
    88.702,
    92.224,
    92.23100000000002,
    89.756,
    90.785,
    92.289,
    92.749,
    91.29299999999998,
    86.261,
    91.77700000000002,
    95.797,
    92.287,
    94.28400000000002,
    91.29299999999998,
    94.781,
    92.78900000000002,
    91.769,
    91.79499999999999,
    86.786,
    92.286,
    92.77700000000002,
    95.299,
    88.811,
    95.299,
    92.292,
    93.30799999999999,
    90.29100000000001,
    91.31400000000001,
    93.31299999999999,
    89.76699999999998,
    90.284,
    89.78100000000002,
    93.282,
    91.806,
    91.28900000000002,
    91.291,
    94.30999999999999,
    90.279,
    90.299,
    92.812,
    91.28500000000001,
    91.304,
    95.29899999999998,
    95.31000000000002,
    95.817,
    93.296,
    95.30300000000003,
    91.78899999999999,
    95.815,
    88.815,
    92.76699999999998,
    92.296,
    89.79400000000001,
    92.29,
    94.304,
    90.804,
    94.292,
    94.795,
    92.8,
    90.285,
    87.78599999999999,
    90.3,
    89.29099999999998,
    94.298,
    90.76899999999999,
    91.792,
    89.288,
    93.298,
    93.79799999999999,
    92.30099999999999,
    91.781,
    89.78,
    93.79400000000001,
    92.77899999999998,
    93.28599999999999,
    97.304,
    86.293,
    94.26700000000001,
    91.284,
    93.309,
    90.81300000000002,
    93.263,
    90.30499999999999,
    91.787,
    91.80999999999999,
    88.28200000000001,
    91.798,
    95.302,
    91.80800000000002,
    93.809,
    93.29700000000001,
    93.3,
    91.273,
    89.798,
    90.28800000000001,
    94.30899999999998,
    91.30799999999999,
    92.79499999999999,
    94.276,
    94.76199999999999,
    91.28900000000002,
    92.8,
    88.289,
    90.26199999999999,
    92.301,
    86.76499999999999,
    93.804,
    94.30199999999999,
    88.30600000000001,
    88.758,
    88.26599999999999,
    92.28099999999998,
    89.301,
    94.27900000000002,
    91.309,
    91.78399999999999,
    91.78600000000002,
    89.786,
    93.801,
    91.304,
    91.796,
    93.80499999999999,
    85.274,
    93.28599999999999,
    94.80799999999999,
    94.302,
    94.292,
    95.29699999999998,
    93.79799999999999,
    93.78099999999999,
    91.297,
    95.275,
    91.80199999999999,
    91.28800000000001,
    90.79100000000001,
    90.304,
    92.759,
    93.30199999999999,
    91.28,
    89.75399999999999,
    91.786,
    91.306,
    92.30499999999999,
    88.787,
    91.304,
    90.79599999999999,
    91.763,
    92.78400000000002,
    86.782,
    93.29299999999999,
    92.77700000000002,
    88.299,
    92.27799999999999,
    85.774,
    88.265,
    93.77599999999998,
    90.79499999999999,
    91.803,
    91.798,
    87.285,
    95.30900000000001,
    93.311,
    91.28099999999999,
    90.786,
    88.25599999999999,
    91.78200000000001,
    88.802,
    94.302,
    91.793,
    88.269,
    88.27799999999999,
    93.293,
    95.79999999999998,
    91.311,
    87.264,
    89.29100000000001,
    90.304,
    91.30799999999999,
    94.285,
    93.31700000000001,
    93.80799999999999,
    94.81500000000001,
    90.791,
    93.299,
    93.295,
    93.79599999999999,
    92.80000000000001,
    90.279,
    93.28800000000001,
    95.79100000000001,
    90.79100000000001,
    91.784,
    95.29500000000002,
    91.27000000000001,
    91.79899999999999,
    91.27900000000001,
    93.29799999999999,
    92.28500000000001,
    91.303,
    94.30500000000002,
    90.78999999999999,
    91.787,
    91.3,
    92.803,
    93.30799999999999,
    95.30199999999999,
    91.28299999999999,
    94.29200000000002,
    89.771,
    95.80300000000001,
    86.29800000000002,
    88.79100000000001,
    92.801,
    90.77899999999998,
    93.78,
    94.27399999999999,
    93.28899999999999,
    93.804,
    90.30900000000001,
    89.80199999999999,
    89.779,
    92.804,
    93.297,
    93.792,
    92.80599999999998,
    95.298,
    89.764,
    87.74600000000001,
    92.29400000000001,
    92.791,
    92.294,
    91.28999999999999,
    88.806,
    87.791,
    85.272,
    93.29499999999999,
    93.747,
    91.795,
    90.26200000000001,
    94.297,
    93.29800000000003,
    91.78999999999999,
    96.305,
    91.271,
    89.80200000000002,
    90.282,
    90.79,
    93.79299999999999,
    93.767,
    94.309,
    96.309,
    93.784,
    93.77799999999999,
    91.304,
    91.77599999999998,
    91.79799999999999,
    88.774,
    92.80600000000001,
    90.79499999999999,
    93.32700000000001,
    92.30999999999999,
    91.305,
    92.785,
    94.78400000000002,
    94.79700000000001,
    88.293,
    90.78799999999998,
    91.785,
    94.277,
    92.28699999999999,
    89.274,
    94.304,
    88.28099999999999,
    89.29699999999998,
    95.793,
    89.28299999999999,
    92.772,
    87.78200000000001,
    94.803,
    90.28500000000001,
    92.77000000000001,
    93.78000000000002,
    90.80300000000001,
    89.299,
    90.279,
    91.78699999999999,
    95.28900000000002,
    89.28599999999999,
    97.308,
    92.30099999999999,
    86.779,
    92.777,
    91.802,
    93.79100000000001,
    91.29599999999998,
    95.27799999999999,
    93.788,
    92.793,
    88.30000000000001,
    92.807,
    93.80299999999997,
    92.78200000000001,
    87.28699999999999,
    93.294,
    87.78799999999998,
    93.294,
    89.77099999999999,
    89.779,
    89.257,
    91.78399999999999,
    92.79400000000001,
    93.79400000000001,
    93.804,
    94.29299999999999,
    90.29400000000001,
    94.285,
    91.304,
    90.28899999999999,
    92.29999999999998,
    93.80900000000001,
    90.273,
    92.78,
    93.797,
    86.77200000000002,
    94.78799999999998,
    89.784,
    88.30699999999999,
    92.787,
    89.298,
    94.31,
    91.27799999999999,
    93.789,
    91.78099999999999,
    94.797,
    90.802,
    91.279,
    91.77799999999999,
    83.764,
    88.77799999999999,
    88.28999999999999,
    93.276,
    90.295,
    91.29199999999999,
    90.283,
    89.795,
    89.29400000000001,
    93.80100000000002,
    92.78699999999999,
    91.781,
    92.782,
    91.78200000000001,
    91.77900000000001,
    94.30199999999999,
    92.29199999999999,
    92.27799999999999,
    90.31200000000001,
    92.30999999999999,
    95.289,
    91.28800000000001,
    91.793,
    93.803,
    94.796,
    91.76499999999999,
    93.30499999999999,
    91.28600000000002,
    90.279,
    85.273,
    92.274,
    88.787,
    94.309,
    93.28799999999998,
    91.27300000000001,
    83.761,
    92.797,
    91.30600000000001,
    91.80099999999999,
    94.296,
    92.776,
