{
  "complexity": 10,
  "alpha": 0.3,
  "gamma": 0.85,
  "epsilon": 0.1,
  "extra_passages": 5,
  "avg_rewards": [
    -216.52199999999849,
    3.6809999999997034,
    63.96399999999994,
    70.43999999999997,
    75.05999999999996,
    80.28999999999999,
    74.84799999999997,
    82.88899999999998,
    77.80399999999997,
    82.61699999999999,
    84.51199999999999,
    88.441,
    89.75,
    91.411,
    87.91600000000001,
    92.876,
    95.59599999999999,
    93.59900000000002,
    92.098,
    94.05,
    92.64900000000002,
    90.12300000000002,
    95.232,
    94.25499999999998,
    96.23400000000001,
    96.74199999999999,
    94.761,
    98.766,
    98.266,
    97.292,
    96.30900000000001,
    97.79000000000002,
    97.23100000000001,
    93.81500000000001,
    97.31199999999998,
    97.816,
    96.80900000000001,
    98.31899999999999,
    97.819,
    94.731,
    97.82600000000001,
    98.29800000000002,
    97.325,
    98.82600000000001,
    96.324,
    96.824,
    97.813,
    95.819,
    96.326,
    96.32300000000001,
    96.811,
    97.32500000000002,
    96.32700000000003,
    95.32600000000002,
    96.82800000000002,
    95.816,
    97.326,
    96.825,
    97.82700000000001,
    96.32500000000002,
    98.826,
    96.821,
    97.82900000000001,
    96.31700000000001,
    97.329,
    96.833,
    96.32700000000001,
    98.82400000000003,
    96.32700000000001,
    98.29700000000003,
    94.328,
    98.82800000000002,
    94.83300000000001,
    97.327,
    97.31700000000002,
    97.82500000000002,
    99.31599999999999,
    94.82000000000001,
    97.33400000000002,
    96.82399999999998,
    95.31200000000001,
    97.82000000000001,
    98.32500000000002,
    96.32500000000002,
    95.81700000000001,
    97.31,
    98.321,
    95.819,
    96.82000000000001,
    96.826,
    97.326,
    94.82900000000001,
    98.81500000000001,
    97.32300000000001,
    96.328,
    97.329,
    97.326,
    97.81500000000001,
    96.822,
    93.81400000000001,
    97.326,
    95.808,
    97.322,
    97.33300000000001,
    97.316,
    97.322,
    98.324,
    98.82700000000003,
    98.32600000000002,
    97.825,
    94.82900000000002,
    97.82300000000001,
    94.821,
    98.82500000000002,
    98.82900000000002,
    95.327,
    98.819,
    98.322,
    97.325,
    94.31000000000002,
    97.32500000000002,
    98.826,
    94.81200000000001,
    96.33300000000001,
    95.327,
    96.33400000000002,
    97.821,
    95.32,
    97.326,
    96.82400000000001,
    97.82600000000001,
    98.324,
    96.32200000000002,
    96.83100000000002,
    96.82,
    95.32200000000002,
    97.325,
    96.32500000000002,
    97.826,
    96.812,
    98.33400000000002,
    97.321,
    97.32300000000001,
    96.82100000000001,
    98.82500000000002,
    98.321,
    96.82500000000002,
    98.30600000000001,
    96.325,
    98.32900000000002,
    97.328,
    98.321,
    97.82000000000001,
    98.83800000000001,
    97.322,
    99.32600000000001,
    95.316,
    94.824,
    97.328,
    97.827,
    96.827,
    96.263,
    96.83099999999999,
    97.82300000000001,
    97.32500000000002,
    97.326,
    97.25800000000001,
    97.82200000000002,
    95.32600000000001,
    97.322,
    95.81800000000001,
    98.31400000000001,
    97.822,
    96.319,
    97.31900000000002,
    96.81800000000001,
    97.31899999999999,
    97.82300000000001,
    95.31800000000001,
    95.324,
    96.816,
    96.81400000000001,
    95.33400000000002,
    97.325,
    97.326,
    98.325,
    96.327,
    96.32300000000001,
    96.819,
    99.327,
    97.325,
    95.32000000000001,
    97.822,
    98.82900000000002,
    97.329,
    98.827,
    97.32900000000001,
    97.324,
    97.82500000000002,
    97.314,
    98.325,
    98.32600000000001,
    97.824,
    98.325,
    97.81800000000001,
    98.819,
    97.32900000000001,
    95.83000000000001,
    96.82000000000002,
    95.833,
    98.31400000000001,
    96.81000000000002,
    98.32400000000001,
    97.826,
    96.31700000000001,
    98.83000000000001,
    94.31700000000001,
    96.828,
    96.32400000000003,
    95.325,
    98.322,
    97.825,
    96.819,
    98.325,
    98.32600000000001,
    98.32300000000001,
    97.32000000000001,
    97.81800000000001,
    95.83000000000001,
    95.325,
    95.815,
    96.328,
    99.322,
    96.82100000000001,
    98.321,
    97.828,
    97.825,
    97.31500000000001,
    95.82300000000001,
    97.327,
    96.83400000000002,
    94.804,
    97.83200000000002,
    95.81800000000001,
    96.81700000000001,
    97.32000000000001,
    96.316,
    97.82400000000001,
    98.82300000000001,
    96.312,
    96.81700000000002,
    97.31899999999999,
    96.82800000000002,
    96.82600000000001,
    98.31500000000001,
    98.327,
    97.32000000000001,
    97.316,
    97.822,
    97.82300000000001,
    97.33100000000002,
    98.321,
    96.32500000000002,
    98.82200000000002,
    97.32000000000002,
    95.824,
    95.316,
    97.32300000000001,
    95.82400000000003,
    97.82200000000002,
    94.81700000000001,
    97.81800000000001,
    95.32400000000003,
    98.32800000000002,
    98.817,
    94.82800000000002,
    96.83099999999999,
    98.32900000000001,
    98.32700000000001,
    98.32199999999999,
    96.328,
    97.824,
    97.82300000000001,
    98.32500000000002,
    98.321,
    98.32700000000001,
    96.819,
    96.319,
    97.321,
    96.83200000000001,
    97.324,
    96.81700000000001,
    97.83000000000001,
    96.82500000000002,
    97.32900000000002,
    95.325,
    97.328,
    98.82300000000002,
    97.83400000000002,
    97.319,
    97.83500000000001,
    94.824,
    94.32800000000002,
    94.81699999999998,
    93.82300000000001,
    97.329,
    99.324,
    96.31899999999999,
    97.319,
    92.81899999999999,
    93.82600000000001,
    97.82900000000002,
    97.82600000000002,
    99.324,
    97.83200000000002,
    96.32900000000002,
    96.32700000000003,
    99.322,
    95.82700000000001,
    96.81200000000001,
    95.82200000000002,
    98.321,
    97.822,
    96.32600000000002,
    96.325,
    97.824,
    96.83000000000001,
    95.814,
    98.31800000000001,
    96.81199999999998,
    97.31200000000001,
    97.314,
    98.811,
    97.327,
    97.828,
    96.32500000000002,
    98.31800000000001,
    96.32,
    94.324,
    97.821,
    97.82700000000001,
    98.82300000000001,
    99.83000000000001,
    98.81800000000001,
    95.31700000000001,
    98.83100000000002,
    96.82700000000001,
    97.32700000000001,
    97.32300000000001,
    96.326,
    97.822,
    97.82900000000002,
    97.308,
    99.33000000000001,
    96.82700000000001,
    98.32300000000001,
    97.81500000000001,
    97.825,
    95.30600000000001,
    97.32400000000001,
    98.325,
    96.822,
    97.316,
    95.807,
    96.321,
    97.824,
    96.311,
    97.32700000000001,
    97.82900000000001,
    95.33000000000001,
    96.819,
    98.824,
    97.33600000000001,
    96.81899999999999,
    95.82600000000002,
    98.321,
    97.317,
    95.32600000000002,
    97.82300000000001,
    98.82400000000001,
    97.328,
    94.82700000000001,
    98.32300000000001,
    98.83400000000002,
    97.27799999999999,
    95.31700000000001,
    96.321,
    96.81200000000001,
    98.322,
    95.32800000000002,
    95.32700000000003,
    95.82500000000002,
    97.325,
    98.324,
    95.82900000000001,
    97.325,
    95.31,
    93.825,
    96.32000000000001,
    97.328,
    96.819,
    94.82400000000001,
    96.325,
    96.315,
    97.81800000000001,
    98.82300000000001,
    98.82300000000001,
    95.30699999999999,
    96.81400000000001,
    97.314,
    97.821,
    96.826,
    98.82300000000001,
    98.32700000000003,
    96.31000000000002,
    94.82300000000001,
    94.825,
    93.81800000000001,
    96.82900000000002,
    97.82300000000001,
    97.334,
    97.81400000000001,
    97.326,
    98.319,
    95.32200000000002,
    97.32900000000001,
    96.826,
    95.82400000000001,
    97.325,
    96.819,
    95.821,
    98.822,
