{
  "complexity": 12,
  "alpha": 0.3,
  "gamma": 0.95,
  "epsilon": 0.3,
  "extra_passages": 3,
  "avg_rewards": [
    -288.37699999999836,
    -141.8539999999986,
    -6.841000000000115,
    8.629999999999987,
    -3.0990000000001587,
    32.17399999999996,
    44.001,
    13.906999999999922,
    59.04999999999993,
    58.18700000000003,
    76.904,
    39.45399999999999,
    85.62000000000002,
    74.94599999999998,
    72.511,
    84.551,
    80.033,
    89.18900000000001,
    71.89899999999993,
    85.17299999999999,
    80.21,
    86.68799999999999,
    80.188,
    84.168,
    77.05999999999996,
    82.759,
    89.232,
    83.718,
    93.77000000000002,
    90.267,
    85.744,
    88.775,
    91.78,
    88.289,
    86.288,
    88.76599999999999,
    91.272,
    92.774,
    90.78899999999999,
    87.285,
    91.77900000000002,
    87.79800000000002,
    92.78599999999999,
    89.78099999999999,
    90.297,
    88.256,
    91.786,
    92.286,
    91.275,
    92.30999999999999,
    85.27000000000001,
    87.777,
    85.301,
    87.78299999999999,
    91.291,
    89.79999999999998,
    91.274,
    88.79499999999999,
    92.773,
    87.253,
    91.295,
    86.278,
    86.273,
    86.28,
    87.78999999999999,
    90.292,
    85.298,
    87.268,
    89.275,
    90.762,
    90.28900000000002,
    90.299,
    82.75699999999998,
    86.78199999999998,
    90.78899999999999,
    89.292,
    90.299,
    92.293,
    85.786,
    92.796,
    89.28800000000001,
    91.757,
    92.28799999999998,
    90.285,
    91.307,
    84.29400000000001,
    85.791,
    84.795,
    88.75500000000002,
    87.784,
    88.783,
    90.296,
    90.77000000000001,
    87.776,
    88.274,
    90.285,
    90.301,
    88.78999999999999,
    89.30300000000001,
    91.78899999999999,
    90.76499999999999,
    87.25499999999998,
    87.76899999999998,
    89.76,
    87.299,
    91.786,
    90.756,
    86.78900000000002,
    93.301,
    93.787,
    87.765,
    90.774,
    89.78600000000002,
    86.766,
    92.797,
    87.795,
    89.26699999999998,
    92.79700000000001,
    88.78299999999999,
    88.29399999999998,
    85.283,
    89.28999999999999,
    91.787,
    88.269,
    93.782,
    92.787,
    89.76599999999999,
    91.791,
    84.283,
    92.296,
    86.77099999999999,
    89.26599999999999,
    87.78099999999999,
    88.28800000000001,
    92.26499999999999,
    87.781,
    87.77499999999999,
    93.79300000000002,
    88.792,
    94.799,
    87.287,
    86.796,
    87.27900000000002,
    89.253,
    85.314,
    91.802,
    92.30100000000002,
    89.773,
    89.276,
    89.792,
    87.78799999999998,
    88.3,
    88.78599999999999,
    90.792,
    88.741,
    90.78900000000002,
    89.76799999999999,
    86.744,
    87.78099999999998,
    85.76599999999999,
    88.25699999999999,
    90.29400000000001,
    89.80099999999999,
    90.76499999999999,
    94.28300000000002,
    86.28600000000002,
    89.78500000000001,
    82.27099999999999,
    89.28200000000001,
    92.77799999999999,
    87.292,
    84.275,
    91.277,
    84.785,
    89.277,
    88.77400000000002,
    92.80600000000001,
    86.78300000000002,
    90.287,
    89.28900000000002,
    92.3,
    92.29,
    89.276,
    89.774,
    90.80400000000002,
    90.78099999999999,
    88.78900000000002,
    86.287,
    91.77099999999999,
    88.249,
    81.261,
    93.304,
    87.786,
    92.27799999999999,
    87.277,
    91.784,
    93.786,
    88.271,
    87.766,
    93.30699999999999,
    88.79699999999998,
    90.79299999999999,
    90.291,
    90.31,
    89.80000000000001,
    90.785,
    91.29699999999998,
    89.27399999999999,
    90.78,
    89.779,
    88.78399999999999,
    87.296,
    88.77999999999999,
    87.283,
    88.27600000000001,
    93.8,
    88.78099999999999,
    89.78099999999999,
    88.28600000000002,
    87.77799999999999,
    91.27799999999999,
    83.76700000000001,
    85.272,
    89.797,
    89.77599999999998,
    88.79299999999999,
    94.303,
    91.29200000000002,
    89.76700000000001,
    94.306,
    92.289,
    84.62700000000002,
    81.277,
    93.801,
    89.256,
    89.27799999999999,
    89.262,
    87.769,
    90.26899999999998,
    83.798,
    88.289,
    92.78000000000002,
    88.77499999999999,
    89.296,
    93.287,
    88.25699999999998,
    89.78799999999998,
    91.77799999999999,
    91.28599999999999,
    91.27900000000001,
    88.266,
    91.28099999999999,
    89.792,
    87.28099999999998,
    94.795,
    87.797,
    90.292,
    84.26899999999999,
    85.77000000000001,
    90.789,
    86.28899999999999,
    91.28699999999999,
    86.782,
    86.268,
    89.284,
    90.786,
    90.29400000000001,
    87.289,
    92.26699999999998,
    91.291,
    88.807,
    93.273,
    89.78500000000001,
    87.786,
    92.26499999999999,
    88.802,
    88.786,
    92.29399999999998,
    89.26999999999998,
    92.769,
    88.278,
    89.80700000000002,
    88.27700000000002,
    91.782,
    95.28900000000002,
    93.78899999999999,
    89.29400000000001,
    88.274,
    87.78000000000002,
    88.77000000000001,
    89.75900000000001,
    91.268,
    87.27399999999999,
    88.768,
    90.285,
    91.27799999999999,
    90.311,
    84.272,
    89.78100000000002,
    85.77700000000002,
    88.791,
    90.273,
    88.28699999999999,
    88.25899999999999,
    86.782,
    87.301,
    87.78200000000001,
    87.252,
    87.76199999999999,
    93.289,
    90.29,
    89.772,
    90.28799999999998,
    86.26599999999999,
    92.29599999999999,
    95.276,
    86.77,
    87.30600000000001,
    90.787,
    90.764,
    87.28299999999999,
    92.793,
    86.23000000000002,
    93.808,
    89.28599999999999,
    84.28399999999999,
    89.291,
    87.297,
    87.77,
    91.78600000000002,
    82.287,
    93.30399999999999,
    93.298,
    90.296,
    88.28800000000001,
    92.292,
    87.28,
    89.784,
    92.29100000000001,
    91.28099999999999,
    86.786,
    86.793,
    87.28299999999999,
    89.77399999999999,
    85.78999999999999,
    90.29200000000002,
    83.776,
    91.30100000000002,
    88.291,
    88.76800000000001,
    86.775,
    91.78000000000002,
    89.78999999999999,
    90.77499999999999,
    90.279,
    86.79,
    85.77900000000002,
    86.782,
    85.773,
    86.286,
    88.28,
    88.29599999999999,
    93.309,
    91.27,
    86.783,
    87.28099999999999,
    93.77000000000001,
    92.286,
    90.79100000000003,
    90.278,
    90.76199999999999,
    91.3,
    85.761,
    86.77799999999999,
    90.28699999999999,
    93.27199999999999,
    89.78399999999999,
    85.27000000000001,
    88.28200000000001,
    87.263,
    92.286,
    89.258,
    91.29600000000002,
    88.287,
    91.30099999999997,
    85.787,
    87.79400000000001,
    87.776,
    92.28800000000001,
    86.789,
    88.764,
    88.76799999999999,
    86.299,
    87.77700000000002,
    87.79299999999998,
    91.80100000000002,
    83.785,
    90.27200000000002,
    88.782,
    88.796,
    90.77899999999997,
    83.77600000000001,
    89.29300000000002,
    86.228,
    92.298,
    87.78,
    88.266,
    85.797,
    90.799,
    91.78,
    87.756,
    91.299,
    90.28600000000002,
    90.265,
    90.28999999999999,
    86.778,
    88.77200000000002,
    90.29400000000001,
    92.28999999999999,
    93.26199999999999,
    86.764,
    89.28400000000002,
    91.275,
    89.76999999999998,
    91.78299999999999,
    89.79100000000001,
    91.77000000000001,
    93.28500000000001,
    90.797,
    94.278,
    89.792,
    88.30099999999997,
    92.299,
    88.27799999999999,
    91.785,
    89.771,
    86.79099999999998,
    87.28099999999999,
    94.268,
    89.29,
    87.293,
    88.292,
    90.803,
    88.787,
    92.797,
    90.78700000000002,
    91.276,
    88.773,
    86.261,
    86.27099999999999,
    90.774,
    91.283,
    86.742,
    89.29100000000003,
    88.78399999999999,
    90.293,
    91.78500000000001,
    93.794,
    84.25899999999999,
    88.79,
    87.772,
    92.78900000000002,
