{
  "complexity": 15,
  "alpha": 0.3,
  "gamma": 0.9,
  "epsilon": 0.3,
  "extra_passages": 0,
  "avg_rewards": [
    -273.0739999999984,
    -34.312000000000054,
    -25.026999999999923,
    2.1789999999999536,
    36.29800000000003,
    45.47699999999995,
    55.498000000000005,
    66.19899999999996,
    62.304999999999986,
    56.64299999999999,
    82.102,
    63.297000000000004,
    76.932,
    72.52399999999997,
    80.07099999999998,
    84.566,
    74.06699999999998,
    90.24,
    84.184,
    81.15600000000002,
    82.71000000000001,
    85.711,
    90.77799999999999,
    86.27400000000002,
    90.763,
    87.75500000000001,
    80.73200000000001,
    83.71,
    88.78900000000002,
    82.25999999999999,
    86.28200000000001,
    89.782,
    90.79400000000001,
    86.776,
    88.269,
    90.29499999999999,
    89.29400000000001,
    91.76599999999999,
    88.749,
    87.271,
    90.29100000000001,
    84.74600000000001,
    84.774,
    91.779,
    86.784,
    91.304,
    94.299,
    74.06700000000001,
    84.27600000000001,
    89.79799999999997,
    90.297,
    75.58399999999996,
    87.298,
    90.287,
    91.309,
    85.268,
    87.79499999999999,
    87.775,
    89.279,
    90.27700000000002,
    87.76200000000001,
    92.804,
    87.778,
    92.299,
    92.815,
    89.76599999999999,
    90.792,
    91.81,
    88.784,
    87.268,
    90.782,
    90.787,
    91.78799999999998,
    88.27799999999999,
    89.78899999999999,
    90.28,
    89.788,
    92.302,
    87.776,
    85.273,
    82.76899999999999,
    88.28999999999999,
    88.299,
    81.26899999999999,
    90.79700000000001,
    92.28200000000001,
    91.78799999999998,
    88.811,
    90.80499999999999,
    90.28900000000002,
    87.77799999999999,
    88.80400000000002,
    85.79799999999999,
    87.779,
    89.296,
    89.804,
    91.27700000000002,
    89.789,
    90.8,
    88.791,
    82.23299999999999,
    87.256,
    91.29100000000001,
    88.751,
    89.799,
    87.282,
    90.273,
    89.78500000000001,
    93.78299999999999,
    89.79499999999999,
    90.811,
    88.28699999999999,
    92.79400000000001,
    92.30700000000002,
    86.749,
    89.78200000000001,
    87.78500000000001,
    87.29100000000001,
    88.76499999999999,
    86.78800000000001,
    88.278,
    90.29599999999999,
    90.78099999999999,
    91.78300000000002,
    90.782,
    88.75500000000001,
    89.284,
    92.779,
    84.29400000000001,
    86.77099999999999,
    83.785,
    87.781,
    89.281,
    90.28800000000001,
    87.28,
    90.80600000000001,
    74.53499999999995,
    86.75800000000001,
    85.285,
    93.805,
    90.301,
    87.298,
    86.278,
    87.28999999999999,
    88.777,
    91.78399999999999,
    85.26799999999999,
    89.79199999999999,
    93.3,
    88.281,
    88.28299999999999,
    92.79399999999998,
    85.80399999999999,
    88.295,
    90.26500000000001,
    83.77699999999999,
    89.28899999999999,
    87.785,
    88.284,
    92.29400000000001,
    90.298,
    94.303,
    89.788,
    93.293,
    88.792,
    88.279,
    85.78900000000002,
    85.78899999999999,
    86.785,
    89.774,
    90.299,
    92.293,
    83.77799999999999,
    86.78099999999999,
    90.28799999999998,
    85.77899999999998,
    91.295,
    89.28599999999999,
    88.804,
    89.8,
    87.78599999999999,
    88.261,
    89.285,
    87.78099999999999,
    91.28999999999999,
    85.79,
    91.787,
    84.294,
    90.3,
    92.285,
    90.78999999999999,
    92.28299999999999,
    86.30000000000001,
    92.283,
    90.299,
    85.28299999999999,
    85.25899999999999,
    85.79299999999999,
    91.804,
    86.79400000000001,
    89.285,
    92.80199999999999,
    88.804,
    93.287,
    92.768,
    84.287,
    91.27000000000001,
    91.28900000000002,
    86.77400000000002,
    86.80900000000001,
    85.75999999999999,
    88.79,
    87.28399999999999,
    85.26399999999998,
    90.78999999999999,
    88.29400000000001,
    89.797,
    87.297,
    78.286,
    90.27799999999999,
    89.258,
    87.782,
    90.745,
    91.30100000000002,
    84.726,
    91.80799999999999,
    92.30600000000001,
    86.8,
    89.799,
    91.285,
    90.785,
    89.289,
    89.286,
    86.776,
    89.28999999999999,
    87.27600000000001,
    85.287,
    83.763,
    84.308,
    92.79599999999999,
    93.288,
    92.30699999999999,
    88.80199999999999,
    88.80799999999999,
    86.78999999999999,
    89.279,
    86.78099999999999,
    85.29400000000001,
    93.281,
    86.79400000000001,
    87.28699999999999,
    85.8,
    89.775,
    92.306,
    90.796,
    89.80100000000002,
    86.79400000000001,
    88.79299999999999,
    91.28,
    88.28099999999999,
    86.787,
    92.81200000000001,
    89.782,
    87.277,
    85.78999999999999,
    86.285,
    92.78599999999999,
    87.28799999999998,
    91.316,
    90.796,
    90.30199999999999,
    87.788,
    88.78099999999999,
    89.797,
    84.275,
    87.28500000000001,
    93.785,
    86.271,
    82.28000000000002,
    90.29800000000002,
    87.29199999999999,
    87.28699999999999,
    85.28900000000002,
    83.28899999999999,
    94.30700000000002,
    88.803,
    87.27799999999999,
    86.28599999999999,
    92.78900000000002,
    87.809,
    91.299,
    86.791,
    84.792,
    89.276,
    82.288,
    86.796,
    88.269,
    88.799,
    90.784,
    90.78500000000001,
    91.775,
    88.28899999999999,
    87.78299999999999,
    88.78800000000001,
    91.796,
    89.80499999999999,
    90.297,
    90.29199999999999,
    93.28200000000001,
    89.245,
    91.29499999999999,
    87.25899999999999,
    89.272,
    93.31299999999999,
    91.78,
    87.774,
    92.78600000000002,
    86.77199999999999,
    93.794,
    87.776,
    90.296,
    86.275,
    91.801,
    86.283,
    87.28799999999998,
    89.801,
    87.79199999999999,
    89.78,
    86.798,
    88.792,
    95.29899999999998,
    89.28900000000002,
    89.77999999999999,
    89.28999999999999,
    90.293,
    91.78999999999999,
    92.791,
    89.785,
    87.78599999999999,
    87.29099999999998,
    82.273,
    91.782,
    89.286,
    90.296,
    83.78,
    89.80600000000001,
    87.78,
    86.273,
    91.79199999999999,
    88.78599999999999,
    86.788,
    89.298,
    86.287,
    89.78400000000002,
    87.292,
    89.26299999999999,
    85.78,
    86.278,
    89.285,
    86.26399999999998,
    89.786,
    86.294,
    87.277,
    87.263,
    91.795,
    90.283,
    86.79599999999998,
    84.27000000000001,
    87.29,
    86.77199999999999,
    91.28800000000001,
    84.78800000000001,
    90.78900000000002,
    84.77000000000001,
    92.804,
    89.298,
    92.799,
    86.78399999999999,
    85.78300000000002,
    93.75500000000002,
    88.26200000000001,
    86.28399999999999,
    90.284,
    91.29099999999998,
    87.285,
    84.28200000000001,
    85.77099999999997,
    87.256,
    87.79299999999998,
    89.28500000000001,
    91.277,
    87.295,
    88.79799999999999,
    89.309,
    87.27799999999999,
    89.284,
    88.293,
    88.304,
    88.79400000000001,
    89.28299999999999,
    94.30799999999999,
    85.80399999999999,
    87.29100000000001,
    91.291,
    90.78399999999999,
    90.29500000000002,
    85.27299999999998,
    87.27699999999997,
    87.24999999999999,
    90.80000000000001,
    90.32600000000001,
    89.78799999999998,
    88.79299999999999,
    90.786,
    81.26100000000001,
    92.78999999999999,
    89.787,
    91.80300000000001,
    87.292,
    85.795,
    88.292,
    87.29499999999999,
    88.28,
    91.301,
    87.76299999999999,
    88.809,
    91.288,
    91.292,
    88.809,
    85.776,
    91.787,
    88.291,
    89.294,
    86.78799999999998,
    86.792,
    88.295,
    89.285,
    86.78999999999999,
    88.298,
    89.78099999999999,
    88.27600000000001,
    84.785,
    93.81000000000002,
    87.779,
    91.268,
    89.77900000000001,
    89.268,
    88.301,
    89.78099999999999,
    90.798,
    88.776,
    88.289,
    89.785,
    84.78099999999999,
    91.263,
