{
  "complexity": 10,
  "alpha": 0.2,
  "gamma": 0.85,
  "epsilon": 0.2,
  "extra_passages": 5,
  "avg_rewards": [
    -260.61299999999835,
    -38.897999999999385,
    33.672000000000004,
    34.835999999999885,
    44.718999999999966,
    54.871999999999865,
    65.46599999999997,
    64.36299999999999,
    54.740999999999914,
    73.09799999999998,
    78.77999999999996,
    68.67799999999997,
    74.21799999999998,
    68.626,
    87.86299999999999,
    84.48799999999999,
    84.94999999999999,
    86.439,
    84.92699999999999,
    83.402,
    79.958,
    87.53799999999998,
    91.637,
    90.659,
    90.66,
    91.73500000000001,
    89.107,
    87.72200000000001,
    93.182,
    89.136,
    90.11299999999999,
    94.248,
    92.758,
    94.77399999999999,
    93.24300000000002,
    92.77100000000002,
    90.695,
    93.292,
    93.78800000000001,
    90.26599999999999,
    91.73800000000001,
    90.791,
    91.79099999999998,
    89.79700000000001,
    93.306,
    93.28399999999999,
    94.305,
    95.295,
    93.32200000000002,
    95.816,
    94.31899999999999,
    93.80900000000001,
    95.815,
    91.775,
    93.768,
    94.812,
    92.81900000000002,
    95.31800000000001,
    95.324,
    91.30699999999999,
    86.291,
    93.82500000000002,
    92.30099999999997,
    95.81800000000001,
    93.32300000000001,
    91.81000000000002,
    95.311,
    92.816,
    87.289,
    94.324,
    92.816,
    94.828,
    96.31599999999999,
    93.799,
    95.31299999999999,
    93.81000000000003,
    91.292,
    92.81899999999999,
    93.31700000000001,
    96.29699999999998,
    94.828,
    93.816,
    93.33500000000001,
    92.79999999999998,
    93.828,
    93.819,
    95.31899999999999,
    95.80199999999999,
    95.81700000000001,
    93.811,
    89.30999999999999,
    93.297,
    92.81499999999998,
    93.31000000000002,
    91.29299999999999,
    95.801,
    94.30600000000001,
    93.82600000000001,
    93.819,
    94.81899999999999,
    89.29100000000003,
    95.305,
    95.81800000000001,
    96.30900000000001,
    94.81200000000001,
    94.312,
    91.289,
    95.80099999999999,
    96.79499999999999,
    93.821,
    94.313,
    92.797,
    95.81500000000001,
    91.313,
    94.82700000000001,
    95.32000000000001,
    93.815,
    96.325,
    94.33200000000001,
    94.30799999999999,
    95.79800000000002,
    96.318,
    93.804,
    91.82,
    92.308,
    93.32,
    94.31000000000002,
    94.321,
    93.808,
    96.30699999999999,
    97.32199999999999,
    94.316,
    94.30699999999999,
    94.81199999999998,
    93.304,
    93.802,
    92.81500000000001,
    89.82300000000001,
    96.784,
    94.319,
    97.299,
    91.331,
    93.81899999999999,
    95.30999999999999,
    93.80799999999998,
    91.32300000000001,
    94.314,
    94.323,
    93.309,
    93.31600000000002,
    93.31200000000001,
    92.328,
    93.79099999999998,
    93.806,
    93.79999999999998,
    93.314,
    95.809,
    92.82300000000001,
    93.817,
    96.315,
    96.814,
    96.80900000000001,
    91.821,
    94.30199999999999,
    95.32000000000001,
    91.811,
    94.29699999999998,
    92.301,
    94.81800000000001,
    94.30199999999998,
    92.805,
    91.32400000000001,
    96.32400000000001,
    87.809,
    96.328,
    93.812,
    93.304,
    95.316,
    95.333,
    95.316,
    95.80600000000001,
    93.81400000000001,
    93.30699999999999,
    94.32200000000002,
    92.814,
    96.309,
    95.30799999999999,
    95.32300000000001,
    90.81099999999999,
    85.80499999999999,
    94.79499999999999,
    95.317,
    95.829,
    92.32300000000001,
    92.30199999999999,
    93.322,
    91.80699999999999,
    94.8,
    94.82700000000001,
    93.80799999999999,
    93.80600000000001,
    93.818,
    92.319,
    96.304,
    93.814,
    91.80300000000001,
    90.81500000000001,
    95.30499999999999,
    91.82600000000001,
    93.327,
    95.821,
    90.816,
    95.319,
    93.822,
    93.82000000000001,
    93.298,
    97.29600000000002,
    96.807,
    92.814,
    92.30300000000001,
    95.31500000000001,
    91.30999999999999,
    89.82200000000002,
    92.30300000000001,
    96.31500000000001,
    91.79699999999998,
    96.81200000000001,
    95.80199999999999,
    91.30999999999999,
    94.32,
    95.303,
    95.81700000000001,
    95.322,
    93.803,
    92.31800000000001,
    89.81499999999998,
    89.304,
    93.324,
    94.81800000000001,
    94.301,
    93.82399999999998,
    91.81000000000002,
    95.805,
    94.81200000000001,
    95.825,
    92.813,
    95.828,
    93.80599999999997,
    91.838,
    93.319,
    96.812,
    91.82700000000001,
    89.822,
    96.306,
    93.828,
    94.328,
    92.81899999999999,
    94.32,
    92.82000000000001,
    92.318,
    92.81800000000001,
    93.286,
    95.817,
    94.30600000000001,
    91.811,
    94.32000000000001,
    94.298,
    94.32000000000001,
    92.798,
    90.80799999999998,
    93.31200000000001,
    91.819,
    94.303,
    97.304,
    96.822,
    95.29300000000002,
    95.799,
    92.31800000000001,
    91.312,
    93.31299999999999,
    91.82100000000001,
    92.31000000000002,
    92.808,
    92.31700000000001,
    94.81200000000001,
    94.799,
    93.812,
    92.316,
    94.32000000000001,
    93.31400000000001,
    94.322,
    96.81500000000003,
    95.322,
    93.31199999999998,
    94.31500000000001,
    93.826,
    92.31800000000001,
    93.80800000000002,
    91.30600000000001,
    90.32300000000001,
    96.321,
    91.775,
    90.82199999999999,
    92.31600000000002,
    96.827,
    93.329,
    92.79299999999998,
    94.82300000000001,
    93.317,
    94.31700000000001,
    93.30800000000002,
    93.31800000000001,
    93.323,
    95.30600000000001,
    95.315,
    91.80300000000003,
    95.31200000000001,
    90.828,
    91.809,
    93.30999999999999,
    93.81299999999999,
    96.30800000000002,
    93.304,
    95.828,
    92.814,
    93.311,
    94.821,
    92.825,
    92.82700000000001,
    93.296,
    92.81099999999999,
    97.82000000000001,
    92.83000000000001,
    94.323,
    94.82100000000001,
    90.313,
    93.29100000000001,
    94.814,
    92.30999999999997,
    93.311,
    94.30600000000001,
    91.81299999999999,
    94.315,
    97.325,
    93.797,
    93.31700000000001,
    91.309,
    94.81700000000001,
    94.313,
    91.81799999999998,
    93.828,
    95.81800000000001,
    94.304,
    92.303,
    95.82600000000001,
    96.30900000000001,
    95.82100000000001,
    96.30100000000002,
    94.30900000000001,
    95.30699999999999,
    87.303,
    94.29599999999999,
    94.81700000000001,
    96.30499999999999,
    96.317,
    97.83000000000001,
    93.30399999999997,
    90.30300000000001,
    95.32200000000002,
    94.31200000000003,
    91.82000000000001,
    92.806,
    94.80499999999999,
    92.30600000000001,
    95.80600000000001,
    92.815,
    93.30799999999999,
    92.31000000000002,
    91.787,
    94.824,
    93.316,
    96.817,
    93.31000000000002,
    93.80700000000003,
    93.301,
    94.324,
    91.29499999999999,
    96.317,
    93.82600000000001,
    95.82700000000001,
    92.331,
    96.31700000000001,
    91.301,
    96.308,
    94.81500000000003,
    96.826,
    95.326,
    95.304,
    93.80699999999999,
    92.811,
    93.81099999999999,
    95.32200000000002,
    92.80900000000001,
    92.31500000000001,
    92.30300000000001,
    95.81800000000001,
    90.319,
    93.819,
    95.808,
    94.811,
    95.82500000000002,
    92.819,
    96.802,
    94.82300000000001,
    94.808,
    92.3,
    94.31200000000001,
    89.78999999999999,
    89.313,
    94.30799999999999,
    95.82000000000001,
    92.306,
    95.30999999999999,
    94.836,
    90.309,
    94.801,
    94.31,
    92.315,
    90.81499999999998,
    92.81000000000002,
    92.29499999999999,
    95.816,
    94.81200000000001,
    97.328,
    91.813,
    91.80799999999999,
    91.81000000000002,
    93.827,
    96.80700000000002,
    92.81000000000002,
    95.32300000000001,
