{
  "complexity": 10,
  "alpha": 0.2,
  "gamma": 0.85,
  "epsilon": 0.3,
  "extra_passages": 5,
  "avg_rewards": [
    -299.5339999999984,
    -119.10099999999866,
    -10.847000000000028,
    -10.031999999999613,
    19.29899999999994,
    21.521999999999913,
    46.25000000000007,
    26.511000000000045,
    67.30099999999996,
    56.969999999999985,
    72.83599999999998,
    66.79799999999999,
    61.03400000000001,
    69.40400000000001,
    68.318,
    78.97300000000001,
    81.439,
    78.10300000000001,
    77.04400000000001,
    72.60299999999998,
    80.56099999999999,
    75.876,
    82.12499999999999,
    89.12499999999999,
    79.593,
    88.737,
    79.152,
    80.71,
    89.72300000000003,
    85.70700000000001,
    83.713,
    88.244,
    88.732,
    85.717,
    86.20900000000002,
    86.236,
    87.24199999999999,
    90.783,
    92.789,
    90.77199999999998,
    88.756,
    89.287,
    90.29099999999998,
    80.566,
    88.775,
    93.80600000000001,
    88.781,
    86.779,
    89.3,
    84.298,
    92.295,
    95.80300000000001,
    91.8,
    89.29,
    90.29699999999998,
    92.30699999999999,
    90.81,
    93.785,
    89.31300000000002,
    89.78999999999999,
    92.30700000000002,
    85.774,
    89.795,
    88.27400000000002,
    89.795,
    87.26199999999999,
    90.29400000000001,
    92.80199999999999,
    92.80799999999999,
    90.808,
    81.721,
    90.292,
    93.299,
    92.311,
    93.80600000000001,
    89.769,
    87.304,
    87.813,
    88.78999999999999,
    89.291,
    86.8,
    93.28600000000003,
    89.29199999999999,
    91.804,
    95.311,
    92.30099999999999,
    90.307,
    85.78299999999999,
    86.79500000000002,
    96.283,
    92.81000000000002,
    91.304,
    92.77099999999999,
    89.30000000000003,
    86.30199999999999,
    89.772,
    94.296,
    89.79400000000001,
    90.29100000000001,
    87.295,
    93.29999999999998,
    88.28299999999999,
    90.78500000000001,
    85.78999999999999,
    84.765,
    93.79400000000001,
    88.28999999999999,
    92.78299999999999,
    94.30400000000002,
    91.29100000000001,
    88.782,
    94.82000000000001,
    89.794,
    90.81700000000001,
    91.79100000000001,
    92.80300000000001,
    93.796,
    89.299,
    89.798,
    93.806,
    91.794,
    88.78999999999999,
    89.81300000000002,
    89.30800000000002,
    91.799,
    94.80300000000001,
    89.785,
    89.797,
    87.775,
    84.285,
    93.299,
    93.29099999999998,
    89.30600000000001,
    89.79899999999999,
    87.78800000000001,
    89.794,
    87.76900000000002,
    94.781,
    86.29100000000001,
    94.31200000000001,
    90.79499999999999,
    86.81,
    91.79199999999999,
    90.781,
    88.809,
    88.814,
    90.257,
    88.792,
    88.81500000000003,
    92.30499999999999,
    91.79399999999998,
    89.79700000000001,
    94.295,
    83.78300000000002,
    87.28799999999998,
    90.77899999999998,
    87.30500000000002,
    92.29999999999998,
    93.78899999999999,
    91.771,
    95.809,
    89.80199999999999,
    89.812,
    91.773,
    88.82300000000001,
    87.797,
    89.273,
    89.29599999999998,
    83.78,
    83.794,
    90.77000000000001,
    88.306,
    89.77499999999998,
    90.304,
    86.793,
    88.80199999999998,
    88.31800000000001,
    88.76100000000001,
    92.29100000000001,
    92.29499999999999,
    90.814,
    87.799,
    93.784,
    91.299,
    90.77299999999998,
    87.78099999999999,
    87.29299999999999,
    91.30300000000001,
    86.796,
    92.29899999999999,
    91.801,
    90.81600000000002,
    89.817,
    90.78800000000001,
    90.78299999999999,
    92.307,
    88.785,
    89.31400000000001,
    90.287,
    93.784,
    85.787,
    85.304,
    88.79599999999998,
    87.796,
    92.81199999999998,
    92.77699999999999,
    83.282,
    87.303,
    85.30099999999999,
    89.79400000000001,
    93.309,
    91.81200000000001,
    89.76400000000001,
    92.28500000000001,
    90.28399999999999,
    88.794,
    87.314,
    85.79499999999999,
    90.773,
    87.27099999999999,
    93.297,
    83.80100000000002,
    90.29200000000002,
    92.80199999999999,
    92.292,
    86.265,
    88.80799999999996,
    92.29999999999998,
    85.29099999999998,
    93.80199999999999,
    89.78200000000001,
    88.785,
    87.8,
    89.29299999999999,
    91.792,
    90.289,
    90.797,
    91.791,
    86.794,
    89.28299999999999,
    90.29300000000002,
    88.293,
    91.784,
    92.30699999999999,
    88.281,
    85.29100000000001,
    84.272,
    85.284,
    89.30200000000002,
    89.29100000000001,
    85.796,
    88.79400000000001,
    88.804,
    90.299,
    87.78899999999999,
    89.801,
    91.821,
    93.80199999999999,
    89.78400000000002,
    89.797,
    86.77799999999999,
    91.79199999999999,
    94.304,
    86.792,
    87.80100000000002,
    89.29400000000001,
    91.80000000000001,
    85.803,
    93.803,
    89.293,
    90.304,
    84.77299999999998,
    88.792,
    93.30900000000003,
    95.81400000000001,
    86.791,
    93.792,
    90.80300000000003,
    90.29199999999999,
    88.78300000000002,
    85.78999999999999,
    89.28999999999999,
    87.773,
    92.31,
    85.79599999999999,
    90.78599999999999,
    87.80199999999999,
    85.766,
    88.258,
    88.785,
    92.28899999999999,
    92.31099999999999,
    83.296,
    87.30499999999998,
    86.789,
    90.27099999999999,
    89.81900000000002,
    89.797,
    90.3,
    93.785,
    90.298,
    86.792,
    89.79499999999999,
    91.296,
    91.794,
    92.78999999999999,
    92.298,
    95.80699999999999,
    93.81500000000001,
    88.26599999999999,
    89.78400000000002,
    88.78899999999999,
    87.285,
    90.805,
    88.793,
    88.77799999999999,
    88.79499999999999,
    88.787,
    94.81200000000001,
    89.28200000000001,
    87.30000000000001,
    88.78099999999999,
    87.79199999999999,
    90.31299999999999,
    89.80800000000002,
    88.287,
    87.799,
    88.799,
    85.29099999999998,
    92.77099999999999,
    90.30199999999999,
    88.8,
    91.78399999999999,
    89.779,
    87.29199999999999,
    86.291,
    86.279,
    90.77099999999999,
    88.26199999999999,
    89.28800000000001,
    86.79400000000001,
    89.78,
    86.773,
    90.304,
    88.28900000000002,
    86.27900000000001,
    90.312,
    87.28,
    87.30499999999999,
    83.80799999999999,
    86.79699999999998,
    91.28999999999999,
    95.30799999999999,
    87.273,
    89.8,
    86.26599999999999,
    90.301,
    87.78500000000001,
    90.818,
    89.78600000000002,
    81.78600000000002,
    91.80799999999999,
    86.775,
    91.284,
    89.294,
    91.815,
    90.29100000000001,
    84.79299999999999,
    92.27600000000001,
    90.308,
    92.298,
    87.79599999999998,
    86.28,
    93.301,
    90.809,
    87.28900000000002,
    91.292,
    86.81700000000001,
    91.29999999999998,
    89.30400000000002,
    90.808,
    89.78800000000001,
    88.80099999999999,
    91.783,
    87.78099999999999,
    91.301,
    89.27799999999999,
    89.811,
    91.785,
    91.80300000000003,
    86.306,
    88.795,
    91.29499999999999,
    87.304,
    90.80100000000002,
    88.75800000000001,
    86.814,
    90.79499999999999,
    90.796,
    90.29699999999998,
    88.297,
    89.78699999999999,
    93.78999999999999,
    90.80600000000001,
    84.791,
    89.30500000000002,
    89.29400000000001,
    91.297,
    91.81500000000001,
    89.304,
    92.29799999999999,
    87.78,
    90.799,
    85.292,
    90.29800000000002,
    87.3,
    88.789,
    89.794,
    89.29,
    89.28999999999999,
    92.30099999999999,
    83.77999999999999,
    87.779,
    92.291,
    87.315,
    87.287,
    89.31299999999999,
    90.30099999999999,
    90.79499999999999,
    91.78099999999999,
    90.80199999999999,
    90.277,
    90.81,
    89.795,
    91.79499999999999,
    87.80799999999998,
    87.303,
    86.287,
    92.31300000000002,
    88.793,
    90.284,
    89.79599999999999,
    88.792,
    89.315,
    89.304,
