{
  "complexity": 4,
  "alpha": 0.3,
  "gamma": 0.85,
  "epsilon": 0.1,
  "extra_passages": 11,
  "avg_rewards": [
    -242.66499999999797,
    58.12099999999996,
    82.44299999999998,
    86.90299999999998,
    79.84200000000001,
    84.84399999999998,
    87.90999999999995,
    89.65899999999998,
    89.602,
    91.655,
    91.333,
    92.25500000000002,
    94.47,
    93.53599999999999,
    91.42999999999999,
    95.95,
    93.01199999999999,
    93.108,
    93.965,
    94.553,
    97.144,
    96.625,
    98.2,
    95.16999999999999,
    97.18299999999999,
    98.15299999999999,
    95.701,
    98.75399999999999,
    95.695,
    97.73299999999999,
    97.21300000000001,
    96.257,
    96.24600000000001,
    98.30499999999999,
    96.797,
    96.793,
    96.292,
    97.307,
    99.31599999999999,
    98.30100000000002,
    97.80199999999999,
    98.81700000000001,
    96.80799999999999,
    96.82500000000002,
    97.82600000000002,
    95.32900000000001,
    97.83800000000002,
    98.33300000000001,
    97.33800000000001,
    97.325,
    97.834,
    97.82799999999999,
    96.32900000000001,
    99.83000000000001,
    96.83099999999999,
    97.83500000000001,
    97.838,
    96.33500000000001,
    98.339,
    96.83,
    96.83600000000001,
    97.836,
    99.32700000000001,
    98.827,
    96.83700000000002,
    97.83400000000002,
    97.336,
    97.33000000000001,
    98.83500000000001,
    98.84200000000001,
    98.33800000000001,
    97.83400000000002,
    99.334,
    96.823,
    96.824,
    97.831,
    98.33200000000001,
    94.83000000000001,
    96.84200000000001,
    98.83100000000002,
    99.34100000000001,
    96.83900000000001,
    97.33600000000001,
    97.33900000000003,
    96.84200000000001,
    98.33900000000003,
    97.33600000000001,
    98.843,
    95.837,
    95.343,
    96.33700000000002,
    98.34200000000001,
    98.34400000000001,
    97.84200000000001,
    96.83500000000001,
    97.33800000000001,
    96.82600000000001,
    98.83400000000002,
    97.33500000000001,
    98.83700000000002,
    96.83500000000002,
    99.83200000000002,
    99.331,
    98.83500000000001,
    98.33100000000002,
    98.34100000000002,
    98.843,
    98.82900000000002,
    98.322,
    96.82900000000002,
    97.34,
    98.32600000000001,
    96.83600000000001,
    99.326,
    97.333,
    97.33700000000002,
    96.83300000000001,
    97.33700000000002,
    97.34200000000001,
    98.34200000000001,
    96.331,
    96.33800000000001,
    99.343,
    98.325,
    98.33700000000002,
    99.33500000000001,
    98.84200000000001,
    96.828,
    96.836,
    96.33900000000001,
    96.84600000000002,
    97.834,
    96.33000000000001,
    97.84,
    97.33700000000002,
    95.84300000000002,
    98.833,
    95.34,
    94.33700000000002,
    97.33200000000001,
    96.33600000000001,
    97.83600000000001,
    97.833,
    99.83000000000001,
    97.83500000000001,
    98.33900000000001,
    96.34100000000001,
    97.33600000000001,
    96.33700000000002,
    97.84,
    97.333,
    97.34100000000002,
    98.33900000000001,
    98.345,
    97.84400000000001,
    97.334,
    96.84200000000001,
    98.83300000000001,
    96.33800000000002,
    98.33399999999999,
    98.83099999999999,
    97.83600000000001,
    97.33900000000001,
    97.83200000000001,
    96.32900000000001,
    97.33200000000002,
    98.342,
    97.83600000000001,
    96.828,
    98.82600000000001,
    97.82700000000001,
    98.33900000000001,
    98.344,
    97.33800000000001,
    98.333,
    97.34000000000002,
    98.339,
    95.837,
    97.33500000000001,
    97.84200000000001,
    98.33200000000002,
    96.83800000000001,
    98.33400000000002,
    96.34100000000001,
    97.34100000000001,
    98.32900000000002,
    99.83900000000001,
    99.33200000000001,
    97.84400000000002,
    99.33800000000002,
    98.33300000000001,
    98.84200000000001,
    96.839,
    98.33500000000001,
    98.33700000000002,
    98.33700000000002,
    98.33600000000003,
    95.83200000000001,
    95.83200000000002,
    97.32900000000001,
    97.331,
    96.33800000000002,
    99.83500000000001,
    99.33800000000001,
    97.828,
    96.83500000000001,
    97.32,
    97.84,
    98.337,
    96.33600000000001,
    97.34400000000001,
    99.34200000000001,
    97.33400000000002,
    98.84500000000001,
    97.33600000000001,
    97.331,
    97.83700000000002,
    97.83099999999999,
    97.327,
    96.83300000000001,
    95.329,
    98.34200000000001,
    97.83200000000001,
    96.33200000000001,
    95.33000000000001,
    95.829,
    97.841,
    98.83099999999999,
    96.834,
    97.83700000000002,
    96.84000000000002,
    96.84,
    97.346,
    98.33900000000001,
    96.84100000000002,
    98.33800000000001,
    96.81700000000001,
    98.34,
    98.34400000000001,
    97.33800000000001,
    99.331,
    98.33900000000003,
    98.82400000000001,
    96.84200000000001,
    97.837,
    96.84400000000002,
    95.83700000000002,
    97.84200000000001,
    99.336,
    98.83,
    99.331,
    97.328,
    97.331,
    97.33200000000001,
    97.33,
    96.33600000000003,
    97.83300000000001,
    98.83900000000001,
    98.33200000000001,
    98.34,
    97.34100000000001,
    98.328,
    97.82399999999998,
    99.334,
    98.33700000000002,
    99.334,
    97.825,
    98.34,
    97.33600000000003,
    98.34100000000001,
    97.33600000000001,
    96.33200000000002,
    96.83000000000001,
    96.828,
    96.33500000000001,
    95.833,
    96.833,
    97.34200000000001,
    98.338,
    97.34200000000001,
    97.83600000000001,
    97.83500000000001,
    98.33000000000001,
    99.338,
    96.81500000000001,
    98.33900000000003,
    97.839,
    97.33200000000002,
    96.84400000000002,
    97.328,
    99.32900000000001,
    97.82500000000002,
    99.34600000000002,
    96.834,
    98.33700000000002,
    97.336,
    95.83,
    98.84299999999999,
    97.82200000000002,
    97.83200000000001,
    97.33400000000002,
    98.831,
    98.83700000000002,
    96.83100000000003,
    97.83500000000001,
    98.84400000000001,
    96.84000000000002,
    97.83500000000001,
    98.828,
    97.328,
    98.83000000000001,
    96.83500000000001,
    98.829,
    98.34400000000002,
    97.83700000000002,
    98.832,
    96.83700000000002,
    98.831,
    97.33600000000001,
    98.33800000000001,
    99.83700000000002,
    98.846,
    98.33400000000002,
    97.837,
    98.84400000000001,
    97.34300000000002,
    98.831,
    98.831,
    98.34,
    98.34,
    98.846,
    96.83800000000001,
    97.34,
    98.33000000000001,
    96.83200000000001,
    95.83000000000001,
    97.83000000000001,
    97.33400000000002,
    98.84300000000002,
    96.833,
    97.83300000000001,
    97.83099999999999,
    98.33200000000001,
    95.81000000000002,
    97.83800000000001,
    97.845,
    98.34500000000001,
    98.33700000000002,
    95.84500000000001,
    96.34100000000001,
    96.831,
    99.33099999999999,
    96.34100000000002,
    99.33200000000002,
    97.84000000000002,
    99.33700000000002,
    95.83700000000002,
    98.84200000000001,
    96.83300000000001,
    98.831,
    95.83900000000001,
    98.33399999999999,
    98.334,
    96.33200000000002,
    95.33800000000001,
    97.834,
    98.32900000000002,
    96.838,
    99.83000000000001,
    99.33500000000002,
    97.832,
    97.33500000000001,
    98.83500000000001,
    97.834,
    96.828,
    97.837,
    96.83500000000001,
    99.33800000000001,
    97.34100000000001,
    95.34400000000001,
    97.33000000000001,
    98.83700000000002,
    98.33600000000001,
    98.83900000000001,
    98.84,
    98.34400000000001,
    96.84200000000001,
    96.34500000000001,
    98.843,
    98.33500000000001,
    96.84,
    97.83700000000002,
    98.34,
    97.334,
    96.337,
    98.83800000000001,
    97.836,
    95.834,
    96.33399999999999,
    95.34,
    97.83,
    96.33700000000002,
    96.83300000000001,
    97.82600000000001,
    97.33700000000002,
    97.33000000000001,
    98.32900000000001,
