{
  "complexity": 10,
  "alpha": 0.3,
  "gamma": 0.85,
  "epsilon": 0.3,
  "extra_passages": 5,
  "avg_rewards": [
    -311.94699999999796,
    -64.71399999999926,
    -29.935999999999858,
    37.11399999999997,
    37.66099999999992,
    42.101999999999954,
    52.90699999999996,
    51.9039999999999,
    54.52399999999996,
    70.79099999999997,
    53.56999999999999,
    75.43400000000001,
    80.00099999999998,
    71.83499999999995,
    69.824,
    77.44199999999998,
    81.185,
    79.03699999999999,
    81.09799999999998,
    73.51899999999996,
    78.064,
    87.17,
    87.75699999999999,
    82.66000000000001,
    80.09100000000001,
    87.75300000000001,
    93.789,
    87.23400000000001,
    90.766,
    91.787,
    89.292,
    86.781,
    92.27499999999999,
    91.31000000000002,
    82.18099999999998,
    93.266,
    90.77799999999999,
    85.788,
    90.29600000000002,
    90.799,
    90.28500000000001,
    89.783,
    85.79599999999998,
    89.79499999999999,
    89.29799999999999,
    91.28400000000002,
    85.27099999999999,
    90.81100000000002,
    90.305,
    90.796,
    78.18599999999999,
    91.30199999999999,
    92.281,
    89.73499999999999,
    87.805,
    89.80199999999999,
    93.782,
    92.784,
    86.274,
    91.803,
    87.757,
    91.80100000000002,
    87.797,
    89.777,
    88.784,
    93.798,
    92.304,
    91.288,
    90.79099999999998,
    90.29100000000001,
    93.28900000000002,
    94.299,
    93.79400000000001,
    90.80800000000002,
    88.79299999999998,
    87.295,
    91.287,
    87.28900000000002,
    89.28999999999999,
    90.283,
    92.30499999999999,
    91.79099999999998,
    91.301,
    88.766,
    90.804,
    91.256,
    89.281,
    86.801,
    91.30100000000002,
    88.296,
    89.801,
    89.80300000000001,
    90.786,
    88.776,
    86.29899999999999,
    90.76400000000001,
    94.798,
    89.29599999999999,
    89.299,
    86.297,
    88.291,
    89.80400000000002,
    90.79100000000001,
    90.25699999999999,
    92.309,
    88.804,
    91.28200000000001,
    87.28399999999999,
    88.292,
    88.801,
    88.299,
    91.80699999999999,
    90.29400000000001,
    91.795,
    88.76700000000001,
    86.80099999999999,
    89.289,
    91.793,
    92.31700000000002,
    91.283,
    89.30499999999999,
    93.783,
    91.791,
    86.795,
    92.78299999999999,
    92.81300000000002,
    87.78799999999998,
    91.29599999999999,
    89.28800000000001,
    89.775,
    88.287,
    86.795,
    89.297,
    92.304,
    88.787,
    88.25800000000001,
    90.78299999999999,
    92.28599999999999,
    84.293,
    85.75800000000001,
    89.79999999999998,
    88.294,
    92.799,
    88.78399999999999,
    89.28999999999999,
    87.78099999999999,
    91.811,
    92.27799999999999,
    86.30000000000001,
    93.322,
    91.287,
    90.79500000000002,
    84.8,
    88.787,
    90.29299999999998,
    94.78899999999999,
    87.78200000000001,
    89.80799999999999,
    85.788,
    86.784,
    86.269,
    89.78399999999999,
    89.287,
    93.795,
    90.80300000000003,
    88.79999999999998,
    88.25500000000002,
    90.27200000000002,
    90.799,
    89.28900000000002,
    92.276,
    87.28299999999999,
    91.30499999999999,
    88.796,
    91.78299999999999,
    91.277,
    90.78,
    91.799,
    93.28600000000002,
    86.795,
    87.762,
    86.786,
    91.794,
    94.79499999999999,
    92.298,
    93.297,
    90.27199999999999,
    84.296,
    88.80100000000002,
    88.788,
    94.814,
    88.27199999999999,
    85.766,
    91.28300000000002,
    87.791,
    91.80999999999999,
    90.27599999999998,
    89.774,
    91.285,
    88.78899999999999,
    92.28699999999999,
    90.279,
    91.283,
    88.276,
    92.272,
    82.77900000000001,
    85.28799999999998,
    91.29400000000001,
    90.79400000000001,
    83.284,
    88.291,
    88.28999999999999,
    92.28900000000002,
    90.27699999999999,
    90.276,
    87.795,
    90.797,
    93.79399999999998,
    92.29499999999999,
    85.77,
    90.79599999999999,
    89.28299999999999,
    93.30999999999999,
    86.79700000000001,
    94.304,
    90.3,
    87.27,
    90.79999999999998,
    90.275,
    89.79100000000003,
    92.80199999999999,
    91.816,
    93.28600000000002,
    91.80300000000003,
    86.269,
    87.26199999999999,
    86.27099999999999,
    86.263,
    90.28799999999998,
    94.315,
    90.305,
    89.79099999999998,
    88.269,
    91.776,
    84.279,
    93.278,
    85.787,
    93.799,
    91.293,
    89.775,
    90.79899999999998,
    91.27799999999999,
    91.79500000000002,
    91.774,
    90.80100000000002,
    87.81899999999999,
    89.795,
    90.273,
    86.277,
    91.799,
    92.79299999999999,
    90.78099999999999,
    89.785,
    91.30699999999999,
    88.79299999999999,
    90.78999999999999,
    91.306,
    89.81,
    88.278,
    90.29499999999999,
    87.26499999999999,
    89.78399999999999,
    91.767,
    93.307,
    89.78,
    92.797,
    93.79400000000001,
    90.288,
    91.298,
    92.297,
    89.76700000000001,
    93.81400000000001,
    86.288,
    90.294,
    94.80100000000002,
    90.776,
    86.28299999999999,
    92.79399999999998,
    90.278,
    93.277,
    90.79400000000001,
    91.811,
    92.80299999999998,
    89.78699999999999,
    92.76899999999998,
    88.79400000000001,
    88.804,
    90.276,
    88.28999999999999,
    89.279,
    84.77300000000001,
    90.795,
    90.28200000000001,
    89.787,
    93.785,
    90.27000000000001,
    92.26499999999999,
    92.785,
    90.78599999999999,
    87.288,
    87.79199999999999,
    92.309,
    90.803,
    87.754,
    89.28,
    91.79100000000001,
    92.304,
    86.30099999999999,
    88.799,
    91.81200000000001,
    95.31300000000002,
    91.77400000000002,
    86.79299999999999,
    89.287,
    93.26,
    89.781,
    87.78,
    92.80699999999999,
    89.285,
    89.787,
    90.76700000000001,
    88.28900000000002,
    92.80799999999999,
    91.296,
    92.29799999999999,
    90.29100000000001,
    92.28999999999999,
    85.761,
    86.78900000000002,
    90.277,
    91.292,
    90.288,
    88.795,
    88.78699999999999,
    90.311,
    91.792,
    87.79400000000003,
    90.819,
    91.30499999999999,
    90.292,
    91.29099999999998,
    86.77500000000002,
    92.31300000000002,
    89.806,
    89.802,
    93.758,
    90.25800000000001,
    91.30600000000001,
    91.294,
    90.79499999999999,
    92.79199999999999,
    90.25799999999997,
    92.789,
    90.27799999999999,
    90.78699999999999,
    93.81800000000001,
    93.793,
    88.281,
    91.80300000000001,
    90.261,
    90.79100000000001,
    89.78299999999999,
    91.297,
    85.301,
    91.298,
    84.78099999999999,
    87.806,
    94.295,
    91.278,
    87.28099999999999,
    90.803,
    89.80899999999998,
    91.778,
    91.27799999999999,
    89.306,
    92.29400000000001,
    94.27700000000002,
    91.80499999999999,
    89.27699999999999,
    87.785,
    88.793,
    86.268,
    91.279,
    92.78,
    89.805,
    85.28899999999999,
    91.78699999999999,
    92.264,
    92.291,
    90.296,
    88.778,
    95.302,
    90.79700000000001,
    89.77199999999998,
    89.28699999999999,
    87.24000000000001,
    87.299,
    83.771,
    86.306,
    89.808,
    93.795,
    90.274,
    93.297,
    92.79799999999999,
    88.26599999999999,
    88.771,
    90.795,
    87.80499999999999,
    91.78099999999999,
    92.29,
    88.782,
    92.79999999999998,
    87.288,
    93.312,
    90.30699999999999,
    92.299,
    89.28299999999999,
    92.77200000000002,
    93.799,
    90.787,
    92.79299999999998,
    90.78999999999999,
    88.788,
    89.78399999999998,
    91.79800000000002,
    85.28899999999999,
    89.81199999999998,
    89.80100000000002,
    91.275,
    91.78599999999999,
    92.28399999999999,
    87.79999999999998,
    91.799,
    94.29299999999998,
    92.28900000000002,
    92.285,
    84.27399999999999,
    90.298,
    90.297,
    89.30199999999999,
