{
  "complexity": 11,
  "alpha": 0.1,
  "gamma": 0.95,
  "epsilon": 0.3,
  "extra_passages": 4,
  "avg_rewards": [
    -318.815999999998,
    -135.16999999999857,
    -64.65299999999952,
    -27.723999999999982,
    -29.406000000000017,
    19.43099999999983,
    17.672999999999895,
    54.915,
    45.190999999999974,
    35.21599999999989,
    36.712999999999965,
    57.99199999999995,
    44.786,
    56.604999999999976,
    59.66899999999994,
    53.0,
    45.56899999999995,
    71.333,
    64.75599999999994,
    70.454,
    66.76100000000002,
    65.29100000000001,
    81.56300000000002,
    67.75699999999998,
    73.34799999999998,
    72.989,
    75.96999999999997,
    65.864,
    78.631,
    76.978,
    81.579,
    72.44699999999997,
    84.12899999999999,
    74.51899999999999,
    76.46599999999998,
    83.703,
    75.486,
    88.223,
    81.626,
    83.582,
    82.083,
    83.68999999999998,
    87.22299999999998,
    74.114,
    81.232,
    84.69,
    80.718,
    90.261,
    87.20600000000002,
    86.735,
    81.635,
    90.239,
    92.80100000000002,
    86.795,
    84.75699999999999,
    89.742,
    90.78200000000001,
    90.777,
    85.23400000000001,
    85.23599999999999,
    87.78699999999999,
    89.28900000000002,
    90.299,
    84.27799999999999,
    87.80099999999999,
    89.777,
    90.287,
    86.78200000000001,
    87.25399999999999,
    86.28800000000001,
    89.78300000000002,
    90.23299999999999,
    83.231,
    87.78200000000001,
    84.771,
    88.28900000000002,
    91.79,
    89.756,
    91.277,
    83.795,
    87.274,
    94.308,
    87.793,
    88.788,
    90.278,
    91.30800000000002,
    88.316,
    95.298,
    91.76500000000001,
    84.26399999999998,
    88.787,
    88.796,
    88.26999999999998,
    89.752,
    90.32300000000002,
    88.80999999999999,
    91.296,
    87.797,
    87.795,
    87.78500000000001,
    83.15,
    90.30499999999999,
    91.796,
    88.79299999999999,
    87.28999999999999,
    90.799,
    87.287,
    90.78999999999999,
    88.78900000000002,
    89.779,
    89.78099999999999,
    89.3,
    87.274,
    86.30499999999999,
    92.30500000000002,
    86.77799999999999,
    87.286,
    88.804,
    85.309,
    93.308,
    89.772,
    89.294,
    92.311,
    91.80199999999999,
    90.27499999999999,
    90.295,
    90.29400000000001,
    93.79899999999999,
    91.299,
    90.786,
    89.81800000000001,
    84.28299999999999,
    89.29400000000001,
    88.30600000000001,
    84.74299999999998,
    89.78,
    91.79099999999998,
    89.28299999999999,
    88.798,
    88.78699999999999,
    87.79499999999999,
    88.29099999999998,
    87.275,
    90.287,
    85.267,
    89.79500000000002,
    88.78999999999999,
    91.28200000000002,
    87.792,
    90.79400000000001,
    84.749,
    89.81299999999999,
    88.301,
    89.26,
    89.29100000000001,
    91.76200000000001,
    90.29400000000001,
    86.291,
    88.292,
    88.274,
    88.27700000000002,
    93.8,
    92.77000000000001,
    90.267,
    87.81199999999998,
    91.786,
    89.28900000000002,
    89.805,
    87.284,
    87.81200000000001,
    90.78,
    86.301,
    89.29999999999998,
    90.81300000000002,
    87.277,
    87.3,
    88.302,
    91.798,
    89.29400000000001,
    85.29,
    87.76100000000001,
    83.29799999999999,
    93.304,
    89.787,
    88.27,
    93.29400000000001,
    89.777,
    90.82700000000001,
    85.806,
    92.272,
    89.769,
    91.29199999999999,
    92.302,
    91.309,
    85.29299999999998,
    87.29700000000001,
    86.793,
    91.29499999999999,
    89.78599999999997,
    83.284,
    89.275,
    89.797,
    89.27799999999999,
    87.78500000000001,
    88.809,
    81.78699999999999,
    87.82300000000001,
    87.80499999999999,
    90.79299999999999,
    89.786,
    89.292,
    89.801,
    90.80299999999997,
    88.795,
    85.781,
    90.285,
    88.29299999999998,
    91.8,
    89.764,
    91.28900000000002,
    86.28099999999998,
    86.29700000000001,
    90.78099999999999,
    85.29699999999998,
    91.778,
    89.78900000000002,
    87.27699999999999,
    88.274,
    85.78299999999999,
    89.799,
    86.78599999999997,
    88.274,
    89.777,
    89.27399999999997,
    92.285,
    90.289,
    82.783,
    85.25999999999999,
    84.752,
    88.775,
    89.8,
    86.788,
    91.77000000000001,
    88.78099999999999,
    91.798,
    89.77699999999999,
    87.274,
    88.786,
    89.275,
    87.308,
    88.293,
    92.785,
    85.793,
    87.77800000000002,
    87.81,
    91.28599999999999,
    84.743,
    90.78399999999999,
    88.811,
    89.28600000000002,
    91.79599999999999,
    80.76699999999998,
    91.77099999999999,
    88.28099999999999,
    85.79400000000001,
    87.768,
    91.26700000000001,
    86.818,
    85.787,
    92.291,
    88.29499999999999,
    89.293,
    86.795,
    86.28899999999999,
    86.785,
    91.80799999999999,
    92.773,
    88.315,
    87.803,
    84.77799999999999,
    90.80800000000002,
    92.797,
    85.80199999999999,
    85.29,
    92.296,
    88.29400000000001,
    91.28299999999999,
    84.79099999999998,
    88.77899999999997,
    88.796,
    87.27799999999999,
    84.27799999999999,
    85.78999999999999,
    87.285,
    92.317,
    88.29600000000002,
    88.274,
    85.775,
    88.313,
    89.8,
    92.788,
    93.797,
    90.28600000000002,
    87.296,
    90.78300000000002,
    84.279,
    85.77400000000003,
    89.774,
    84.27899999999998,
    88.28200000000001,
    89.78899999999999,
    88.81099999999999,
    88.271,
    87.31700000000001,
    90.286,
    89.77700000000002,
    90.28899999999999,
    91.30699999999999,
    83.786,
    88.301,
    85.78,
    84.3,
    86.797,
    90.297,
    86.78000000000002,
    87.804,
    91.29400000000001,
    93.28,
    90.30100000000002,
    91.28000000000002,
    92.30499999999999,
    86.27599999999998,
    88.784,
    89.80699999999999,
    85.303,
    89.272,
    90.804,
    87.298,
    89.27799999999999,
    89.296,
    85.30199999999999,
    85.29100000000001,
    90.27900000000002,
    85.28799999999998,
    88.301,
    90.302,
    87.775,
    88.271,
    87.28899999999999,
    86.799,
    84.292,
    85.29400000000001,
    88.797,
    82.28799999999998,
    90.292,
    89.78100000000002,
    86.27600000000001,
    84.79099999999998,
    88.78899999999999,
    91.795,
    85.78999999999999,
    85.78699999999999,
    86.80300000000001,
    89.286,
    91.777,
    93.3,
    89.79799999999999,
    87.29100000000001,
    92.269,
    84.28399999999999,
    88.775,
    84.76,
    86.78,
    87.79599999999999,
    89.80700000000002,
    88.292,
    90.77,
    88.765,
    89.79500000000002,
    87.275,
    85.78899999999999,
    87.807,
    94.305,
    93.812,
    87.29299999999999,
    91.292,
    85.808,
    89.8,
    81.277,
    86.26,
    85.796,
    87.29200000000002,
    91.27000000000001,
    88.29599999999999,
    89.29299999999998,
    88.287,
    87.76499999999999,
    87.31,
    89.786,
    94.30099999999999,
    90.771,
    89.31199999999998,
    89.30399999999999,
    94.79499999999999,
    90.79899999999999,
    90.296,
    92.29400000000001,
    90.281,
    89.301,
    87.299,
    90.28699999999999,
    91.304,
    91.272,
    89.298,
    93.775,
    90.79600000000002,
    88.27499999999998,
    91.289,
    92.27000000000001,
    88.78399999999999,
    92.29799999999999,
    87.803,
    85.788,
    84.76700000000001,
    89.801,
    89.779,
    92.78299999999999,
    88.789,
    85.778,
    88.796,
    88.801,
    86.78799999999998,
    91.287,
    86.283,
    91.297,
    87.77600000000001,
    92.28,
    91.79999999999998,
    87.30000000000001,
    85.28100000000002,
    83.78900000000002,
    89.303,
    93.79399999999998,
    89.27700000000002,
    90.773,
    88.777,
    92.29300000000002,
    92.799,
    89.28999999999999,
    87.78,
    92.8,
    84.804,
    92.797,
    91.28299999999999,
    91.30099999999999,
    86.78500000000001,
    91.77000000000001,
