{
  "complexity": 7,
  "alpha": 0.2,
  "gamma": 0.85,
  "epsilon": 0.1,
  "extra_passages": 8,
  "avg_rewards": [
    -197.44299999999907,
    16.218999999999873,
    53.873999999999874,
    69.77899999999998,
    84.189,
    81.17399999999995,
    84.04099999999998,
    83.25200000000004,
    89.42999999999998,
    90.27100000000002,
    87.42899999999999,
    94.45500000000001,
    91.445,
    88.064,
    89.827,
    93.905,
    94.542,
    91.98899999999999,
    92.925,
    95.042,
    93.622,
    91.526,
    96.668,
    91.02000000000001,
    97.58500000000001,
    97.18299999999999,
    96.11800000000001,
    95.066,
    96.199,
    96.752,
    97.21399999999998,
    98.751,
    96.728,
    94.768,
    95.776,
    98.25800000000001,
    95.786,
    95.78399999999999,
    98.28599999999999,
    98.256,
    98.79499999999999,
    98.28899999999999,
    99.80199999999999,
    96.805,
    96.80500000000002,
    98.816,
    98.33300000000001,
    97.324,
    97.80699999999999,
    98.33200000000001,
    97.82600000000001,
    98.82700000000001,
    97.82900000000001,
    97.84700000000001,
    98.33700000000002,
    98.33100000000002,
    98.833,
    99.84100000000001,
    97.82900000000002,
    95.83000000000001,
    99.33100000000002,
    99.33600000000001,
    97.837,
    98.83500000000001,
    97.33300000000001,
    97.828,
    96.33200000000001,
    95.33700000000002,
    97.32800000000002,
    96.34100000000001,
    98.33800000000001,
    98.333,
    96.34600000000002,
    97.82900000000002,
    98.826,
    94.33000000000001,
    98.33900000000001,
    97.34200000000001,
    97.343,
    96.834,
    96.828,
    96.328,
    99.83300000000001,
    97.821,
    97.839,
    97.34600000000002,
    97.83600000000001,
    98.33400000000002,
    98.333,
    96.34,
    96.33900000000001,
    96.34100000000002,
    96.33900000000001,
    96.279,
    98.84,
    97.333,
    96.33000000000001,
    98.338,
    97.83400000000002,
    95.836,
    97.84,
    97.32700000000001,
    96.33500000000001,
    99.33000000000001,
    96.83500000000001,
    98.33700000000002,
    98.32900000000002,
    98.84,
    95.83800000000001,
    99.32600000000001,
    96.828,
    97.33800000000001,
    98.84100000000002,
    97.34400000000002,
    98.31900000000002,
    97.32700000000003,
    97.83900000000001,
    96.333,
    98.845,
    97.83300000000001,
    96.34500000000001,
    97.33500000000001,
    97.33900000000001,
    99.83700000000002,
    97.33700000000002,
    98.34100000000001,
    97.84400000000002,
    97.34400000000001,
    96.83200000000002,
    97.33200000000002,
    98.33900000000001,
    96.83800000000001,
    96.33400000000002,
    98.33700000000002,
    96.82900000000002,
    97.32600000000001,
    97.83099999999999,
    98.831,
    97.33400000000002,
    98.33800000000001,
    98.34400000000002,
    97.83600000000001,
    96.84100000000001,
    98.33500000000001,
    96.316,
    97.83599999999998,
    96.34400000000001,
    96.83900000000001,
    96.843,
    97.33700000000002,
    98.34,
    97.33500000000001,
    97.84,
    99.33400000000002,
    99.34,
    97.82300000000001,
    97.82400000000001,
    96.83000000000001,
    97.83400000000002,
    98.836,
    97.326,
    97.84100000000001,
    97.83900000000003,
    97.31700000000001,
    96.34400000000001,
    97.33700000000002,
    97.82600000000001,
    99.33099999999999,
    96.34200000000001,
    98.33400000000003,
    97.32400000000001,
    97.82700000000001,
    99.34,
    97.82900000000002,
    97.84100000000001,
    95.343,
    97.83900000000001,
    94.83600000000001,
    97.81600000000002,
    98.33700000000002,
    97.84100000000002,
    98.83500000000001,
    96.841,
    93.83800000000001,
    97.33900000000003,
    97.833,
    98.84100000000002,
    98.83200000000001,
    96.82800000000002,
    98.33800000000001,
    97.34400000000002,
    98.343,
    98.83800000000001,
    95.82700000000001,
    98.83800000000001,
    95.83400000000002,
    97.32900000000001,
    98.83700000000002,
    96.84,
    96.84,
    96.34200000000001,
    99.33200000000001,
    98.33600000000001,
    96.826,
    97.33800000000001,
    97.84100000000002,
    95.83800000000001,
    96.843,
    97.82900000000001,
    98.34100000000001,
    97.33700000000002,
    98.341,
    97.83000000000001,
    96.33400000000002,
    94.33800000000002,
    97.845,
    97.83500000000002,
    97.84100000000002,
    95.83300000000001,
    97.828,
    98.83,
    95.84200000000001,
    98.33000000000001,
    96.83200000000001,
    96.34500000000001,
    97.838,
    97.83000000000001,
    97.345,
    97.82100000000001,
    98.34,
    97.833,
    96.33200000000002,
    99.33800000000001,
    97.84300000000002,
    98.83900000000001,
    99.33900000000001,
    98.343,
    96.82700000000003,
    95.83600000000001,
    97.84700000000001,
    99.84100000000001,
    95.83200000000001,
    98.345,
    97.33300000000001,
    98.333,
    98.34,
    97.83600000000001,
    98.84,
    98.83599999999998,
    98.83900000000001,
    98.33699999999999,
    99.33200000000001,
    97.32900000000001,
    96.83900000000001,
    95.327,
    95.83200000000001,
    97.842,
    96.84100000000001,
    96.832,
    98.33700000000002,
    97.837,
    98.845,
    98.337,
    96.33300000000001,
    98.83600000000001,
    95.33600000000001,
    98.83900000000001,
    98.33400000000002,
    98.337,
    96.33500000000001,
    97.827,
    96.829,
    97.84100000000001,
    99.84,
    95.83000000000001,
    99.834,
    98.828,
    98.83000000000001,
    98.33700000000002,
    97.83500000000001,
    97.84400000000001,
    97.84,
    97.831,
    98.83800000000001,
    96.833,
    96.83500000000001,
    97.33700000000002,
    98.834,
    98.829,
    96.83500000000002,
    97.84100000000001,
    97.33200000000001,
    98.32800000000002,
    96.33500000000001,
    96.83200000000002,
    98.836,
    95.84,
    97.33800000000001,
    95.84200000000001,
    94.83100000000002,
    98.33700000000002,
    96.828,
    97.33400000000002,
    96.33700000000002,
    98.33500000000001,
    97.828,
    96.83400000000002,
    96.83000000000001,
    96.275,
    98.34000000000002,
    98.34300000000002,
    96.83300000000001,
    97.338,
    98.82800000000002,
    97.33800000000002,
    97.336,
    94.83500000000001,
    95.34800000000001,
    95.33100000000002,
    97.333,
    97.33500000000001,
    98.84200000000001,
    97.33200000000002,
    93.83699999999999,
    97.83700000000002,
    97.82300000000001,
    98.83900000000001,
    98.83200000000002,
    98.324,
    98.33500000000001,
    98.833,
    97.83600000000001,
    99.331,
    97.33700000000002,
    98.33200000000002,
    96.83500000000001,
    96.343,
    97.83800000000001,
    97.83300000000001,
    97.833,
    98.328,
    98.34,
    98.83100000000002,
    97.33400000000002,
    97.83700000000002,
    97.337,
    96.336,
    98.845,
    98.84200000000001,
    96.32900000000001,
    97.836,
    96.83400000000002,
    98.32999999999998,
    98.33800000000001,
    97.34400000000001,
    97.33800000000001,
    97.34000000000002,
    98.83400000000002,
    95.84,
    97.33800000000001,
    98.325,
    98.33200000000002,
    98.84100000000002,
    99.33699999999999,
    94.83900000000001,
    98.83700000000002,
    95.84,
    95.83000000000001,
    97.828,
    99.33000000000001,
    97.343,
    96.83700000000002,
    96.328,
    97.33200000000002,
    97.33200000000002,
    95.33500000000001,
    98.84100000000002,
    98.833,
    99.33800000000001,
    97.34400000000002,
    97.84,
    98.33700000000002,
    97.34100000000001,
    97.84100000000002,
    99.33900000000001,
    97.845,
    97.343,
    97.33200000000001,
    97.324,
    96.835,
    97.33000000000001,
    96.83600000000003,
    98.83700000000002,
    97.83200000000001,
    97.83500000000001,
    98.339,
    98.84,
    97.331,
    99.33900000000001,
    98.843,
    94.826,
    97.33900000000003,
    98.84400000000002,
    97.83400000000002,
    96.34,
