{
  "complexity": 13,
  "alpha": 0.2,
  "gamma": 0.9,
  "epsilon": 0.1,
  "extra_passages": 2,
  "avg_rewards": [
    -246.8829999999985,
    18.360999999999837,
    61.447999999999965,
    59.12600000000002,
    73.65999999999997,
    72.64999999999995,
    76.07900000000002,
    84.44800000000001,
    78.96799999999998,
    81.549,
    85.51800000000001,
    87.66900000000001,
    89.70500000000001,
    93.91,
    87.857,
    90.44000000000001,
    84.32,
    93.55600000000001,
    96.086,
    95.564,
    93.957,
    94.18100000000001,
    95.661,
    91.11999999999999,
    95.24199999999999,
    94.73300000000002,
    95.16800000000002,
    96.22200000000001,
    96.27600000000001,
    93.775,
    95.79500000000002,
    95.26500000000001,
    94.29199999999999,
    96.82400000000001,
    98.31199999999998,
    95.309,
    98.828,
    95.27600000000001,
    95.28600000000002,
    96.825,
    97.33299999999998,
    95.342,
    96.30799999999999,
    95.33400000000003,
    96.31500000000001,
    97.824,
    97.832,
    98.83200000000001,
    96.331,
    95.327,
    97.83099999999999,
    97.83300000000001,
    97.33,
    98.827,
    93.83600000000001,
    95.72600000000003,
    97.33900000000001,
    96.819,
    97.326,
    97.828,
    97.331,
    96.83200000000001,
    95.83200000000001,
    97.326,
    97.33900000000001,
    97.331,
    97.83200000000001,
    97.84200000000001,
    98.325,
    98.83500000000001,
    96.80300000000001,
    98.32900000000001,
    91.833,
    96.32200000000002,
    97.83999999999999,
    97.798,
    95.83,
    97.83100000000002,
    95.83500000000002,
    95.82200000000002,
    98.838,
    94.33400000000002,
    95.33600000000003,
    98.828,
    95.338,
    94.33200000000002,
    99.331,
    95.32200000000002,
    98.84,
    97.32100000000001,
    95.334,
    97.33099999999999,
    96.82400000000001,
    98.82300000000001,
    97.33400000000002,
    97.332,
    99.33099999999999,
    94.834,
    96.328,
    94.816,
    97.837,
    96.819,
    96.331,
    97.327,
    97.327,
    98.836,
    96.78500000000001,
    95.82500000000002,
    98.33200000000001,
    97.835,
    94.834,
    95.832,
    96.327,
    97.33600000000001,
    97.33500000000001,
    97.829,
    98.82300000000001,
    98.334,
    96.833,
    96.334,
    96.82700000000001,
    97.831,
    97.83,
    98.33200000000001,
    93.84000000000002,
    96.83800000000001,
    97.839,
    97.32600000000001,
    96.329,
    97.337,
    93.32000000000001,
    95.84100000000001,
    97.33700000000002,
    97.33500000000001,
    96.32399999999998,
    97.33100000000002,
    97.33200000000002,
    97.326,
    98.83,
    97.82900000000001,
    97.34100000000001,
    97.827,
    94.841,
    97.33099999999999,
    95.831,
    95.838,
    97.32700000000001,
    95.84200000000001,
    98.329,
    95.82699999999998,
    98.34000000000002,
    95.838,
    96.833,
    96.33099999999999,
    97.83600000000001,
    97.83400000000002,
    94.32600000000001,
    97.322,
    98.335,
    96.334,
    96.33700000000002,
    98.839,
    97.83400000000002,
    98.328,
    96.821,
    96.306,
    94.328,
    96.832,
    95.328,
    96.333,
    98.33000000000001,
    96.83200000000001,
    98.834,
    97.32600000000001,
    96.33200000000001,
    94.327,
    96.83200000000001,
    97.833,
    95.33700000000002,
    98.332,
    96.33000000000003,
    97.325,
    95.81600000000002,
    96.831,
    95.333,
    97.334,
    98.832,
    98.33500000000001,
    97.33099999999999,
    93.331,
    94.33600000000003,
    97.833,
    96.33700000000002,
    96.834,
    96.83400000000002,
    95.33200000000001,
    95.832,
    97.33099999999999,
    96.83200000000002,
    96.827,
    96.333,
    98.32600000000001,
    96.33000000000001,
    97.333,
    98.836,
    97.331,
    99.33800000000001,
    96.838,
    97.83500000000001,
    96.82600000000001,
    97.33000000000001,
    96.33900000000001,
    95.831,
    94.83300000000001,
    96.33500000000001,
    97.836,
    96.83600000000001,
    97.32399999999998,
    93.33400000000002,
    95.83700000000002,
    98.811,
    94.81899999999999,
    98.83400000000002,
    96.82200000000002,
    98.326,
    94.831,
    95.818,
    97.33500000000001,
    98.831,
    98.32600000000001,
    98.83200000000001,
    97.84,
    98.34100000000002,
    97.329,
    97.833,
    97.331,
    96.83400000000002,
    98.83200000000001,
    98.33300000000001,
    99.32999999999998,
    97.83099999999999,
    99.33300000000001,
    97.322,
    97.34100000000001,
    97.837,
    97.828,
    98.83200000000001,
    97.33,
    96.33400000000002,
    97.81800000000001,
    98.331,
    98.336,
    96.83,
    95.833,
    96.333,
    98.33200000000001,
    96.32300000000001,
    97.33100000000002,
    98.33500000000001,
    98.333,
    97.33700000000002,
    98.833,
    99.34300000000002,
    98.82700000000001,
    96.326,
    94.83399999999999,
    97.32600000000001,
    96.83500000000001,
    96.33200000000001,
    97.326,
    93.828,
    98.84100000000002,
    97.83099999999999,
    97.828,
    96.33500000000001,
    97.337,
    97.333,
    96.331,
    98.329,
    97.33200000000001,
    96.84100000000002,
    99.83700000000002,
    97.331,
    98.32900000000001,
    97.34,
    98.831,
    98.331,
    98.333,
    98.838,
    96.824,
    93.83000000000001,
    98.33700000000002,
    97.84100000000002,
    96.833,
    97.829,
    94.322,
    95.81800000000001,
    95.33500000000001,
    98.828,
    95.327,
    95.83700000000002,
    95.329,
    96.84100000000002,
    98.334,
    95.84299999999999,
    96.83200000000002,
    97.83300000000001,
    97.83900000000001,
    97.83800000000001,
    98.828,
    96.83200000000001,
    95.335,
    96.33200000000001,
    97.33599999999998,
    98.33400000000002,
    95.33000000000001,
    97.32900000000001,
    97.834,
    97.83600000000003,
    97.34000000000002,
    96.334,
    96.32300000000001,
    97.338,
    98.829,
    98.33300000000001,
    95.83000000000001,
    97.334,
    97.838,
    95.82600000000001,
    96.32300000000001,
    96.82199999999999,
    96.335,
    97.327,
    96.834,
    95.83200000000001,
    97.333,
    96.33000000000001,
    96.834,
    96.83700000000002,
    99.334,
    98.83099999999999,
    96.836,
    95.34100000000001,
    97.82899999999998,
    99.33500000000001,
    97.83500000000001,
    96.333,
    96.327,
    96.83700000000002,
    96.32700000000001,
    97.33400000000002,
    98.33800000000001,
    95.83300000000001,
    96.34000000000002,
    94.829,
    96.82600000000001,
    97.334,
    93.34100000000002,
    96.33400000000002,
    98.32700000000001,
    97.83200000000001,
    98.336,
    98.833,
    97.33600000000001,
    97.332,
    96.839,
    96.33900000000003,
    98.337,
    94.82300000000001,
    97.816,
    95.83200000000001,
    96.837,
    95.83400000000002,
    98.322,
    94.83200000000001,
    96.334,
    96.832,
    97.83400000000002,
    96.33200000000001,
    98.332,
    98.333,
    96.83500000000001,
    97.84200000000001,
    95.82699999999998,
    97.326,
    98.33500000000001,
    94.829,
    96.831,
    97.83500000000001,
    95.836,
    97.828,
    97.83400000000002,
    96.336,
    95.831,
    98.328,
    95.83099999999999,
    96.83700000000002,
    97.83600000000001,
    96.833,
    96.327,
    98.837,
    97.83099999999999,
    97.341,
    99.328,
    97.328,
    94.333,
    97.332,
    96.82900000000001,
    99.83200000000001,
    97.33500000000001,
    96.831,
    95.831,
    95.337,
    97.83200000000001,
    97.825,
    96.82500000000002,
    96.83200000000002,
    98.334,
    97.83099999999999,
    98.334,
    97.334,
    97.83200000000002,
    97.832,
    98.833,
    96.33800000000001,
    97.83800000000001,
    96.835,
    97.321,
    95.831,
    95.83200000000001,
    98.33000000000001,
    96.83,
    95.831,
    97.84100000000001,
    97.33200000000001,
    97.33,
    96.336,
    97.83300000000001,
    94.83800000000001,
    97.33700000000002,
