{
  "complexity": 7,
  "alpha": 0.3,
  "gamma": 0.9,
  "epsilon": 0.3,
  "extra_passages": 8,
  "avg_rewards": [
    -306.0459999999979,
    -24.75099999999997,
    -1.0049999999999337,
    46.75899999999992,
    42.68899999999998,
    67.55199999999996,
    44.25999999999989,
    74.87199999999999,
    64.304,
    74.252,
    66.69999999999997,
    80.412,
    65.332,
    77.04899999999999,
    75.40099999999998,
    77.48499999999999,
    76.995,
    79.48599999999999,
    75.48400000000001,
    74.94899999999993,
    81.10799999999998,
    80.603,
    90.638,
    84.18,
    85.696,
    89.70900000000002,
    88.14099999999999,
    90.231,
    85.27499999999999,
    86.708,
    92.27399999999999,
    90.772,
    88.74599999999998,
    90.73899999999999,
    87.712,
    94.31299999999999,
    91.29100000000001,
    90.277,
    92.77000000000001,
    92.78800000000001,
    90.28299999999999,
    91.289,
    92.29100000000001,
    95.81,
    90.293,
    86.812,
    90.309,
    91.30699999999999,
    92.28899999999999,
    92.78800000000001,
    91.28899999999999,
    89.31,
    90.264,
    93.292,
    91.274,
    92.282,
    89.812,
    92.28999999999999,
    88.289,
    91.28399999999999,
    94.31000000000002,
    91.31700000000001,
    89.288,
    88.30499999999999,
    89.289,
    91.282,
    92.78000000000002,
    92.796,
    93.815,
    92.79799999999999,
    91.291,
    91.771,
    89.775,
    91.79899999999999,
    92.28,
    92.772,
    86.302,
    90.293,
    92.81200000000001,
    87.29899999999999,
    90.28299999999999,
    87.28,
    88.798,
    86.30000000000001,
    92.28199999999998,
    91.79799999999999,
    88.781,
    89.299,
    89.802,
    89.28,
    89.78800000000001,
    91.799,
    92.291,
    92.79499999999999,
    93.78699999999999,
    92.803,
    92.80800000000002,
    89.76500000000001,
    89.76899999999999,
    93.273,
    92.803,
    90.79799999999997,
    91.29099999999998,
    91.298,
    90.791,
    92.275,
    88.28400000000002,
    90.297,
    92.279,
    88.77700000000002,
    91.79,
    89.284,
    92.822,
    95.31500000000001,
    88.773,
    90.78400000000002,
    90.287,
    93.32199999999999,
    89.79400000000001,
    90.30600000000001,
    89.78599999999999,
    91.79999999999998,
    90.764,
    91.79099999999998,
    91.272,
    91.289,
    90.301,
    90.77799999999999,
    90.787,
    89.78,
    91.78800000000001,
    90.282,
    88.78699999999999,
    90.81,
    91.766,
    86.25500000000001,
    92.78999999999999,
    88.275,
    90.78900000000002,
    94.29,
    89.314,
    87.803,
    91.78999999999999,
    91.80000000000001,
    93.25999999999999,
    87.804,
    92.306,
    92.785,
    88.78900000000002,
    88.29599999999998,
    91.29400000000001,
    91.77700000000002,
    88.81800000000001,
    90.297,
    93.30699999999999,
    89.26100000000001,
    89.82099999999998,
    91.28099999999999,
    85.283,
    90.303,
    88.794,
    90.78600000000002,
    93.81199999999998,
    92.79399999999998,
    92.30799999999999,
    93.785,
    89.31700000000002,
    93.777,
    94.28500000000001,
    89.28599999999999,
    92.29199999999999,
    89.29800000000002,
    92.309,
    91.28299999999999,
    89.31000000000003,
    93.808,
    90.30199999999999,
    90.28799999999998,
    91.303,
    88.295,
    91.30600000000001,
    93.298,
    86.28200000000001,
    90.298,
    92.313,
    88.28299999999999,
    93.803,
    87.792,
    94.303,
    90.306,
    90.301,
    90.297,
    85.284,
    91.782,
    91.80199999999999,
    88.75199999999998,
    87.78999999999999,
    87.29499999999999,
    93.303,
    89.29,
    90.296,
    93.295,
    86.275,
    91.28999999999999,
    88.292,
    90.3,
    88.79100000000003,
    91.78299999999999,
    94.30100000000002,
    86.785,
    90.78099999999999,
    90.78099999999999,
    93.80300000000001,
    92.807,
    93.283,
    89.805,
    90.804,
    91.788,
    88.26500000000001,
    88.28099999999999,
    95.311,
    93.80100000000002,
    87.778,
    91.28999999999999,
    92.79799999999999,
    88.29599999999999,
    89.78599999999999,
    91.30299999999998,
    84.80499999999999,
    91.801,
    91.30600000000001,
    90.289,
    90.28900000000002,
    95.301,
    91.296,
    88.302,
    89.286,
    91.79199999999999,
    88.782,
    85.30399999999999,
    90.8,
    90.81199999999998,
    93.295,
    92.299,
    90.285,
    93.287,
    91.805,
    86.775,
    94.79400000000001,
    90.803,
    89.78899999999999,
    91.27799999999999,
    92.81300000000002,
    88.793,
    90.79600000000002,
    94.8,
    91.804,
    94.289,
    91.30199999999999,
    90.80499999999998,
    93.30000000000001,
    89.29499999999999,
    87.78699999999999,
    91.275,
    93.78200000000001,
    89.299,
    89.79399999999998,
    91.78,
    89.792,
    91.28999999999999,
    92.28200000000001,
    92.281,
    90.78099999999999,
    92.813,
    91.29400000000001,
    93.77100000000002,
    94.787,
    89.796,
    91.31200000000001,
    89.815,
    92.287,
    92.797,
    89.797,
    92.29299999999998,
    89.81199999999998,
    93.816,
    91.30099999999997,
    91.78200000000001,
    87.30699999999999,
    92.81,
    91.31500000000001,
    91.299,
    91.794,
    90.273,
    89.26399999999998,
    89.3,
    91.80199999999999,
    89.29100000000001,
    94.808,
    90.284,
    92.79399999999998,
    86.815,
    90.29299999999999,
    90.30799999999999,
    88.29100000000003,
    94.801,
    87.27900000000001,
    90.308,
    89.285,
    90.81400000000001,
    89.78599999999999,
    92.28999999999999,
    90.308,
    88.801,
    93.294,
    93.28500000000001,
    88.29400000000001,
    92.796,
    91.30199999999999,
    87.78,
    93.817,
    90.798,
    91.295,
    89.297,
    91.292,
    89.803,
    89.304,
    96.293,
    86.798,
    92.297,
    90.29799999999999,
    88.307,
    89.28599999999999,
    90.79600000000002,
    88.77399999999999,
    91.80899999999998,
    93.80100000000002,
    90.268,
    90.28599999999999,
    89.8,
    90.80900000000001,
    88.797,
    89.299,
    90.26400000000001,
    94.284,
    90.797,
    89.27000000000001,
    93.79000000000002,
    86.76499999999999,
    94.29100000000001,
    84.28699999999999,
    93.797,
    87.30499999999999,
    91.281,
    88.28799999999998,
    91.78200000000001,
    89.31800000000001,
    91.28799999999998,
    90.283,
    90.31900000000002,
    91.29099999999998,
    93.28900000000002,
    89.77799999999999,
    90.80300000000003,
    87.788,
    92.77099999999999,
    89.295,
    89.798,
    85.28400000000002,
    92.76700000000001,
    95.30199999999999,
    93.79800000000002,
    91.79299999999999,
    91.79400000000001,
    94.79600000000002,
    92.273,
    91.791,
    90.79399999999998,
    86.30799999999996,
    90.795,
    86.80199999999999,
    91.29100000000001,
    94.784,
    93.80799999999999,
    92.80100000000002,
    90.761,
    93.29899999999999,
    91.313,
    92.299,
    89.798,
    93.287,
    93.28900000000002,
    94.29799999999999,
    86.28900000000002,
    87.298,
    90.785,
    90.27799999999999,
    90.8,
    91.80699999999999,
    91.78799999999998,
    90.27400000000002,
    90.79400000000001,
    91.79800000000002,
    86.79899999999999,
    84.298,
    92.275,
    90.792,
    92.779,
    92.79499999999999,
    89.77099999999999,
    93.309,
    89.31500000000001,
    90.291,
    91.29500000000002,
    91.299,
    94.81499999999998,
    89.78799999999998,
    91.292,
    88.306,
    93.303,
    90.77600000000001,
    92.79899999999999,
    90.28699999999999,
    91.775,
    92.29,
    87.80600000000001,
    89.804,
    87.79299999999999,
    90.27999999999999,
    84.79,
    92.298,
    93.816,
    90.79699999999998,
    95.298,
    92.808,
    88.783,
    90.788,
    93.31400000000002,
    89.81199999999998,
    90.278,
    92.304,
    90.30199999999999,
    90.309,
    89.26599999999999,
    89.293,
    84.79099999999998,
    95.30699999999999,
    92.299,
