{
  "complexity": 7,
  "alpha": 0.2,
  "gamma": 0.9,
  "epsilon": 0.1,
  "extra_passages": 8,
  "avg_rewards": [
    -241.48199999999855,
    58.40099999999997,
    58.18299999999978,
    73.85099999999994,
    83.27799999999998,
    84.22299999999997,
    84.16100000000002,
    84.546,
    86.52199999999998,
    86.48,
    85.22500000000001,
    91.336,
    89.348,
    93.997,
    93.48299999999999,
    94.97,
    92.52400000000002,
    90.554,
    91.995,
    97.095,
    94.098,
    95.16400000000002,
    91.685,
    95.61800000000001,
    96.64200000000001,
    93.69800000000001,
    97.679,
    96.17600000000002,
    96.74499999999999,
    96.772,
    96.679,
    98.23300000000002,
    97.76499999999999,
    99.26899999999999,
    96.28999999999999,
    92.236,
    96.79999999999998,
    95.781,
    96.242,
    96.792,
    95.797,
    97.801,
    98.31,
    98.809,
    96.304,
    97.83500000000001,
    97.31200000000001,
    97.312,
    98.81400000000001,
    96.82000000000001,
    98.305,
    96.819,
    97.33000000000001,
    97.33099999999999,
    96.33,
    98.33099999999999,
    96.816,
    96.828,
    97.30699999999999,
    97.34200000000001,
    97.83100000000002,
    97.83800000000001,
    97.84200000000001,
    97.34900000000002,
    97.83500000000001,
    96.834,
    95.83200000000001,
    96.34400000000002,
    97.32699999999997,
    97.33300000000001,
    99.33700000000002,
    98.836,
    95.32900000000001,
    98.834,
    97.33000000000001,
    97.33000000000001,
    97.839,
    97.83900000000001,
    97.30499999999999,
    97.34100000000001,
    97.328,
    97.328,
    96.835,
    97.834,
    95.826,
    98.82300000000001,
    98.333,
    97.32700000000003,
    97.84200000000001,
    98.34200000000001,
    98.84500000000001,
    98.33000000000001,
    97.33900000000003,
    97.83700000000002,
    99.84200000000001,
    96.838,
    97.336,
    97.809,
    97.326,
    97.333,
    97.33600000000001,
    97.325,
    98.33200000000001,
    96.84500000000001,
    99.33500000000001,
    98.32700000000001,
    98.33800000000001,
    96.84200000000001,
    98.83099999999999,
    97.834,
    96.82100000000001,
    94.84,
    95.82199999999997,
    96.33900000000003,
    98.33400000000002,
    96.825,
    97.83400000000002,
    96.83700000000002,
    96.84400000000001,
    98.34100000000001,
    98.83800000000001,
    98.34400000000001,
    98.34100000000001,
    98.83000000000001,
    97.83500000000002,
    96.34400000000002,
    96.83700000000002,
    96.82700000000001,
    96.83400000000002,
    95.83900000000001,
    98.338,
    96.334,
    97.83500000000001,
    97.843,
    98.33400000000002,
    96.34200000000001,
    96.339,
    98.33800000000001,
    98.33800000000001,
    99.33000000000001,
    98.34300000000002,
    97.827,
    98.83700000000002,
    97.83600000000001,
    96.84400000000002,
    96.33800000000002,
    97.83600000000001,
    96.34400000000001,
    98.343,
    97.82700000000003,
    97.334,
    99.33600000000001,
    95.828,
    98.83700000000002,
    97.338,
    97.84,
    98.84200000000001,
    98.33200000000001,
    97.34200000000001,
    96.83900000000001,
    98.328,
    97.825,
    96.34800000000001,
    96.821,
    94.34300000000002,
    96.33700000000002,
    96.33700000000002,
    97.837,
    96.83399999999999,
    97.83000000000001,
    97.336,
    96.83400000000002,
    95.83800000000001,
    97.33200000000001,
    98.33800000000002,
    99.33099999999999,
    97.845,
    96.33300000000001,
    97.83800000000001,
    97.33300000000001,
    97.826,
    98.83500000000001,
    97.328,
    95.33800000000001,
    98.346,
    97.33100000000002,
    96.33600000000001,
    97.83600000000001,
    96.841,
    98.345,
    97.83000000000001,
    97.84000000000002,
    96.837,
    98.83900000000001,
    97.83100000000002,
    97.84,
    97.341,
    95.32900000000001,
    95.828,
    99.83800000000001,
    99.84100000000002,
    97.839,
    96.343,
    95.33600000000001,
    96.84100000000001,
    96.83500000000001,
    97.83500000000001,
    97.34400000000001,
    97.834,
    96.836,
    97.33600000000001,
    97.33800000000001,
    97.84400000000002,
    99.28200000000001,
    98.34100000000001,
    97.831,
    98.831,
    96.83400000000002,
    98.33600000000001,
    97.83400000000002,
    98.33700000000002,
    97.83800000000002,
    98.833,
    98.334,
    97.83100000000002,
    95.83500000000001,
    96.33900000000001,
    97.33600000000001,
    96.83300000000001,
    97.84200000000001,
    97.83100000000002,
    97.34,
    97.34600000000002,
    97.83300000000001,
    97.824,
    94.83800000000001,
    98.82700000000001,
    95.33600000000001,
    97.82600000000001,
    97.83300000000001,
    95.825,
    97.33500000000001,
    97.34,
    98.33300000000001,
    96.83000000000001,
    98.33400000000002,
    97.84100000000001,
    98.336,
    94.83500000000001,
    97.84100000000002,
    97.34200000000001,
    97.328,
    98.33800000000001,
    97.83700000000002,
    97.843,
    99.34,
    97.83,
    95.84100000000001,
    96.84100000000001,
    95.33400000000002,
    98.33000000000001,
    96.83100000000002,
    98.323,
    97.34500000000001,
    97.83500000000001,
    99.32900000000001,
    98.33700000000002,
    98.34600000000002,
    98.34300000000002,
    97.83700000000002,
    98.832,
    99.84300000000002,
    97.346,
    97.83599999999998,
    99.33100000000002,
    97.33900000000001,
    98.84700000000001,
    97.34700000000001,
    98.83400000000002,
    96.34200000000001,
    96.34,
    98.83500000000001,
    98.338,
    96.33,
    98.83700000000002,
    97.831,
    96.84000000000002,
    97.839,
    98.34800000000001,
    95.333,
    97.33400000000002,
    96.33599999999998,
    98.34100000000001,
    98.33000000000001,
    95.84400000000002,
    98.34700000000001,
    97.34300000000002,
    96.83500000000001,
    95.841,
    98.33800000000001,
    98.83500000000001,
    99.33100000000002,
    96.83300000000001,
    96.33000000000001,
    97.837,
    95.83900000000003,
    99.33500000000001,
    98.33700000000002,
    99.328,
    98.836,
    97.33600000000001,
    99.84700000000001,
    96.83400000000002,
    98.333,
    96.324,
    96.33400000000002,
    97.34100000000002,
    97.33600000000001,
    98.843,
    97.33900000000003,
    97.82900000000001,
    98.33800000000001,
    97.34000000000002,
    97.84200000000001,
    97.843,
    95.825,
    97.82800000000002,
    95.839,
    96.84200000000001,
    98.83400000000002,
    99.84300000000002,
    97.84200000000001,
    99.34200000000001,
    98.83800000000001,
    99.835,
    98.333,
    96.33300000000001,
    97.33400000000003,
    98.836,
    97.33600000000001,
    98.84600000000002,
    95.83100000000002,
    97.341,
    98.84600000000002,
    98.84100000000002,
    98.83700000000002,
    96.84400000000001,
    98.346,
    94.33900000000001,
    97.83800000000001,
    97.34300000000002,
    96.841,
    97.34400000000001,
    97.838,
    96.333,
    95.84300000000002,
    96.83900000000003,
    95.83200000000001,
    97.83000000000001,
    97.336,
    96.846,
    96.84400000000001,
    96.33800000000001,
    96.33700000000002,
    98.83900000000003,
    98.828,
    97.83300000000001,
    98.33600000000001,
    96.33800000000001,
    97.84299999999999,
    96.831,
    95.34300000000002,
    97.33200000000002,
    97.84500000000001,
    98.32700000000001,
    97.33600000000001,
    97.84200000000001,
    96.828,
    94.834,
    95.83,
    98.34900000000002,
    96.84200000000001,
    96.33700000000002,
    97.34,
    99.837,
    97.824,
    96.818,
    97.84100000000002,
    96.33200000000001,
    93.83300000000001,
    95.34600000000002,
    98.32900000000001,
    99.33500000000001,
    98.34100000000002,
    98.338,
    99.83200000000002,
    97.33500000000001,
    97.33200000000002,
    97.325,
    98.833,
    97.82900000000002,
    98.33900000000001,
    97.83,
    97.843,
    98.34500000000001,
    98.33300000000001,
    97.841,
