{
  "complexity": 14,
  "alpha": 0.1,
  "gamma": 0.85,
  "epsilon": 0.1,
  "extra_passages": 1,
  "avg_rewards": [
    -214.32199999999867,
    -29.71699999999965,
    26.2939999999998,
    48.53199999999998,
    62.45399999999995,
    61.49600000000005,
    69.987,
    67.57299999999995,
    64.17799999999995,
    81.55199999999996,
    82.47099999999998,
    69.57700000000003,
    77.573,
    86.74899999999998,
    83.84299999999999,
    81.30499999999999,
    80.94799999999995,
    82.63699999999997,
    78.91699999999997,
    85.70900000000002,
    86.588,
    80.64399999999998,
    88.787,
    87.14899999999997,
    92.75000000000001,
    90.34199999999998,
    84.34099999999998,
    84.23799999999997,
    88.927,
    90.902,
    89.815,
    93.454,
    89.446,
    89.92,
    91.03299999999999,
    87.93999999999998,
    93.53699999999999,
    94.554,
    94.071,
    93.427,
    94.152,
    91.03200000000001,
    94.048,
    90.62800000000001,
    98.601,
    95.061,
    96.14099999999999,
    95.11800000000001,
    93.67499999999998,
    93.12500000000001,
    94.19000000000001,
    93.64600000000002,
    92.667,
    95.175,
    96.15600000000002,
    94.21300000000001,
    95.15199999999999,
    97.67200000000001,
    94.74000000000001,
    95.724,
    92.17800000000001,
    93.72900000000001,
    94.239,
    97.748,
    95.757,
    94.24000000000001,
    94.752,
    96.273,
    96.76800000000001,
    94.769,
    96.27700000000002,
    96.786,
    94.74900000000001,
    96.78099999999999,
    95.78099999999999,
    97.275,
    95.771,
    95.784,
    95.79700000000001,
    98.78200000000001,
    94.303,
    96.273,
    96.77400000000002,
    97.78500000000001,
    97.804,
    96.80000000000001,
    96.798,
    95.27000000000001,
    94.282,
    96.286,
    95.80600000000001,
    96.787,
    93.78,
    97.291,
    97.78000000000002,
    94.29799999999999,
    97.29000000000002,
    96.287,
    95.28799999999998,
    97.30100000000002,
    95.29,
    96.29200000000002,
    96.812,
    95.29700000000001,
    94.804,
    96.311,
    94.80000000000001,
    98.303,
    96.29500000000002,
    96.29700000000001,
    94.28999999999999,
    96.30600000000001,
    97.803,
    99.307,
    95.315,
    92.79499999999999,
    97.31,
    97.806,
    97.807,
    96.31,
    94.804,
    96.811,
    96.29100000000001,
    96.301,
    96.813,
    96.308,
    96.312,
    96.813,
    95.315,
    95.305,
    96.799,
    97.302,
    96.308,
    98.302,
    93.801,
    97.814,
    97.81,
    98.313,
    97.814,
    98.306,
    96.29700000000001,
    96.812,
    96.305,
    95.804,
    96.30699999999999,
    98.311,
    97.31499999999998,
    94.809,
    94.813,
    96.807,
    98.309,
    93.79599999999998,
    97.80199999999999,
    95.303,
    97.303,
    97.31299999999999,
    97.806,
    96.311,
    97.30999999999999,
    96.315,
    97.815,
    98.81099999999999,
    96.80499999999999,
    99.308,
    95.809,
    96.308,
    96.811,
    95.802,
    97.80499999999999,
    97.802,
    96.309,
    96.8,
    97.305,
    98.801,
    94.798,
    96.30700000000002,
    95.30600000000001,
    95.29800000000002,
    94.30299999999998,
    96.80499999999999,
    97.299,
    96.818,
    98.305,
    95.796,
    98.30000000000001,
    94.808,
    96.799,
    94.792,
    96.302,
    97.309,
    97.312,
    93.80600000000001,
    97.297,
    97.31199999999998,
    94.804,
    94.808,
    97.309,
    96.80300000000001,
    99.30199999999999,
    96.31,
    95.311,
    96.30000000000001,
    96.302,
    96.30300000000001,
    95.80799999999999,
    97.314,
    97.80100000000002,
    96.788,
    96.301,
    95.304,
    94.30999999999999,
    94.809,
    94.815,
    93.802,
    95.808,
    95.30199999999999,
    97.81199999999998,
    96.806,
    96.308,
    96.31,
    93.30699999999999,
    96.814,
    95.804,
    97.308,
    97.304,
    97.812,
    94.815,
    95.30600000000001,
    98.811,
    97.798,
    97.30199999999999,
    97.31899999999999,
    97.29899999999999,
    96.80600000000001,
    97.808,
    92.811,
    96.30600000000001,
    97.311,
    97.8,
    97.807,
    96.813,
    96.30100000000002,
    96.307,
    95.295,
    95.809,
    98.30100000000002,
    93.30999999999999,
    95.30300000000001,
    98.809,
    96.31,
    97.809,
    97.297,
    96.29600000000002,
    96.304,
    94.80100000000002,
    96.30600000000001,
    97.305,
    97.80300000000001,
    95.313,
    97.309,
    96.301,
    95.304,
    97.298,
    97.811,
    96.30799999999999,
    96.30600000000001,
    95.80600000000001,
    96.802,
    98.30300000000001,
    96.799,
    96.312,
    96.311,
    97.801,
    96.307,
    97.801,
    95.299,
    96.299,
    95.309,
    96.802,
    93.80199999999999,
    98.30300000000001,
    96.3,
    97.307,
    96.81,
    97.80100000000002,
    96.80000000000001,
    96.811,
    96.791,
    95.30100000000002,
    95.30499999999999,
    94.812,
    96.808,
    95.801,
    97.30699999999999,
    98.3,
    97.313,
    98.308,
    97.303,
    96.30199999999999,
    96.794,
    98.304,
    97.315,
    96.307,
    97.29800000000002,
    95.30600000000001,
    96.804,
    97.80999999999999,
    96.798,
    96.30000000000001,
    96.30699999999999,
    94.315,
    94.80499999999998,
    96.30499999999999,
    96.30600000000001,
    96.304,
    96.799,
    94.787,
    93.308,
    97.307,
    94.786,
    95.79600000000002,
    98.797,
    95.81199999999998,
    97.311,
    97.808,
    94.81199999999998,
    96.30699999999999,
    95.80100000000002,
    95.805,
    96.816,
    95.806,
    95.314,
    96.811,
    95.809,
    96.811,
    97.305,
    97.297,
    95.815,
    94.808,
    97.807,
    97.803,
    96.813,
    96.815,
    95.30699999999999,
    94.801,
    96.81,
    96.309,
    96.31,
    96.314,
    96.809,
    96.80499999999998,
    97.299,
    98.80000000000001,
    95.80499999999999,
    98.30600000000001,
    95.306,
    97.301,
    94.80699999999999,
    95.815,
    95.309,
    95.299,
    97.308,
    95.80499999999999,
    95.804,
    94.306,
    95.804,
    96.814,
    96.81000000000002,
    96.79500000000002,
    98.804,
    96.30600000000001,
    97.815,
    97.306,
    98.304,
    96.305,
    97.803,
    96.3,
    94.297,
    95.80000000000001,
    96.812,
    98.30799999999999,
    96.801,
    96.30599999999997,
    98.309,
    96.306,
    96.815,
    97.804,
    96.814,
    96.804,
    98.317,
    95.311,
    96.31,
    97.308,
    92.302,
    95.814,
    98.30000000000001,
    97.80699999999999,
    97.30300000000001,
    95.80300000000001,
    98.8,
    95.31200000000001,
    97.311,
    96.80000000000001,
    97.805,
    96.804,
    97.29400000000001,
    97.299,
    99.31,
    97.80300000000001,
    94.31600000000002,
    95.311,
    96.315,
    95.814,
    97.313,
    97.312,
    97.29899999999999,
    97.304,
    97.297,
    97.309,
    98.313,
    95.303,
    96.307,
    97.305,
    96.297,
    94.307,
    95.29999999999998,
    96.306,
    98.303,
    96.304,
    95.807,
    96.3,
    94.80600000000001,
    96.807,
    97.311,
    98.808,
    97.30100000000002,
    93.80100000000002,
    95.81,
    98.313,
    96.79799999999999,
    96.30499999999999,
    95.30600000000001,
    96.81100000000002,
    97.798,
    95.301,
    95.79899999999999,
    97.308,
    96.28999999999999,
    96.81,
    98.305,
    96.80100000000002,
    97.305,
    96.808,
    97.809,
    95.798,
    95.31,
    96.80600000000001,
    97.317,
    96.292,
    96.801,
    97.807,
    92.298,
    97.80699999999999,
    96.808,
    95.308,
    96.312,
    96.80900000000001,
    95.80999999999999,
    95.80699999999999,
    93.802,
    94.813,
    97.31,
    97.30199999999999,
    97.80600000000001,
    97.306,
    97.30700000000002,
    97.80300000000001,
    96.30799999999999,
    97.803,
    96.807,
    96.304,
    96.79799999999999,
    96.80499999999999,
    95.80600000000001,
    95.79499999999999,
    96.288,
    98.307,
    97.302,
    95.80499999999999,
    95.804,
