{
  "complexity": 11,
  "alpha": 0.3,
  "gamma": 0.85,
  "epsilon": 0.2,
  "extra_passages": 4,
  "avg_rewards": [
    -341.78999999999724,
    8.45399999999982,
    42.12299999999986,
    55.54499999999994,
    35.18899999999994,
    66.345,
    65.91599999999998,
    64.99099999999997,
    73.20000000000002,
    75.69300000000001,
    75.75899999999999,
    71.75599999999999,
    80.32900000000001,
    81.946,
    79.449,
    88.05999999999999,
    86.088,
    85.532,
    92.60999999999999,
    90.64500000000001,
    89.62000000000003,
    89.673,
    85.16600000000001,
    93.21799999999999,
    93.204,
    91.723,
    92.70200000000003,
    92.782,
    92.757,
    91.75000000000001,
    93.292,
    94.23999999999998,
    95.81299999999999,
    94.81,
    92.31499999999998,
    92.82900000000001,
    92.82300000000001,
    94.82,
    95.31700000000001,
    93.81000000000002,
    92.32200000000002,
    92.328,
    93.816,
    94.80799999999999,
    93.32300000000001,
    91.79700000000001,
    93.316,
    93.83,
    91.80499999999999,
    96.81400000000002,
    92.78400000000002,
    97.81700000000001,
    94.32500000000002,
    90.32000000000001,
    93.795,
    87.809,
    94.81700000000001,
    96.325,
    90.818,
    94.81200000000001,
    93.82300000000001,
    95.831,
    97.32400000000001,
    92.303,
    94.81800000000001,
    89.82000000000001,
    96.309,
    95.32000000000001,
    92.315,
    93.31199999999998,
    94.314,
    93.81500000000001,
    93.81800000000001,
    95.304,
    93.82400000000001,
    94.821,
    92.306,
    92.81400000000001,
    94.80000000000001,
    95.31800000000001,
    94.33500000000001,
    93.83000000000001,
    89.317,
    91.316,
    93.304,
    94.31500000000001,
    91.811,
    96.811,
    95.81500000000001,
    91.814,
    90.822,
    94.804,
    91.30900000000001,
    96.81899999999999,
    92.316,
    95.31900000000002,
    93.31300000000002,
    92.31200000000001,
    94.33099999999999,
    92.32199999999999,
    92.82000000000001,
    95.311,
    93.83099999999999,
    94.324,
    93.322,
    93.82300000000001,
    92.817,
    97.31800000000001,
    93.322,
    95.78800000000001,
    93.81400000000001,
    93.811,
    96.32200000000002,
    95.81200000000001,
    90.32300000000001,
    94.83200000000002,
    94.33700000000002,
    95.324,
    96.321,
    95.328,
    90.801,
    94.83600000000003,
    95.33200000000002,
    93.83000000000001,
    95.319,
    97.82700000000003,
    95.82900000000002,
    97.319,
    96.822,
    94.30199999999999,
    93.326,
    91.26400000000001,
    94.32000000000001,
    92.322,
    93.81200000000003,
    92.828,
    95.31800000000001,
    91.32400000000001,
    92.323,
    94.83,
    95.814,
    92.825,
    94.32000000000001,
    93.317,
    92.832,
    96.31500000000001,
    91.309,
    93.314,
    91.32000000000001,
    92.824,
    94.816,
    94.82300000000001,
    95.307,
    94.813,
    94.81200000000001,
    88.811,
    94.321,
    94.32700000000001,
    91.32,
    95.32199999999999,
    93.82300000000001,
    89.32600000000001,
    93.819,
    94.298,
    95.822,
    92.81200000000001,
    92.31200000000001,
    90.321,
    91.80900000000001,
    95.32500000000002,
    97.32600000000001,
    97.814,
    93.31899999999999,
    95.82000000000001,
    93.31900000000002,
    91.32200000000002,
    95.31500000000003,
    94.828,
    94.321,
    95.831,
    95.828,
    96.824,
    92.819,
    92.324,
    94.811,
    93.314,
    92.82000000000002,
    93.827,
    92.82900000000001,
    93.30900000000001,
    92.322,
    94.31500000000001,
    93.81700000000001,
    95.32400000000001,
    95.31500000000001,
    94.81699999999998,
    96.321,
    94.82300000000001,
    94.324,
    94.826,
    96.331,
    97.829,
    92.81200000000001,
    89.811,
    94.82500000000002,
    93.811,
    90.828,
    93.325,
    92.82400000000001,
    93.32800000000002,
    94.82400000000001,
    94.809,
    90.315,
    91.82200000000002,
    97.324,
    93.324,
    94.819,
    95.819,
    93.81700000000001,
    95.82500000000002,
    94.32400000000001,
    93.32000000000001,
    91.318,
    92.316,
    94.82600000000001,
    93.30199999999998,
    94.82000000000002,
    92.81900000000002,
    94.81700000000001,
    92.81700000000001,
    93.808,
    96.31400000000001,
    92.33100000000002,
    96.31900000000002,
    92.827,
    95.32500000000002,
    91.819,
    94.83500000000001,
    93.81800000000001,
    94.831,
    90.31400000000001,
    95.31500000000001,
    93.327,
    96.83900000000001,
    95.81500000000003,
    96.31900000000002,
    89.30100000000002,
    94.814,
    96.821,
    96.30699999999999,
    93.32700000000001,
    94.82400000000001,
    92.81700000000002,
    93.32300000000001,
    91.80499999999999,
    92.811,
    94.322,
    94.31700000000001,
    93.31400000000001,
    90.809,
    92.80300000000001,
    91.322,
    93.80199999999999,
    94.31500000000001,
    94.83100000000002,
    95.82700000000003,
    92.80199999999999,
    91.815,
    96.319,
    88.822,
    92.316,
    90.823,
    96.80699999999999,
    96.33,
    97.30099999999997,
    92.799,
    96.32000000000001,
    92.31899999999999,
    93.828,
    90.80699999999999,
    92.30500000000002,
    94.308,
    92.81400000000001,
    93.32300000000001,
    95.82000000000002,
    93.824,
    95.82600000000001,
    92.326,
    96.83700000000002,
    95.328,
    91.326,
    97.82300000000001,
    93.32300000000001,
    91.28500000000001,
    93.80500000000002,
    96.33000000000001,
    94.319,
    92.82000000000001,
    94.809,
    91.305,
    97.825,
    92.299,
    90.796,
    97.32700000000003,
    92.31800000000001,
    92.83100000000003,
    94.81800000000001,
    90.81099999999999,
    91.315,
    94.32000000000001,
    91.324,
    94.328,
    95.82400000000001,
    94.29400000000001,
    93.81500000000001,
    95.32000000000001,
    92.827,
    94.821,
    95.816,
    91.815,
    94.319,
    94.809,
    91.813,
    92.82300000000001,
    94.31599999999999,
    94.33300000000001,
    94.32300000000001,
    90.322,
    91.83,
    92.32000000000002,
    90.31,
    95.81300000000002,
    93.825,
    92.324,
    92.808,
    95.80199999999999,
    92.80800000000002,
    90.821,
    96.818,
    94.32900000000001,
    92.811,
    97.32900000000001,
    91.816,
    90.81200000000001,
    94.83000000000001,
    93.31400000000001,
    93.83400000000002,
    92.81800000000001,
    89.82100000000001,
    92.81300000000002,
    97.321,
    91.83200000000002,
    91.321,
    96.33400000000002,
    93.82000000000001,
    95.82600000000001,
    95.31300000000002,
    91.31099999999999,
    94.814,
    91.316,
    92.30799999999999,
    95.319,
    95.314,
    94.822,
    93.32,
    94.321,
    96.31400000000002,
    96.31299999999999,
    95.809,
    93.825,
    93.321,
    93.31700000000002,
    95.80600000000001,
    93.31500000000001,
    93.317,
    96.297,
    91.82100000000003,
    91.30499999999999,
    92.811,
    95.32799999999999,
    96.818,
    94.82500000000002,
    93.80199999999999,
    97.82799999999999,
    94.81700000000001,
    97.82300000000001,
    93.81800000000001,
    91.31600000000002,
    94.83700000000002,
    94.80199999999999,
    90.81300000000002,
    93.324,
    96.81899999999999,
    92.321,
    94.301,
    97.318,
    93.31800000000001,
    94.32,
    97.322,
    94.322,
    94.82000000000001,
    95.32200000000002,
    91.32400000000003,
    97.337,
    93.319,
    91.82900000000001,
    89.82300000000001,
    94.313,
    95.31100000000002,
    93.82200000000002,
    91.818,
    93.82200000000002,
    88.31400000000002,
    92.81700000000001,
    95.827,
    94.821,
    93.82700000000001,
    94.318,
    92.33000000000001,
    94.82900000000001,
    95.32499999999999,
    95.82000000000001,
    94.292,
    94.30300000000001,
    90.811,
    92.33100000000002,
    91.819,
    95.317,
    96.304,
    91.812,
    92.794,
    94.301,
    95.825,
    92.83099999999999,
    95.313,
