{
  "complexity": 14,
  "alpha": 0.1,
  "gamma": 0.95,
  "epsilon": 0.2,
  "extra_passages": 1,
  "avg_rewards": [
    -313.8799999999975,
    -83.04699999999903,
    -39.20299999999996,
    -28.45899999999967,
    3.2949999999997246,
    42.9549999999999,
    33.65499999999987,
    37.26699999999991,
    45.379999999999924,
    66.78500000000001,
    53.737999999999964,
    51.14899999999994,
    75.07000000000002,
    70.33699999999997,
    75.51799999999999,
    69.01000000000002,
    69.71800000000003,
    73.186,
    82.883,
    76.80699999999999,
    82.80000000000003,
    77.84700000000001,
    81.46399999999998,
    81.93000000000002,
    87.96,
    83.96100000000001,
    86.00699999999999,
    92.03999999999999,
    88.574,
    83.029,
    85.00699999999999,
    84.89400000000002,
    90.118,
    88.567,
    88.616,
    87.12299999999998,
    87.11999999999999,
    91.678,
    90.189,
    90.649,
    91.135,
    89.22100000000002,
    91.19399999999999,
    93.25500000000001,
    87.68100000000001,
    88.656,
    94.21400000000001,
    91.73,
    92.68699999999998,
    91.26700000000001,
    95.77699999999999,
    91.726,
    91.74499999999999,
    95.795,
    91.25099999999999,
    89.2,
    93.73200000000001,
    93.294,
    94.776,
    95.301,
    94.77900000000001,
    88.78,
    90.801,
    91.215,
    91.252,
    90.763,
    92.79500000000002,
    94.79300000000002,
    89.79800000000002,
    93.792,
    93.26500000000001,
    89.26299999999999,
    92.314,
    92.753,
    93.81400000000001,
    93.80699999999999,
    93.80499999999998,
    91.78699999999999,
    93.292,
    95.803,
    92.81099999999999,
    92.796,
    93.80699999999999,
    90.79899999999998,
    91.78299999999999,
    95.31300000000002,
    93.314,
    91.79499999999999,
    92.313,
    89.80800000000002,
    94.314,
    93.297,
    93.28300000000002,
    94.3,
    94.79299999999999,
    95.8,
    94.798,
    90.8,
    92.306,
    91.295,
    91.79800000000002,
    93.804,
    93.29600000000002,
    95.30000000000001,
    92.31000000000002,
    92.80199999999999,
    90.799,
    90.799,
    90.81300000000002,
    92.811,
    95.308,
    92.81299999999999,
    92.316,
    94.31700000000001,
    91.80999999999999,
    95.79799999999999,
    95.30499999999999,
    94.80500000000002,
    92.804,
    92.30299999999998,
    95.79999999999998,
    89.809,
    95.30999999999999,
    93.301,
    95.81099999999999,
    94.299,
    95.80800000000002,
    92.819,
    93.31,
    93.81000000000002,
    92.29799999999999,
    95.811,
    93.81,
    93.80799999999999,
    89.311,
    92.80000000000001,
    93.804,
    93.796,
    91.805,
    96.308,
    93.80999999999999,
    93.30999999999999,
    94.312,
    93.815,
    93.29399999999998,
    95.77300000000001,
    93.308,
    92.795,
    94.814,
    90.81300000000002,
    89.803,
    90.3,
    91.81500000000003,
    94.79400000000001,
    94.804,
    92.81000000000002,
    93.288,
    89.78999999999999,
    94.302,
    95.319,
    93.82,
    95.31100000000002,
    94.78399999999999,
    93.80900000000001,
    95.28699999999999,
    94.30999999999999,
    95.80199999999999,
    93.796,
    96.313,
    94.811,
    94.289,
    94.316,
    93.794,
    92.807,
    89.797,
    92.301,
    92.30499999999998,
    92.798,
    93.31400000000001,
    91.81400000000001,
    92.295,
    94.80700000000002,
    87.281,
    91.297,
    95.804,
    95.30199999999999,
    92.79899999999998,
    93.295,
    93.792,
    93.318,
    91.795,
    91.799,
    95.811,
    93.78999999999999,
    94.81500000000001,
    88.787,
    93.796,
    95.30799999999999,
    94.79999999999998,
    94.304,
    89.307,
    95.81299999999999,
    96.803,
    95.813,
    93.296,
    95.30799999999999,
    94.298,
    91.795,
    95.816,
    93.28999999999999,
    92.304,
    92.8,
    95.803,
    95.77000000000001,
    94.296,
    93.304,
    92.81300000000002,
    91.31200000000001,
    92.292,
    96.307,
    94.80800000000002,
    92.30500000000002,
    96.32300000000001,
    94.812,
    92.801,
    90.792,
    94.295,
    92.801,
    90.304,
    93.80000000000001,
    95.28,
    91.293,
    93.28599999999999,
    95.315,
    92.80400000000002,
    93.308,
    95.81500000000001,
    94.78999999999999,
    94.29099999999998,
    94.803,
    92.82000000000001,
    91.796,
    95.30999999999999,
    94.786,
    94.80600000000001,
    89.80400000000002,
    92.78599999999999,
    91.81800000000001,
    93.811,
    91.798,
    92.79400000000001,
    93.804,
    93.819,
    93.78899999999999,
    92.789,
    94.29100000000001,
    89.30800000000002,
    90.786,
    95.32000000000001,
    93.81,
    97.30499999999998,
    90.80199999999999,
    93.305,
    95.80799999999999,
    92.29600000000002,
    93.31,
    94.803,
    95.30999999999999,
    94.816,
    89.79999999999998,
    93.303,
    93.804,
    94.30500000000002,
    92.31,
    94.304,
    91.797,
    93.31700000000001,
    91.803,
    93.79599999999999,
    95.30999999999999,
    94.80600000000001,
    97.796,
    92.303,
    90.29700000000001,
    96.30100000000002,
    95.79400000000001,
    93.78699999999999,
    95.308,
    94.302,
    93.81700000000001,
    93.31700000000001,
    94.293,
    89.813,
    92.804,
    94.814,
    93.81300000000002,
    95.814,
    88.82000000000001,
    94.803,
    94.31200000000001,
    94.29099999999998,
    92.811,
    92.812,
    91.80599999999998,
    93.80300000000001,
    93.291,
    95.31500000000001,
    93.30999999999999,
    94.802,
    94.811,
    93.31400000000001,
    96.316,
    97.30099999999999,
    90.29799999999999,
    92.81199999999998,
    94.30199999999999,
    92.308,
    90.80399999999999,
    94.80500000000002,
    93.31500000000001,
    92.80499999999999,
    94.319,
    91.809,
    94.295,
    95.803,
    94.29400000000001,
    97.809,
    93.79700000000001,
    92.308,
    95.80700000000002,
    93.8,
    93.312,
    92.798,
    95.319,
    91.811,
    95.30499999999999,
    92.29299999999999,
    93.795,
    93.30799999999999,
    94.31499999999998,
    92.296,
    92.31300000000002,
    93.81300000000002,
    91.80299999999998,
    94.31,
    92.30499999999999,
    93.30699999999999,
    92.311,
    92.80299999999998,
    92.78999999999999,
    94.31,
    93.807,
    94.31099999999999,
    93.80199999999999,
    91.765,
    96.299,
    94.792,
    94.314,
    92.79700000000001,
    94.312,
    92.287,
    93.30699999999999,
    94.806,
    95.32200000000002,
    92.81200000000001,
    88.803,
    92.31300000000002,
    94.304,
    93.799,
    94.308,
    92.79499999999999,
    88.30799999999999,
    91.795,
    91.805,
    93.80799999999999,
    94.821,
    92.28900000000002,
    94.81300000000002,
    90.308,
    96.815,
    92.295,
    95.301,
    94.813,
    94.82000000000001,
    95.30500000000002,
    94.295,
    93.80499999999999,
    90.307,
    92.80199999999999,
    92.797,
    94.80500000000002,
    92.80100000000002,
    93.31800000000001,
    91.815,
    93.805,
    92.30700000000002,
    90.793,
    94.81300000000002,
    94.808,
    91.29000000000002,
    94.789,
    94.316,
    93.308,
    91.783,
    92.805,
    93.31400000000001,
    92.304,
    93.30799999999999,
    95.801,
    91.796,
    90.30800000000002,
    87.80300000000001,
    93.79700000000001,
    92.80199999999999,
    92.301,
    93.301,
    91.804,
    94.81400000000001,
    94.31,
    94.299,
    89.80100000000002,
    97.31300000000002,
    92.31,
    94.306,
    94.29899999999999,
    93.819,
    94.304,
    91.30199999999999,
    91.805,
    95.30799999999999,
    91.80499999999999,
    94.81199999999998,
    92.28600000000002,
    96.811,
    93.30999999999999,
    94.30199999999999,
    93.80699999999999,
    91.31000000000002,
    92.311,
    91.29499999999999,
    95.328,
    93.80600000000001,
    93.80600000000001,
    96.302,
    92.29400000000001,
    92.798,
    91.293,
    95.316,
    95.81700000000002,
    93.306,
    94.80499999999999,
