{
  "complexity": 2,
  "alpha": 0.2,
  "gamma": 0.85,
  "epsilon": 0.3,
  "extra_passages": 13,
  "avg_rewards": [
    -313.29799999999733,
    -6.000999999999765,
    38.41699999999989,
    53.00500000000002,
    48.8869999999999,
    64.98599999999999,
    59.92300000000002,
    69.595,
    67.18499999999997,
    62.942999999999984,
    69.09299999999998,
    67.633,
    79.887,
    76.83399999999999,
    77.394,
    70.397,
    73.87,
    86.45999999999997,
    81.05799999999999,
    81.01799999999999,
    79.473,
    78.548,
    88.05699999999999,
    84.53500000000003,
    84.092,
    89.586,
    87.65099999999998,
    88.62799999999997,
    86.133,
    81.61099999999998,
    91.167,
    90.242,
    89.65,
    88.69800000000001,
    87.648,
    87.15899999999999,
    85.16499999999999,
    87.215,
    88.215,
    92.226,
    89.21399999999998,
    91.23800000000001,
    90.75799999999998,
    91.238,
    89.77,
    91.72200000000001,
    97.264,
    95.249,
    90.749,
    90.28,
    91.299,
    93.251,
    93.26599999999999,
    91.80199999999999,
    89.28699999999999,
    92.30199999999999,
    89.294,
    96.78399999999999,
    91.79600000000002,
    93.797,
    93.783,
    92.77599999999998,
    92.29199999999999,
    94.29599999999998,
    91.79200000000002,
    93.285,
    88.799,
    93.79100000000001,
    93.289,
    89.797,
    92.27199999999998,
    90.28299999999999,
    87.80199999999999,
    92.81200000000001,
    92.30199999999999,
    93.30300000000001,
    91.79099999999998,
    93.81299999999999,
    88.797,
    91.296,
    90.776,
    88.799,
    91.805,
    94.313,
    94.798,
    92.798,
    91.295,
    90.79799999999997,
    96.306,
    95.768,
    90.30699999999999,
    92.775,
    87.29099999999998,
    91.297,
    91.785,
    91.772,
    90.78400000000002,
    88.76899999999998,
    92.275,
    91.28700000000002,
    91.771,
    87.273,
    92.79899999999999,
    89.79100000000001,
    90.295,
    87.295,
    93.79799999999999,
    92.80499999999999,
    91.28900000000002,
    92.31299999999999,
    90.789,
    93.28300000000002,
    89.29600000000002,
    96.32000000000001,
    90.28699999999999,
    93.283,
    93.28900000000002,
    93.29899999999999,
    92.27900000000001,
    87.79400000000001,
    91.792,
    85.298,
    93.276,
    91.775,
    92.29399999999998,
    93.287,
    91.275,
    89.298,
    91.792,
    88.813,
    88.274,
    92.783,
    87.30099999999999,
    92.80699999999999,
    92.3,
    91.795,
    92.816,
    91.296,
    89.27399999999999,
    91.28999999999999,
    92.294,
    92.28699999999999,
    91.304,
    90.27499999999999,
    92.27399999999999,
    89.79799999999999,
    92.28800000000001,
    91.26,
    91.286,
    94.304,
    91.78699999999999,
    89.258,
    86.79400000000001,
    90.77199999999998,
    90.796,
    92.776,
    93.25699999999999,
    90.78500000000001,
    88.281,
    93.27499999999999,
    91.807,
    90.792,
    91.309,
    93.295,
    86.792,
    90.281,
    91.28699999999999,
    94.29799999999999,
    93.31,
    93.293,
    90.773,
    93.79399999999998,
    90.296,
    91.765,
    90.805,
    93.30199999999998,
    91.29799999999999,
    89.761,
    91.28500000000001,
    91.771,
    91.271,
    90.247,
    91.29999999999998,
    93.79600000000002,
    96.277,
    94.80400000000002,
    89.789,
    92.292,
    91.299,
    92.78999999999999,
    87.771,
    90.29,
    95.286,
    91.25699999999998,
    92.276,
    88.80499999999999,
    90.798,
    92.77700000000002,
    90.795,
    89.297,
    93.78999999999999,
    90.801,
    91.29299999999999,
    90.795,
    93.28399999999999,
    93.79299999999998,
    92.28900000000002,
    90.29899999999999,
    92.793,
    88.288,
    90.31400000000001,
    89.78599999999999,
    96.811,
    88.299,
    91.29499999999999,
    91.81500000000001,
    91.782,
    90.27000000000001,
    93.79699999999998,
    86.303,
    92.786,
    92.305,
    89.774,
    88.773,
    90.29699999999998,
    92.287,
    85.78600000000002,
    92.774,
    88.77499999999999,
    88.776,
    91.292,
    92.261,
    89.25599999999999,
    89.762,
    92.316,
    91.312,
    93.804,
    90.79599999999998,
    90.284,
    89.796,
    93.291,
    93.28500000000001,
    95.29099999999998,
    92.78999999999999,
    91.79500000000002,
    92.797,
    90.78399999999999,
    90.792,
    93.29600000000002,
    89.285,
    91.79099999999998,
    89.29799999999997,
    89.77399999999999,
    94.28899999999999,
    91.798,
    93.307,
    90.782,
    93.80300000000001,
    93.27499999999999,
    94.80300000000001,
    86.798,
    90.285,
    90.78499999999998,
    94.76899999999998,
    89.796,
    89.27000000000001,
    88.777,
    96.292,
    96.28399999999999,
    90.787,
    89.276,
    90.30700000000003,
    89.76599999999999,
    89.77700000000002,
    90.28400000000002,
    90.29400000000001,
    92.80699999999999,
    88.792,
    89.299,
    91.3,
    91.79299999999999,
    92.8,
    91.79499999999999,
    91.276,
    93.302,
    90.28999999999999,
    90.274,
    90.795,
    91.79800000000003,
    91.78999999999999,
    88.267,
    93.288,
    93.30700000000002,
    90.79700000000001,
    92.81700000000001,
    90.30999999999999,
    94.81000000000002,
    91.775,
    91.80300000000001,
    93.28999999999999,
    90.27700000000002,
    93.815,
    94.282,
    89.79999999999998,
    92.77900000000001,
    91.81400000000001,
    88.78,
    89.79500000000002,
    87.79400000000001,
    92.313,
    91.774,
    92.79100000000001,
    91.28899999999999,
    94.28999999999999,
    91.75899999999999,
    88.796,
    90.77000000000001,
    89.78200000000001,
    91.281,
    91.78299999999999,
    91.28599999999999,
    90.287,
    93.81200000000001,
    89.272,
    92.306,
    90.797,
    95.29,
    91.79,
    93.28999999999999,
    92.761,
    92.304,
    93.76700000000001,
    88.777,
    91.286,
    90.318,
    92.78699999999999,
    89.775,
    88.775,
    91.29400000000001,
    89.79600000000002,
    93.29100000000001,
    91.78399999999999,
    91.28200000000001,
    90.28300000000002,
    92.30900000000001,
    91.30100000000002,
    91.769,
    90.81099999999999,
    93.78900000000002,
    90.773,
    90.27200000000002,
    96.28899999999999,
    92.28599999999999,
    90.284,
    94.29999999999998,
    88.78,
    91.78300000000002,
    87.27799999999999,
    94.292,
    90.29700000000001,
    97.285,
    97.299,
    89.289,
    88.78399999999999,
    90.27799999999999,
    89.783,
    89.799,
    93.296,
    95.274,
    89.29799999999997,
    90.28600000000002,
    92.773,
    87.78699999999998,
    90.28600000000003,
    92.792,
    93.25899999999999,
    94.78299999999999,
    92.252,
    87.78,
    94.803,
    86.763,
    90.27000000000001,
    92.78999999999999,
    90.80300000000001,
    92.316,
    92.804,
    92.78000000000002,
    94.297,
    94.28900000000002,
    91.28700000000002,
    91.27900000000001,
    94.78100000000002,
    87.80599999999998,
    87.27799999999999,
    93.785,
    90.811,
    94.799,
    89.27000000000001,
    91.78699999999999,
    91.28399999999999,
    90.276,
    93.799,
    89.78,
    92.809,
    93.282,
    94.77399999999999,
    96.28999999999999,
    92.29499999999999,
    95.28599999999999,
    88.773,
    91.81000000000002,
    96.308,
    92.779,
    91.273,
    92.79100000000001,
    91.29299999999998,
    91.77799999999999,
    89.278,
    93.292,
    92.281,
    93.805,
    91.785,
    92.78299999999999,
    87.769,
    91.289,
    86.284,
    90.78600000000002,
    89.78799999999998,
    90.297,
    91.79100000000001,
    95.30699999999999,
    90.29299999999999,
    86.77399999999999,
    92.298,
    91.803,
    92.782,
    92.289,
    93.30900000000001,
    90.274,
    89.29100000000001,
    87.77600000000001,
    89.292,
    94.80199999999999,
    92.27700000000002,
    91.81199999999998,
    92.805,
    90.31600000000002,
    90.78399999999999,
    89.777,
    93.28599999999999,
