{
  "complexity": 0,
  "alpha": 0.2,
  "gamma": 0.85,
  "epsilon": 0.2,
  "extra_passages": 15,
  "avg_rewards": [
    -277.42699999999775,
    54.66999999999996,
    60.75999999999999,
    66.09999999999998,
    63.46300000000002,
    67.80699999999999,
    80.99099999999999,
    72.274,
    78.08800000000001,
    87.20599999999999,
    85.17599999999999,
    85.874,
    76.51699999999997,
    87.388,
    86.36299999999999,
    88.96699999999998,
    86.905,
    93.01,
    89.552,
    85.973,
    91.586,
    87.59299999999999,
    90.428,
    86.563,
    89.53900000000002,
    92.158,
    94.655,
    93.196,
    91.117,
    94.667,
    95.65799999999999,
    94.13500000000002,
    92.715,
    93.70900000000002,
    94.7,
    92.643,
    90.67299999999999,
    95.25800000000001,
    95.259,
    94.72099999999999,
    96.72799999999998,
    92.736,
    93.228,
    92.75700000000002,
    95.70100000000001,
    93.75199999999998,
    96.76799999999999,
    95.266,
    94.237,
    89.78,
    91.23499999999999,
    92.803,
    94.276,
    95.789,
    93.803,
    94.309,
    95.80600000000001,
    97.31500000000001,
    93.3,
    94.811,
    95.301,
    96.79899999999998,
    97.81800000000001,
    93.31500000000001,
    96.811,
    93.307,
    93.315,
    98.82400000000001,
    93.301,
    97.319,
    96.803,
    94.31300000000002,
    94.82000000000001,
    94.29400000000001,
    94.328,
    95.817,
    94.31900000000002,
    93.318,
    96.32700000000001,
    93.81200000000001,
    94.821,
    93.816,
    91.303,
    94.81,
    95.32100000000001,
    99.322,
    94.32200000000002,
    96.819,
    94.79899999999999,
    94.80499999999998,
    96.79999999999998,
    94.33200000000002,
    95.81300000000002,
    95.83700000000002,
    96.83500000000001,
    93.32000000000001,
    94.806,
    97.31700000000001,
    96.30699999999999,
    96.31200000000001,
    93.83100000000002,
    97.33500000000002,
    95.304,
    95.821,
    96.33000000000001,
    94.31999999999998,
    95.31900000000002,
    96.832,
    95.328,
    96.82,
    97.81799999999998,
    97.29800000000002,
    92.31800000000001,
    95.81700000000001,
    96.80799999999998,
    95.821,
    98.32300000000001,
    96.30599999999998,
    96.313,
    94.819,
    95.30299999999998,
    98.312,
    94.815,
    93.818,
    95.804,
    97.79799999999999,
    93.82700000000003,
    97.307,
    96.326,
    94.31500000000001,
    97.80600000000001,
    96.319,
    95.31599999999999,
    93.817,
    96.31699999999998,
    91.813,
    93.82600000000001,
    95.32400000000001,
    94.819,
    97.309,
    95.82800000000002,
    95.831,
    98.32300000000001,
    97.794,
    95.311,
    95.31900000000002,
    95.81300000000002,
    96.32199999999999,
    95.814,
    96.311,
    97.319,
    93.82000000000001,
    95.816,
    96.304,
    96.81200000000001,
    95.828,
    96.329,
    95.311,
    96.33099999999999,
    95.816,
    97.31500000000001,
    95.314,
    97.321,
    97.31899999999999,
    95.299,
    95.33000000000001,
    96.31700000000002,
    96.82199999999997,
    96.30099999999999,
    97.31599999999999,
    96.816,
    96.82300000000001,
    96.321,
    94.31699999999998,
    94.30199999999999,
    93.82200000000002,
    95.82600000000002,
    95.816,
    96.81800000000001,
    96.81000000000002,
    96.83700000000002,
    93.822,
    96.32900000000001,
    95.328,
    96.31900000000002,
    97.821,
    98.32300000000001,
    94.828,
    98.328,
    94.81400000000001,
    95.804,
    95.31300000000002,
    95.32300000000001,
    93.829,
    95.81200000000001,
    95.81,
    95.32300000000001,
    94.81199999999998,
    95.811,
    96.828,
    94.31,
    96.827,
    93.822,
    96.82000000000001,
    96.825,
    97.81800000000001,
    94.825,
    95.814,
    96.317,
    95.813,
    97.32300000000001,
    97.33200000000002,
    97.31500000000001,
    96.31,
    93.32200000000003,
    91.808,
    92.309,
    95.80999999999999,
    95.821,
    95.816,
    96.81599999999999,
    95.826,
    92.307,
    96.31,
    95.33500000000001,
    96.326,
    94.31400000000001,
    94.328,
    97.31800000000001,
    97.30699999999999,
    94.82200000000002,
    95.818,
    96.31700000000001,
    97.32000000000001,
    93.795,
    94.815,
    96.32700000000001,
    95.32700000000001,
    95.32200000000002,
    96.314,
    95.32300000000001,
    94.32600000000001,
    96.80600000000001,
    95.32000000000001,
    95.79899999999999,
    97.32000000000001,
    95.32700000000001,
    94.299,
    95.31700000000001,
    98.82699999999998,
    96.81500000000001,
    95.81600000000002,
    95.82500000000002,
    97.811,
    96.32700000000003,
    95.83099999999999,
    98.32200000000002,
    95.32000000000001,
    95.31800000000001,
    94.831,
    97.826,
    95.30600000000001,
    95.319,
    95.816,
    97.804,
    94.327,
    97.33000000000001,
    96.82300000000001,
    91.827,
    94.79700000000001,
    94.81699999999998,
    97.329,
    97.80600000000001,
    97.831,
    95.31400000000001,
    96.828,
    95.311,
    95.32,
    94.83200000000001,
    95.32400000000001,
    97.811,
    96.826,
    95.828,
    91.303,
    95.309,
    93.313,
    97.827,
    95.828,
    95.81599999999999,
    96.804,
    93.817,
    95.816,
    95.81,
    96.81600000000002,
    96.303,
    94.81299999999999,
    95.31800000000001,
    97.31500000000001,
    95.311,
    95.81299999999999,
    95.30699999999999,
    96.32000000000002,
    95.33200000000001,
    95.32000000000001,
    95.31799999999998,
    94.81400000000001,
    96.825,
    92.30799999999999,
    95.82500000000002,
    95.80600000000001,
    96.31700000000001,
    95.32100000000001,
    92.32000000000002,
    96.314,
    96.329,
    94.814,
    96.814,
    96.33200000000001,
    97.311,
    94.822,
    96.316,
    96.322,
    94.30500000000002,
    95.30199999999999,
    91.807,
    92.31299999999999,
    94.325,
    93.808,
    94.812,
    95.799,
    93.32000000000001,
    97.29499999999999,
    92.812,
    98.32,
    94.81,
    94.321,
    96.31700000000002,
    95.31800000000001,
    96.3,
    93.79999999999998,
    95.822,
    96.82300000000002,
    94.322,
    97.81199999999998,
    97.316,
    94.815,
    95.80199999999999,
    94.31300000000002,
    94.304,
    96.83000000000001,
    95.82600000000001,
    95.307,
    94.829,
    95.30900000000001,
    95.82,
    96.81800000000001,
    94.80699999999999,
    93.81699999999998,
    97.3,
    92.81700000000001,
    95.81800000000001,
    97.31099999999998,
    96.811,
    95.81799999999998,
    96.807,
    88.803,
    93.30499999999998,
    96.80800000000002,
    96.31500000000001,
    96.828,
    96.33000000000001,
    95.329,
    94.80499999999999,
    93.82500000000002,
    97.821,
    95.32200000000002,
    96.31300000000002,
    94.79299999999998,
    95.30200000000002,
    95.30999999999999,
    94.827,
    90.31099999999999,
    92.822,
    94.333,
    96.308,
    94.31500000000003,
    97.81800000000001,
    95.32900000000001,
    92.807,
    97.311,
    95.31300000000002,
    93.81400000000001,
    95.32400000000001,
    96.31300000000002,
    93.30000000000001,
    96.811,
    97.312,
    96.321,
    95.32000000000001,
    94.82300000000001,
    97.81099999999999,
    96.315,
    96.31500000000001,
    93.813,
    94.31700000000001,
    93.32000000000001,
    94.805,
    92.31900000000002,
    92.80799999999999,
    94.30399999999999,
    96.32400000000001,
    97.81500000000003,
    95.32,
    96.828,
    97.31299999999999,
    95.31000000000002,
    94.819,
    96.31699999999998,
    95.314,
    95.83500000000001,
    97.82000000000002,
    98.31800000000001,
    95.79599999999999,
    96.327,
    96.33200000000002,
    98.31300000000002,
    95.828,
    93.302,
    97.32300000000001,
    93.81300000000002,
    94.325,
    96.334,
    93.82500000000002,
    94.81800000000001,
    93.811,
    94.813,
    96.32000000000002,
    95.321,
    96.81700000000001,
    94.82000000000001,
