{
  "complexity": 1,
  "alpha": 0.1,
  "gamma": 0.85,
  "epsilon": 0.1,
  "extra_passages": 14,
  "avg_rewards": [
    -234.7619999999983,
    69.81699999999998,
    82.96199999999995,
    82.82700000000001,
    85.08999999999997,
    79.98199999999994,
    78.917,
    82.31999999999992,
    89.305,
    88.422,
    91.582,
    90.671,
    87.05999999999999,
    91.21399999999998,
    85.633,
    95.89500000000001,
    93.90599999999999,
    90.86699999999999,
    91.78699999999998,
    90.73100000000001,
    94.33399999999999,
    94.019,
    92.39399999999999,
    94.96900000000001,
    94.525,
    92.422,
    92.60999999999999,
    95.982,
    96.565,
    93.60800000000002,
    94.584,
    95.588,
    95.063,
    95.08800000000001,
    95.11800000000002,
    96.05199999999999,
    96.148,
    96.149,
    98.093,
    94.55800000000002,
    96.135,
    93.669,
    97.204,
    93.13300000000001,
    97.687,
    97.62299999999999,
    95.646,
    95.719,
    96.69699999999999,
    97.63699999999999,
    98.172,
    95.68500000000002,
    97.24199999999999,
    95.69699999999999,
    97.72900000000001,
    97.213,
    95.21000000000001,
    98.21099999999998,
    97.712,
    96.73299999999999,
    96.74100000000001,
    97.703,
    96.264,
    96.73800000000001,
    97.736,
    97.75999999999999,
    97.26499999999999,
    95.735,
    96.253,
    96.773,
    97.737,
    96.23400000000001,
    96.239,
    96.27000000000001,
    98.776,
    97.29099999999998,
    96.77999999999999,
    97.76599999999999,
    98.78900000000002,
    97.27000000000001,
    98.78299999999999,
    94.29400000000001,
    96.78799999999998,
    97.79,
    96.821,
    96.785,
    98.311,
    98.29599999999999,
    97.3,
    98.30799999999999,
    98.79499999999999,
    97.32000000000002,
    97.813,
    99.322,
    98.81500000000001,
    99.80699999999999,
    97.307,
    97.311,
    98.826,
    96.319,
    98.83200000000002,
    96.821,
    97.321,
    98.313,
    97.325,
    96.83000000000001,
    98.83900000000001,
    99.32600000000002,
    99.329,
    96.33000000000001,
    95.82000000000001,
    96.833,
    96.33200000000002,
    98.32800000000002,
    97.34600000000002,
    98.82600000000001,
    97.83900000000001,
    97.83099999999999,
    96.84,
    98.83800000000001,
    98.833,
    97.84200000000001,
    98.83800000000001,
    97.34200000000001,
    98.33800000000001,
    97.84200000000001,
    97.34,
    97.33000000000001,
    96.82800000000002,
    98.83600000000001,
    96.83000000000001,
    98.83600000000001,
    96.33900000000001,
    97.33900000000001,
    96.83500000000001,
    98.34200000000001,
    98.32600000000001,
    95.33300000000001,
    97.33599999999998,
    97.82900000000001,
    99.33200000000002,
    97.831,
    95.82700000000001,
    99.34400000000001,
    99.34100000000001,
    97.33900000000001,
    98.33600000000001,
    96.33200000000001,
    97.32600000000001,
    98.843,
    98.82800000000002,
    97.33900000000001,
    98.34,
    97.84200000000001,
    97.83600000000001,
    98.334,
    97.84200000000001,
    98.33000000000001,
    98.34200000000001,
    98.334,
    97.845,
    98.83600000000001,
    96.83800000000001,
    96.83600000000001,
    96.34200000000001,
    98.324,
    98.34500000000001,
    98.83300000000001,
    97.84200000000001,
    98.84000000000002,
    97.334,
    96.83600000000001,
    99.33600000000001,
    98.84000000000002,
    99.325,
    99.83800000000001,
    97.83599999999998,
    98.83600000000001,
    97.838,
    97.83300000000001,
    96.84300000000002,
    98.83100000000002,
    98.83200000000002,
    98.833,
    97.82500000000002,
    97.33200000000002,
    98.33100000000002,
    97.84100000000001,
    99.34300000000002,
    99.33600000000001,
    96.834,
    98.84200000000001,
    99.34200000000001,
    98.33900000000001,
    97.34400000000001,
    99.34200000000001,
    98.83900000000001,
    98.83500000000001,
    96.83400000000002,
    97.839,
    98.836,
    98.84,
    98.34000000000002,
    97.83600000000001,
    97.33500000000001,
    99.329,
    98.833,
    97.821,
    98.33600000000001,
    96.828,
    97.33100000000002,
    96.84200000000001,
    95.836,
    98.82600000000001,
    98.34,
    98.325,
    98.32,
    98.829,
    99.33500000000001,
    98.34200000000001,
    97.332,
    98.837,
    97.83000000000001,
    99.33300000000001,
    96.837,
    97.837,
    98.336,
    97.84400000000002,
    96.84400000000001,
    99.33100000000002,
    98.33400000000002,
    96.83700000000002,
    99.33000000000001,
    99.34200000000001,
    98.33300000000001,
    98.83500000000001,
    97.33800000000002,
    97.84200000000001,
    97.83200000000001,
    98.34400000000002,
    97.83699999999999,
    97.332,
    97.84100000000001,
    98.32900000000001,
    98.84200000000001,
    97.83800000000001,
    97.84200000000001,
    98.328,
    98.32400000000001,
    98.34400000000001,
    98.83300000000001,
    99.84200000000001,
    98.337,
    98.34100000000002,
    95.83500000000001,
    97.33500000000001,
    98.34200000000001,
    98.82900000000002,
    98.83000000000001,
    96.83900000000001,
    99.829,
    98.83800000000001,
    97.826,
    98.328,
    99.34100000000002,
    96.333,
    98.83600000000001,
    98.34200000000001,
    99.846,
    98.32500000000002,
    97.825,
    97.84400000000002,
    98.34100000000002,
    98.33900000000003,
    99.33500000000001,
    97.82900000000002,
    99.328,
    97.32900000000001,
    99.83800000000001,
    99.33600000000001,
    97.843,
    97.83800000000001,
    98.31700000000001,
    97.83200000000001,
    95.33800000000001,
    98.33900000000001,
    98.82700000000003,
    96.82900000000002,
    96.83800000000001,
    98.33700000000002,
    96.84400000000001,
    98.83500000000001,
    97.32900000000001,
    98.836,
    95.833,
    95.82000000000001,
    97.84000000000002,
    97.83900000000001,
    98.33900000000001,
    99.34,
    98.84100000000001,
    95.83000000000001,
    97.333,
    97.83800000000001,
    97.83700000000002,
    99.34100000000001,
    95.84000000000002,
    98.33,
    97.32599999999998,
    99.343,
    97.828,
    97.33600000000001,
    97.837,
    96.33900000000001,
    98.83600000000001,
    98.33200000000002,
    97.33300000000001,
    98.33800000000001,
    96.81700000000001,
    96.83700000000002,
    98.34,
    99.33700000000002,
    98.83100000000002,
    99.33800000000001,
    97.83400000000002,
    95.336,
    97.843,
    98.84400000000001,
    97.331,
    98.32900000000001,
    99.831,
    97.34100000000001,
    97.334,
    98.833,
    98.837,
    97.837,
    97.831,
    96.827,
    96.33800000000001,
    96.827,
    99.33500000000002,
    98.34100000000001,
    98.33900000000001,
    95.33000000000001,
    96.33300000000003,
    99.33800000000001,
    98.82700000000001,
    98.33700000000002,
    97.32700000000001,
    96.33000000000001,
    97.837,
    99.33600000000001,
    97.82900000000001,
    99.339,
    96.82600000000002,
    97.84100000000001,
    98.84000000000002,
    98.33600000000001,
    98.327,
    97.828,
    98.33300000000001,
    97.833,
    98.34100000000001,
    96.33500000000002,
    95.82400000000001,
    96.331,
    97.33500000000001,
    98.84100000000001,
    96.82500000000002,
    97.33200000000001,
    98.337,
    95.83200000000002,
    97.84,
    96.83400000000002,
    97.34200000000001,
    98.32700000000001,
    97.327,
    97.84100000000001,
    98.835,
    97.32900000000001,
    98.83500000000002,
    98.83000000000001,
    96.33,
    97.83200000000001,
    98.839,
    97.33400000000003,
    98.83300000000001,
    99.33700000000002,
    97.833,
    97.83300000000001,
    99.33600000000001,
    97.337,
    95.82700000000001,
    99.33600000000001,
    99.84200000000001,
    95.82600000000002,
    96.83,
    98.34200000000001,
    96.337,
    97.33300000000001,
    98.33200000000001,
    98.33500000000001,
    97.84100000000001,
    98.83200000000001,
    98.834,
    98.83500000000001,
