{
  "complexity": 1,
  "alpha": 0.3,
  "gamma": 0.9,
  "epsilon": 0.3,
  "extra_passages": 14,
  "avg_rewards": [
    -254.09199999999814,
    -7.572000000000061,
    51.055999999999955,
    51.40399999999998,
    60.71900000000005,
    65.62500000000001,
    49.457000000000015,
    69.65499999999999,
    70.724,
    67.16499999999999,
    73.825,
    72.797,
    82.48899999999999,
    81.947,
    75.78999999999999,
    88.015,
    87.517,
    88.623,
    78.97399999999999,
    88.538,
    84.012,
    89.182,
    78.58200000000001,
    80.578,
    87.17999999999999,
    83.604,
    86.127,
    83.70599999999999,
    86.69000000000001,
    90.244,
    92.702,
    85.105,
    90.739,
    90.758,
    91.27099999999999,
    90.75000000000001,
    89.24499999999999,
    87.743,
    93.751,
    91.234,
    89.787,
    92.732,
    94.30500000000002,
    89.76399999999998,
    88.774,
    90.28399999999999,
    90.801,
    92.797,
    87.795,
    88.79099999999998,
    92.30800000000002,
    90.77799999999998,
    92.30199999999999,
    89.29599999999998,
    92.776,
    90.79499999999999,
    96.294,
    95.79,
    90.799,
    94.812,
    91.78899999999999,
    93.30499999999999,
    92.764,
    89.78899999999999,
    92.809,
    92.801,
    90.804,
    92.81199999999998,
    89.29299999999999,
    93.28099999999999,
    93.82,
    92.312,
    95.309,
    93.78699999999999,
    92.80200000000002,
    96.312,
    91.792,
    89.79299999999998,
    91.791,
    89.806,
    85.774,
    95.8,
    90.298,
    92.299,
    93.806,
    90.30799999999999,
    90.274,
    89.284,
    92.246,
    91.788,
    92.29799999999999,
    93.78599999999999,
    92.81500000000001,
    92.77600000000001,
    94.269,
    90.30600000000001,
    91.783,
    90.80100000000002,
    92.818,
    90.28699999999999,
    94.78600000000002,
    90.269,
    95.273,
    93.29499999999999,
    93.29099999999998,
    91.28900000000002,
    94.779,
    91.786,
    91.29599999999998,
    88.29100000000001,
    94.314,
    92.29,
    93.788,
    90.28399999999999,
    95.29999999999998,
    94.29899999999999,
    89.78,
    91.81200000000001,
    88.31200000000003,
    94.78399999999998,
    88.804,
    92.80699999999999,
    93.284,
    88.79699999999998,
    94.29100000000001,
    92.80799999999999,
    93.319,
    88.298,
    91.28,
    88.272,
    92.27199999999999,
    90.79099999999998,
    92.30100000000002,
    93.293,
    91.309,
    94.27900000000001,
    91.29100000000001,
    93.79799999999999,
    92.309,
    95.285,
    93.30399999999999,
    88.791,
    93.78599999999999,
    87.30300000000001,
    93.8,
    92.78099999999999,
    94.796,
    93.81200000000001,
    93.29599999999998,
    91.299,
    94.78,
    93.76400000000001,
    87.79099999999998,
    91.263,
    92.298,
    90.296,
    93.299,
    87.786,
    92.792,
    95.299,
    93.309,
    92.78900000000002,
    93.29600000000002,
    92.28,
    92.785,
    91.78600000000002,
    94.81800000000001,
    91.30699999999999,
    90.794,
    91.796,
    95.80199999999999,
    90.28799999999998,
    92.79400000000001,
    94.80499999999999,
    90.77199999999998,
    91.253,
    85.777,
    92.31599999999999,
    90.78899999999999,
    86.78,
    91.784,
    94.30499999999999,
    93.78699999999999,
    91.793,
    92.29400000000001,
    90.28200000000001,
    91.77600000000001,
    84.762,
    89.28299999999999,
    91.31400000000002,
    90.799,
    90.30199999999999,
    93.30000000000001,
    91.30600000000001,
    93.80399999999997,
    86.776,
    93.799,
    93.295,
    90.781,
    92.275,
    90.262,
    90.792,
    89.287,
    91.275,
    93.28900000000002,
    94.30099999999999,
    86.798,
    94.311,
    92.283,
    90.80299999999998,
    94.30099999999999,
    91.78100000000002,
    90.304,
    93.27700000000002,
    91.804,
    89.798,
    95.29599999999999,
    91.30100000000002,
    92.804,
    91.792,
    88.26499999999999,
    93.29099999999998,
    94.77000000000001,
    94.29800000000002,
    90.29399999999998,
    89.295,
    89.287,
    93.292,
    93.788,
    95.27399999999997,
    94.779,
    91.80000000000001,
    87.311,
    93.29100000000001,
    92.76,
    93.784,
    91.26699999999998,
    91.785,
    93.79899999999998,
    95.80600000000001,
    90.794,
    92.31500000000001,
    94.299,
    91.78399999999999,
    92.77899999999998,
    92.281,
    89.78200000000001,
    91.285,
    90.29800000000002,
    92.29,
    91.26899999999999,
    96.80999999999999,
    91.297,
    91.279,
    93.78999999999999,
    91.78399999999999,
    91.789,
    92.301,
    90.273,
    88.305,
    93.80199999999999,
    93.289,
    93.801,
    93.797,
    91.31400000000001,
    93.28600000000002,
    92.30600000000001,
    90.3,
    89.797,
    93.807,
    88.29400000000001,
    89.797,
    89.27199999999999,
    91.288,
    92.797,
    91.775,
    95.29099999999998,
    94.803,
    92.793,
    93.798,
    91.773,
    93.30900000000001,
    88.806,
    89.30199999999999,
    96.304,
    92.284,
    93.77700000000002,
    90.297,
    86.794,
    90.807,
    90.78999999999999,
    95.3,
    91.287,
    92.79499999999999,
    95.80199999999999,
    93.79599999999999,
    93.792,
    95.29799999999997,
    88.78699999999999,
    92.79599999999999,
    90.782,
    93.28900000000002,
    87.28899999999999,
    90.274,
    91.29599999999998,
    91.78999999999999,
    90.78900000000002,
    95.28799999999998,
    91.795,
    93.79999999999998,
    93.805,
    90.29199999999999,
    95.79600000000002,
    90.3,
    94.789,
    95.293,
    92.792,
    90.30199999999999,
    92.289,
    89.787,
    93.79700000000001,
    92.31200000000001,
    89.788,
    92.27799999999999,
    92.292,
    89.78200000000001,
    88.79499999999999,
    90.79799999999999,
    90.801,
    90.79299999999999,
    89.31,
    92.80699999999999,
    94.31700000000001,
    91.78599999999999,
    93.781,
    91.81099999999999,
    90.268,
    91.29799999999999,
    91.79300000000002,
    91.3,
    90.806,
    90.808,
    92.80099999999997,
    88.31,
    93.29100000000001,
    89.764,
    91.276,
    93.769,
    93.78399999999999,
    92.26899999999999,
    94.80799999999999,
    92.78999999999999,
    92.799,
    93.803,
    90.29800000000002,
    95.283,
    95.80600000000001,
    94.291,
    88.756,
    93.789,
    94.789,
    91.29,
    89.783,
    93.30299999999998,
    90.77299999999998,
    92.79799999999999,
    93.82,
    94.782,
    94.78800000000001,
    92.79899999999998,
    94.30799999999999,
    89.30099999999999,
    93.308,
    91.796,
    91.293,
    96.82900000000001,
    90.28600000000002,
    92.28699999999999,
    92.79400000000001,
    94.304,
    87.272,
    92.286,
    88.791,
    93.78599999999999,
    92.28900000000002,
    88.765,
    93.30800000000002,
    88.293,
    89.29299999999999,
    95.76899999999999,
    91.766,
    90.30300000000001,
    88.792,
    87.77799999999999,
    91.79699999999998,
    89.28900000000002,
    91.79599999999999,
    93.27700000000002,
    96.289,
    92.306,
    89.29499999999999,
    90.801,
    93.276,
    92.293,
    90.282,
    91.27499999999999,
    91.283,
    93.79499999999999,
    93.267,
    91.79700000000001,
    91.29399999999998,
    94.78199999999998,
    95.788,
    87.799,
    93.81200000000001,
    92.289,
    94.79,
    93.29599999999998,
    92.78900000000002,
    89.8,
    92.80999999999999,
    95.29700000000001,
    88.275,
    90.78100000000002,
    93.299,
    93.3,
    91.80900000000001,
    92.28699999999999,
    91.3,
    91.27900000000001,
    89.77900000000001,
    95.276,
    95.28900000000002,
    90.801,
    87.78900000000002,
    92.282,
    91.8,
    91.29199999999999,
    91.80099999999997,
    92.27200000000002,
    92.788,
    93.29,
    92.31400000000001,
    93.80799999999999,
    88.255,
    92.29299999999999,
    93.80100000000002,
    93.777,
    91.81000000000002,
    93.80600000000001,
    91.29399999999998,
    89.80100000000002,
    94.807,
