{
  "complexity": 13,
  "alpha": 0.3,
  "gamma": 0.85,
  "epsilon": 0.2,
  "extra_passages": 2,
  "avg_rewards": [
    -272.510999999998,
    -29.091999999999764,
    14.423999999999705,
    23.93499999999984,
    50.084999999999916,
    33.467999999999925,
    36.93899999999992,
    56.15899999999998,
    65.33499999999995,
    61.43399999999997,
    67.92800000000003,
    77.25399999999996,
    75.33500000000001,
    79.364,
    85.90400000000001,
    78.93299999999998,
    86.56700000000001,
    86.559,
    84.453,
    78.41899999999998,
    88.191,
    84.55699999999999,
    94.746,
    89.138,
    91.20100000000002,
    91.26100000000001,
    91.66199999999999,
    93.77900000000002,
    95.28800000000001,
    91.73600000000002,
    91.242,
    89.78699999999999,
    96.31400000000001,
    90.729,
    88.208,
    93.786,
    91.78600000000002,
    93.804,
    91.275,
    91.29999999999998,
    95.781,
    94.81300000000002,
    93.299,
    94.316,
    92.792,
    94.31300000000002,
    93.80600000000001,
    91.21,
    94.30499999999998,
    92.3,
    88.809,
    92.799,
    97.80500000000002,
    92.81200000000001,
    94.301,
    94.3,
    95.814,
    92.78900000000002,
    95.30600000000001,
    94.30800000000002,
    93.319,
    93.29499999999999,
    95.32200000000003,
    94.816,
    93.295,
    94.80199999999999,
    91.799,
    94.816,
    91.796,
    92.80999999999999,
    93.806,
    91.29700000000001,
    90.299,
    95.804,
    94.29899999999998,
    95.301,
    93.80499999999999,
    92.729,
    91.188,
    93.807,
    94.814,
    95.30600000000001,
    94.31099999999999,
    95.77799999999999,
    94.30300000000001,
    93.81700000000001,
    95.81199999999998,
    93.28900000000002,
    94.31700000000002,
    96.31400000000001,
    92.311,
    91.29100000000001,
    93.30300000000001,
    93.79,
    92.29099999999998,
    94.307,
    94.80999999999999,
    95.797,
    92.80800000000002,
    94.30699999999999,
    94.815,
    93.30199999999999,
    95.298,
    94.30000000000001,
    95.80699999999999,
    95.30199999999999,
    92.79100000000001,
    92.31700000000001,
    96.316,
    94.308,
    93.31,
    89.3,
    91.316,
    93.773,
    90.79700000000001,
    95.30699999999999,
    95.31000000000002,
    92.304,
    93.80699999999999,
    93.32000000000001,
    95.28900000000002,
    93.795,
    94.30400000000002,
    91.797,
    91.785,
    92.79400000000001,
    94.81300000000002,
    93.797,
    98.30499999999999,
    88.80000000000001,
    93.81,
    97.31400000000001,
    92.30400000000002,
    96.30499999999998,
    90.79999999999998,
    96.309,
    92.81500000000001,
    94.306,
    94.31000000000002,
    92.311,
    93.80699999999999,
    93.292,
    94.8,
    95.79500000000002,
    92.796,
    93.81,
    93.28799999999998,
    93.31300000000002,
    93.80300000000001,
    97.296,
    91.29799999999999,
    93.799,
    95.30600000000001,
    93.81700000000001,
    93.80000000000003,
    94.81400000000002,
    93.79899999999999,
    93.81500000000001,
    93.29400000000001,
    92.285,
    93.80900000000001,
    97.31200000000001,
    92.80099999999999,
    90.30699999999999,
    89.697,
    92.815,
    95.30400000000002,
    92.811,
    95.309,
    92.292,
    92.81400000000001,
    92.30799999999999,
    94.819,
    95.799,
    96.309,
    95.309,
    97.813,
    94.785,
    93.79599999999998,
    95.30199999999999,
    91.77799999999999,
    93.796,
    93.287,
    94.79299999999999,
    92.304,
    93.799,
    93.799,
    94.806,
    94.807,
    94.80600000000001,
    95.82300000000001,
    96.78900000000002,
    91.8,
    94.288,
    95.80199999999999,
    93.80000000000001,
    95.29,
    92.31,
    95.792,
    95.80699999999999,
    92.82000000000001,
    95.80999999999999,
    91.797,
    97.311,
    96.79400000000001,
    91.736,
    95.80199999999999,
    93.79899999999999,
    92.306,
    90.80899999999998,
    95.303,
    94.282,
    91.30799999999999,
    95.81300000000002,
    94.31300000000002,
    91.29499999999999,
    95.299,
    92.808,
    92.81400000000001,
    96.806,
    95.31400000000001,
    94.31300000000002,
    95.30500000000002,
    92.81800000000001,
    93.30000000000003,
    88.29,
    94.30700000000002,
    91.809,
    95.319,
    90.30199999999999,
    93.81299999999999,
    95.80600000000001,
    95.787,
    95.30700000000002,
    95.80199999999999,
    93.81400000000001,
    93.81299999999999,
    94.30800000000002,
    94.80199999999998,
    92.29599999999999,
    94.81,
    93.81400000000001,
    93.806,
    95.80699999999999,
    91.80700000000002,
    95.80900000000001,
    94.3,
    95.299,
    95.29799999999997,
    96.30499999999999,
    95.793,
    93.80000000000001,
    93.80699999999999,
    96.303,
    92.80600000000001,
    93.81,
    93.3,
    95.808,
    95.81300000000002,
    97.80799999999999,
    86.815,
    94.31299999999999,
    97.79499999999999,
    92.301,
    94.80400000000002,
    94.81200000000001,
    93.79800000000002,
    93.80499999999999,
    95.80499999999999,
    94.79399999999998,
    97.287,
    91.812,
    95.301,
    94.79999999999998,
    90.79599999999999,
    93.792,
    92.31700000000001,
    92.78900000000002,
    90.308,
    93.797,
    94.814,
    93.303,
    95.81200000000001,
    92.293,
    93.81700000000001,
    94.3,
    91.81099999999999,
    97.296,
    94.79899999999999,
    93.808,
    95.79800000000002,
    92.816,
    92.801,
    93.797,
    94.30600000000001,
    93.28999999999999,
    96.30299999999998,
    95.314,
    90.30000000000001,
    94.81800000000001,
    94.30699999999999,
    94.80000000000003,
    92.284,
    96.80299999999997,
    96.30699999999999,
    92.80799999999999,
    93.30900000000001,
    93.80999999999999,
    93.29599999999999,
    95.812,
    95.798,
    91.81000000000002,
    92.296,
    94.80699999999999,
    90.31200000000001,
    97.30999999999999,
    94.30300000000001,
    95.298,
    91.811,
    93.301,
    92.29699999999998,
    92.303,
    90.80100000000002,
    96.79699999999998,
    92.297,
    93.792,
    89.798,
    96.79999999999998,
    95.811,
    94.317,
    95.30100000000002,
    94.797,
    94.80600000000001,
    95.317,
    91.287,
    93.30999999999999,
    91.304,
    92.82000000000001,
    91.313,
    92.784,
    92.307,
    90.292,
    92.803,
    91.321,
    93.799,
    93.806,
    93.78999999999999,
    91.794,
    94.81400000000001,
    94.811,
    96.30199999999999,
    94.295,
    93.804,
    93.308,
    91.29299999999999,
    94.29899999999999,
    94.316,
    91.30100000000002,
    96.30699999999999,
    90.80600000000001,
    93.307,
    96.799,
    94.81000000000002,
    92.80699999999999,
    94.797,
    90.3,
    91.31299999999999,
    91.31599999999999,
    92.303,
    92.804,
    95.316,
    93.79499999999999,
    91.776,
    93.291,
    94.30799999999999,
    94.81500000000001,
    94.80600000000001,
    91.31400000000001,
    95.296,
    94.31000000000002,
    92.31000000000002,
    93.30699999999999,
    94.307,
    93.315,
    92.80199999999999,
    94.80600000000001,
    94.80199999999999,
    94.30600000000001,
    95.78,
    90.77499999999999,
    93.302,
    94.802,
    95.28900000000002,
    95.81700000000001,
    90.308,
    96.79599999999999,
    92.31,
    95.3,
    93.79899999999999,
    94.79899999999998,
    96.306,
    96.80999999999999,
    93.28899999999999,
    94.821,
    94.80500000000002,
    94.81099999999999,
    93.79800000000002,
    88.291,
    91.80299999999998,
    94.297,
    93.79899999999998,
    94.301,
    94.30999999999999,
    94.804,
    93.79999999999998,
    94.30300000000003,
    94.28999999999999,
    93.806,
    95.30700000000002,
    94.816,
    93.81500000000001,
    94.305,
    90.28299999999999,
    93.811,
    96.81400000000001,
    97.81800000000001,
    96.32700000000001,
    94.28099999999999,
    96.309,
    90.793,
    92.305,
    91.81199999999998,
    92.795,
    91.80100000000002,
    92.804,
