{
  "complexity": 14,
  "alpha": 0.3,
  "gamma": 0.9,
  "epsilon": 0.1,
  "extra_passages": 1,
  "avg_rewards": [
    -177.91499999999897,
    9.349000000000018,
    61.926999999999964,
    66.46,
    81.06999999999996,
    75.22699999999998,
    76.92199999999998,
    87.15700000000001,
    88.169,
    85.248,
    87.736,
    83.85699999999997,
    90.90700000000001,
    91.364,
    89.5,
    93.53399999999999,
    95.115,
    96.681,
    91.588,
    91.12800000000001,
    95.216,
    97.28399999999999,
    96.75200000000001,
    95.792,
    93.768,
    96.287,
    95.313,
    96.27900000000002,
    98.83500000000001,
    97.82600000000001,
    98.333,
    90.26599999999999,
    97.83500000000001,
    96.33700000000002,
    97.33000000000001,
    97.833,
    96.34,
    97.82300000000001,
    94.837,
    98.82900000000002,
    96.33300000000001,
    95.32700000000001,
    98.32500000000002,
    95.83700000000002,
    96.83300000000001,
    95.325,
    95.83900000000001,
    97.32900000000002,
    98.81700000000002,
    95.82600000000001,
    93.83400000000003,
    97.83700000000002,
    98.34100000000002,
    96.32300000000001,
    96.337,
    97.83800000000001,
    98.33200000000001,
    97.331,
    97.32400000000003,
    97.84100000000002,
    97.333,
    95.82600000000002,
    98.83400000000002,
    96.83500000000001,
    97.833,
    96.82600000000001,
    98.328,
    97.83900000000001,
    97.83500000000001,
    97.33600000000001,
    97.828,
    97.83,
    97.334,
    96.33200000000002,
    96.30400000000002,
    97.82300000000002,
    96.33700000000002,
    95.833,
    96.32200000000002,
    94.32900000000002,
    95.83200000000002,
    95.83400000000002,
    96.33000000000001,
    97.82400000000001,
    98.33000000000001,
    94.82499999999999,
    96.33400000000002,
    97.821,
    97.34200000000001,
    97.83500000000001,
    97.324,
    96.83900000000001,
    96.81700000000001,
    96.33500000000001,
    97.33900000000001,
    95.84,
    97.827,
    97.82900000000001,
    97.83100000000002,
    96.83700000000002,
    96.83300000000001,
    95.32700000000003,
    95.83200000000001,
    96.819,
    98.33500000000001,
    97.33900000000003,
    96.833,
    97.33500000000001,
    93.251,
    96.83800000000002,
    95.83399999999999,
    97.83200000000001,
    95.83300000000001,
    97.82400000000001,
    96.32400000000001,
    97.327,
    96.33000000000001,
    99.328,
    95.83200000000002,
    95.827,
    98.33700000000002,
    97.33000000000001,
    97.82400000000001,
    98.33400000000002,
    98.83200000000002,
    98.33300000000001,
    97.33500000000001,
    96.84300000000002,
    97.83700000000002,
    96.33000000000001,
    96.33600000000001,
    97.83300000000001,
    97.84400000000002,
    94.831,
    99.33500000000001,
    98.83800000000002,
    96.33500000000001,
    96.328,
    95.33400000000002,
    97.83100000000002,
    96.822,
    96.828,
    98.33500000000001,
    96.83500000000001,
    97.33500000000001,
    96.83500000000001,
    97.32500000000002,
    97.33400000000002,
    96.33099999999999,
    98.33500000000001,
    96.326,
    98.32400000000003,
    97.33,
    97.33200000000002,
    94.83900000000001,
    97.82900000000001,
    98.33500000000001,
    97.333,
    97.83200000000002,
    93.83100000000002,
    98.33500000000001,
    94.32900000000001,
    97.32900000000001,
    93.331,
    97.33500000000001,
    97.83800000000001,
    97.83800000000002,
    97.32600000000001,
    98.84300000000002,
    96.83700000000002,
    95.321,
    97.32800000000002,
    97.33800000000001,
    94.81400000000001,
    94.83600000000001,
    99.33800000000001,
    96.84200000000001,
    97.33000000000001,
    97.833,
    94.82700000000001,
    97.83300000000003,
    98.33500000000001,
    95.83200000000001,
    96.825,
    96.82900000000001,
    99.32900000000001,
    96.33300000000001,
    97.81800000000003,
    96.328,
    97.33100000000002,
    95.83800000000002,
    93.82500000000002,
    96.83000000000001,
    99.327,
    97.83900000000003,
    95.84200000000001,
    95.82700000000003,
    96.33600000000001,
    98.827,
    95.32800000000002,
    98.83700000000002,
    98.83200000000001,
    96.33600000000001,
    94.83200000000002,
    95.827,
    96.32700000000001,
    97.33700000000002,
    96.33700000000002,
    98.33300000000001,
    97.828,
    98.32600000000002,
    96.33100000000002,
    96.83600000000001,
    94.33800000000001,
    97.33800000000002,
    97.83600000000001,
    99.34,
    95.828,
    96.33600000000003,
    95.84,
    97.82700000000001,
    95.31800000000001,
    95.33500000000001,
    97.32300000000001,
    97.82600000000001,
    96.32800000000002,
    97.82300000000001,
    96.33600000000003,
    99.33500000000001,
    96.33400000000002,
    96.827,
    97.322,
    97.83800000000001,
    97.836,
    96.825,
    97.836,
    95.83700000000002,
    98.32600000000001,
    99.82900000000002,
    96.83200000000001,
    95.333,
    96.32800000000002,
    96.83600000000001,
    97.33100000000002,
    96.83400000000003,
    91.32700000000001,
    96.32900000000002,
    97.84300000000002,
    98.33000000000001,
    96.82600000000001,
    97.34000000000002,
    96.831,
    95.32600000000002,
    97.83800000000002,
    95.83,
    96.82700000000001,
    96.32900000000001,
    95.33800000000001,
    96.33000000000001,
    95.83000000000001,
    94.328,
    97.83400000000002,
    94.83500000000001,
    96.83200000000002,
    97.33600000000001,
    97.334,
    94.83099999999999,
    96.83300000000001,
    93.83700000000002,
    97.83700000000002,
    98.34300000000002,
    96.83400000000002,
    95.82300000000001,
    96.32600000000001,
    97.32700000000001,
    97.32900000000001,
    97.83099999999999,
    97.833,
    98.83800000000001,
    94.83400000000002,
    97.83400000000002,
    94.83200000000002,
    98.827,
    99.83000000000001,
    98.333,
    97.82600000000001,
    97.33000000000001,
    96.327,
    95.82100000000001,
    98.33500000000001,
    97.83800000000001,
    97.33700000000002,
    97.33300000000001,
    97.822,
    96.84,
    97.322,
    97.331,
    97.83400000000002,
    98.83300000000001,
    94.33300000000001,
    97.33700000000002,
    98.33200000000002,
    95.84300000000002,
    94.322,
    95.83700000000002,
    94.331,
    96.83700000000002,
    96.84100000000002,
    98.82700000000003,
    96.33600000000001,
    97.84,
    95.82199999999999,
    96.83600000000001,
    96.336,
    97.83400000000002,
    98.33300000000001,
    96.828,
    94.83000000000001,
    96.82400000000001,
    96.82600000000001,
    96.83500000000001,
    97.82600000000001,
    95.83300000000001,
    99.82900000000001,
    97.33700000000002,
    97.334,
    97.33200000000002,
    98.83700000000002,
    96.83700000000002,
    96.83,
    96.31500000000001,
    96.328,
    97.32900000000002,
    97.327,
    96.32700000000001,
    96.33800000000001,
    97.82400000000001,
    97.33300000000001,
    94.835,
    97.33200000000002,
    96.83300000000003,
    98.334,
    96.83800000000002,
    98.83500000000001,
    96.81400000000001,
    99.331,
    99.33300000000001,
    95.83500000000001,
    94.32400000000001,
    97.33300000000001,
    98.82600000000002,
    98.33099999999999,
    96.33700000000002,
    96.828,
    97.331,
    96.32700000000001,
    99.336,
    96.83900000000001,
    98.33300000000001,
    96.33200000000002,
    96.32500000000002,
    97.328,
    96.83400000000002,
    95.83700000000002,
    97.84,
    95.32900000000002,
    94.33900000000001,
    96.83200000000001,
    97.33200000000001,
    98.328,
    95.83300000000001,
    95.83900000000001,
    96.33600000000001,
    98.83900000000001,
    96.83900000000001,
    97.33000000000001,
    98.84000000000002,
    98.83700000000002,
    97.33200000000002,
    96.83300000000001,
    97.33800000000001,
    97.831,
    96.82700000000003,
    98.33600000000001,
    96.84,
    97.32900000000002,
    97.32700000000001,
    96.83300000000001,
