{
  "complexity": 6,
  "alpha": 0.3,
  "gamma": 0.9,
  "epsilon": 0.1,
  "extra_passages": 9,
  "avg_rewards": [
    -230.2029999999983,
    39.35899999999979,
    70.85299999999998,
    75.66099999999999,
    82.63399999999997,
    78.17999999999999,
    83.36999999999998,
    90.068,
    87.248,
    88.01299999999999,
    94.33200000000002,
    89.883,
    91.50000000000001,
    89.33099999999999,
    93.94,
    88.872,
    95.522,
    96.559,
    91.47999999999999,
    96.678,
    96.16799999999999,
    96.208,
    97.68,
    93.74799999999999,
    96.719,
    96.63499999999999,
    99.23499999999999,
    95.244,
    95.772,
    93.76100000000001,
    96.803,
    97.78500000000001,
    95.30100000000002,
    96.783,
    97.314,
    97.321,
    98.815,
    96.81800000000001,
    94.814,
    96.837,
    98.33500000000001,
    98.336,
    97.33800000000001,
    95.823,
    97.84600000000002,
    97.82799999999999,
    97.83900000000003,
    93.83700000000002,
    94.82700000000003,
    97.846,
    95.83500000000001,
    97.34200000000001,
    99.332,
    97.821,
    96.33900000000003,
    96.833,
    95.32300000000001,
    92.83200000000002,
    97.343,
    97.33400000000002,
    98.33300000000001,
    96.83200000000001,
    97.338,
    98.32300000000001,
    97.84100000000001,
    98.33400000000002,
    98.34400000000002,
    96.81899999999999,
    96.824,
    97.83800000000001,
    97.83400000000002,
    97.33600000000001,
    98.84100000000001,
    98.33900000000001,
    98.333,
    96.837,
    98.84,
    98.32800000000002,
    97.34200000000001,
    98.84600000000002,
    96.83700000000002,
    96.83099999999999,
    98.34400000000002,
    95.33500000000001,
    98.33600000000001,
    97.33800000000002,
    96.83500000000001,
    98.33200000000002,
    99.339,
    98.328,
    99.843,
    95.83300000000001,
    96.33100000000002,
    98.33800000000001,
    96.83900000000001,
    96.344,
    97.81899999999999,
    97.83700000000002,
    98.33600000000003,
    97.34000000000002,
    96.83200000000001,
    97.83800000000001,
    96.34100000000001,
    97.33400000000002,
    98.326,
    96.84,
    95.34400000000002,
    96.83800000000002,
    97.83300000000001,
    98.83600000000001,
    97.84,
    97.33700000000002,
    95.83200000000001,
    97.832,
    98.83500000000001,
    97.335,
    97.34200000000001,
    96.33700000000002,
    97.835,
    96.82399999999998,
    97.84100000000002,
    98.34200000000001,
    96.82900000000001,
    98.32200000000002,
    96.831,
    96.83099999999999,
    97.33600000000001,
    96.838,
    97.34700000000001,
    96.80500000000002,
    96.831,
    98.322,
    96.837,
    97.84,
    96.843,
    98.334,
    97.331,
    96.82600000000001,
    97.32900000000001,
    98.33600000000001,
    99.83600000000001,
    97.838,
    98.33700000000002,
    96.83700000000002,
    96.33400000000002,
    98.33600000000001,
    96.33700000000002,
    97.34400000000002,
    98.34700000000001,
    98.83600000000001,
    97.842,
    97.837,
    95.33700000000002,
    96.33800000000001,
    95.84,
    96.34100000000001,
    96.83900000000001,
    98.83700000000002,
    96.333,
    98.833,
    97.33300000000001,
    99.345,
    99.331,
    96.34200000000001,
    97.33500000000001,
    97.83300000000001,
    97.33900000000001,
    97.826,
    98.33600000000001,
    97.845,
    96.816,
    97.33700000000002,
    98.34500000000001,
    95.337,
    98.33300000000001,
    96.33200000000001,
    97.329,
    98.33600000000001,
    96.825,
    96.83200000000001,
    95.83900000000001,
    94.83000000000001,
    97.33800000000001,
    98.84000000000002,
    99.83400000000002,
    98.34500000000001,
    95.32700000000001,
    97.83399999999999,
    98.83800000000002,
    98.32900000000001,
    96.34400000000002,
    96.83000000000001,
    98.34500000000001,
    95.837,
    94.84,
    96.33600000000001,
    99.33800000000001,
    97.83300000000001,
    98.85000000000001,
    97.34,
    97.333,
    96.834,
    98.33200000000001,
    98.83700000000002,
    95.33500000000001,
    97.33800000000001,
    95.83200000000002,
    96.33600000000001,
    95.829,
    95.84400000000002,
    98.833,
    98.33100000000002,
    95.83000000000001,
    94.84100000000001,
    93.83900000000001,
    98.33000000000001,
    98.83600000000001,
    95.82600000000001,
    97.828,
    97.84000000000002,
    97.34,
    97.34100000000002,
    96.34200000000001,
    98.34100000000001,
    97.84700000000001,
    97.33900000000001,
    98.328,
    99.32500000000002,
    97.84000000000002,
    94.83800000000001,
    98.83099999999999,
    95.83600000000001,
    97.84,
    95.83300000000001,
    96.83200000000001,
    98.34200000000001,
    96.83300000000001,
    97.33000000000001,
    97.333,
    98.84,
    98.334,
    97.334,
    97.834,
    97.34,
    97.331,
    98.33300000000001,
    96.33400000000002,
    96.34200000000001,
    97.34000000000002,
    97.828,
    95.84100000000001,
    97.33900000000001,
    97.34100000000001,
    97.83400000000002,
    97.83500000000001,
    96.33600000000001,
    97.33,
    99.33600000000001,
    98.837,
    98.328,
    98.84200000000001,
    97.84300000000002,
    97.32300000000001,
    98.83500000000001,
    98.33700000000002,
    97.82900000000002,
    97.837,
    95.328,
    97.33700000000002,
    97.34200000000001,
    99.33000000000001,
    96.834,
    95.33200000000001,
    99.345,
    98.34100000000001,
    96.83100000000002,
    97.824,
    95.828,
    98.33800000000001,
    95.83099999999999,
    98.34700000000001,
    97.84100000000001,
    97.84100000000002,
    96.83500000000001,
    98.82700000000001,
    98.33400000000002,
    97.843,
    96.83700000000002,
    96.829,
    96.33000000000001,
    97.82700000000003,
    98.33700000000002,
    97.33900000000001,
    96.833,
    98.83700000000002,
    97.84,
    97.33000000000001,
    96.338,
    97.327,
    97.33800000000001,
    96.83800000000001,
    96.822,
    96.82900000000001,
    97.33,
    96.33200000000002,
    96.32600000000001,
    97.33500000000001,
    96.831,
    98.83500000000001,
    96.33600000000001,
    98.83700000000002,
    97.83599999999998,
    96.843,
    97.82500000000002,
    98.33700000000002,
    96.83900000000001,
    96.343,
    98.33099999999999,
    98.82700000000001,
    97.84200000000001,
    96.34200000000001,
    97.33700000000002,
    99.33500000000001,
    97.34200000000001,
    97.832,
    97.83900000000003,
    97.83699999999999,
    98.84700000000001,
    97.83600000000001,
    97.33800000000001,
    97.83,
    98.83000000000001,
    96.83300000000001,
    98.33,
    98.33700000000002,
    97.84100000000001,
    95.33800000000001,
    95.83900000000003,
    96.827,
    98.33500000000001,
    97.34,
    97.34200000000001,
    94.83200000000002,
    97.82300000000001,
    98.83600000000001,
    97.84300000000002,
    97.33700000000002,
    97.83500000000001,
    97.33700000000002,
    97.83000000000001,
    94.83300000000001,
    99.34,
    97.84500000000001,
    99.34400000000001,
    97.83500000000002,
    98.83800000000001,
    97.83099999999999,
    97.84700000000001,
    95.33800000000001,
    96.83700000000002,
    97.83500000000001,
    96.841,
    97.83400000000002,
    96.83700000000002,
    96.34100000000002,
    93.837,
    97.33600000000001,
    96.84500000000001,
    96.83500000000001,
    97.33800000000002,
    99.33800000000001,
    98.33800000000001,
    98.34700000000001,
    97.83800000000001,
    99.331,
    98.34400000000002,
    97.34,
    96.84200000000001,
    98.333,
    99.32800000000002,
    96.83300000000001,
    97.33400000000002,
    98.32000000000001,
    99.34400000000001,
    97.337,
    96.826,
    99.83700000000002,
    97.34,
    97.34500000000001,
    98.33200000000001,
    97.33400000000002,
    98.335,
    96.841,
    97.82900000000001,
    96.838,
    94.836,
    97.34000000000002,
    96.83800000000001,
    98.336,
    93.828,
    95.84000000000002,
    97.83500000000001,
    97.33600000000001,
