{
  "complexity": 8,
  "alpha": 0.2,
  "gamma": 0.9,
  "epsilon": 0.1,
  "extra_passages": 7,
  "avg_rewards": [
    -190.14999999999887,
    23.05900000000008,
    48.4419999999998,
    74.64399999999996,
    73.47800000000001,
    71.48499999999996,
    80.70200000000003,
    91.32900000000002,
    83.88399999999999,
    83.53899999999996,
    86.20799999999998,
    93.227,
    88.768,
    91.24599999999998,
    89.846,
    93.47899999999998,
    95.393,
    93.015,
    95.57,
    94.063,
    92.53800000000001,
    93.58500000000001,
    93.66099999999999,
    95.646,
    96.15599999999999,
    96.118,
    93.04599999999999,
    94.748,
    94.25699999999999,
    96.16,
    96.748,
    97.25399999999999,
    97.78,
    94.756,
    98.298,
    96.77700000000002,
    97.801,
    97.82400000000001,
    98.32100000000001,
    96.814,
    98.32200000000002,
    97.306,
    98.314,
    97.83800000000002,
    98.303,
    98.32000000000001,
    97.83500000000001,
    95.82600000000002,
    96.31700000000001,
    96.82900000000001,
    97.32500000000002,
    97.32200000000002,
    99.321,
    95.814,
    99.337,
    97.837,
    97.84,
    98.82200000000002,
    98.33000000000001,
    98.343,
    97.83500000000001,
    96.84100000000002,
    96.83700000000002,
    99.33000000000001,
    97.33800000000001,
    98.33500000000001,
    97.83700000000002,
    98.339,
    96.33200000000001,
    98.83500000000001,
    97.33400000000002,
    97.326,
    98.828,
    95.328,
    98.31800000000001,
    94.81700000000001,
    97.334,
    97.33700000000002,
    95.83800000000001,
    98.32700000000001,
    96.84400000000002,
    97.34700000000001,
    98.34,
    98.34,
    97.84100000000002,
    97.33000000000001,
    96.33100000000002,
    98.82600000000002,
    98.83800000000001,
    97.33500000000001,
    96.82700000000001,
    97.826,
    96.329,
    98.33800000000001,
    98.83500000000001,
    96.83900000000001,
    98.34,
    95.84500000000001,
    99.843,
    98.836,
    98.84100000000002,
    95.83900000000001,
    96.845,
    96.83600000000001,
    98.33000000000001,
    97.83300000000001,
    98.828,
    99.822,
    95.838,
    99.84200000000001,
    97.83900000000003,
    96.83700000000002,
    97.84400000000002,
    97.34,
    97.334,
    95.326,
    98.33700000000002,
    97.831,
    96.331,
    98.83700000000002,
    98.334,
    98.327,
    97.328,
    97.343,
    99.333,
    97.82699999999998,
    98.834,
    98.83300000000001,
    98.336,
    97.83300000000001,
    98.84400000000001,
    97.84100000000001,
    96.833,
    98.33300000000001,
    97.83800000000001,
    96.83900000000001,
    97.32500000000002,
    98.34,
    97.83900000000001,
    97.837,
    97.343,
    97.84,
    97.83600000000003,
    98.83200000000002,
    97.83800000000001,
    96.83400000000002,
    97.843,
    96.83200000000001,
    97.33800000000001,
    96.82900000000001,
    97.34300000000002,
    98.331,
    98.33600000000001,
    96.83400000000002,
    95.83700000000002,
    98.34400000000001,
    97.34100000000001,
    98.828,
    96.83700000000002,
    97.33600000000001,
    98.31700000000001,
    98.343,
    98.33600000000001,
    99.83000000000001,
    98.335,
    97.84100000000001,
    97.34100000000001,
    97.83200000000002,
    97.33000000000001,
    98.33399999999999,
    98.839,
    98.83900000000003,
    97.84100000000001,
    98.33700000000002,
    96.34100000000002,
    98.33400000000002,
    98.83800000000001,
    97.32600000000001,
    96.33900000000001,
    98.837,
    97.828,
    98.84200000000001,
    98.32300000000001,
    96.33000000000001,
    97.343,
    98.33300000000001,
    97.33700000000002,
    97.84400000000002,
    97.33800000000001,
    97.838,
    97.84200000000001,
    97.83700000000002,
    97.33200000000002,
    97.333,
    97.83900000000001,
    97.34300000000002,
    97.33600000000001,
    98.83400000000002,
    97.325,
    99.335,
    97.83200000000002,
    99.32900000000001,
    96.34100000000002,
    97.33700000000002,
    98.34,
    97.84,
    96.34,
    98.83900000000003,
    97.33600000000003,
    97.33700000000002,
    97.83300000000001,
    98.33900000000001,
    98.33500000000001,
    97.33900000000001,
    98.832,
    94.82800000000002,
    98.84200000000001,
    98.84100000000001,
    97.83300000000003,
    99.341,
    98.33500000000001,
    96.83800000000001,
    98.33200000000002,
    97.33800000000001,
    97.833,
    93.83000000000001,
    98.834,
    98.33500000000002,
    98.33500000000001,
    98.83400000000002,
    98.33500000000001,
    97.34400000000001,
    97.334,
    96.83100000000002,
    98.82900000000001,
    95.834,
    98.33500000000001,
    97.83400000000002,
    97.33400000000002,
    96.84100000000001,
    96.83900000000001,
    97.83700000000002,
    97.83600000000001,
    98.34400000000002,
    96.33700000000002,
    99.33500000000001,
    98.337,
    94.82699999999998,
    97.828,
    95.33300000000001,
    97.34600000000002,
    98.329,
    98.84700000000001,
    98.82799999999999,
    97.32700000000001,
    96.32700000000001,
    98.83900000000001,
    96.33100000000002,
    96.83800000000001,
    97.83200000000001,
    96.33900000000001,
    96.83700000000002,
    98.34800000000001,
    97.343,
    98.84400000000001,
    98.82600000000001,
    98.333,
    98.33900000000001,
    97.83600000000001,
    97.33900000000001,
    96.82800000000002,
    99.33200000000001,
    97.83700000000002,
    98.84,
    97.83200000000001,
    97.32900000000002,
    96.83600000000001,
    96.33800000000001,
    97.83600000000001,
    96.833,
    96.83500000000001,
    97.82500000000002,
    95.34200000000001,
    97.33700000000002,
    96.33400000000002,
    98.33200000000001,
    95.83600000000001,
    98.33600000000001,
    96.328,
    96.84100000000002,
    98.83900000000001,
    97.84,
    99.33300000000001,
    99.34400000000001,
    96.33600000000001,
    96.34400000000002,
    98.33100000000002,
    96.82400000000001,
    96.827,
    97.32900000000001,
    97.33600000000001,
    97.331,
    97.83300000000001,
    99.34100000000001,
    96.84100000000001,
    98.334,
    99.33600000000001,
    98.84200000000001,
    98.83600000000001,
    97.839,
    98.33500000000001,
    99.83099999999999,
    97.33400000000002,
    99.33600000000001,
    97.84300000000002,
    97.83200000000001,
    96.83200000000001,
    98.83600000000001,
    95.834,
    97.84,
    96.83700000000002,
    97.83500000000001,
    97.343,
    96.84200000000001,
    98.33400000000002,
    97.83800000000001,
    97.33800000000002,
    97.33100000000002,
    98.834,
    98.84,
    96.83800000000001,
    98.845,
    97.34100000000001,
    97.83900000000003,
    96.838,
    97.33500000000001,
    99.34100000000001,
    98.837,
    96.84,
    98.82800000000002,
    97.83400000000002,
    98.34200000000001,
    98.84000000000002,
    98.33100000000002,
    98.82800000000002,
    95.33300000000001,
    95.33500000000001,
    96.83000000000001,
    98.83800000000001,
    96.82600000000001,
    98.34,
    96.828,
    98.83900000000001,
    96.83500000000001,
    97.83399999999999,
    98.34200000000001,
    96.83600000000001,
    97.33900000000001,
    95.83100000000002,
    98.83600000000001,
    98.83900000000001,
    98.343,
    97.83500000000001,
    97.83800000000001,
    98.33100000000002,
    98.84600000000002,
    98.32900000000001,
    98.33700000000002,
    96.83200000000002,
    96.826,
    98.33,
    96.83700000000002,
    98.34100000000001,
    97.33900000000003,
    97.34200000000001,
    98.33700000000002,
    97.343,
    98.33600000000001,
    96.34100000000002,
    99.84100000000001,
    95.825,
    98.84400000000002,
    98.32900000000001,
    95.84200000000001,
    97.33300000000001,
    98.336,
    97.83600000000001,
    99.33800000000001,
    97.83,
    97.83800000000002,
    98.33700000000002,
    97.839,
    99.339,
    97.83500000000001,
    97.34700000000001,
    96.84100000000001,
    96.33900000000001,
    97.83100000000002,
