{
  "complexity": 3,
  "alpha": 0.2,
  "gamma": 0.9,
  "epsilon": 0.1,
  "extra_passages": 12,
  "avg_rewards": [
    -224.6279999999985,
    39.369999999999706,
    83.42599999999993,
    70.92899999999995,
    81.085,
    80.94999999999997,
    86.30299999999998,
    83.404,
    86.179,
    92.253,
    90.509,
    90.18799999999999,
    95.89500000000001,
    92.48500000000001,
    89.342,
    94.534,
    94.52799999999999,
    91.94500000000001,
    92.92099999999999,
    93.50700000000002,
    93.585,
    94.646,
    96.10499999999999,
    97.203,
    96.58399999999999,
    97.146,
    95.63899999999998,
    96.721,
    97.18700000000001,
    96.686,
    97.712,
    95.20200000000003,
    93.671,
    95.70599999999999,
    95.685,
    98.73100000000001,
    97.72399999999999,
    97.256,
    97.769,
    98.23099999999998,
    97.269,
    94.78599999999999,
    98.785,
    98.79300000000002,
    95.271,
    97.80199999999998,
    96.81899999999999,
    95.243,
    98.806,
    99.32100000000003,
    96.81300000000002,
    97.809,
    97.833,
    98.818,
    97.33500000000001,
    98.826,
    97.83500000000001,
    98.33500000000001,
    98.838,
    97.338,
    95.804,
    97.32900000000001,
    96.837,
    98.83600000000001,
    97.32600000000001,
    98.84400000000001,
    97.337,
    98.83500000000001,
    95.84000000000002,
    98.34100000000001,
    98.33700000000002,
    97.84100000000002,
    97.328,
    98.34200000000001,
    98.84200000000001,
    95.83800000000001,
    97.815,
    97.33900000000001,
    98.33700000000002,
    97.83500000000001,
    98.84100000000001,
    95.83900000000001,
    97.34100000000002,
    97.83500000000001,
    98.33600000000001,
    99.83800000000002,
    98.84300000000002,
    94.33900000000001,
    98.83700000000002,
    97.333,
    96.337,
    99.83500000000001,
    99.34200000000001,
    97.83800000000001,
    96.83700000000002,
    98.33800000000001,
    97.83400000000003,
    96.33000000000001,
    96.33800000000001,
    98.836,
    97.81800000000001,
    99.84,
    97.83500000000001,
    98.33600000000001,
    95.84100000000001,
    97.83500000000001,
    97.83400000000002,
    99.83900000000001,
    96.84200000000001,
    97.339,
    97.34000000000002,
    99.343,
    98.82900000000001,
    98.33500000000001,
    97.33600000000001,
    97.34300000000002,
    97.83600000000001,
    97.34,
    98.33100000000002,
    98.34800000000001,
    98.34000000000002,
    98.33300000000001,
    98.333,
    97.30700000000002,
    97.84,
    98.33099999999999,
    97.33300000000001,
    98.33400000000002,
    97.826,
    97.83800000000001,
    97.83900000000001,
    97.84700000000001,
    96.34200000000001,
    98.83800000000001,
    98.337,
    98.82300000000001,
    98.83200000000001,
    95.84200000000001,
    98.84400000000002,
    97.83700000000002,
    97.831,
    97.34800000000001,
    99.33700000000002,
    99.334,
    98.83100000000002,
    97.32700000000001,
    96.84,
    97.83200000000002,
    97.33,
    97.843,
    99.34,
    98.334,
    97.84400000000001,
    98.337,
    97.827,
    96.339,
    97.83600000000001,
    96.83699999999999,
    96.84400000000002,
    97.83600000000001,
    98.82000000000001,
    97.33900000000003,
    97.834,
    97.843,
    97.83800000000001,
    96.83200000000001,
    96.34300000000002,
    97.84100000000001,
    98.334,
    99.34,
    98.343,
    98.83800000000001,
    98.33400000000002,
    97.33600000000001,
    97.83600000000001,
    97.83900000000003,
    97.33900000000001,
    98.84,
    98.84,
    97.836,
    96.33600000000001,
    97.83900000000003,
    97.33000000000001,
    99.34200000000001,
    97.33900000000001,
    98.33000000000001,
    98.83100000000002,
    98.32499999999997,
    97.34300000000002,
    96.84,
    97.329,
    97.83700000000002,
    98.34100000000002,
    99.33000000000001,
    96.83,
    99.329,
    97.833,
    98.337,
    97.82900000000001,
    98.343,
    96.32700000000003,
    98.33600000000001,
    98.328,
    96.83800000000001,
    95.34800000000001,
    96.84600000000002,
    97.83400000000003,
    97.33500000000002,
    96.824,
    97.83200000000001,
    97.33900000000001,
    97.836,
    97.343,
    98.328,
    97.83300000000001,
    97.83700000000002,
    97.82500000000002,
    97.33099999999999,
    95.33800000000001,
    97.32900000000001,
    97.82900000000002,
    99.83600000000001,
    97.83500000000001,
    97.83599999999998,
    98.84000000000002,
    97.836,
    97.83500000000001,
    97.83900000000001,
    98.841,
    98.84,
    97.83600000000001,
    98.331,
    96.84,
    96.83100000000002,
    98.33500000000001,
    98.83700000000002,
    95.33800000000001,
    97.83600000000001,
    96.836,
    99.837,
    98.34100000000001,
    96.325,
    96.84,
    95.83900000000001,
    98.318,
    98.833,
    98.33400000000002,
    96.82900000000001,
    98.34700000000001,
    98.321,
    96.84,
    98.826,
    97.334,
    97.84200000000001,
    97.83800000000001,
    95.33800000000001,
    94.83800000000001,
    99.34100000000002,
    96.33200000000002,
    97.33900000000001,
    97.33600000000001,
    98.83400000000002,
    97.34,
    96.33700000000002,
    99.336,
    97.83399999999999,
    97.32500000000002,
    96.84100000000002,
    96.83600000000001,
    97.846,
    98.33400000000002,
    97.832,
    97.33200000000002,
    96.84100000000002,
    98.84100000000002,
    98.83900000000001,
    97.34000000000002,
    95.32000000000001,
    95.328,
    98.83800000000001,
    99.33700000000002,
    97.83200000000002,
    98.83500000000001,
    96.83800000000001,
    98.33500000000001,
    98.84200000000001,
    98.34100000000001,
    96.836,
    96.33000000000001,
    97.83600000000001,
    97.33000000000001,
    97.813,
    97.83600000000001,
    98.33300000000001,
    97.33600000000003,
    98.84100000000002,
    97.836,
    99.83500000000001,
    98.33000000000001,
    98.84100000000002,
    94.83100000000002,
    97.82500000000002,
    97.82700000000001,
    97.33500000000001,
    99.33700000000002,
    99.34200000000001,
    98.33500000000001,
    96.83900000000001,
    98.33500000000001,
    98.33,
    95.84400000000002,
    98.83400000000002,
    97.84100000000002,
    97.84700000000001,
    96.34400000000001,
    97.333,
    98.33500000000001,
    97.33099999999999,
    96.82300000000001,
    97.33900000000001,
    96.82900000000001,
    97.84300000000002,
    97.34500000000001,
    96.334,
    96.34200000000001,
    97.84100000000001,
    98.84300000000002,
    95.83200000000001,
    97.84,
    97.337,
    98.33400000000002,
    98.829,
    96.34600000000002,
    96.33600000000001,
    98.83800000000001,
    98.34,
    97.84300000000002,
    98.33500000000001,
    97.84,
    97.84100000000001,
    97.33500000000001,
    96.83700000000002,
    98.34,
    98.337,
    97.34500000000001,
    97.33800000000001,
    98.821,
    97.33800000000001,
    98.83300000000001,
    97.828,
    98.34,
    97.331,
    98.34100000000001,
    98.33800000000001,
    97.333,
    98.84600000000002,
    98.32399999999998,
    97.84100000000002,
    98.33800000000001,
    96.338,
    98.336,
    98.31700000000001,
    97.83400000000002,
    97.34100000000002,
    96.84,
    98.83400000000002,
    96.83300000000001,
    97.84,
    97.334,
    97.83700000000002,
    98.33500000000001,
    98.33800000000001,
    98.33600000000001,
    98.33500000000001,
    98.33,
    97.83800000000001,
    96.33600000000001,
    98.82900000000001,
    95.33800000000001,
    97.833,
    96.836,
    97.33099999999999,
    98.33300000000001,
    96.333,
    95.32600000000002,
    97.33200000000001,
    98.34400000000002,
    98.83300000000001,
    98.33800000000001,
    95.83700000000002,
    94.831,
    97.33200000000002,
    97.843,
    96.84000000000002,
    96.84000000000002,
    98.843,
    97.32500000000002,
    96.82500000000002,
    98.33200000000001,
    97.332,
    96.83900000000001,
    96.83900000000001,
    98.333,
    98.33300000000001,
