{
  "complexity": 8,
  "alpha": 0.3,
  "gamma": 0.9,
  "epsilon": 0.2,
  "extra_passages": 7,
  "avg_rewards": [
    -276.84899999999806,
    -0.10800000000023786,
    39.6399999999998,
    47.02299999999987,
    60.79400000000002,
    71.96999999999998,
    66.31699999999996,
    58.936999999999955,
    70.05199999999998,
    78.249,
    84.747,
    82.386,
    85.458,
    78.31699999999998,
    84.50999999999999,
    84.92099999999999,
    85.523,
    83.64099999999999,
    84.09299999999999,
    85.07799999999997,
    88.705,
    89.14599999999999,
    90.64,
    92.764,
    93.27000000000001,
    92.763,
    89.721,
    93.297,
    94.79499999999999,
    95.28400000000002,
    93.785,
    94.295,
    93.80900000000001,
    90.302,
    94.81400000000001,
    95.821,
    93.81299999999999,
    94.815,
    96.826,
    95.82900000000002,
    92.316,
    96.81500000000001,
    97.309,
    90.81,
    96.32399999999998,
    92.304,
    95.322,
    93.81800000000001,
    95.83300000000001,
    93.82199999999999,
    94.30600000000001,
    93.807,
    95.821,
    96.319,
    95.824,
    94.31700000000001,
    95.808,
    90.311,
    94.313,
    97.32000000000001,
    90.828,
    94.32300000000001,
    95.31500000000001,
    94.82000000000001,
    96.83000000000001,
    96.82000000000001,
    95.32200000000002,
    93.82300000000001,
    95.32500000000002,
    93.33500000000001,
    95.322,
    96.333,
    93.32000000000002,
    94.32300000000002,
    95.319,
    95.81500000000001,
    92.32299999999998,
    93.81700000000002,
    91.82100000000001,
    92.818,
    94.309,
    94.322,
    93.312,
    94.807,
    96.31500000000003,
    87.82000000000001,
    95.80100000000002,
    97.82900000000002,
    95.81,
    98.33700000000002,
    94.80700000000003,
    94.816,
    93.324,
    93.825,
    97.30499999999999,
    94.31200000000001,
    94.81299999999999,
    90.81900000000002,
    95.321,
    95.823,
    94.83000000000001,
    97.306,
    96.31300000000002,
    91.327,
    94.32099999999998,
    90.30900000000001,
    96.319,
    91.31500000000001,
    93.809,
    93.82300000000001,
    95.806,
    95.81899999999999,
    93.82700000000001,
    95.33399999999999,
    92.318,
    94.32700000000001,
    93.314,
    93.80699999999999,
    93.83000000000001,
    93.32000000000002,
    97.811,
    94.82900000000002,
    94.313,
    95.307,
    93.82500000000002,
    95.323,
    94.825,
    93.83000000000001,
    93.31700000000001,
    92.80199999999999,
    93.312,
    97.314,
    94.31300000000002,
    94.819,
    97.304,
    94.319,
    96.313,
    94.812,
    94.81400000000001,
    95.78199999999998,
    94.32700000000001,
    94.81499999999998,
    96.311,
    93.81200000000001,
    91.32500000000002,
    90.309,
    94.82900000000001,
    94.31700000000001,
    93.319,
    92.82100000000001,
    93.815,
    94.31400000000001,
    95.32000000000002,
    93.811,
    92.31000000000002,
    95.311,
    94.80499999999998,
    94.321,
    96.82300000000001,
    94.32400000000001,
    93.81400000000001,
    93.324,
    96.324,
    94.33700000000002,
    95.316,
    93.818,
    91.316,
    94.299,
    92.304,
    93.81500000000001,
    93.313,
    94.31500000000001,
    96.29400000000001,
    95.82300000000001,
    96.32700000000001,
    94.81800000000001,
    93.82400000000001,
    95.819,
    93.813,
    93.31099999999999,
    97.81,
    92.319,
    93.327,
    93.81,
    96.31200000000001,
    95.31400000000001,
    97.33300000000001,
    91.31099999999999,
    94.82300000000001,
    92.83000000000001,
    92.305,
    93.314,
    94.33,
    94.331,
    94.30600000000001,
    95.818,
    90.814,
    94.81200000000001,
    92.821,
    93.31800000000001,
    94.82,
    95.81299999999999,
    96.32900000000002,
    96.325,
    93.82300000000001,
    94.80600000000001,
    96.31200000000001,
    97.326,
    95.82700000000003,
    92.321,
    94.30800000000002,
    97.32300000000001,
    94.282,
    94.83400000000003,
    96.308,
    92.311,
    96.327,
    95.319,
    91.811,
    91.81,
    97.321,
    91.82400000000001,
    94.80500000000002,
    95.82400000000001,
    95.32700000000001,
    94.818,
    96.32000000000001,
    92.313,
    93.826,
    92.816,
    96.316,
    97.31800000000001,
    94.799,
    95.308,
    92.327,
    93.82300000000001,
    92.322,
    93.8,
    94.81500000000001,
    95.81199999999998,
    97.82500000000002,
    92.80199999999999,
    95.81300000000002,
    93.31099999999999,
    92.309,
    92.30099999999999,
    95.81400000000001,
    93.328,
    96.314,
    94.82400000000001,
    95.32700000000001,
    95.31200000000001,
    91.818,
    93.80600000000001,
    91.31200000000001,
    95.321,
    94.30600000000001,
    94.822,
    94.30299999999998,
    94.315,
    93.33200000000002,
    94.81700000000001,
    94.81500000000001,
    95.32200000000002,
    92.80800000000002,
    95.81799999999998,
    96.32600000000002,
    94.819,
    90.31,
    95.818,
    93.31700000000001,
    96.33500000000001,
    91.32400000000001,
    93.31099999999999,
    92.81400000000001,
    94.32499999999999,
    94.315,
    91.296,
    95.82600000000001,
    95.304,
    94.822,
    95.32000000000001,
    95.32500000000002,
    92.30899999999998,
    96.31299999999999,
    94.319,
    94.32900000000002,
    92.316,
    94.34000000000002,
    95.31299999999999,
    95.322,
    95.328,
    91.29699999999998,
    95.32800000000002,
    95.314,
    94.82300000000001,
    95.30300000000003,
    95.817,
    93.316,
    93.32700000000003,
    93.321,
    93.82499999999999,
    95.83000000000001,
    94.80800000000002,
    93.82300000000001,
    91.83000000000001,
    95.32900000000002,
    93.81400000000001,
    96.303,
    91.833,
    92.32400000000001,
    95.81199999999998,
    95.819,
    95.826,
    93.83600000000001,
    94.316,
    97.831,
    95.30499999999999,
    92.829,
    93.805,
    93.82600000000001,
    96.32000000000001,
    96.32300000000001,
    91.824,
    97.80999999999997,
    95.828,
    91.816,
    90.81800000000001,
    94.81400000000001,
    93.813,
    94.82900000000001,
    95.818,
    93.82700000000001,
    95.81800000000001,
    97.31499999999998,
    95.82300000000001,
    88.304,
    91.813,
    95.82600000000001,
    93.81500000000001,
    96.331,
    95.31299999999999,
    92.31,
    92.321,
    93.80900000000001,
    94.80799999999999,
    90.296,
    95.324,
    94.814,
    95.82600000000001,
    97.82199999999997,
    93.817,
    96.81500000000001,
    95.816,
    94.819,
    95.83200000000002,
    93.31300000000002,
    95.819,
    95.797,
    96.31,
    96.31500000000001,
    94.81500000000003,
    96.30299999999998,
    95.82300000000001,
    95.31499999999998,
    95.81500000000001,
    95.321,
    95.826,
    93.79799999999999,
    95.32100000000001,
    92.321,
    95.316,
    97.328,
    95.303,
    93.82400000000003,
    96.328,
    95.322,
    95.332,
    92.32900000000002,
    91.302,
    96.322,
    96.324,
    92.811,
    93.321,
    92.322,
    93.82600000000002,
    91.309,
    93.32000000000002,
    92.80800000000002,
    94.322,
    94.83099999999999,
    94.314,
    95.31299999999999,
    91.817,
    97.32700000000001,
    95.82200000000002,
    91.32900000000001,
    93.33200000000001,
    94.83000000000001,
    96.32000000000002,
    95.321,
    95.319,
    92.807,
    92.326,
    94.83500000000001,
    95.83400000000002,
    93.31400000000001,
    91.813,
    93.307,
    92.80800000000002,
    93.303,
    94.307,
    95.826,
    93.824,
    94.81900000000002,
    93.80100000000002,
    93.326,
    94.32900000000001,
    95.82500000000002,
    92.33300000000001,
    96.333,
    94.319,
    93.82200000000002,
    91.818,
    93.82500000000002,
    96.819,
    93.31899999999999,
    94.318,
    95.824,
    95.80600000000001,
    95.82600000000001,
    94.80499999999999,
    95.82200000000002,
    92.32100000000001,
    95.31700000000001,
    95.81299999999999,
    94.31899999999999,
