{
  "complexity": 9,
  "alpha": 0.3,
  "gamma": 0.95,
  "epsilon": 0.1,
  "extra_passages": 6,
  "avg_rewards": [
    -254.395999999998,
    36.65299999999996,
    64.87299999999996,
    78.83700000000003,
    84.29099999999997,
    81.39799999999995,
    77.30699999999997,
    79.00400000000002,
    88.713,
    86.705,
    90.752,
    86.595,
    88.353,
    91.054,
    93.449,
    92.119,
    87.453,
    93.15400000000002,
    92.085,
    95.64100000000002,
    96.18199999999999,
    95.724,
    94.18499999999999,
    96.79,
    95.77700000000002,
    97.289,
    97.77000000000001,
    95.28200000000001,
    98.814,
    97.30300000000003,
    98.80200000000002,
    97.328,
    97.32300000000001,
    99.32300000000001,
    97.328,
    96.82900000000001,
    96.31800000000001,
    97.83000000000001,
    97.34100000000001,
    97.31400000000001,
    95.31800000000001,
    96.82600000000001,
    96.33000000000001,
    98.33700000000002,
    96.32500000000002,
    96.83400000000002,
    94.83200000000001,
    96.327,
    98.833,
    96.82200000000002,
    96.33700000000002,
    95.327,
    96.825,
    97.32200000000002,
    97.831,
    98.836,
    98.34,
    97.83100000000002,
    95.33500000000001,
    95.329,
    95.32600000000001,
    96.828,
    96.83300000000001,
    97.33800000000001,
    97.82500000000002,
    96.826,
    99.33500000000001,
    97.84400000000001,
    97.33300000000001,
    95.32800000000002,
    95.82700000000001,
    96.33500000000001,
    96.828,
    98.82700000000001,
    97.81899999999999,
    97.33700000000002,
    97.33100000000002,
    96.819,
    98.82700000000001,
    96.33300000000001,
    96.80600000000001,
    98.83500000000001,
    96.80900000000001,
    97.83700000000002,
    97.321,
    97.82900000000002,
    98.84,
    96.316,
    97.30700000000002,
    96.84200000000001,
    96.833,
    97.33300000000001,
    99.34,
    96.32700000000001,
    95.83700000000002,
    97.82300000000001,
    98.83500000000001,
    96.83100000000002,
    96.83300000000001,
    95.328,
    96.328,
    96.33500000000001,
    98.32600000000001,
    98.33400000000002,
    96.325,
    96.334,
    96.824,
    97.34100000000001,
    96.82900000000001,
    95.83000000000001,
    98.34,
    97.34100000000001,
    96.325,
    97.825,
    97.82300000000001,
    96.82600000000001,
    96.82600000000001,
    96.31899999999999,
    96.821,
    97.332,
    97.331,
    97.834,
    97.32300000000001,
    98.324,
    96.83400000000002,
    98.32900000000002,
    97.33800000000001,
    98.32900000000001,
    98.843,
    98.331,
    97.81700000000001,
    98.83800000000001,
    97.33900000000001,
    97.338,
    97.83399999999999,
    97.84200000000001,
    97.83600000000001,
    98.33500000000001,
    97.832,
    96.83700000000002,
    96.83900000000001,
    98.828,
    95.82300000000001,
    98.33900000000001,
    98.325,
    95.312,
    97.34200000000001,
    98.33700000000002,
    98.334,
    96.83500000000001,
    97.836,
    97.82400000000001,
    97.824,
    95.83500000000001,
    97.826,
    96.33,
    98.331,
    96.83400000000002,
    97.33200000000001,
    96.83000000000001,
    96.325,
    97.31900000000002,
    98.32699999999998,
    96.836,
    97.32700000000003,
    98.299,
    97.33000000000001,
    96.33500000000001,
    95.83800000000001,
    97.831,
    96.82600000000001,
    94.82200000000002,
    96.83700000000002,
    96.33400000000002,
    99.328,
    97.329,
    98.81800000000001,
    98.82400000000001,
    98.83700000000002,
    97.33400000000002,
    98.834,
    96.33600000000001,
    96.83800000000001,
    97.83800000000001,
    96.83700000000002,
    97.32500000000002,
    94.83200000000002,
    97.84,
    96.83400000000002,
    96.33500000000001,
    95.33200000000002,
    98.34400000000001,
    97.331,
    96.828,
    96.81700000000001,
    93.82600000000001,
    96.329,
    97.33500000000001,
    97.32700000000003,
    92.81800000000001,
    98.31800000000001,
    99.339,
    98.33500000000001,
    98.33900000000001,
    95.31999999999998,
    97.32700000000001,
    97.328,
    95.83200000000001,
    97.83700000000002,
    97.33100000000002,
    97.33600000000001,
    97.327,
    98.33400000000002,
    97.33900000000001,
    99.83500000000001,
    98.32400000000001,
    96.33600000000001,
    98.83900000000001,
    96.83000000000001,
    97.832,
    97.83600000000001,
    96.333,
    95.831,
    98.82900000000001,
    98.33200000000001,
    98.331,
    95.82099999999998,
    96.83100000000002,
    96.33500000000001,
    96.33000000000001,
    98.336,
    97.84200000000001,
    95.83200000000002,
    98.827,
    97.33099999999999,
    96.84,
    98.83500000000001,
    99.33600000000001,
    96.33200000000001,
    98.329,
    96.838,
    97.831,
    97.824,
    97.33000000000001,
    97.821,
    97.836,
    97.82300000000001,
    94.831,
    97.32900000000001,
    98.82199999999999,
    96.83300000000001,
    98.33800000000001,
    97.83500000000001,
    98.325,
    98.334,
    97.336,
    95.83500000000001,
    98.33100000000002,
    98.333,
    96.33900000000001,
    97.828,
    98.328,
    97.33600000000001,
    98.324,
    97.336,
    97.84,
    95.843,
    98.322,
    96.32500000000002,
    97.33100000000002,
    96.81500000000001,
    99.32699999999998,
    97.826,
    99.32600000000001,
    98.828,
    94.34100000000001,
    97.331,
    98.33200000000001,
    97.32700000000003,
    98.83400000000002,
    97.82900000000001,
    97.82700000000001,
    98.33300000000001,
    97.33700000000002,
    97.835,
    97.828,
    96.831,
    96.82400000000001,
    97.33200000000001,
    98.82700000000001,
    96.833,
    96.83700000000002,
    98.83200000000001,
    97.83500000000001,
    97.82900000000001,
    98.83200000000001,
    97.33600000000001,
    97.33300000000001,
    98.33300000000001,
    95.83,
    96.83000000000001,
    97.33200000000001,
    95.833,
    97.33800000000001,
    96.845,
    97.34,
    96.833,
    95.331,
    93.827,
    96.838,
    97.84100000000001,
    96.34200000000001,
    96.339,
    97.331,
    97.33600000000001,
    97.33400000000002,
    97.327,
    96.83000000000001,
    95.82900000000001,
    96.33000000000001,
    98.328,
    95.833,
    98.83500000000001,
    97.821,
    96.83200000000002,
    97.33200000000001,
    97.835,
    97.833,
    98.337,
    97.83600000000001,
    95.33500000000001,
    95.84200000000001,
    96.83400000000002,
    98.83500000000001,
    97.328,
    95.811,
    97.333,
    96.83200000000002,
    97.826,
    96.82600000000001,
    95.83800000000001,
    97.83200000000002,
    97.335,
    97.329,
    96.83600000000001,
    97.32900000000001,
    98.328,
    96.83100000000002,
    98.83500000000001,
    98.337,
    97.328,
    95.83400000000002,
    96.84100000000001,
    96.33800000000001,
    97.33000000000001,
    97.33500000000001,
    97.33800000000001,
    98.34400000000001,
    96.333,
    98.332,
    96.83,
    98.33200000000002,
    97.321,
    96.827,
    96.83500000000001,
    97.83100000000002,
    98.33500000000001,
    98.33700000000002,
    98.333,
    98.84100000000001,
    95.319,
    97.83200000000001,
    97.83800000000001,
    96.831,
    95.83300000000001,
    97.831,
    97.33400000000002,
    97.83200000000001,
    98.829,
    98.83200000000002,
    98.33200000000001,
    97.333,
    97.328,
    97.83900000000001,
    97.84,
    97.833,
    96.828,
    97.83000000000001,
    96.83200000000001,
    96.83800000000001,
    97.32700000000001,
    96.82700000000003,
    96.334,
    97.836,
    96.81300000000002,
    97.842,
    97.329,
    98.33300000000001,
    97.32300000000001,
    97.834,
    98.829,
    97.33900000000001,
    99.33400000000002,
    96.81700000000001,
    96.32500000000002,
    98.33700000000002,
    96.33400000000002,
    95.82300000000001,
    98.331,
    97.333,
    98.33200000000001,
    97.834,
    97.32700000000003,
    96.83400000000002,
    98.333,
    97.836,
    97.832,
    94.828,
    97.83700000000002,
    96.84,
