{
  "complexity": 11,
  "alpha": 0.1,
  "gamma": 0.9,
  "epsilon": 0.3,
  "extra_passages": 4,
  "avg_rewards": [
    -280.0509999999982,
    -201.09099999999748,
    -115.32199999999914,
    -38.86900000000004,
    -17.700999999999873,
    1.8789999999999325,
    -18.89200000000016,
    12.02999999999991,
    46.061000000000035,
    30.315999999999924,
    28.987000000000013,
    59.39799999999998,
    48.33199999999998,
    47.806999999999924,
    64.16299999999998,
    64.24299999999995,
    6.335000000000042,
    71.31799999999998,
    62.666999999999994,
    62.76499999999997,
    67.60799999999998,
    58.68499999999997,
    68.45,
    55.094999999999914,
    67.874,
    86.11800000000001,
    69.33200000000001,
    63.30899999999998,
    61.29600000000001,
    79.00400000000002,
    85.54800000000002,
    75.94699999999999,
    80.553,
    78.98999999999998,
    80.14099999999999,
    71.941,
    84.58999999999999,
    84.14599999999999,
    67.81800000000003,
    72.46199999999993,
    87.203,
    78.52699999999997,
    78.636,
    88.677,
    82.70599999999999,
    86.133,
    88.242,
    80.09299999999999,
    84.71399999999998,
    90.78,
    87.21499999999999,
    83.196,
    91.27700000000002,
    88.28599999999999,
    87.24,
    80.15900000000002,
    90.269,
    89.235,
    90.268,
    92.73500000000001,
    89.78200000000001,
    87.273,
    89.257,
    91.296,
    86.265,
    90.194,
    86.77300000000001,
    90.31,
    79.65800000000003,
    89.773,
    91.296,
    88.28299999999999,
    89.28299999999999,
    89.28200000000001,
    85.76500000000001,
    91.314,
    93.27899999999998,
    88.27999999999999,
    92.28399999999999,
    88.78899999999999,
    87.79799999999999,
    88.25799999999998,
    91.274,
    89.28299999999999,
    91.269,
    90.29599999999999,
    94.291,
    90.27099999999999,
    84.796,
    89.76,
    88.304,
    88.28399999999999,
    90.296,
    89.811,
    91.756,
    90.28899999999999,
    90.79,
    86.782,
    90.28799999999998,
    92.30199999999999,
    87.287,
    90.299,
    91.77700000000002,
    89.286,
    93.28299999999999,
    91.775,
    89.78099999999999,
    91.30499999999999,
    93.27499999999998,
    88.79799999999997,
    89.76699999999998,
    88.26400000000001,
    89.285,
    85.78599999999999,
    88.79599999999999,
    90.79100000000001,
    92.288,
    89.30100000000002,
    89.304,
    90.78200000000001,
    89.303,
    90.78800000000001,
    93.783,
    92.31,
    90.30399999999999,
    91.26,
    91.282,
    87.30099999999999,
    88.78899999999999,
    90.779,
    86.292,
    89.268,
    91.779,
    90.76899999999999,
    91.30499999999999,
    90.79899999999999,
    93.291,
    89.29200000000002,
    89.291,
    92.787,
    89.287,
    89.796,
    90.301,
    90.281,
    92.28099999999999,
    84.28599999999999,
    92.78599999999999,
    88.301,
    87.79400000000001,
    90.29100000000003,
    91.79799999999997,
    90.285,
    91.77900000000001,
    89.816,
    85.295,
    88.78200000000001,
    93.78,
    88.78,
    87.261,
    88.29500000000002,
    91.80199999999999,
    89.78899999999999,
    92.294,
    89.80800000000002,
    88.29399999999998,
    88.273,
    85.79599999999998,
    89.79,
    90.26700000000001,
    90.78,
    93.319,
    90.72799999999998,
    86.28899999999999,
    86.77199999999999,
    91.798,
    90.28900000000002,
    90.316,
    82.799,
    88.79100000000001,
    89.78299999999999,
    90.31199999999998,
    84.759,
    90.777,
    91.799,
    90.274,
    90.80299999999998,
    88.77799999999999,
    90.302,
    89.787,
    87.78900000000002,
    89.792,
    88.28899999999999,
    89.779,
    91.28299999999999,
    89.783,
    89.79299999999999,
    87.79299999999999,
    89.78800000000001,
    89.808,
    91.299,
    91.30000000000003,
    91.797,
    88.80299999999997,
    85.285,
    87.78599999999999,
    88.771,
    90.3,
    89.286,
    87.80799999999998,
    85.306,
    87.272,
    90.297,
    90.789,
    91.29600000000002,
    85.779,
    86.78400000000002,
    95.78399999999999,
    87.77200000000002,
    94.81200000000001,
    88.29599999999999,
    88.28899999999999,
    87.26900000000002,
    89.27999999999999,
    92.797,
    89.27099999999999,
    88.77900000000001,
    89.79400000000001,
    87.275,
    91.811,
    89.265,
    90.80700000000002,
    87.30199999999999,
    84.791,
    85.285,
    86.79299999999999,
    85.305,
    92.29299999999999,
    90.802,
    88.78500000000001,
    83.75899999999999,
    90.29299999999999,
    90.29100000000001,
    89.265,
    88.791,
    85.283,
    90.78299999999999,
    90.29599999999998,
    87.793,
    84.775,
    91.292,
    93.294,
    90.78999999999999,
    91.28,
    84.788,
    90.31500000000001,
    92.77599999999998,
    90.297,
    90.78599999999999,
    89.301,
    84.78599999999999,
    93.809,
    86.782,
    88.3,
    87.77300000000001,
    90.78599999999999,
    91.777,
    87.303,
    92.78600000000002,
    89.77499999999998,
    88.786,
    84.77400000000002,
    89.80800000000002,
    91.30100000000002,
    93.30499999999998,
    91.78999999999999,
    93.28,
    85.275,
    86.26200000000001,
    87.80500000000002,
    89.278,
    88.20700000000001,
    88.797,
    91.29099999999998,
    89.807,
    91.80300000000001,
    86.80000000000001,
    89.79100000000001,
    90.294,
    87.285,
    90.797,
    91.28200000000001,
    93.29100000000001,
    92.30099999999997,
    92.81099999999999,
    85.804,
    91.26199999999999,
    88.3,
    90.282,
    91.284,
    92.297,
    90.293,
    93.29299999999999,
    85.786,
    89.298,
    90.804,
    91.80999999999999,
    93.28,
    87.291,
    82.29499999999999,
    90.78600000000002,
    86.28899999999999,
    89.29899999999999,
    86.79,
    83.79299999999999,
    91.78600000000002,
    83.79400000000001,
    91.30300000000001,
    89.266,
    95.269,
    88.28699999999999,
    91.28599999999999,
    84.762,
    91.27800000000002,
    90.30300000000003,
    87.796,
    85.759,
    89.28999999999999,
    88.786,
    92.29099999999998,
    92.28200000000001,
    93.801,
    86.77700000000002,
    90.779,
    92.292,
    91.785,
    92.29499999999999,
    88.785,
    87.79799999999999,
    89.791,
    90.25399999999999,
    88.29999999999998,
    87.79,
    89.316,
    92.78900000000002,
    83.78399999999999,
    87.26499999999999,
    84.251,
    92.275,
    92.78699999999999,
    86.27999999999997,
    88.78699999999999,
    88.77900000000001,
    92.779,
    90.282,
    87.26700000000001,
    92.285,
    92.79999999999998,
    89.78999999999999,
    90.79199999999999,
    86.774,
    91.80799999999999,
    90.287,
    88.77600000000001,
    88.791,
    91.31100000000002,
    89.773,
    91.307,
    89.28,
    88.285,
    87.277,
    89.30499999999999,
    89.779,
    90.27799999999999,
    81.249,
    90.29199999999999,
    89.77399999999999,
    92.295,
    90.30499999999999,
    89.789,
    90.775,
    85.28299999999999,
    89.282,
    91.316,
    87.788,
    87.289,
    85.281,
    89.781,
    92.281,
    92.794,
    85.28799999999998,
    87.795,
    89.28300000000002,
    90.299,
    92.8,
    91.798,
    85.79100000000003,
    87.281,
    81.67900000000002,
    90.271,
    89.25999999999999,
    91.801,
    90.799,
    88.783,
    93.28,
    89.798,
    86.762,
    87.285,
    90.31,
    91.30799999999998,
    91.28999999999999,
    85.27,
    87.80599999999998,
    92.804,
    87.76299999999999,
    83.28,
    91.78599999999999,
    89.27000000000001,
    89.793,
    88.80499999999998,
    85.788,
    89.786,
    89.28299999999999,
    86.282,
    95.78500000000003,
    92.79,
    89.815,
    88.26399999999998,
    84.28899999999999,
    89.274,
    89.293,
    88.78900000000002,
    90.80099999999997,
    85.30499999999999,
    88.80999999999999,
    85.80100000000002,
    91.81500000000001,
    91.285,
    88.79,
    90.77399999999997,
    91.29599999999999,
    87.29799999999997,
    92.79400000000001,
