{
  "complexity": 7,
  "alpha": 0.1,
  "gamma": 0.95,
  "epsilon": 0.2,
  "extra_passages": 8,
  "avg_rewards": [
    -261.1909999999983,
    19.13300000000006,
    10.783000000000303,
    35.145999999999816,
    35.963999999999736,
    53.22999999999994,
    52.270000000000024,
    53.546999999999954,
    56.06999999999998,
    77.98,
    58.82799999999996,
    67.92000000000002,
    73.42399999999998,
    68.97999999999998,
    78.75900000000001,
    79.72099999999998,
    77.306,
    80.20700000000001,
    79.277,
    87.02199999999999,
    74.56900000000002,
    73.69399999999999,
    86.958,
    76.82700000000001,
    87.02799999999999,
    85.94000000000001,
    88.02,
    91.05400000000002,
    80.955,
    90.50000000000003,
    86.89599999999999,
    88.571,
    92.094,
    89.528,
    85.575,
    86.48400000000001,
    91.188,
    91.00800000000001,
    91.669,
    92.63399999999999,
    89.595,
    95.64200000000001,
    90.65700000000001,
    91.587,
    90.65899999999999,
    89.641,
    87.08999999999999,
    94.20100000000001,
    89.70599999999999,
    93.178,
    94.24600000000001,
    96.726,
    90.21199999999999,
    93.75900000000001,
    89.19300000000001,
    94.23400000000001,
    94.19599999999998,
    91.762,
    93.23100000000002,
    91.736,
    93.761,
    92.76400000000001,
    96.275,
    94.299,
    93.745,
    93.77900000000001,
    91.79499999999999,
    94.29400000000001,
    91.27100000000002,
    96.79199999999999,
    92.77600000000001,
    94.79899999999998,
    95.298,
    93.798,
    94.798,
    94.805,
    96.30199999999999,
    93.81000000000002,
    96.807,
    94.808,
    89.78399999999999,
    95.819,
    93.311,
    95.81099999999999,
    94.825,
    95.30799999999999,
    91.755,
    94.797,
    93.302,
    97.32499999999999,
    96.31899999999999,
    92.80199999999999,
    96.308,
    95.298,
    93.312,
    93.31800000000001,
    94.319,
    96.314,
    96.815,
    92.31400000000001,
    96.321,
    95.316,
    94.814,
    92.80199999999999,
    96.31400000000001,
    96.817,
    88.81800000000001,
    95.318,
    94.32200000000002,
    91.315,
    91.327,
    91.82000000000002,
    92.815,
    94.30900000000001,
    93.818,
    97.31,
    94.324,
    95.794,
    93.3,
    95.81500000000001,
    94.80499999999999,
    95.81,
    95.31000000000002,
    96.799,
    93.80300000000001,
    93.319,
    95.803,
    95.297,
    96.822,
    95.81199999999998,
    95.82100000000001,
    93.32400000000001,
    95.32000000000001,
    94.31299999999999,
    98.309,
    92.812,
    92.81200000000001,
    94.82600000000001,
    95.31500000000001,
    95.821,
    96.32300000000001,
    93.31700000000001,
    93.31800000000001,
    91.822,
    95.82199999999999,
    93.812,
    93.81500000000001,
    90.822,
    97.81199999999998,
    95.282,
    92.827,
    91.799,
    94.80300000000001,
    95.32700000000003,
    94.32600000000001,
    92.806,
    93.81400000000001,
    96.811,
    90.307,
    93.321,
    97.31700000000001,
    95.823,
    94.79400000000001,
    92.292,
    95.30800000000002,
    94.314,
    93.31199999999998,
    93.81500000000001,
    91.313,
    96.325,
    96.313,
    98.313,
    93.799,
    94.821,
    96.316,
    93.32700000000001,
    94.31800000000001,
    93.816,
    93.82000000000002,
    94.82000000000001,
    94.80700000000002,
    93.31300000000002,
    96.81800000000001,
    92.81800000000001,
    95.31300000000002,
    94.305,
    92.31200000000001,
    94.80600000000001,
    89.826,
    93.811,
    97.31300000000002,
    97.31500000000001,
    94.798,
    96.31,
    93.79100000000001,
    93.795,
    95.799,
    96.316,
    92.314,
    93.807,
    95.811,
    95.30499999999999,
    96.82000000000001,
    94.325,
    97.31400000000001,
    93.314,
    95.815,
    93.809,
    97.791,
    95.32300000000001,
    97.325,
    94.81,
    93.319,
    92.81400000000001,
    94.32500000000002,
    91.811,
    91.305,
    95.798,
    96.328,
    95.31900000000002,
    94.305,
    92.308,
    94.317,
    93.819,
    98.306,
    96.321,
    96.816,
    94.316,
    91.29999999999998,
    90.31099999999999,
    95.324,
    94.31800000000001,
    94.814,
    93.80500000000002,
    95.321,
    92.81300000000002,
    97.323,
    94.30600000000001,
    90.309,
    94.32600000000001,
    92.29800000000002,
    97.32000000000001,
    96.31200000000001,
    94.322,
    92.809,
    94.819,
    92.80600000000001,
    93.32,
    97.29599999999998,
    97.311,
    93.83500000000001,
    92.315,
    94.316,
    95.316,
    91.819,
    93.32199999999999,
    94.313,
    95.80700000000002,
    95.314,
    91.806,
    95.81800000000001,
    94.81300000000002,
    95.81,
    94.31700000000001,
    92.80100000000002,
    96.318,
    92.803,
    94.817,
    96.81700000000001,
    96.819,
    92.80999999999999,
    93.29000000000002,
    95.28699999999999,
    92.311,
    94.81300000000002,
    94.821,
    92.316,
    94.30500000000002,
    96.819,
    91.806,
    92.813,
    92.306,
    95.29400000000001,
    92.809,
    92.298,
    92.81400000000001,
    89.31000000000002,
    96.804,
    94.812,
    95.825,
    96.32100000000001,
    93.821,
    92.80199999999999,
    95.31299999999999,
    93.801,
    96.801,
    92.812,
    93.82000000000001,
    96.306,
    94.80600000000001,
    96.31700000000001,
    94.32600000000001,
    95.80499999999998,
    92.30199999999999,
    94.32300000000001,
    94.80700000000002,
    96.81599999999999,
    93.30999999999999,
    96.30900000000001,
    92.809,
    92.82200000000002,
    93.81,
    94.30999999999999,
    93.30600000000001,
    98.81499999999998,
    95.31500000000001,
    92.803,
    96.314,
    93.81400000000001,
    94.30099999999999,
    95.80300000000003,
    91.296,
    94.31300000000002,
    96.31299999999999,
    96.312,
    96.79799999999999,
    96.32600000000001,
    95.3,
    95.796,
    97.81500000000001,
    94.312,
    94.32000000000001,
    95.31400000000001,
    93.81199999999998,
    94.80800000000002,
    96.316,
    91.81800000000001,
    89.31400000000001,
    92.31300000000002,
    93.801,
    93.799,
    95.809,
    93.82300000000001,
    94.80999999999999,
    92.80699999999999,
    95.801,
    93.299,
    96.80499999999999,
    94.81199999999998,
    94.80200000000002,
    93.80799999999999,
    94.31300000000002,
    96.825,
    92.28600000000002,
    94.82000000000001,
    95.81300000000002,
    92.805,
    92.79599999999999,
    92.302,
    95.31899999999999,
    94.80400000000002,
    93.81299999999999,
    93.32300000000002,
    97.308,
    91.30900000000001,
    95.79400000000001,
    94.314,
    97.309,
    95.81700000000001,
    97.308,
    95.288,
    96.31499999999998,
    92.803,
    94.806,
    96.80799999999999,
    92.81300000000002,
    96.303,
    94.32000000000001,
    94.319,
    94.31,
    96.29599999999999,
    91.30000000000001,
    93.803,
    96.82900000000001,
    94.821,
    93.796,
    97.809,
    93.808,
    95.31900000000003,
    92.32000000000001,
    96.82100000000001,
    96.327,
    92.30900000000001,
    94.799,
    95.316,
    96.29400000000001,
    93.795,
    94.29899999999999,
    95.805,
    94.812,
    94.81300000000002,
    92.29,
    94.81500000000001,
    92.317,
    94.82100000000001,
    95.816,
    94.81800000000001,
    95.314,
    93.814,
    93.79800000000002,
    93.32000000000002,
    94.80699999999999,
    95.333,
    97.313,
    93.318,
    92.78899999999999,
    92.80600000000001,
    94.807,
    95.806,
    95.82000000000001,
    94.82,
    93.81400000000001,
    95.31499999999998,
    92.79500000000002,
    94.311,
    95.297,
    94.32000000000001,
    95.30600000000001,
    95.30399999999999,
    97.298,
    90.30499999999999,
    95.80300000000001,
    91.828,
    91.294,
    95.318,
    93.31,
    95.819,
    95.806,
    94.816,
    94.311,
    95.81,
    95.80199999999999,
    97.811,
    93.81000000000002,
    91.307,
    91.29099999999998,
    94.331,
    94.30499999999999,
