{
  "complexity": 12,
  "alpha": 0.1,
  "gamma": 0.95,
  "epsilon": 0.1,
  "extra_passages": 3,
  "avg_rewards": [
    -539.0029999999912,
    -103.04599999999485,
    10.239000000001932,
    -75.80799999999329,
    84.95400000000001,
    71.2239999999999,
    69.10400000000016,
    62.27600000000016,
    2.6470000000182154,
    54.44200000000129,
    57.34399999999986,
    71.57999999999987,
    42.9080000000027,
    69.70599999999996,
    83.18299999999982,
    -33.294999999974934,
    44.27000000000169,
    49.783000000010475,
    71.3129999999988,
    73.85599999999953,
    85.30600000000018,
    86.53300000000002,
    82.38799999999996,
    80.62500000000007,
    13.502000000011313,
    -32.274999999965424,
    65.56500000000126,
    87.41099999999994,
    40.639000000012025,
    85.73200000000004,
    54.88300000000576,
    30.440000000009377,
    77.98599999999995,
    88.62199999999991,
    64.25800000000044,
    63.63799999999927,
    85.94800000000002,
    76.8270000000003,
    75.14899999999977,
    69.51699999999988,
    81.46899999999987,
    76.45400000000019,
    76.1430000000004,
    88.29199999999994,
    20.71800000002404,
    77.67799999999993,
    89.426,
    89.32400000000003,
    0.28600000003588094,
    66.25800000000227,
    83.00799999999957,
    86.90199999999876,
    84.50799999999981,
    88.37100000000012,
    74.42600000000041,
    37.12300000000581,
    52.49800000000488,
    -84.7369999999492,
    87.49799999999992,
    -18.176999999971994,
    -128.47400000006192,
    88.14100000000003,
    89.27899999999997,
    69.57800000000387,
    84.89599999999903,
    96.36399999999996,
    86.93699999999957,
    -88.35699999995346,
    69.83300000000062,
    77.59200000000038,
    83.34499999999954,
    82.139,
    84.7140000000001,
    93.52899999999998,
    87.61800000000004,
    85.4280000000001,
    92.84099999999994,
    84.12099999999955,
    86.72699999999989,
    92.88300000000001,
    67.56199999999814,
    88.5220000000002,
    93.80600000000001,
    86.54199999999992,
    93.17600000000003,
    87.26400000000021,
    86.13800000000003,
    96.95400000000002,
    87.6930000000001,
    91.085,
    80.69899999999939,
    86.70599999999972,
    90.65300000000005,
    91.701,
    94.88499999999999,
    96.093,
    92.63499999999996,
    93.65999999999993,
    94.9239999999999,
    89.859,
    -113.75399999997344,
    71.32100000000356,
    85.34599999999975,
    85.46099999999998,
    96.00100000000005,
    83.85899999999893,
    94.67800000000003,
    80.50800000000024,
    97.509,
    92.43400000000005,
    88.7180000000001,
    89.31499999999998,
    94.17999999999994,
    92.41000000000005,
    84.02499999999915,
    83.24299999999936,
    75.60100000000195,
    79.70599999999997,
    97.12800000000001,
    91.4320000000003,
    92.16699999999997,
    95.84200000000001,
    97.674,
    97.72899999999998,
    91.99300000000024,
    86.62099999999917,
    88.36399999999892,
    96.79800000000002,
    94.959,
    98.17600000000002,
    98.324,
    97.76500000000001,
    95.81000000000002,
    97.328,
    96.30300000000001,
    98.82000000000001,
    97.805,
    97.17700000000002,
    97.781,
    96.71900000000001,
    99.286,
    96.262,
    97.82700000000001,
    96.333,
    96.82600000000001,
    97.83699999999999,
    97.828,
    98.32700000000003,
    98.334,
    98.829,
    97.84,
    96.84100000000001,
    98.83000000000001,
    98.34000000000002,
    97.838,
    97.32,
    95.33400000000003,
    97.33200000000001,
    99.338,
    98.834,
    97.82799999999999,
    96.33400000000002,
    98.333,
    97.32900000000001,
    96.83600000000001,
    97.33000000000001,
    96.836,
    97.336,
    97.83599999999998,
    93.834,
    96.329,
    97.33500000000001,
    97.33000000000001,
    96.329,
    96.83500000000001,
    95.31800000000001,
    98.32300000000001,
    98.328,
    97.83099999999999,
    99.337,
    97.83300000000001,
    94.837,
    95.826,
    98.32900000000002,
    96.837,
    96.83500000000002,
    98.826,
    97.317,
    97.83,
    97.337,
    98.339,
    97.33200000000002,
    96.834,
    97.33600000000001,
    97.83200000000001,
    97.337,
    97.33000000000001,
    96.33500000000001,
    98.328,
    95.333,
    97.32400000000001,
    97.832,
    96.833,
    97.828,
    97.83000000000001,
    96.833,
    98.836,
    97.33200000000001,
    97.827,
    96.83399999999999,
    98.32600000000001,
    97.338,
    98.331,
    98.33800000000001,
    99.336,
    97.337,
    96.84,
    99.339,
    96.33900000000001,
    98.32900000000001,
    94.82700000000001,
    95.834,
    95.84400000000002,
    98.83200000000001,
    97.83099999999999,
    98.333,
    98.83700000000002,
    96.83500000000001,
    97.843,
    96.82300000000001,
    96.83,
    96.317,
    95.82799999999999,
    98.334,
    98.325,
    97.33500000000001,
    98.328,
    98.32300000000001,
    97.327,
    96.827,
    97.33800000000001,
    98.838,
    98.828,
    97.331,
    96.83400000000002,
    96.338,
    96.33200000000001,
    97.33399999999999,
    97.833,
    96.33000000000001,
    97.32900000000001,
    97.824,
    96.83500000000001,
    97.325,
    96.32700000000001,
    98.83200000000002,
    95.328,
    98.337,
    98.32700000000001,
    97.335,
    97.833,
    97.33500000000001,
    97.328,
    98.33000000000001,
    95.82500000000002,
    97.33200000000001,
    96.33600000000001,
    96.832,
    95.838,
    95.831,
    98.33900000000001,
    98.834,
    96.82700000000001,
    96.833,
    96.336,
    95.83900000000003,
    96.341,
    98.334,
    98.829,
    96.328,
    97.839,
    96.83599999999998,
    97.33099999999999,
    95.838,
    96.833,
    99.32900000000001,
    95.839,
    99.33700000000002,
    96.833,
    98.83200000000001,
    95.83800000000001,
    96.829,
    96.835,
    98.83200000000002,
    98.328,
    96.322,
    97.833,
    96.33200000000002,
    97.33900000000003,
    98.826,
    97.83200000000002,
    98.33200000000001,
    96.33900000000003,
    97.84000000000002,
    97.31700000000001,
    98.83600000000001,
    97.83099999999999,
    96.82900000000001,
    98.825,
    97.326,
    96.83599999999998,
    97.334,
    96.326,
    96.84,
    96.331,
    95.32100000000001,
    96.332,
    94.84,
    97.828,
    97.828,
    95.328,
    96.821,
    93.83000000000001,
    97.32900000000001,
    94.32799999999999,
    96.834,
    95.832,
    92.332,
    95.822,
    96.831,
    97.334,
    95.83,
    96.331,
    95.32400000000001,
    96.83,
    97.341,
    98.328,
    97.328,
    96.328,
    96.33000000000001,
    96.83800000000001,
    98.33200000000001,
    95.336,
    97.338,
    98.32900000000001,
    95.83200000000001,
    96.83600000000001,
    97.838,
    97.33500000000001,
    96.334,
    96.338,
    95.828,
    98.825,
    94.327,
    95.33300000000001,
    98.336,
    96.83100000000002,
    97.834,
    96.837,
    94.832,
    98.329,
    97.333,
    96.34,
    96.83000000000001,
    96.32500000000002,
    97.33400000000003,
    97.83099999999999,
    98.341,
    96.83200000000001,
    97.834,
    96.83900000000001,
    96.328,
    97.83700000000002,
    97.33300000000001,
    99.33300000000001,
    98.82900000000001,
    98.33600000000001,
    96.82900000000001,
    97.325,
    94.832,
    96.32500000000002,
    96.33,
    97.34200000000001,
    97.33900000000001,
    96.832,
    95.833,
    97.843,
    97.83500000000001,
    96.338,
    99.839,
    96.334,
    95.33200000000002,
    98.82400000000001,
    97.327,
    97.828,
    96.82600000000001,
    97.833,
    96.336,
    97.33500000000001,
    96.83000000000001,
    97.336,
    98.84400000000002,
    94.842,
    97.824,
    98.31700000000001,
    97.83100000000003,
    97.833,
    97.331,
    96.831,
    97.831,
    97.83200000000001,
    97.83500000000001,
    97.83800000000001,
    96.329,
    95.331,
    97.32800000000002,
    95.325,
    97.331,
    98.334,
    94.82600000000001,
    96.839,
    96.836,
    97.33000000000001,
    98.827,
