{
  "complexity": 2,
  "alpha": 0.2,
  "gamma": 0.9,
  "epsilon": 0.1,
  "extra_passages": 5,
  "avg_rewards": [
    -213.026999999999,
    34.869999999999784,
    83.91799999999999,
    84.018,
    42.888000000004325,
    86.35900000000001,
    90.13499999999995,
    96.83,
    88.03299999999997,
    87.33099999999995,
    84.76299999999999,
    83.3459999999998,
    84.10199999999938,
    93.43800000000009,
    93.57899999999998,
    95.01400000000001,
    96.41000000000001,
    88.1630000000002,
    82.36799999999977,
    87.78099999999998,
    96.91900000000001,
    95.865,
    90.79899999999998,
    89.67699999999996,
    96.01700000000002,
    93.70500000000001,
    97.092,
    93.22900000000007,
    96.248,
    94.05700000000003,
    93.78100000000003,
    96.46799999999999,
    97.15200000000002,
    96.499,
    95.38500000000002,
    97.536,
    97.00500000000001,
    95.02799999999999,
    98.27199999999999,
    97.84899999999998,
    91.30300000000003,
    99.399,
    96.72,
    98.832,
    99.30699999999999,
    98.313,
    96.35499999999995,
    98.737,
    96.349,
    99.88199999999999,
    98.88,
    97.877,
    97.87100000000001,
    96.791,
    97.87899999999999,
    99.377,
    97.88199999999999,
    97.88,
    98.38199999999999,
    99.38,
    98.868,
    99.375,
    97.38399999999999,
    98.878,
    97.38,
    98.881,
    98.878,
    99.888,
    98.378,
    97.881,
    98.375,
    99.88499999999999,
    99.88,
    97.378,
    98.88,
    99.383,
    98.37,
    97.372,
    99.38,
    97.38,
    96.87899999999999,
    98.878,
    98.86800000000001,
    98.883,
    97.881,
    97.38399999999999,
    97.383,
    98.883,
    97.88199999999999,
    99.372,
    99.381,
    98.38,
    97.38,
    98.87899999999999,
    97.37899999999999,
    98.38,
    99.88,
    98.37899999999999,
    97.87299999999999,
    98.378,
    99.37899999999999,
    97.877,
    98.872,
    99.875,
    98.373,
    97.373,
    99.364,
    97.878,
    97.883,
    96.87899999999999,
    98.376,
    99.376,
    97.88,
    98.869,
    98.874,
    98.38,
    99.38199999999999,
    98.38,
    97.386,
    98.38,
    99.87,
    98.386,
    98.375,
    97.868,
    97.876,
    97.37899999999999,
    97.874,
    99.375,
    97.88199999999999,
    96.88,
    97.873,
    99.881,
    98.88199999999999,
    97.374,
    98.87100000000001,
    98.875,
    98.375,
    98.875,
    97.38,
    98.88,
    99.38399999999999,
    98.369,
    98.886,
    98.875,
    98.38399999999999,
    98.878,
    98.877,
    99.383,
    97.875,
    97.86800000000001,
    95.375,
    97.38399999999999,
    99.381,
    97.878,
    97.872,
    98.378,
    97.376,
    97.376,
    98.881,
    97.88699999999999,
    98.883,
    99.378,
    97.386,
    96.865,
    98.883,
    99.377,
    97.84599999999999,
    97.376,
    98.383,
    97.872,
    96.38,
    98.88199999999999,
    96.37899999999999,
    99.385,
    96.377,
    98.38,
    98.384,
    96.369,
    97.375,
    97.376,
    98.378,
    98.375,
    98.381,
    98.887,
    98.887,
    97.886,
    97.378,
    96.386,
    97.875,
    99.38399999999999,
    97.875,
    99.38,
    98.878,
    97.88,
    97.877,
    98.38399999999999,
    98.375,
    98.88,
    98.383,
    97.878,
    99.369,
    97.37899999999999,
    97.88699999999999,
    99.376,
    97.38,
    97.86300000000001,
    97.38799999999999,
    97.878,
    98.378,
    97.876,
    99.372,
    98.38,
    97.378,
    97.883,
    97.878,
    98.88399999999999,
    98.881,
    98.878,
    97.881,
    98.88300000000001,
    97.376,
    98.376,
    97.37,
    97.874,
    97.883,
    97.376,
    97.878,
    99.378,
    99.374,
    97.881,
    97.877,
    98.38399999999999,
    98.37100000000001,
    98.877,
    99.38,
    98.378,
    99.376,
    99.38499999999999,
    98.37899999999999,
    98.875,
    97.38799999999999,
    97.88199999999999,
    98.88199999999999,
    97.378,
    99.378,
    97.377,
    99.378,
    98.377,
    98.37899999999999,
    98.37100000000001,
    98.874,
    97.38,
    99.381,
    98.378,
    98.88199999999999,
    98.372,
    96.87700000000001,
    98.877,
    98.373,
    97.88899999999998,
    99.37899999999999,
    96.878,
    99.87200000000001,
    98.88199999999999,
    97.877,
    97.876,
    98.88199999999999,
    98.38,
    97.38399999999999,
    98.37700000000001,
    97.38,
    98.376,
    96.88499999999999,
    98.38,
    98.874,
    97.88399999999999,
    98.883,
    99.88499999999999,
    97.875,
    98.878,
    97.38499999999999,
    99.36500000000001,
    98.876,
    98.369,
    99.378,
    99.87700000000001,
    98.877,
    98.381,
    99.87899999999999,
    98.375,
    99.38399999999999,
    98.37899999999999,
    98.381,
    97.375,
    98.37100000000001,
    97.881,
    99.38399999999999,
    98.878,
    97.88499999999999,
    99.88199999999999,
    98.877,
    97.88499999999999,
    96.38199999999999,
    97.38499999999999,
    99.374,
    99.378,
    97.87899999999999,
    99.37499999999999,
    97.371,
    96.876,
    97.372,
    98.375,
    97.369,
    97.87,
    98.37100000000001,
    99.312,
    95.877,
    96.88499999999999,
    98.37899999999999,
    97.375,
    97.878,
    98.883,
    98.381,
    98.377,
    99.37899999999999,
    99.87,
    98.38399999999999,
    96.873,
    97.378,
    99.36600000000001,
    98.382,
    99.875,
    95.876,
    98.386,
    97.881,
    98.381,
    97.873,
    97.876,
    98.38,
    98.88199999999999,
    99.38,
    97.86800000000001,
    99.881,
    99.88,
    99.381,
    98.37699999999998,
    98.88199999999999,
    99.88199999999999,
    98.37899999999999,
    97.87,
    98.878,
    98.375,
    97.37299999999999,
    95.88199999999999,
    97.87,
    99.378,
    99.378,
    97.386,
    98.376,
    99.371,
    97.381,
    99.373,
    99.378,
    98.37899999999999,
    98.883,
    98.885,
    99.375,
    98.874,
    98.881,
    97.876,
    98.86699999999999,
    97.381,
    99.87899999999999,
    99.878,
    96.881,
    99.376,
    94.873,
    97.376,
    97.383,
    98.374,
    96.37899999999999,
    97.873,
    98.877,
    98.38,
    98.876,
    98.37899999999999,
    96.369,
    97.375,
    98.881,
    98.88,
    98.88199999999999,
    96.873,
    97.374,
    96.38,
    97.88399999999999,
    98.886,
    99.373,
    97.878,
    97.87199999999999,
    97.87,
    97.876,
    95.876,
    98.37,
    98.38499999999999,
    96.388,
    97.873,
    98.38199999999999,
    97.865,
    98.38199999999999,
    98.88499999999999,
    98.878,
    98.375,
    97.89,
    99.381,
    96.37899999999999,
    99.37899999999999,
    98.371,
    98.37899999999999,
    98.881,
    98.38,
    97.38199999999999,
    99.384,
    98.877,
    98.88399999999999,
    98.881,
    97.87899999999999,
    97.867,
    99.383,
    98.877,
    98.37899999999999,
    98.375,
    98.377,
    97.877,
    96.87100000000001,
    96.862,
    98.381,
    96.878,
    99.386,
    98.883,
    99.374,
    97.862,
    98.383,
    98.88399999999999,
    98.881,
    98.87899999999999,
    97.376,
    98.36800000000001,
    97.876,
    97.38499999999999,
    98.374,
    98.878,
    99.37899999999999,
    95.87899999999999,
    98.881,
    95.38399999999999,
    97.377,
    97.881,
    98.88799999999999,
    96.88000000000001,
    99.372,
    98.88199999999999,
    98.87899999999999,
    97.876,
    97.88199999999999,
    98.88199999999999,
    99.383,
    98.877,
    98.87899999999999,
    95.887,
    99.38,
    99.381,
    98.38199999999999,
    96.883,
    97.38199999999999,
    98.88199999999999,
    99.386,
    98.878,
    99.386,
    97.877,
    96.88,
    98.873,
    98.377,
    96.372,
    97.883,
    98.378,
    99.38199999999999,
    97.38499999999999,
    97.88399999999999,
    97.88199999999999,
    98.37,
    98.876,
    98.878,
    98.881,
    98.38,
    98.38199999999999,
    99.372,
    99.386,
    98.374,
    98.381,
    98.866
  ],