{
  "complexity": 11,
  "alpha": 0.2,
  "gamma": 0.85,
  "epsilon": 0.2,
  "extra_passages": 4,
  "avg_rewards": [
    -476.4639999999978,
    -206.78999999999434,
    -101.11399999999392,
    -125.12899999998606,
    -215.58199999997768,
    24.681999999999704,
    -59.30699999998321,
    -36.94099999999064,
    4.278000000001957,
    24.733000000000818,
    18.325000000000195,
    -150.39799999998039,
    -141.21399999997053,
    26.96700000000103,
    -154.8139999999813,
    14.431000000006168,
    -140.69899999998015,
    46.17800000000034,
    52.05900000000031,
    -564.7430000017499,
    -11.148999999986804,
    14.478000000005007,
    -8.01899999999338,
    -246.84099999996937,
    32.40800000000183,
    6.612000000006897,
    -141.9239999999673,
    -362.13700000032907,
    -115.08999999997704,
    44.38500000000283,
    -12.95099999998558,
    -292.88999999998197,
    -466.08500000078095,
    -4.818999999991408,
    72.55699999999948,
    0.09300000000541786,
    59.96100000000071,
    -390.51400000090405,
    27.2090000000033,
    -53.707999999985034,
    60.086999999999605,
    -26.65599999998643,
    -67.87699999998755,
    23.86100000000597,
    21.268000000003546,
    66.12299999999979,
    -16.65299999998811,
    -6.810999999995642,
    50.23199999999947,
    50.79400000000329,
    71.14000000000017,
    48.59100000000057,
    84.63299999999998,
    20.384000000008964,
    62.17899999999988,
    90.03399999999999,
    78.59900000000002,
    88.83900000000003,
    81.68100000000001,
    88.917,
    64.40700000000105,
    85.272,
    78.30100000000006,
    87.13099999999994,
    -8.732999999987944,
    84.55699999999999,
    89.16600000000001,
    84.84700000000004,
    74.63300000000004,
    77.17499999999973,
    94.05600000000001,
    85.38899999999998,
    87.309,
    87.24199999999999,
    91.088,
    90.07300000000001,
    93.48400000000001,
    91.63799999999993,
    84.11899999999999,
    85.883,
    84.58100000000012,
    93.03799999999995,
    94.112,
    88.74600000000001,
    90.846,
    86.55400000000006,
    91.07800000000002,
    89.63100000000001,
    94.051,
    86.18900000000005,
    96.137,
    88.631,
    95.24900000000001,
    90.43399999999995,
    95.74300000000001,
    88.33099999999999,
    79.56999999999941,
    95.23200000000001,
    92.27000000000001,
    92.236,
    89.98899999999995,
    87.74099999999994,
    91.434,
    90.405,
    92.75000000000001,
    83.81599999999997,
    92.54299999999999,
    92.72900000000001,
    95.25000000000003,
    92.83499999999998,
    75.4780000000001,
    78.3789999999996,
    81.33799999999947,
    85.90700000000007,
    87.771,
    81.84299999999978,
    78.48899999999942,
    90.225,
    69.12700000000119,
    89.56000000000003,
    91.082,
    89.18399999999998,
    91.75799999999998,
    88.71000000000001,
    88.34099999999987,
    85.58799999999998,
    66.67000000000046,
    66.76499999999979,
    69.3340000000008,
    92.751,
    93.768,
    92.75800000000001,
    93.80999999999999,
    92.795,
    95.792,
    93.78500000000001,
    93.263,
    94.29400000000001,
    91.298,
    94.813,
    93.249,
    94.76500000000001,
    86.69500000000001,
    83.50400000000003,
    93.761,
    95.311,
    94.30300000000001,
    93.307,
    92.28900000000002,
    96.245,
    95.728,
    94.298,
    96.306,
    95.795,
    95.81200000000003,
    89.30600000000001,
    91.25,
    91.782,
    94.30000000000001,
    91.775,
    92.26500000000001,
    91.78900000000002,
    92.809,
    94.29799999999999,
    91.811,
    92.81199999999998,
    89.80900000000001,
    92.325,
    91.82000000000002,
    95.313,
    93.80800000000002,
    92.31500000000001,
    92.813,
    96.29400000000001,
    88.811,
    94.79500000000002,
    93.80799999999999,
    88.78099999999999,
    74.18600000000023,
    92.30699999999999,
    90.77799999999999,
    93.304,
    92.71600000000004,
    94.812,
    92.285,
    87.752,
    91.81200000000001,
    93.811,
    93.291,
    95.83000000000001,
    93.82800000000002,
    93.30000000000001,
    92.28899999999999,
    95.807,
    93.33300000000001,
    95.809,
    91.82100000000001,
    95.30199999999999,
    92.30099999999999,
    88.694,
    92.81800000000001,
    94.30399999999999,
    91.29600000000002,
    94.81000000000002,
    92.30499999999999,
    90.796,
    94.81299999999999,
    93.821,
    92.322,
    95.33400000000002,
    93.81400000000001,
    90.824,
    93.27699999999997,
    92.82300000000002,
    95.318,
    97.815,
    92.311,
    93.29999999999998,
    85.03099999999995,
    91.264,
    94.32500000000002,
    94.30900000000001,
    92.32300000000001,
    90.82000000000001,
    92.82600000000001,
    91.83200000000002,
    92.27499999999999,
    93.31599999999999,
    93.329,
    95.313,
    92.321,
    94.80400000000002,
    92.80699999999999,
    93.30500000000002,
    95.32500000000002,
    95.30199999999999,
    94.317,
    95.30900000000001,
    94.32600000000001,
    94.297,
    93.82400000000003,
    96.31,
    90.31,
    94.826,
    92.83200000000001,
    92.82900000000001,
    92.81899999999999,
    94.305,
    95.30300000000001,
    93.28699999999999,
    93.82300000000001,
    90.32000000000002,
    96.273,
    95.312,
    92.832,
    95.826,
    95.329,
    91.29,
    91.31300000000002,
    95.81699999999998,
    93.816,
    94.315,
    92.825,
    94.827,
    96.79499999999999,
    94.824,
    94.296,
    89.81,
    94.80099999999999,
    93.825,
    95.32100000000001,
    92.81199999999998,
    95.81800000000001,
    91.80699999999999,
    95.32900000000001,
    87.30199999999999,
    91.808,
    94.80300000000001,
    95.81900000000002,
    94.80799999999999,
    94.313,
    93.30499999999998,
    96.82600000000002,
    95.304,
    93.80800000000002,
    95.82100000000001,
    93.82300000000001,
    93.314,
    96.811,
    94.33400000000003,
    94.31400000000002,
    95.818,
    95.825,
    97.825,
    94.81,
    96.31500000000001,
    94.83800000000001,
    95.32200000000002,
    93.831,
    95.33000000000001,
    92.80900000000001,
    95.319,
    95.319,
    93.31300000000002,
    91.324,
    91.33500000000001,
    94.32300000000001,
    94.332,
    93.33500000000001,
    95.29099999999998,
    94.83400000000002,
    91.31800000000001,
    91.81499999999998,
    93.306,
    94.77300000000001,
    95.814,
    93.82300000000001,
    91.32000000000002,
    94.81500000000003,
    93.31,
    95.316,
    92.83300000000001,
    91.308,
    93.82200000000002,
    95.299,
    92.816,
    94.81599999999999,
    90.785,
    97.30999999999999,
    91.814,
    94.81300000000002,
    94.816,
    96.29599999999999,
    89.80499999999999,
    94.81099999999999,
    94.82900000000001,
    94.31000000000002,
    96.314,
    92.799,
    94.816,
    92.328,
    95.82100000000001,
    95.316,
    94.321,
    94.82500000000002,
    95.31899999999999,
    95.82000000000001,
    94.821,
    93.304,
    93.82000000000002,
    94.31400000000001,
    90.309,
    91.814,
    94.309,
    94.31700000000001,
    91.818,
    96.31000000000002,
    94.80900000000001,
    94.32200000000002,
    93.82300000000001,
    96.32300000000002,
    93.801,
    94.811,
    94.30700000000002,
    94.31800000000001,
    92.82500000000002,
    91.31000000000002,
    96.295,
    95.81899999999999,
    93.31300000000002,
    92.328,
    93.813,
    89.88500000000002,
    89.326,
    96.32500000000002,
    92.32000000000001,
    90.312,
    92.31700000000001,
    94.312,
    94.80900000000001,
    93.80599999999998,
    91.821,
    91.808,
    97.257,
    93.819,
    94.292,
    93.319,
    93.807,
    93.32300000000001,
    95.81200000000001,
    93.31400000000001,
    95.812,
    93.31800000000001,
    91.31300000000002,
    92.81500000000001,
    92.77000000000001,
    95.80600000000001,
    91.32100000000001,
    91.31499999999998,
    95.299,
    93.32300000000001,
    93.82000000000002,
    91.814,
    92.828,
    96.31500000000001,
    96.82300000000001,
