{
  "complexity": 1,
  "alpha": 0.1,
  "gamma": 0.85,
  "epsilon": 0.2,
  "extra_passages": 6,
  "avg_rewards": [
    -216.1159999999989,
    29.39599999999976,
    54.30899999999997,
    50.75300000000063,
    68.29299999999988,
    69.91099999999999,
    75.08299999999994,
    67.08600000000027,
    57.317999999999486,
    61.32100000000048,
    83.36100000000002,
    59.64799999999966,
    82.44099999999997,
    89.34999999999997,
    85.24799999999999,
    92.786,
    83.83299999999997,
    79.70100000000002,
    91.21300000000001,
    90.32599999999998,
    91.829,
    89.66999999999999,
    88.41900000000004,
    83.86100000000002,
    91.73599999999999,
    84.68000000000004,
    82.96000000000012,
    93.34199999999998,
    93.01999999999998,
    95.11200000000001,
    95.15800000000004,
    92.194,
    82.17000000000002,
    90.872,
    88.67599999999999,
    92.11200000000001,
    88.14000000000001,
    93.75500000000001,
    97.78900000000002,
    93.095,
    95.112,
    89.853,
    91.43399999999997,
    92.042,
    93.449,
    93.524,
    88.02800000000005,
    84.37199999999973,
    95.181,
    94.535,
    82.6529999999998,
    96.39500000000001,
    96.64,
    97.595,
    92.95500000000001,
    91.88999999999999,
    96.001,
    92.52499999999998,
    93.34,
    97.011,
    90.09099999999998,
    86.441,
    96.898,
    77.43499999999982,
    90.75200000000001,
    85.015,
    93.87200000000001,
    79.28399999999972,
    83.54099999999971,
    93.264,
    94.309,
    94.80699999999996,
    94.89199999999998,
    94.93699999999997,
    95.31900000000002,
    85.28199999999974,
    97.71300000000001,
    97.00399999999999,
    93.02200000000002,
    96.54999999999998,
    94.94500000000001,
    91.16999999999997,
    92.19600000000005,
    90.667,
    94.365,
    95.05699999999997,
    95.24699999999996,
    95.23100000000001,
    93.58600000000003,
    94.79599999999996,
    95.19300000000001,
    95.909,
    97.42699999999999,
    96.25300000000001,
    91.63099999999994,
    88.97,
    98.155,
    95.467,
    94.95599999999999,
    95.681,
    97.135,
    96.81099999999999,
    95.756,
    95.72200000000001,
    97.25200000000001,
    95.239,
    96.61,
    94.42699999999999,
    96.286,
    93.223,
    95.30600000000001,
    97.30699999999999,
    95.77099999999999,
    97.72800000000001,
    95.80199999999999,
    96.80699999999999,
    98.348,
    95.809,
    97.75299999999999,
    96.26,
    97.30100000000002,
    96.303,
    96.791,
    97.31700000000001,
    98.74699999999999,
    98.797,
    95.77,
    96.84100000000001,
    94.07499999999999,
    96.304,
    98.82400000000001,
    97.226,
    97.33400000000002,
    96.331,
    98.84199999999998,
    97.33600000000001,
    96.853,
    97.86800000000001,
    98.30199999999999,
    96.849,
    98.34900000000002,
    96.348,
    98.365,
    96.352,
    95.374,
    96.85600000000001,
    97.277,
    97.341,
    98.331,
    98.85499999999999,
    99.868,
    95.35600000000001,
    96.861,
    95.87100000000001,
    98.87,
    98.363,
    97.368,
    96.86699999999999,
    97.37,
    96.844,
    97.869,
    95.372,
    98.867,
    96.85900000000001,
    95.857,
    96.865,
    97.869,
    98.355,
    98.35600000000001,
    96.858,
    98.372,
    97.851,
    97.85900000000001,
    98.364,
    97.363,
    97.865,
    97.36100000000002,
    99.361,
    96.85900000000001,
    97.873,
    97.365,
    94.353,
    97.35499999999999,
    96.855,
    96.874,
    98.366,
    98.87,
    95.86600000000001,
    96.87,
    97.874,
    97.861,
    98.367,
    96.359,
    96.36600000000001,
    96.873,
    96.86300000000001,
    93.86699999999999,
    95.869,
    96.371,
    96.875,
    98.364,
    98.86800000000001,
    97.367,
    96.36800000000001,
    98.369,
    96.37100000000001,
    98.86999999999999,
    97.362,
    96.86699999999999,
    95.852,
    96.867,
    98.36099999999999,
    96.35300000000001,
    99.36800000000001,
    97.378,
    95.87,
    95.845,
    95.855,
    98.869,
    95.35799999999999,
    96.355,
    98.37,
    97.876,
    97.35600000000001,
    99.374,
    94.857,
    96.36300000000001,
    98.363,
    97.85900000000001,
    97.36800000000001,
    98.86600000000001,
    97.872,
    98.373,
    98.37100000000001,
    95.80000000000001,
    97.36,
    98.36,
    98.86800000000001,
    97.873,
    95.872,
    94.85900000000001,
    93.857,
    94.352,
    96.872,
    98.857,
    94.35600000000002,
    95.35,
    96.877,
    98.36600000000001,
    96.845,
    96.86,
    97.873,
    95.37100000000001,
    96.36300000000001,
    97.37100000000001,
    97.855,
    97.36,
    98.361,
    96.862,
    94.857,
    95.366,
    96.364,
    98.37,
    95.851,
    95.872,
    97.36499999999998,
    99.366,
    96.36800000000001,
    97.864,
    95.373,
    95.375,
    95.877,
    98.36200000000001,
    94.86,
    97.361,
    97.36099999999999,
    97.373,
    96.36100000000002,
    96.85900000000001,
    97.86500000000001,
    93.362,
    96.857,
    95.86,
    97.868,
    97.86600000000001,
    96.362,
    97.36600000000001,
    95.36500000000001,
    97.34700000000001,
    98.35,
    97.36600000000001,
    96.37100000000001,
    96.868,
    96.364,
    97.861,
    97.364,
    98.363,
    98.35600000000001,
    98.368,
    98.86800000000001,
    96.85300000000001,
    97.851,
    96.863,
    97.37,
    96.87100000000001,
    98.37,
    93.854,
    96.85900000000001,
    97.34400000000001,
    99.364,
    97.361,
    99.348,
    98.859,
    99.357,
    97.35900000000001,
    98.862,
    97.86300000000001,
    97.877,
    99.36600000000001,
    97.372,
    97.873,
    96.34500000000001,
    97.866,
    97.86800000000001,
    98.858,
    96.359,
    96.86600000000001,
    97.36300000000001,
    97.868,
    96.355,
    97.36,
    96.858,
    98.359,
    97.352,
    97.86800000000001,
    97.34800000000001,
    96.871,
    96.36,
    98.87,
    97.857,
    99.36999999999999,
    98.37100000000001,
    94.867,
    97.87100000000001,
    96.36500000000001,
    98.36,
    96.84,
    96.374,
    96.367,
    95.861,
    98.364,
    99.36,
    96.863,
    97.362,
    98.374,
    96.85600000000001,
    97.283,
    96.35100000000001,
    95.37100000000001,
    95.87100000000001,
    97.85300000000001,
    98.86500000000001,
    97.86,
    96.85300000000001,
    94.872,
    97.36300000000001,
    97.86,
    97.85400000000001,
    97.86600000000001,
    98.35900000000001,
    96.857,
    97.35700000000001,
    97.86600000000001,
    97.876,
    95.863,
    96.355,
    98.369,
    98.86699999999999,
    96.85100000000001,
    98.876,
    94.362,
    96.873,
    97.87100000000001,
    97.37,
    98.85799999999999,
    98.374,
    96.362,
    98.866,
    97.373,
    92.84200000000001,
    97.864,
    98.375,
    97.38,
    96.36699999999999,
    96.86300000000001,
    99.386,
    97.35400000000001,
    97.861,
    96.372,
    98.35700000000001,
    97.369,
    96.876,
    96.87100000000001,
    95.864,
    97.86800000000001,
    97.86600000000001,
    98.85600000000001,
    96.361,
    96.361,
    95.83300000000001,
    97.364,
    98.37100000000001,
    97.85300000000001,
    98.85400000000001,
    97.874,
    97.37,
    97.383,
    98.36800000000001,
    97.35,
    97.868,
    98.864,
    95.862,
    96.87100000000001,
    95.35400000000001,
    98.864,
    95.86800000000001,
    98.367,
    95.865,
    98.848,
    97.86,
    98.867,
    97.86699999999999,
    97.87100000000001,
    94.86300000000001,
    96.859,
    94.86600000000001,
    96.861,
    96.861,
    95.876,
    97.877,
    96.862,
    94.85900000000001,
    98.88199999999999,
    96.86500000000001,
    98.364,
    97.35900000000001,
    96.36299999999999,
    96.86,
    95.858,
    97.35499999999999,
    96.861,
    96.856,
    96.86999999999999,
    97.85500000000002,
    97.33600000000001,
    98.86099999999999,
    98.361,
    96.857,
    96.872,
    98.345,
    97.863,
    98.369,
    97.85,
    97.363,
    98.877,
