{
  "complexity": 9,
  "alpha": 0.1,
  "gamma": 0.9,
  "epsilon": 0.2,
  "extra_passages": 6,
  "avg_rewards": [
    -407.6799999999979,
    -212.11999999999415,
    -62.52799999999733,
    -48.277999999996254,
    30.22900000000059,
    46.43400000000007,
    28.881999999999653,
    58.34799999999981,
    74.54699999999983,
    -84.09999999997572,
    2.98100000000544,
    33.37599999999969,
    20.56200000000087,
    -340.9740000007301,
    34.435000000000805,
    50.51000000000004,
    30.94800000000155,
    24.978000000003668,
    54.04399999999954,
    18.3140000000071,
    13.06000000001173,
    82.57200000000017,
    63.20299999999952,
    62.9139999999998,
    4.509000000008579,
    -123.71899999996886,
    43.55899999999972,
    68.08199999999982,
    62.8100000000007,
    79.67800000000003,
    64.53999999999985,
    65.13399999999942,
    -42.373999999984626,
    9.974000000004054,
    18.451000000002427,
    35.91300000000618,
    41.269000000000254,
    39.872999999999436,
    76.50299999999996,
    -16.49399999998719,
    77.53000000000007,
    -87.71199999996477,
    82.27799999999999,
    66.45600000000108,
    51.54800000000108,
    38.030000000004875,
    61.95099999999945,
    45.58900000000118,
    -140.7259999999619,
    70.84100000000005,
    -28.381999999982988,
    71.52399999999952,
    74.93199999999997,
    71.23899999999966,
    68.6449999999999,
    15.740000000004267,
    39.717000000000084,
    -66.57599999998112,
    5.425000000008919,
    45.76999999999991,
    79.97299999999989,
    83.34799999999993,
    62.42399999999958,
    45.9949999999992,
    80.88999999999987,
    54.01999999999972,
    47.908000000000754,
    -357.33000000122433,
    -17.285999999986547,
    82.632,
    27.520000000005712,
    41.07100000000303,
    -442.04400000163986,
    90.679,
    82.66799999999958,
    47.066000000002404,
    67.11999999999989,
    84.6319999999998,
    83.48199999999997,
    53.149999999999785,
    59.30600000000088,
    -116.5179999999655,
    47.44900000000175,
    74.91099999999963,
    61.53399999999876,
    37.921000000003446,
    67.83199999999961,
    88.83099999999999,
    93.506,
    -30.954999999978593,
    21.83700000000929,
    58.10099999999886,
    -12.777999999985695,
    83.28500000000001,
    74.01599999999992,
    65.62600000000172,
    48.04300000000487,
    46.36700000000552,
    72.68299999999978,
    57.567000000001244,
    10.697000000012636,
    -5070.267000037341,
    65.31400000000164,
    -1161.752000005506,
    -659.3850000027641,
    42.08000000000784,
    72.95199999999997,
    87.02400000000004,
    -1188.305000005414,
    -152.0180000000686,
    50.55100000000239,
    51.972000000005416,
    -40.07099999997681,
    -376.22900000124093,
    45.935000000004514,
    -5.805999999985572,
    -187.5510000001156,
    27.6500000000079,
    78.7490000000002,
    59.27800000000499,
    88.67299999999999,
    -540.407000002228,
    12.004000000011956,
    40.3140000000069,
    84.29399999999991,
    96.59600000000002,
    88.999,
    -664.3170000028779,
    86.17499999999998,
    88.537,
    89.90599999999999,
    -18.43099999997749,
    53.70700000000479,
    28.492000000008055,
    88.35800000000008,
    91.224,
    84.83399999999982,
    92.897,
    71.25200000000055,
    91.59400000000001,
    81.95699999999985,
    90.053,
    90.91399999999999,
    90.83799999999998,
    91.74600000000001,
    94.224,
    92.862,
    94.176,
    93.51700000000001,
    91.875,
    88.51000000000006,
    92.34600000000002,
    91.17500000000001,
    94.248,
    91.02900000000001,
    92.61099999999996,
    90.67499999999998,
    92.88999999999999,
    91.179,
    92.19699999999995,
    92.19400000000003,
    96.343,
    93.44200000000001,
    92.31099999999999,
    91.50600000000001,
    86.872,
    79.71000000000029,
    54.23600000000474,
    86.722,
    94.758,
    86.45199999999986,
    95.721,
    85.873,
    97.614,
    93.35399999999998,
    86.16999999999993,
    91.82900000000004,
    86.36299999999974,
    65.25800000000179,
    -25.719999999975556,
    69.94400000000017,
    95.81200000000001,
    90.8720000000001,
    89.37700000000005,
    90.2830000000001,
    35.85700000000888,
    66.97100000000262,
    81.52499999999934,
    68.67500000000263,
    74.61200000000028,
    68.97600000000196,
    92.38900000000001,
    80.76299999999945,
    95.249,
    71.5180000000017,
    95.333,
    86.11900000000016,
    74.60700000000006,
    64.85200000000364,
    95.744,
    92.61499999999998,
    87.28699999999978,
    82.47599999999986,
    20.33100000001206,
    81.34499999999957,
    92.28100000000002,
    95.186,
    93.40999999999995,
    91.70600000000002,
    92.65699999999997,
    95.019,
    91.03299999999999,
    95.403,
    92.42700000000002,
    96.10000000000001,
    94.12199999999999,
    93.73600000000002,
    95.83100000000002,
    90.90099999999998,
    87.893,
    89.74800000000002,
    92.554,
    93.313,
    94.62400000000001,
    91.609,
    96.191,
    92.076,
    91.40700000000001,
    93.71000000000001,
    95.76,
    96.289,
    97.66600000000001,
    90.89899999999999,
    95.76400000000001,
    93.6,
    92.777,
    94.61700000000002,
    95.32900000000001,
    92.97199999999997,
    92.462,
    92.16299999999998,
    91.72700000000002,
    85.73399999999997,
    94.263,
    93.774,
    87.96400000000003,
    94.88400000000001,
    91.53600000000002,
    94.26500000000001,
    91.76199999999999,
    92.05199999999999,
    92.41000000000001,
    96.03100000000002,
    90.09400000000005,
    97.796,
    91.78599999999999,
    95.749,
    93.96899999999998,
    95.16099999999999,
    94.50299999999997,
    94.77400000000002,
    96.23200000000001,
    95.91400000000002,
    93.52799999999999,
    93.22800000000002,
    91.78400000000002,
    92.733,
    89.22100000000003,
    92.67800000000003,
    97.32,
    90.862,
    95.06700000000001,
    90.04299999999999,
    93.737,
    94.083,
    94.23999999999995,
    93.19399999999999,
    93.532,
    94.58400000000002,
    90.657,
    88.679,
    95.295,
    91.44800000000001,
    93.151,
    92.03500000000001,
    93.73499999999999,
    93.662,
    94.28699999999995,
    96.28800000000001,
    93.19299999999998,
    92.298,
    96.80900000000001,
    95.809,
    94.29000000000003,
    91.771,
    93.25900000000003,
    94.15700000000001,
    92.94300000000001,
    94.751,
    93.766,
    93.73999999999998,
    97.322,
    94.758,
    93.78599999999999,
    96.79800000000003,
    93.20300000000002,
    94.318,
    94.81800000000001,
    91.80799999999999,
    93.316,
    93.292,
    96.81300000000002,
    93.30100000000002,
    95.287,
    93.276,
    96.293,
    92.75700000000002,
    92.73999999999998,
    95.81499999999998,
    97.82000000000001,
    94.828,
    96.313,
    95.82000000000002,
    94.83000000000001,
    95.80999999999999,
    93.81400000000001,
    94.305,
    93.30499999999999,
    94.82200000000002,
    94.325,
    94.81499999999998,
    90.802,
    95.316,
    93.31899999999999,
    95.30799999999999,
    91.81700000000001,
    95.81800000000001,
    94.801,
    91.311,
    95.82199999999999,
    90.80199999999999,
    94.299,
    97.3,
    97.31300000000002,
    94.8,
    94.251,
    94.31799999999998,
    95.283,
    88.57100000000007,
    95.54600000000002,
    93.65499999999993,
    94.10500000000002,
    95.30600000000001,
    92.77000000000002,
    91.804,
    95.31900000000002,
    90.302,
    94.72300000000001,
    90.779,
    97.29799999999999,
    93.782,
    93.20400000000001,
    96.292,
    96.81200000000001,
    97.816,
    89.821,
    97.30000000000001,
    92.8,
    97.82,
    95.29400000000001,
    93.277,
    93.813,
    94.811,
    93.78,
    95.256,
    89.28099999999999,
    93.28200000000001,
    95.811,
    95.285,
    95.31899999999999,
    95.309,
    91.29599999999999,
    90.78299999999999,
    97.312,
    95.28699999999999,
    96.96400000000001,
    93.366,
    97.298,
