{
  "complexity": 1,
  "alpha": 0.1,
  "gamma": 0.9,
  "epsilon": 0.2,
  "extra_passages": 2,
  "avg_rewards": [
    -40.133,
    66.89999999999998,
    69.90599999999998,
    79.47999999999999,
    89.861,
    90.89999999999998,
    97.588,
    93.02400000000002,
    93.94700000000002,
    89.92899999999997,
    86.46599999999998,
    95.60999999999999,
    98.28999999999999,
    96.76,
    97.275,
    95.80799999999999,
    95.35,
    96.343,
    97.793,
    95.083,
    94.171,
    97.339,
    98.79100000000001,
    96.39200000000001,
    94.797,
    96.32100000000001,
    97.30400000000002,
    99.401,
    99.397,
    94.11700000000003,
    98.87199999999999,
    96.894,
    96.38699999999999,
    97.38300000000001,
    97.12999999999998,
    97.85399999999998,
    99.411,
    95.4,
    98.90799999999999,
    95.88799999999999,
    95.39399999999998,
    94.91199999999999,
    96.41799999999998,
    98.91,
    96.91,
    98.402,
    98.90299999999999,
    97.89899999999999,
    97.91799999999999,
    97.40899999999999,
    99.419,
    97.90599999999999,
    98.91799999999999,
    97.412,
    97.40799999999999,
    98.91099999999999,
    93.91400000000002,
    98.905,
    97.419,
    97.90900000000002,
    98.405,
    98.91399999999999,
    94.90599999999999,
    97.91099999999999,
    97.901,
    99.41099999999999,
    98.917,
    97.41799999999999,
    96.915,
    98.92399999999999,
    97.90799999999999,
    97.924,
    97.92,
    98.42,
    99.418,
    96.90799999999999,
    98.417,
    96.92300000000003,
    98.90599999999999,
    98.417,
    98.909,
    98.407,
    97.412,
    98.41099999999999,
    98.417,
    97.91600000000001,
    98.893,
    98.40799999999999,
    97.92,
    98.42200000000003,
    98.902,
    96.40599999999998,
    97.917,
    97.41199999999999,
    98.912,
    97.425,
    97.416,
    98.404,
    99.917,
    98.408,
    98.41000000000001,
    97.405,
    97.412,
    97.905,
    98.41500000000003,
    98.91799999999998,
    98.42300000000002,
    99.42100000000002,
    99.42,
    99.41899999999998,
    98.415,
    97.898,
    98.412,
    99.411,
    97.417,
    98.926,
    99.425,
    97.91299999999998,
    98.91799999999999,
    97.92099999999999,
    98.91799999999999,
    98.91100000000002,
    96.91399999999999,
    98.914,
    95.91,
    98.41799999999998,
    98.905,
    97.40200000000002,
    98.41900000000001,
    97.91299999999998,
    96.41100000000002,
    97.41600000000001,
    97.41499999999999,
    98.41300000000001,
    98.412,
    99.90700000000001,
    99.913,
    98.41699999999999,
    97.915,
    96.911,
    97.419,
    98.40299999999999,
    98.41499999999999,
    97.418,
    96.91099999999999,
    97.42,
    98.91799999999999,
    99.42,
    98.91299999999998,
    98.91499999999999,
    98.408,
    98.406,
    99.413,
    98.92199999999998,
    96.91,
    96.919,
    96.41699999999999,
    98.412,
    97.41199999999999,
    97.405,
    98.425,
    97.90899999999999,
    99.42099999999998,
    97.91399999999999,
    96.92299999999999,
    97.40700000000001,
    96.411,
    98.41,
    97.91,
    96.88099999999999,
    98.40799999999999,
    98.417,
    97.404,
    97.91499999999999,
    97.90799999999999,
    97.90900000000002,
    98.41499999999999,
    97.91099999999999,
    98.40500000000002,
    98.419,
    98.91199999999998,
    97.91600000000001,
    97.915,
    99.418,
    99.41399999999999,
    98.405,
    97.41799999999998,
    97.91,
    97.915,
    98.41600000000001,
    96.923,
    97.91300000000001,
    97.90699999999998,
    98.418,
    95.91199999999999,
    98.41100000000002,
    96.422,
    98.917,
    97.922,
    96.922,
    97.91799999999999,
    98.42,
    98.41799999999998,
    98.40099999999998,
    97.91899999999998,
    96.39500000000001,
    97.41899999999998,
    96.913,
    98.906,
    98.40900000000002,
    98.411,
    98.91499999999999,
    98.91599999999998,
    98.40799999999999,
    98.41499999999999,
    97.40799999999999,
    97.917,
    98.91,
    98.418,
    98.91700000000002,
    98.907,
    96.42200000000001,
    98.40299999999999,
    98.423,
    98.41199999999999,
    97.41699999999999,
    97.41900000000001,
    98.91399999999999,
    98.41400000000002,
    97.923,
    97.90599999999999,
    97.41799999999999,
    96.89899999999999,
    98.42600000000002,
    98.90899999999999,
    96.91599999999998,
    99.41400000000002,
    96.922,
    97.904,
    98.90199999999999,
    96.925,
    97.904,
    96.917,
    98.92099999999998,
    95.41199999999999,
    98.413,
    94.91400000000002,
    95.91699999999999,
    97.91299999999998,
    96.91000000000001,
    96.91499999999999,
    98.90799999999999,
    96.417,
    96.152,
    99.422,
    99.405,
    97.41599999999998,
    97.91399999999999,
    97.414,
    97.905,
    97.424,
    98.416,
    98.89599999999999,
    98.91699999999999,
    97.908,
    96.915,
    98.916,
    96.905,
    98.42199999999998,
    98.41099999999999,
    97.90599999999998,
    98.41000000000001,
    96.90799999999999,
    97.91300000000001,
    96.41,
    99.378,
    99.41299999999998,
    97.913,
    97.91999999999999,
    97.419,
    97.90799999999999,
    98.909,
    96.91,
    96.405,
    99.41400000000002,
    96.901,
    97.41600000000001,
    97.915,
    97.91900000000001,
    97.922,
    97.41499999999999,
    98.40799999999999,
    99.40599999999998,
    99.41600000000001,
    97.91999999999999,
    97.90799999999999,
    97.913,
    97.405,
    96.41099999999999,
    97.40799999999999,
    98.91600000000001,
    97.405,
    97.90900000000002,
    98.915,
    98.405,
    97.91999999999999,
    97.90900000000002,
    96.92400000000002,
    97.90899999999999,
    97.90900000000002,
    97.90899999999998,
    96.402,
    97.90599999999999,
    98.42000000000002,
    96.91299999999998,
    96.924,
    98.41600000000001,
    96.91299999999998,
    98.40899999999999,
    97.41100000000002,
    97.92,
    98.41599999999998,
    97.414,
    98.91300000000001,
    99.41099999999997,
    99.91499999999999,
    94.411,
    99.417,
    98.41400000000002,
    98.90899999999999,
    97.91599999999998,
    97.91500000000002,
    97.913,
    97.405,
    97.91099999999999,
    98.41699999999999,
    96.91999999999999,
    98.42300000000002,
    96.407,
    98.408,
    98.41600000000001,
    99.41099999999999,
    99.419,
    96.91199999999999,
    98.41899999999998,
    96.901,
    97.91799999999999,
    98.41,
    98.918,
    98.90899999999999,
    99.41299999999998,
    98.92,
    97.91399999999999,
    98.42200000000001,
    97.905,
    96.91499999999999,
    97.40799999999999,
    98.41699999999999,
    96.91199999999999,
    96.91299999999998,
    98.41,
    97.412,
    97.40899999999999,
    96.912,
    99.4,
    97.917,
    98.92000000000002,
    99.41400000000002,
    96.891,
    98.91799999999998,
    98.414,
    99.922,
    98.40799999999999,
    98.413,
    98.412,
    99.42099999999998,
    98.909,
    96.40599999999999,
    98.41299999999998,
    97.91999999999999,
    98.905,
    97.92,
    98.405,
    97.41999999999999,
    97.42099999999999,
    98.91699999999999,
    98.91,
    98.41,
    98.417,
    98.41799999999998,
    98.41799999999999,
    99.41199999999999,
    97.914,
    98.41999999999999,
    97.422,
    98.412,
    96.912,
    97.41299999999998,
    97.905,
    98.417,
    96.407,
    98.91,
    97.926,
    97.399,
    97.915,
    98.91399999999999,
    99.40499999999999,
    98.41299999999998,
    99.40599999999999,
    95.89999999999998,
    97.91099999999999,
    95.91699999999999,
    95.405,
    98.40900000000002,
    98.41900000000001,
    98.91599999999998,
    96.403,
    98.40899999999999,
    98.918,
    98.42099999999999,
    97.91499999999999,
    96.90399999999998,
    98.41600000000001,
    97.91499999999999,
    96.914,
    96.41800000000002,
    98.91,
    96.416,
    98.90299999999999,
    96.899,
    98.42100000000002,
    97.91399999999999,
    96.39399999999999,
    96.413,
    98.417,
