{
  "complexity": 0,
  "alpha": 0.2,
  "gamma": 0.95,
  "epsilon": 0.2,
  "extra_passages": 15,
  "avg_rewards": [
    -464.7519999999977,
    9.550999999999956,
    49.72100000000002,
    53.83099999999994,
    51.457000000000036,
    70.89999999999993,
    57.30699999999981,
    65.95799999999997,
    70.552,
    59.82799999999973,
    70.33599999999997,
    63.25799999999987,
    77.66999999999997,
    53.111000000000026,
    69.5509999999999,
    68.19199999999995,
    79.05899999999997,
    81.50200000000001,
    81.91300000000004,
    77.74599999999995,
    70.6469999999999,
    84.271,
    81.49299999999997,
    79.50800000000001,
    90.29799999999999,
    82.119,
    83.34499999999996,
    85.186,
    87.37399999999998,
    94.46000000000001,
    87.67299999999999,
    90.668,
    85.42499999999998,
    88.81299999999999,
    89.32299999999998,
    90.58099999999999,
    90.94500000000001,
    90.81899999999999,
    83.393,
    85.40499999999996,
    85.18499999999997,
    85.729,
    94.86200000000001,
    84.60899999999998,
    89.349,
    91.84299999999999,
    95.543,
    89.62100000000001,
    92.59100000000001,
    92.971,
    89.60000000000005,
    90.24599999999998,
    94.44300000000001,
    89.86600000000001,
    91.33800000000001,
    94.97999999999999,
    90.78999999999999,
    93.19399999999999,
    94.39399999999999,
    91.246,
    96.33800000000002,
    90.82799999999997,
    92.076,
    93.494,
    92.64500000000001,
    84.33899999999997,
    92.53100000000002,
    92.832,
    95.737,
    91.186,
    91.608,
    96.118,
    92.603,
    94.11699999999999,
    93.21700000000001,
    89.49799999999992,
    93.154,
    94.02699999999999,
    95.13699999999999,
    94.13,
    94.538,
    91.69800000000001,
    92.15800000000002,
    92.043,
    93.72,
    95.249,
    95.663,
    95.803,
    94.161,
    95.617,
    93.793,
    96.198,
    95.648,
    90.31300000000002,
    95.72500000000002,
    91.77899999999997,
    97.75,
    95.768,
    92.96600000000001,
    95.244,
    96.263,
    95.739,
    96.264,
    98.294,
    96.79200000000002,
    95.79400000000001,
    95.277,
    96.275,
    94.795,
    92.25000000000001,
    96.78,
    94.305,
    97.29100000000001,
    97.322,
    95.29700000000001,
    95.29699999999998,
    96.26500000000001,
    95.29199999999999,
    95.253,
    96.80300000000003,
    96.783,
    95.82300000000001,
    94.82400000000001,
    96.31500000000001,
    96.82900000000002,
    93.78800000000001,
    96.32400000000001,
    96.816,
    91.82,
    98.32300000000001,
    94.81800000000001,
    95.80599999999998,
    94.797,
    93.80199999999999,
    95.78200000000001,
    96.321,
    94.82500000000002,
    96.316,
    97.82000000000001,
    95.806,
    96.33200000000002,
    95.805,
    94.315,
    90.81599999999999,
    97.31400000000001,
    97.322,
    94.30999999999999,
    94.83200000000002,
    95.81899999999999,
    95.80699999999999,
    95.81299999999999,
    99.314,
    97.81800000000001,
    97.3,
    92.80499999999999,
    95.319,
    96.79800000000002,
    92.79400000000001,
    96.325,
    95.292,
    94.828,
    95.282,
    91.295,
    96.309,
    97.32600000000001,
    95.80799999999999,
    97.32300000000001,
    96.805,
    96.82100000000001,
    95.82300000000001,
    97.80900000000001,
    96.82700000000001,
    94.81300000000002,
    95.823,
    97.31499999999998,
    97.821,
    94.30499999999998,
    95.30300000000001,
    95.815,
    96.319,
    96.31700000000001,
    96.31699999999998,
    94.31000000000002,
    95.808,
    96.30399999999999,
    93.82799999999999,
    96.826,
    96.319,
    94.81299999999999,
    96.306,
    95.818,
    95.325,
    93.812,
    94.822,
    93.303,
    95.30199999999999,
    94.31,
    99.31099999999999,
    97.82000000000002,
    95.828,
    96.811,
    94.81300000000002,
    92.82600000000002,
    95.825,
    96.814,
    91.83000000000001,
    96.31,
    96.314,
    95.808,
    96.821,
    95.82600000000001,
    98.32200000000002,
    96.80800000000002,
    95.81599999999999,
    99.312,
    97.32300000000001,
    94.804,
    97.311,
    93.79800000000002,
    92.81199999999998,
    96.80300000000001,
    96.809,
    95.833,
    96.82300000000001,
    95.806,
    95.82000000000001,
    94.81500000000001,
    94.81500000000001,
    94.82400000000001,
    95.32600000000001,
    95.31899999999999,
    96.315,
    93.30999999999999,
    96.304,
    97.303,
    94.819,
    94.81099999999999,
    97.307,
    94.315,
    96.298,
    95.80699999999999,
    97.328,
    95.297,
    95.32400000000003,
    90.82000000000002,
    95.307,
    95.32,
    96.83500000000001,
    96.32900000000001,
    95.823,
    94.32300000000001,
    92.80199999999999,
    95.32000000000001,
    95.813,
    94.805,
    93.298,
    93.313,
    96.312,
    98.311,
    95.81700000000001,
    97.31500000000001,
    96.80199999999999,
    93.80300000000001,
    96.30600000000001,
    94.31,
    95.80000000000001,
    95.821,
    96.32700000000001,
    94.815,
    96.317,
    94.308,
    96.808,
    95.30800000000002,
    96.8,
    96.30499999999999,
    96.80000000000001,
    95.312,
    94.316,
    94.333,
    96.30799999999999,
    95.304,
    96.30999999999997,
    96.33400000000002,
    95.31500000000001,
    94.30700000000002,
    92.31200000000001,
    93.82300000000001,
    95.815,
    94.311,
    95.821,
    97.32300000000001,
    98.832,
    95.814,
    95.80399999999999,
    95.321,
    93.798,
    95.81800000000001,
    94.30900000000001,
    92.81,
    96.333,
    95.82300000000001,
    96.33000000000001,
    95.81400000000001,
    94.806,
    97.322,
    94.811,
    95.31700000000001,
    92.31100000000002,
    96.314,
    95.30000000000001,
    95.82300000000001,
    97.822,
    92.80300000000001,
    90.788,
    96.29499999999999,
    94.31199999999998,
    96.304,
    95.821,
    97.81700000000001,
    97.809,
    94.79500000000002,
    97.309,
    95.816,
    95.82000000000001,
    95.82300000000002,
    96.816,
    96.83000000000001,
    97.82000000000002,
    95.29999999999998,
    94.3,
    95.334,
    96.81200000000001,
    93.31,
    93.808,
    92.81299999999999,
    98.32300000000001,
    94.817,
    93.79299999999998,
    95.821,
    95.315,
    95.31700000000001,
    97.31199999999998,
    98.316,
    96.81500000000001,
    95.313,
    94.29699999999998,
    95.811,
    95.31800000000001,
    97.30999999999999,
    95.80499999999999,
    96.80499999999999,
    95.799,
    96.32300000000001,
    94.30699999999999,
    96.308,
    97.31700000000001,
    95.81400000000002,
    96.83100000000002,
    95.819,
    95.82500000000002,
    94.82100000000001,
    96.81400000000001,
    94.31800000000001,
    95.32600000000001,
    94.809,
    94.797,
    95.814,
    96.32000000000001,
    96.29999999999998,
    93.824,
    97.31500000000003,
    95.81000000000002,
    95.82100000000001,
    94.82200000000002,
    94.32499999999999,
    94.292,
    94.807,
    95.318,
    93.79400000000001,
    91.30300000000001,
    91.804,
    95.79100000000001,
    96.30999999999999,
    95.81500000000001,
    96.328,
    97.827,
    96.309,
    94.814,
    95.32100000000001,
    93.31500000000003,
    95.299,
    98.32199999999997,
    97.814,
    96.81700000000001,
    95.30699999999999,
    96.30300000000001,
    97.292,
    96.329,
    95.32500000000002,
    96.31900000000002,
    94.79299999999998,
    91.80800000000002,
    96.31800000000001,
    94.82300000000001,
    96.31400000000001,
    95.32700000000001,
    95.321,
    96.82900000000001,
    98.306,
    96.811,
    95.297,
    95.27400000000002,
    93.297,
    95.811,
    94.81700000000001,
    96.808,
    95.31300000000002,
    94.30099999999999,
    96.813,
    92.826,
    96.82000000000001,
    95.80199999999998,
    97.80499999999999,
    97.33300000000003,
    98.80900000000001,
    96.817,
    96.333,
    92.82100000000001,
    95.83600000000001,
    94.80699999999999,
    95.81700000000002,
