{
  "complexity": 5,
  "alpha": 0.2,
  "gamma": 0.85,
  "epsilon": 0.3,
  "extra_passages": 10,
  "avg_rewards": [
    -560.7549999999967,
    -241.61299999999173,
    0.1490000000012813,
    39.80899999999986,
    7.384000000000104,
    39.063000000000144,
    43.626000000000154,
    -130.2419999999904,
    18.598000000000557,
    50.015999999999906,
    1.929000000000697,
    35.996000000000244,
    4.209000000000268,
    -20.212999999997475,
    -30.085999999997483,
    8.931000000001575,
    16.511000000002305,
    8.930000000001552,
    5.370000000003311,
    39.66200000000117,
    36.71399999999984,
    53.81999999999973,
    54.713999999999906,
    52.4569999999998,
    50.76499999999969,
    70.00299999999996,
    30.622000000003776,
    75.19199999999998,
    47.19799999999951,
    2.317000000006119,
    6.123000000002791,
    55.26400000000005,
    54.225999999999864,
    37.91200000000039,
    77.44899999999998,
    47.81200000000063,
    74.72099999999995,
    68.93399999999977,
    64.14499999999981,
    -3.334999999997669,
    10.482000000005524,
    69.32999999999994,
    72.60199999999993,
    64.48000000000025,
    77.02999999999979,
    84.599,
    63.21100000000079,
    48.241000000000156,
    60.034000000000106,
    76.82600000000002,
    74.66599999999985,
    66.93399999999988,
    73.63599999999987,
    65.44699999999989,
    83.06399999999998,
    78.33199999999995,
    58.510999999999754,
    79.99700000000006,
    76.27000000000001,
    91.132,
    87.78799999999998,
    65.38299999999984,
    48.83300000000018,
    54.6620000000013,
    34.5240000000017,
    47.1520000000006,
    7.884000000006315,
    60.19100000000117,
    75.30999999999992,
    74.48699999999992,
    56.14000000000034,
    80.71899999999998,
    68.06200000000055,
    71.13899999999987,
    60.79200000000003,
    76.49999999999997,
    65.33900000000003,
    86.27700000000002,
    85.17100000000002,
    88.655,
    65.34599999999989,
    61.92399999999966,
    73.59900000000007,
    88.13700000000001,
    82.80199999999998,
    86.39199999999998,
    84.01800000000001,
    76.20500000000003,
    72.55399999999992,
    81.31299999999996,
    79.749,
    62.61599999999987,
    61.50600000000047,
    47.55900000000112,
    68.60699999999989,
    51.493000000000755,
    83.45799999999994,
    74.59600000000009,
    81.30700000000006,
    65.21199999999959,
    77.03900000000002,
    63.19100000000016,
    79.37300000000002,
    63.65499999999988,
    71.08399999999997,
    72.98899999999989,
    76.05899999999988,
    80.65099999999998,
    61.19499999999995,
    76.97999999999968,
    83.60400000000003,
    66.76700000000021,
    82.54200000000002,
    77.164,
    82.468,
    86.14800000000012,
    79.56599999999995,
    89.709,
    81.59200000000003,
    86.88199999999998,
    86.34699999999998,
    87.954,
    79.89799999999971,
    78.3959999999998,
    89.38900000000001,
    92.25199999999998,
    91.636,
    89.62100000000001,
    84.88999999999999,
    81.0889999999996,
    92.41399999999999,
    85.75899999999994,
    87.72200000000002,
    91.62200000000001,
    88.42599999999996,
    90.79399999999998,
    86.84299999999999,
    77.94500000000002,
    89.213,
    84.482,
    83.68900000000004,
    87.869,
    85.191,
    87.68599999999999,
    87.02099999999999,
    89.602,
    89.64500000000001,
    54.01500000000184,
    87.55000000000001,
    82.63600000000002,
    87.08100000000002,
    85.42699999999998,
    78.24099999999983,
    87.75699999999999,
    83.4130000000001,
    92.026,
    92.03799999999998,
    82.459,
    93.192,
    93.13499999999998,
    92.224,
    93.73799999999999,
    89.26200000000001,
    92.26,
    89.17500000000003,
    93.763,
    91.26699999999998,
    90.55799999999998,
    89.046,
    95.10300000000001,
    91.24199999999999,
    95.567,
    82.26599999999993,
    55.16900000000222,
    80.93300000000004,
    88.40299999999999,
    90.14500000000001,
    92.925,
    86.76299999999996,
    92.127,
    92.51699999999997,
    88.01399999999998,
    92.74300000000002,
    88.98000000000003,
    91.588,
    94.752,
    91.238,
    95.78999999999999,
    93.73800000000001,
    93.02,
    90.768,
    89.773,
    96.293,
    89.25800000000001,
    94.301,
    87.90700000000001,
    92.66499999999999,
    93.26599999999999,
    90.233,
    63.677000000000945,
    87.36899999999997,
    93.20400000000002,
    92.21699999999998,
    87.274,
    88.46899999999998,
    82.75200000000002,
    84.959,
    92.22200000000001,
    93.77200000000002,
    94.77199999999998,
    96.261,
    92.725,
    90.22999999999999,
    91.25899999999999,
    89.76499999999999,
    90.254,
    89.77799999999999,
    87.37900000000003,
    95.279,
    94.745,
    91.232,
    88.22900000000001,
    90.67800000000001,
    91.25,
    88.224,
    94.757,
    92.75099999999999,
    92.73899999999999,
    90.78,
    91.46799999999999,
    86.72,
    92.72200000000001,
    88.62900000000002,
    92.84599999999999,
    88.649,
    93.79,
    89.559,
    92.68100000000001,
    92.258,
    86.10499999999995,
    90.26099999999995,
    92.682,
    87.40100000000002,
    79.89999999999996,
    91.209,
    90.747,
    84.109,
    75.2780000000001,
    81.1659999999998,
    78.56399999999982,
    88.5440000000001,
    88.834,
    88.684,
    90.70300000000003,
    90.102,
    95.23800000000001,
    91.65,
    91.22500000000002,
    88.11699999999999,
    90.165,
    89.727,
    83.43999999999998,
    92.08500000000001,
    93.57100000000001,
    91.744,
    90.677,
    92.21300000000001,
    93.76,
    90.13500000000002,
    97.26199999999999,
    94.73299999999998,
    91.779,
    91.78399999999999,
    92.26700000000001,
    92.71000000000001,
    88.69100000000002,
    91.755,
    93.793,
    90.293,
    93.763,
    90.272,
    91.28300000000002,
    86.733,
    91.283,
    86.75399999999999,
    90.30299999999998,
    95.236,
    87.75700000000002,
    90.752,
    95.79299999999999,
    91.77799999999999,
    88.239,
    92.24799999999999,
    92.75699999999999,
    88.27099999999999,
    93.248,
    95.745,
    87.251,
    92.728,
    92.19399999999999,
    91.739,
    89.72899999999998,
    90.70700000000001,
    94.29999999999998,
    93.28600000000002,
    91.26299999999999,
    94.237,
    93.29299999999999,
    91.28099999999999,
    90.793,
    89.691,
    90.77700000000002,
    90.124,
    94.76599999999999,
    92.71900000000002,
    89.269,
    95.18999999999998,
    93.20299999999999,
    94.265,
    89.23800000000001,
    88.78200000000001,
    90.77300000000001,
    90.24600000000001,
    92.798,
    93.78500000000001,
    90.256,
    93.766,
    88.72100000000002,
    90.23499999999999,
    91.64399999999999,
    92.75099999999999,
    88.28900000000002,
    93.75,
    91.272,
    91.29400000000001,
    92.239,
    92.783,
    89.78400000000002,
    96.76799999999999,
    93.23499999999999,
    90.68699999999998,
    90.258,
    91.28200000000001,
    96.79399999999998,
    93.775,
    94.82300000000001,
    90.79400000000001,
    96.28800000000001,
    93.77499999999999,
    92.739,
    95.78500000000001,
    94.305,
    89.757,
    95.296,
    89.773,
    93.73799999999999,
    93.785,
    91.28800000000003,
    93.286,
    91.79400000000001,
    92.78,
    93.237,
    91.242,
    92.756,
    87.602,
    91.3,
    92.782,
    92.78100000000002,
    90.09899999999999,
    91.76700000000001,
    90.28899999999999,
    89.71099999999998,
    91.187,
    93.25999999999999,
    89.26199999999999,
    90.771,
    88.268,
    95.78,
    87.78600000000003,
    94.78300000000002,
    89.22999999999999,
    93.304,
    93.798,
    90.78999999999999,
    92.72999999999999,
    90.279,
    91.748,
    94.275,
    95.24499999999999,
    88.752,
    91.794,
    92.26799999999999,
    88.72099999999999,
    94.249,
    88.783,
    94.79,
    93.269,
    93.283,
    90.80000000000001,
    96.273,
    92.78500000000001,
    94.304,
    95.796,
    87.763,
