{
  "complexity": 4,
  "alpha": 0.1,
  "gamma": 0.9,
  "epsilon": 0.1,
  "extra_passages": 3,
  "avg_rewards": [
    -227.99799999999908,
    -65.88799999999348,
    43.30700000000099,
    84.44100000000005,
    64.3769999999998,
    64.02400000000003,
    89.44499999999996,
    92.61300000000003,
    88.76400000000004,
    78.22499999999975,
    30.407000000010317,
    52.66100000000465,
    59.0440000000019,
    97.372,
    71.86799999999933,
    84.4959999999999,
    67.54599999999978,
    69.81500000000369,
    77.51800000000017,
    -42.356999999946694,
    87.30200000000004,
    80.88899999999903,
    93.05999999999995,
    94.07500000000002,
    73.48799999999866,
    63.79700000000396,
    48.8300000000143,
    33.8990000000199,
    59.558000000008704,
    81.0540000000002,
    70.65099999999904,
    95.42599999999999,
    95.74600000000001,
    93.79499999999986,
    91.16299999999993,
    95.27199999999988,
    94.16299999999998,
    64.82200000000583,
    96.925,
    97.86800000000002,
    97.25200000000001,
    91.04700000000015,
    97.01100000000001,
    87.75399999999975,
    96.75300000000001,
    83.62799999999854,
    92.65800000000044,
    95.77900000000002,
    93.201,
    93.28399999999988,
    96.74999999999994,
    94.87000000000003,
    95.72400000000002,
    95.428,
    95.911,
    87.93699999999995,
    98.37100000000001,
    97.316,
    98.27900000000001,
    98.145,
    98.145,
    96.602,
    97.21900000000001,
    97.762,
    97.714,
    95.82500000000002,
    97.78200000000001,
    98.23100000000001,
    97.228,
    98.70599999999999,
    97.86500000000001,
    98.36600000000001,
    97.369,
    99.88,
    98.331,
    98.869,
    97.378,
    99.38199999999999,
    97.37899999999999,
    97.36300000000001,
    98.38199999999999,
    97.373,
    98.87899999999999,
    98.369,
    98.874,
    99.881,
    98.877,
    97.877,
    98.877,
    98.88,
    97.878,
    97.87899999999999,
    98.874,
    97.37100000000001,
    99.37799999999999,
    98.375,
    95.37100000000001,
    98.87899999999999,
    98.365,
    98.36699999999999,
    97.872,
    99.381,
    97.873,
    97.87799999999999,
    98.875,
    99.38199999999999,
    96.87100000000001,
    97.84400000000001,
    97.873,
    97.375,
    98.87899999999999,
    98.375,
    97.88300000000001,
    97.381,
    98.383,
    98.874,
    97.87100000000001,
    98.38,
    99.34799999999998,
    97.881,
    97.369,
    97.377,
    99.375,
    98.37500000000001,
    97.363,
    97.87100000000001,
    97.882,
    99.878,
    98.36800000000001,
    96.371,
    99.877,
    96.333,
    98.36999999999999,
    96.87299999999999,
    96.879,
    97.874,
    95.375,
    98.867,
    98.88,
    98.376,
    98.874,
    98.878,
    97.877,
    98.383,
    98.373,
    97.36999999999999,
    98.85900000000001,
    98.381,
    97.884,
    98.87899999999999,
    97.374,
    98.37899999999999,
    98.877,
    96.875,
    98.363,
    98.87100000000001,
    99.381,
    98.88,
    99.385,
    96.37100000000001,
    97.869,
    98.881,
    97.376,
    97.87599999999999,
    98.369,
    98.37800000000001,
    96.37899999999999,
    96.878,
    97.351,
    97.87899999999999,
    97.37100000000001,
    97.376,
    98.88,
    99.863,
    98.874,
    97.876,
    98.861,
    95.874,
    97.875,
    98.881,
    97.37,
    98.86100000000002,
    97.873,
    99.384,
    98.374,
    97.876,
    99.869,
    97.88,
    98.876,
    98.876,
    98.87100000000001,
    96.876,
    98.377,
    98.88000000000001,
    99.36500000000001,
    97.376,
    98.876,
    98.374,
    97.874,
    97.875,
    96.869,
    98.874,
    97.36699999999999,
    99.377,
    99.881,
    95.874,
    97.381,
    99.373,
    97.376,
    97.869,
    98.37199999999999,
    97.36999999999999,
    98.864,
    97.875,
    97.84,
    97.369,
    98.866,
    97.876,
    99.87799999999999,
    98.867,
    97.378,
    97.87299999999999,
    98.38000000000001,
    96.87799999999999,
    97.36800000000001,
    98.881,
    96.875,
    97.869,
    99.374,
    98.373,
    98.369,
    98.376,
    98.373,
    96.875,
    98.375,
    98.377,
    96.87299999999999,
    97.373,
    97.873,
    99.88199999999999,
    94.68100000000001,
    96.874,
    96.88,
    98.36500000000001,
    97.37199999999999,
    98.865,
    97.827,
    97.872,
    97.877,
    98.88199999999999,
    98.367,
    95.869,
    98.38000000000001,
    96.374,
    96.85600000000001,
    98.878,
    98.86699999999999,
    99.88,
    95.37100000000001,
    97.877,
    98.868,
    99.36800000000001,
    96.858,
    98.375,
    97.86600000000001,
    98.88199999999999,
    96.869,
    98.88199999999999,
    97.374,
    98.874,
    97.875,
    97.373,
    97.363,
    99.376,
    97.37899999999999,
    99.881,
    98.874,
    98.375,
    97.36500000000001,
    96.86800000000001,
    97.877,
    98.37899999999999,
    97.375,
    97.369,
    97.873,
    99.87100000000001,
    97.375,
    98.37,
    97.87899999999999,
    99.86600000000001,
    98.373,
    97.874,
    98.373,
    98.376,
    96.875,
    98.872,
    99.374,
    96.851,
    98.36699999999999,
    98.875,
    97.861,
    99.37299999999999,
    96.87,
    99.381,
    97.876,
    98.376,
    99.375,
    98.373,
    99.876,
    98.369,
    97.873,
    97.37899999999999,
    97.875,
    97.883,
    97.873,
    96.88300000000001,
    96.873,
    97.873,
    97.88,
    99.372,
    96.877,
    98.87299999999999,
    97.377,
    98.368,
    97.37800000000001,
    97.87599999999999,
    99.875,
    96.87,
    96.873,
    98.874,
    99.37,
    95.874,
    97.869,
    98.375,
    98.864,
    99.374,
    99.36800000000001,
    96.876,
    98.872,
    98.87,
    96.86500000000001,
    98.374,
    97.86999999999999,
    93.883,
    95.88,
    96.36699999999999,
    96.378,
    99.374,
    95.87100000000001,
    97.374,
    98.876,
    97.86999999999999,
    98.374,
    99.873,
    97.372,
    96.874,
    97.866,
    98.88099999999999,
    98.869,
    97.86999999999998,
    98.38,
    98.372,
    99.378,
    99.37899999999999,
    97.367,
    98.372,
    98.86999999999999,
    99.36600000000001,
    98.376,
    97.37899999999999,
    99.878,
    98.876,
    98.86500000000001,
    97.876,
    96.874,
    98.381,
    97.882,
    98.877,
    99.877,
    98.384,
    98.38199999999999,
    98.375,
    98.872,
    98.375,
    98.376,
    98.876,
    98.381,
    98.376,
    99.37299999999999,
    98.861,
    98.872,
    98.885,
    99.87800000000001,
    98.88199999999999,
    98.375,
    97.38300000000001,
    98.88,
    98.37100000000001,
    97.869,
    98.38,
    98.883,
    97.87800000000001,
    98.375,
    98.87199999999999,
    97.372,
    98.869,
    98.375,
    99.374,
    98.377,
    97.867,
    97.355,
    98.372,
    99.37899999999999,
    98.376,
    98.87899999999999,
    99.37899999999999,
    97.87899999999999,
    96.37,
    97.378,
    95.38199999999999,
    98.37499999999999,
    97.876,
    98.375,
    99.874,
    97.875,
    98.36999999999999,
    99.383,
    97.873,
    98.87899999999999,
    97.86600000000001,
    97.37100000000001,
    97.861,
    97.87100000000001,
    98.367,
    97.87299999999999,
    96.876,
    97.878,
    98.369,
    94.86800000000001,
    99.373,
    98.86800000000001,
    98.87899999999999,
    99.88,
    97.375,
    98.37899999999999,
    98.378,
    98.378,
    98.376,
    97.374,
    97.869,
    99.36999999999999,
    96.872,
    98.88,
    99.378,
    97.88,
    98.377,
    97.37899999999999,
    97.865,
    96.874,
    99.372,
    99.37299999999999,
    97.37100000000001,
    97.87100000000001,
    96.876,
    98.375,
    95.38300000000001,
    97.873,
    96.88,
    98.876,
    96.874,
    98.38000000000001,
    97.374,
    98.86799999999998,
    98.87,
    97.364,
    95.87,
    98.869,
    97.374,
    98.367,
    98.86999999999999,
    99.37299999999999,
    97.87299999999999,
    98.376,
    96.376,
    99.38,
    98.37100000000001,
    98.381,
    98.881,
    97.873,
    98.87100000000001,
