{
  "complexity": 1,
  "alpha": 0.2,
  "gamma": 0.95,
  "epsilon": 0.3,
  "extra_passages": 6,
  "avg_rewards": [
    -240.01499999999837,
    8.290000000000195,
    62.05099999999991,
    51.52899999999971,
    51.47999999999978,
    27.353000000000293,
    44.36200000000071,
    52.606999999999836,
    74.78399999999996,
    77.30600000000001,
    71.1789999999999,
    58.55600000000013,
    71.92499999999994,
    71.35399999999993,
    77.588,
    64.16500000000033,
    81.38199999999996,
    87.96,
    85.921,
    70.71500000000013,
    84.59100000000001,
    90.1,
    86.53999999999999,
    87.66499999999999,
    91.195,
    86.85599999999998,
    78.02500000000002,
    88.89899999999999,
    87.948,
    83.733,
    82.328,
    89.23800000000001,
    79.77499999999986,
    87.526,
    87.965,
    88.191,
    90.076,
    89.525,
    82.33100000000002,
    86.48999999999998,
    94.76399999999998,
    93.68700000000001,
    94.235,
    94.77199999999999,
    84.066,
    92.271,
    93.775,
    93.76599999999999,
    93.308,
    94.33200000000002,
    91.334,
    95.826,
    97.29400000000001,
    92.828,
    92.82500000000002,
    94.828,
    90.21199999999999,
    92.727,
    93.297,
    92.33200000000001,
    93.34299999999999,
    92.328,
    94.83099999999999,
    94.35300000000001,
    96.825,
    94.311,
    95.337,
    91.116,
    94.158,
    86.946,
    94.80800000000002,
    95.27000000000001,
    95.33400000000002,
    95.333,
    94.857,
    93.833,
    93.34900000000002,
    95.857,
    94.33900000000001,
    91.83700000000002,
    95.85900000000001,
    93.343,
    95.338,
    93.837,
    94.352,
    95.35300000000001,
    90.83900000000001,
    91.33899999999998,
    97.846,
    91.333,
    94.351,
    94.349,
    93.33099999999999,
    98.342,
    93.35100000000001,
    94.85900000000001,
    95.826,
    93.35100000000001,
    94.834,
    92.839,
    94.348,
    93.35600000000001,
    91.84099999999998,
    93.354,
    97.33200000000001,
    97.358,
    93.837,
    95.83,
    95.841,
    92.33599999999998,
    90.828,
    94.34400000000002,
    95.33800000000001,
    93.82300000000001,
    93.338,
    94.84700000000001,
    93.83399999999999,
    89.842,
    97.363,
    93.35900000000001,
    95.852,
    94.35000000000001,
    95.35400000000001,
    94.831,
    96.35600000000001,
    99.34500000000001,
    92.849,
    92.31400000000001,
    95.35000000000001,
    90.35,
    95.34900000000002,
    94.863,
    98.35400000000001,
    95.827,
    97.85199999999999,
    97.35100000000001,
    92.33500000000001,
    93.857,
    93.34100000000001,
    93.34,
    94.842,
    92.84700000000001,
    95.84800000000001,
    97.846,
    94.354,
    96.34100000000001,
    95.352,
    93.33700000000002,
    94.845,
    90.36500000000001,
    95.35499999999999,
    94.354,
    94.85600000000001,
    92.85400000000001,
    97.33600000000001,
    97.861,
    93.339,
    96.334,
    92.862,
    92.338,
    91.34600000000002,
    92.346,
    95.84400000000001,
    91.326,
    93.83500000000001,
    96.356,
    95.33500000000001,
    96.84200000000001,
    94.333,
    94.851,
    95.332,
    94.35,
    91.862,
    90.83399999999999,
    93.34300000000002,
    95.369,
    95.857,
    95.84500000000001,
    93.855,
    96.86100000000002,
    93.351,
    95.35,
    94.33200000000001,
    95.837,
    93.829,
    93.343,
    94.33800000000001,
    93.85100000000001,
    93.83599999999998,
    94.33600000000001,
    95.851,
    94.35600000000001,
    94.34200000000001,
    96.85499999999999,
    94.84799999999998,
    91.84500000000001,
    94.34800000000001,
    92.333,
    92.83100000000002,
    94.855,
    93.33300000000001,
    93.83000000000001,
    92.84900000000002,
    95.843,
    93.855,
    91.848,
    94.335,
    94.845,
    91.34099999999998,
    96.35,
    95.364,
    94.847,
    94.85600000000001,
    90.33800000000001,
    93.84799999999998,
    95.84799999999998,
    97.33500000000001,
    94.329,
    95.35000000000001,
    93.35100000000001,
    94.36500000000001,
    95.84800000000001,
    92.864,
    93.37100000000001,
    94.83900000000001,
    95.36600000000001,
    95.85300000000001,
    97.356,
    94.32700000000001,
    94.858,
    91.33800000000001,
    94.34200000000001,
    91.83099999999999,
    93.84599999999999,
    92.83700000000002,
    94.346,
    95.849,
    94.84200000000001,
    94.842,
    91.346,
    92.82899999999998,
    95.348,
    95.33400000000002,
    94.35100000000001,
    97.82000000000001,
    93.845,
    91.863,
    94.33500000000001,
    90.32899999999998,
    92.351,
    92.828,
    94.83000000000001,
    93.843,
    96.367,
    94.35600000000001,
    96.334,
    92.83500000000001,
    92.843,
    95.829,
    96.855,
    94.336,
    95.348,
    92.843,
    94.86800000000001,
    95.314,
    96.34800000000001,
    89.848,
    94.84200000000001,
    95.33899999999998,
    91.86299999999999,
    92.83500000000001,
    95.86300000000001,
    95.334,
    98.34200000000001,
    95.855,
    97.87899999999999,
    93.82200000000002,
    92.85,
    91.82400000000001,
    91.812,
    94.349,
    94.337,
    94.837,
    94.34,
    95.34899999999999,
    96.334,
    92.83900000000001,
    96.349,
    96.85400000000001,
    96.339,
    94.85400000000001,
    94.342,
    96.86,
    95.34,
    95.846,
    93.85900000000001,
    97.353,
    96.352,
    91.86100000000002,
    94.35499999999999,
    90.82199999999999,
    95.34700000000001,
    96.32900000000001,
    96.366,
    94.354,
    91.83500000000001,
    93.32,
    94.35400000000001,
    95.345,
    92.35,
    95.852,
    96.35600000000001,
    94.342,
    89.34800000000001,
    93.841,
    94.359,
    96.32299999999998,
    96.82400000000001,
    94.319,
    92.84400000000001,
    90.32,
    97.845,
    94.837,
    92.84400000000001,
    94.84599999999999,
    92.33500000000001,
    92.34,
    94.826,
    95.85900000000001,
    91.82899999999998,
    97.84900000000002,
    94.353,
    94.34,
    94.84,
    95.336,
    94.33,
    94.833,
    91.85000000000001,
    95.84299999999999,
    92.848,
    93.821,
    94.328,
    94.33899999999998,
    95.351,
    92.825,
    95.32500000000002,
    92.331,
    93.358,
    94.329,
    95.86,
    91.323,
    93.86,
    93.83600000000001,
    94.35900000000001,
    93.344,
    94.864,
    96.364,
    95.849,
    92.353,
    94.361,
    95.349,
    95.32900000000001,
    93.84400000000001,
    96.84,
    95.84299999999999,
    94.85600000000002,
    95.35600000000001,
    93.84,
    96.84700000000001,
    95.84100000000001,
    91.849,
    96.35100000000001,
    92.841,
    94.861,
    92.85000000000001,
    95.824,
    94.34400000000002,
    92.83399999999999,
    94.846,
    96.858,
    90.84,
    95.83500000000001,
    95.34700000000001,
    95.861,
    96.83300000000001,
    95.858,
    89.35100000000001,
    93.363,
    95.84099999999998,
    93.851,
    95.348,
    93.334,
    92.345,
    90.82300000000001,
    91.333,
    93.345,
    96.851,
    91.844,
    93.852,
    92.362,
    95.34700000000001,
    93.84900000000002,
    95.35400000000001,
    92.85300000000001,
    96.85900000000001,
    96.35100000000001,
    91.35,
    94.34700000000001,
    93.84900000000002,
    95.35400000000001,
    93.83500000000001,
    94.85600000000001,
    95.33800000000001,
    91.321,
    95.34600000000002,
    92.352,
    89.84700000000001,
    92.84,
    96.85100000000001,
    95.363,
    95.854,
    90.834,
    93.83900000000001,
    94.84700000000001,
    94.82200000000002,
    91.35400000000001,
    92.824,
    93.85000000000001,
    95.843,
    93.34400000000001,
    96.352,
    95.354,
    90.83300000000001,
    93.334,
    95.845,
    91.852,
    96.85000000000001,
    89.85300000000001,
    91.326,
    93.362,
    95.34700000000001,
    95.85800000000002,
    92.857,
    95.346,
    92.85800000000002,
    94.32300000000001,
    90.85400000000001,
    96.336,
    93.329,
    97.361,
    96.83900000000001,
    95.83700000000002,
