{
  "complexity": 15,
  "alpha": 0.2,
  "gamma": 0.95,
  "epsilon": 0.3,
  "extra_passages": 0,
  "avg_rewards": [
    -822.885999999991,
    -503.3739999999898,
    -242.41699999998863,
    -154.5379999999955,
    -441.1749999999814,
    -400.6750000000589,
    -288.41899999998975,
    -82.65299999999377,
    -50.47099999999381,
    -550.8879999999915,
    -683.984000000209,
    -19.827999999998802,
    -2004.0260000031037,
    -525.4540000003442,
    -4660.070999996844,
    -425.1700000004863,
    -419.42599999996656,
    -3935.4609999868903,
    -1434.4550000023555,
    -494.5950000003706,
    -407.5520000000335,
    -432.3900000003243,
    -625.0030000007084,
    -550.5900000003996,
    -345.8329999999719,
    -155.218999999986,
    -3903.354999984651,
    -4135.315999986832,
    -1623.806000002401,
    -1855.7120000028767,
    -5726.8070000255775,
    -5321.256000014202,
    -17634.35700012123,
    -8010.523999980813,
    -132640.8040112034,
    -952.3620000016442,
    -42553.70100254282,
    -13689.583999755307,
    -18632.126000222914,
    -9900.459999879831,
    -750.9480000006428,
    -2431.74999999058,
    -42658.9890024979,
    -11838.296999762737,
    -4624.4270000039805,
    -225999.08398123767,
    -30615.407001384116,
    -22120.023000522076,
    -3020.369000001046,
    -113726.24000937752,
    -450.1950000003183,
    -9238.419999895417,
    -11595.134999789636,
    -10216.336999875452,
    -5254.80800000509,
    -4358.655999997902,
    -5589.621000023408,
    -15269.40299982148,
    -338.1310000001327,
    -11198.922999826726,
    -9510.495999885805,
    -1175.8640000017251,
    59.63999999999959,
    15.834000000002073,
    -13001.381999716234,
    -28712.23300115858,
    -9148.84099993752,
    -2439.993999997413,
    -17668.818000078994,
    -62901.77000450024,
    -10313.744999852226,
    -9217.694999927498,
    -587.824000000364,
    -1515.6400000025073,
    -13455.645999724764,
    -872.9740000016303,
    -8089.8449999806935,
    -30371.624001291104,
    -17197.933000060246,
    -4828.923999986946,
    -648.6640000007908,
    -1469.8870000028248,
    -27434.787001078203,
    -218.78400000012925,
    -4969.213000014865,
    -17857.463000126063,
    -5224.295000015537,
    -138.09099999998466,
    -28.005999999992355,
    -450.6600000006446,
    -6747.427000032652,
    -11782.011999761036,
    -209.7750000000586,
    -13233.12999969972,
    -141269.5910120829,
    -84302.32100656795,
    -56296.83500386641,
    -155583.41901349335,
    -35509.7780018609,
    -183.06000000005668,
    -135942.10801152766,
    -124511.16901040834,
    -90.81399999998735,
    -28101.15400112794,
    -15096.928999889395,
    -484.47400000076203,
    -124029.00101035682,
    -82937.02700644857,
    -291314.02982836205,
    -74106.50400557341,
    -6535.103000045287,
    -56267.85600383523,
    -5322.665000020629,
    -806.458000001527,
    47.42400000000064,
    -11.294999999993777,
    -267.58000000031467,
    -4992.259000013731,
    -5746.884000028855,
    -22257.140000580264,
    -15572.128999944936,
    -280492.2538546723,
    -23570.249000697717,
    -60301.019004260306,
    -85320.30300667761,
    -11552.577999773835,
    -112767.40700929286,
    -56000.38000382778,
    -92713.50300741105,
    -180055.40401580263,
    -26628.536000994725,
    -289.4400000003443,
    -2934.0419999804903,
    -13964.008999775542,
    -120725.7560101155,
    -75703.17400574105,
    -66002.38600481537,
    -8685.90199992384,
    -15979.461999971967,
    -1569.9000000031438,
    -2579.3049999864757,
    -3371.9129999786323,
    -1358.9020000027708,
    -3208.2949999756247,
    -827.7170000015767,
    -1327.8380000026448,
    -1361.0310000027598,
    -3162.040999976259,
    -3757.4949999880128,
    -12785.429999708846,
    -26996.381001037975,
    -33272.97900165232,
    -14901.301999866128,
    -12273.00499972853,
    -690.3600000012132,
    -278.37000000031884,
    -1260.4330000024377,
    -28812.560001217556,
    -3205.609999975812,
    49.12100000000254,
    -39421.280002256055,
    -250.72200000021903,
    -3733.285999986452,
    -10622.852999821105,
    -25408.86200088461,
    -1161.8090000022933,
    -8730.39999992048,
    -6186.080000038255,
    -25936.975000936443,
    -3029.274999978717,
    -7174.13400000742,
    -2846.8359999819572,
    -2209.714999992585,
    -2077.13899999457,
    -4935.593000013789,
    -214.0830000001312,
    57.3360000000009,
    -3152.4669999762027,
    -5487.928000024335,
    -115.83299999998208,
    -13348.563999721533,
    -1292.2280000026271,
    -11839.422999757033,
    -15464.01299993089,
    -2552.8279999865067,
    -7488.54199999064,
    -9032.95699990634,
    -13650.013999746025,
    72.83299999999993,
    -8909.948999915381,
    -14626.131999845296,
    -8837.750999917069,
    -1715.6690000000594,
    -6787.969000029494,
    -81450.5300062812,
    -10193.847999840717,
    -68695.55900507547,
    -4184.539999997129,
    -13952.600999786682,
    -27955.75900113209,
    -473.8820000008368,
    -737.1350000013553,
    -166.98000000007838,
    -205.76700000015367,
    34.007000000003,
    89.707,
    -542.2830000009534,
    -198.5520000001329,
    -8706.158999923557,
    -70.23199999998697,
    -5121.7870000170315,
    -12032.547999740662,
    -20041.654000378745,
    -1495.5030000031247,
    80.67699999999999,
    -439.5240000006999,
    85.11800000000001,
    92.68499999999999,
    85.57199999999999,
    85.167,
    83.10799999999999,
    86.21700000000001,
    86.742,
    -9.415999999992406,
    -413.8450000006525,
    -530.2350000009667,
    -4615.283000005753,
    -14.343999999992107,
    -634.3570000011575,
    -8582.274999926263,
    -307.9110000003742,
    -1849.881999998063,
    -739.8550000014395,
    -595.8500000010373,
    -3079.5199999776546,
    -590.2310000010436,
    -665.6980000012085,
    -715.350000001368,
    -387.04000000061023,
    -234.72000000024204,
    -3517.0579999835754,
    72.73699999999997,
    83.607,
    -46.80399999998893,
    79.643,
    -561.6600000009759,
    -98.46299999998328,
    -62.77499999998683,
    -294.07200000034334,
    77.35299999999998,
    -48.90399999998873,
    -253.2440000002317,
    76.74099999999962,
    60.81500000000098,
    75.418,
    -2753.7879999829893,
    -349.96500000050054,
    5.350000000003502,
    -490.79800000080434,
    -1255.9390000025937,
    -5640.605000027351,
    64.15300000000002,
    -3253.4879999777545,
    -1001.1510000019085,
    -749.7250000013746,
    -1857.424999998141,
    -282.779000000356,
    -1906.7309999972658,
    -2043.3589999948367,
    25.69700000000239,
    -2103.245999993654,
    -2143.583999993595,
    -347.7410000005319,
    -602.1600000010384,
    -2010.5679999951649,
    -2562.387999986782,
    -755.4120000013768,
    62.81200000000082,
    -4974.8790000140725,
    -480.41000000082596,
    -278.11100000033457,
    -407.73500000057794,
    79.92099999999998,
    84.50399999999999,
    82.01299999999999,
    84.181,
    19.60800000000429,
    -323.7830000002069,
    -19.144999999990443,
    87.687,
    89.196,
    83.68999999999997,
    88.73400000000001,
    86.19,
    81.65799999999999,
    73.18400000000051,
    -2162.2449999931073,
    -4689.709000006895,
    -3519.126999983056,
    -22.01099999999088,
    -2038.248999995336,
    6.71800000000469,
    -62.53499999998671,
    7.339000000005633,
    85.148,
    86.19399999999999,
    71.9110000000002,
    82.98500000000001,
    81.97,
    -38.168999999990135,
    -9784.552999864867,
    -2657.8689999847124,
    -389.769000000569,
    -1982.8379999958154,
    -534.3550000009675,
    81.07599999999998,
    84.69900000000003,
    87.708,
    -395.3140000006015,
    -74.19899999998856,
    68.90399999999974,
    79.63899999999991,
    82.01399999999998,
    76.43799999999999,
    39.50700000000471,
    -218.7730000002072,
    82.248,
    17.150000000004972,
    -1493.0270000031917,
    89.70100000000001,
    -281.1750000003738,
    -160.8510000000604,
    -541.5410000009457,
