{
  "complexity": 8,
  "alpha": 0.1,
  "gamma": 0.9,
  "epsilon": 0.3,
  "extra_passages": 7,
  "avg_rewards": [
    -411.0629999999981,
    -216.29199999999568,
    -71.0829999999989,
    -4.255999999999237,
    -9.566999999999595,
    23.526000000000636,
    34.423999999999936,
    24.871000000000247,
    -11.562999999998588,
    -0.8379999999985586,
    20.391000000001057,
    -0.6309999999987866,
    -6.3449999999988025,
    51.88099999999993,
    -5.434999999997477,
    11.34400000000026,
    1.6730000000015068,
    19.34000000000147,
    8.407999999999891,
    27.266000000000805,
    -58.48899999999664,
    38.14500000000025,
    30.610000000000248,
    -18.580999999995903,
    40.294000000000324,
    49.41200000000008,
    31.3669999999998,
    39.407000000000174,
    56.65699999999987,
    73.66799999999998,
    66.65199999999994,
    75.26100000000002,
    52.962999999999944,
    57.913,
    49.839000000000034,
    53.27999999999986,
    64.6639999999999,
    60.15199999999972,
    57.8489999999998,
    71.33199999999991,
    54.697999999999944,
    64.36800000000004,
    78.73699999999981,
    32.58500000000073,
    57.79299999999965,
    32.91000000000057,
    48.15100000000005,
    67.02999999999997,
    42.16900000000048,
    53.52900000000087,
    28.406000000004088,
    64.91999999999999,
    53.580000000000666,
    62.66500000000034,
    42.68000000000136,
    65.98599999999985,
    71.33899999999996,
    57.8879999999996,
    80.33999999999992,
    74.97799999999995,
    73.28100000000002,
    74.35199999999999,
    76.42200000000005,
    64.02200000000005,
    25.222000000002513,
    82.46699999999994,
    71.922,
    63.69000000000013,
    56.41199999999966,
    70.00399999999992,
    63.973999999999975,
    53.15400000000149,
    82.39199999999994,
    71.3069999999996,
    54.58700000000132,
    72.16399999999993,
    85.32199999999997,
    86.77699999999997,
    83.23800000000001,
    78.00199999999998,
    85.276,
    73.11400000000008,
    69.72600000000003,
    62.042000000000044,
    68.43299999999978,
    41.224000000002476,
    65.80199999999977,
    69.01299999999993,
    71.70400000000006,
    -0.30599999999642835,
    41.677000000003645,
    58.3200000000009,
    77.0199999999998,
    77.10099999999974,
    17.811000000005254,
    50.831999999999766,
    72.87599999999983,
    48.472000000001024,
    51.551000000000954,
    12.174000000005222,
    36.80000000000102,
    74.15600000000003,
    49.86900000000097,
    30.771000000001134,
    79.60199999999993,
    71.82500000000002,
    54.91999999999966,
    82.25200000000007,
    75.16399999999996,
    66.70300000000063,
    80.34,
    70.52399999999932,
    65.94900000000021,
    72.95900000000013,
    73.67600000000004,
    70.69699999999966,
    68.7520000000001,
    75.61300000000003,
    76.56399999999971,
    66.61799999999911,
    80.98599999999999,
    80.092,
    77.0869999999999,
    46.42800000000223,
    61.08399999999998,
    71.18199999999977,
    84.58500000000001,
    68.26699999999978,
    56.62300000000048,
    61.461000000001114,
    79.02399999999982,
    90.99600000000005,
    84.61399999999999,
    52.70700000000197,
    48.625000000003304,
    61.93799999999966,
    63.05499999999955,
    64.2920000000004,
    75.76399999999987,
    87.91500000000003,
    78.36300000000004,
    54.350000000002,
    73.69699999999969,
    87.358,
    70.94399999999959,
    82.30200000000005,
    73.23600000000002,
    59.65200000000232,
    63.7860000000014,
    79.0979999999999,
    62.279000000000245,
    75.5199999999999,
    76.42500000000004,
    79.86500000000004,
    84.49999999999996,
    82.34699999999997,
    82.984,
    78.49300000000004,
    82.55299999999995,
    70.6480000000001,
    85.31499999999997,
    78.24500000000003,
    84.82,
    89.28,
    83.526,
    87.35400000000001,
    68.37200000000016,
    89.06199999999998,
    77.38099999999973,
    75.22000000000006,
    78.62699999999985,
    79.66499999999998,
    79.85499999999998,
    83.94800000000001,
    85.04899999999999,
    76.61199999999991,
    85.03599999999999,
    84.54400000000005,
    89.57299999999998,
    89.51899999999996,
    83.31399999999998,
    90.04599999999999,
    86.753,
    84.05099999999997,
    86.31899999999999,
    86.83099999999999,
    84.59100000000002,
    79.31200000000004,
    87.45999999999998,
    89.35199999999999,
    84.52400000000007,
    89.01800000000001,
    83.92300000000002,
    86.88900000000002,
    87.759,
    87.76800000000003,
    89.166,
    91.09399999999998,
    81.46499999999997,
    88.417,
    87.81099999999999,
    81.39500000000001,
    81.37499999999997,
    81.78100000000003,
    84.72,
    86.77799999999998,
    81.35599999999997,
    79.12499999999986,
    87.02599999999997,
    82.56399999999972,
    88.249,
    90.34299999999999,
    86.58099999999999,
    88.456,
    88.041,
    85.898,
    91.418,
    91.69500000000002,
    90.94500000000001,
    90.68000000000002,
    84.796,
    86.69399999999999,
    93.7,
    87.563,
    88.74699999999999,
    87.40299999999999,
    92.195,
    88.901,
    83.78599999999994,
    92.386,
    90.74800000000002,
    94.06800000000001,
    93.024,
    87.768,
    90.81700000000001,
    91.00399999999999,
    85.82300000000001,
    90.75700000000002,
    92.719,
    92.201,
    87.557,
    88.59100000000001,
    93.86700000000002,
    91.24,
    95.715,
    91.241,
    93.02199999999998,
    92.089,
    92.747,
    93.232,
    92.70200000000001,
    89.726,
    91.001,
    89.721,
    83.042,
    90.556,
    91.61699999999999,
    91.73599999999999,
    89.249,
    94.75699999999999,
    92.759,
    88.77599999999998,
    86.77699999999999,
    87.253,
    90.28899999999999,
    88.77599999999998,
    88.696,
    92.768,
    90.23800000000001,
    87.19200000000001,
    94.191,
    93.22200000000001,
    87.24699999999999,
    89.72299999999998,
    94.19800000000001,
    93.793,
    87.24800000000002,
    90.249,
    94.799,
    75.43699999999997,
    89.24,
    90.24600000000001,
    89.757,
    89.732,
    91.74199999999999,
    87.74100000000001,
    93.745,
    91.755,
    91.26499999999999,
    92.25399999999999,
    93.76,
    90.22999999999999,
    93.711,
    93.757,
    94.793,
    94.75800000000002,
    89.791,
    90.304,
    88.275,
    93.77399999999999,
    92.77100000000002,
    92.276,
    93.75999999999999,
    89.24799999999999,
    89.25800000000001,
    94.76899999999998,
    88.782,
    91.25700000000002,
    91.29199999999999,
    89.781,
    92.21900000000001,
    93.738,
    91.78999999999999,
    93.313,
    92.29799999999999,
    88.292,
    91.274,
    91.30300000000001,
    92.269,
    93.766,
    91.749,
    92.292,
    91.781,
    94.725,
    94.788,
    91.714,
    97.28,
    91.26499999999999,
    91.75900000000001,
    91.78399999999999,
    90.763,
    90.78099999999999,
    93.293,
    93.77199999999999,
    91.276,
    91.26500000000001,
    91.28800000000001,
    95.768,
    94.79499999999999,
    89.79100000000001,
    93.296,
    94.263,
    96.78900000000002,
    94.29,
    93.80799999999999,
    95.80000000000001,
    90.782,
    93.306,
    91.26299999999999,
    92.28600000000002,
    91.74000000000001,
    91.292,
    88.29400000000001,
    94.79400000000001,
    94.795,
    90.811,
    91.801,
    88.26,
    91.27900000000001,
    90.293,
    92.283,
    95.78400000000002,
    91.78800000000001,
    90.792,
    92.80400000000002,
    93.26199999999999,
    92.30499999999998,
    89.27499999999999,
    93.29,
    91.285,
    92.78299999999999,
    91.774,
    90.801,
    91.78,
    91.80199999999999,
    93.781,
    95.31099999999999,
    92.773,
    92.297,
    89.305,
    90.797,
    91.279,
    94.77800000000002,
    92.78699999999999,
    90.78799999999998,
    91.78699999999999,
    93.278,
    91.309,
    90.28500000000001,
    90.303,
    91.785,
    92.30600000000001,
    93.289,
    92.79100000000001,
    93.29099999999998,
    93.79,
