{
  "complexity": 4,
  "alpha": 0.3,
  "gamma": 0.85,
  "epsilon": 0.1,
  "extra_passages": 3,
  "avg_rewards": [
    -241.93899999999903,
    -3.5919999999993992,
    44.04800000000381,
    78.77399999999989,
    78.99299999999974,
    65.59700000000176,
    32.35800000000836,
    91.069,
    84.79299999999999,
    90.19900000000011,
    86.67699999999999,
    90.37900000000002,
    91.08400000000009,
    83.14200000000004,
    94.74899999999994,
    96.987,
    82.35299999999967,
    88.15400000000002,
    88.04299999999992,
    97.57000000000001,
    98.755,
    93.06099999999998,
    96.705,
    95.50499999999997,
    75.11400000000182,
    96.61799999999997,
    99.303,
    96.13,
    99.261,
    98.36,
    98.349,
    85.45799999999986,
    98.873,
    97.814,
    96.69099999999999,
    96.82300000000001,
    97.112,
    95.24600000000001,
    98.371,
    99.372,
    99.869,
    98.375,
    98.36100000000002,
    98.869,
    97.375,
    97.872,
    98.85600000000001,
    97.86500000000001,
    98.86699999999999,
    99.372,
    96.862,
    99.36200000000001,
    98.367,
    97.372,
    97.867,
    97.86800000000001,
    96.38,
    96.867,
    96.85400000000001,
    98.381,
    97.84200000000001,
    98.858,
    97.36300000000001,
    98.364,
    98.37,
    98.376,
    97.87899999999999,
    96.86800000000001,
    98.36500000000001,
    98.874,
    98.36100000000002,
    98.86,
    97.86500000000001,
    98.37100000000001,
    99.369,
    99.36800000000001,
    98.85600000000002,
    99.325,
    97.367,
    98.87100000000001,
    98.357,
    95.873,
    98.37100000000001,
    95.874,
    98.874,
    99.36600000000001,
    98.37,
    98.86299999999999,
    98.862,
    97.877,
    97.369,
    96.369,
    98.858,
    96.373,
    96.876,
    98.875,
    95.86300000000001,
    99.26,
    99.375,
    97.877,
    98.376,
    96.376,
    97.873,
    98.876,
    98.87,
    97.873,
    98.364,
    97.87,
    98.872,
    97.36300000000001,
    98.374,
    97.378,
    98.37,
    98.37100000000001,
    97.357,
    97.362,
    97.872,
    96.86800000000001,
    99.375,
    98.369,
    98.875,
    98.869,
    98.87899999999999,
    98.865,
    97.369,
    98.372,
    97.87899999999999,
    98.873,
    98.875,
    98.372,
    99.37100000000001,
    98.375,
    96.369,
    97.36300000000001,
    98.866,
    98.37100000000001,
    99.345,
    98.374,
    99.374,
    98.874,
    97.872,
    97.374,
    99.876,
    98.878,
    96.871,
    97.869,
    98.355,
    98.87100000000001,
    97.36600000000001,
    97.86200000000001,
    96.364,
    97.86800000000001,
    98.374,
    98.864,
    96.87100000000001,
    97.862,
    96.877,
    96.367,
    99.867,
    99.369,
    97.378,
    97.864,
    99.374,
    96.86800000000001,
    97.36300000000001,
    98.869,
    98.874,
    96.875,
    98.366,
    97.851,
    98.366,
    97.35999999999999,
    96.877,
    99.36600000000001,
    97.86600000000001,
    99.36899999999999,
    99.371,
    97.35799999999999,
    97.874,
    98.866,
    97.877,
    98.875,
    98.86200000000001,
    99.872,
    94.35100000000001,
    96.861,
    97.376,
    97.866,
    98.86300000000001,
    96.869,
    97.873,
    98.874,
    97.87100000000001,
    98.85900000000001,
    98.37,
    98.375,
    99.373,
    97.37100000000001,
    97.36999999999999,
    97.372,
    98.376,
    99.376,
    98.874,
    97.372,
    99.372,
    97.87100000000001,
    98.35600000000001,
    99.36500000000001,
    98.36600000000001,
    99.374,
    96.867,
    97.863,
    98.373,
    99.37100000000001,
    99.37100000000001,
    98.364,
    95.86600000000001,
    96.86600000000001,
    98.87899999999999,
    98.874,
    96.87,
    98.372,
    97.876,
    99.362,
    98.875,
    97.867,
    98.377,
    97.87199999999999,
    97.864,
    98.367,
    97.375,
    96.864,
    97.37100000000001,
    97.866,
    96.375,
    98.36000000000001,
    99.37899999999999,
    97.37,
    98.86600000000001,
    98.37,
    97.878,
    98.37,
    96.862,
    96.876,
    97.869,
    99.369,
    97.86800000000001,
    98.864,
    99.86500000000001,
    97.857,
    98.37,
    96.374,
    98.363,
    95.355,
    99.36800000000001,
    99.374,
    96.373,
    96.873,
    97.864,
    99.86600000000001,
    98.36500000000001,
    94.378,
    97.369,
    98.874,
    99.372,
    98.36999999999999,
    97.367,
    99.869,
    98.85999999999999,
    96.876,
    96.872,
    96.86300000000001,
    98.37100000000001,
    97.85799999999999,
    95.86300000000001,
    98.867,
    98.86299999999999,
    98.873,
    98.36699999999999,
    95.874,
    99.371,
    97.374,
    98.87100000000001,
    95.83800000000001,
    98.84700000000001,
    97.37100000000001,
    98.869,
    98.363,
    97.869,
    97.87100000000001,
    98.375,
    98.87,
    97.869,
    97.351,
    97.87100000000001,
    98.36699999999999,
    97.373,
    97.861,
    99.374,
    98.876,
    98.872,
    98.377,
    99.36800000000001,
    97.864,
    99.372,
    97.35900000000001,
    98.85000000000001,
    96.372,
    98.36500000000001,
    97.86800000000001,
    99.378,
    98.378,
    97.375,
    95.86399999999999,
    99.872,
    98.86600000000001,
    95.864,
    98.87899999999999,
    97.869,
    97.876,
    99.36399999999999,
    97.858,
    96.37100000000001,
    98.375,
    98.864,
    97.841,
    97.86699999999999,
    98.36500000000001,
    98.38,
    97.865,
    98.377,
    98.369,
    97.36800000000001,
    97.368,
    98.37,
    96.373,
    97.878,
    99.872,
    98.86699999999999,
    98.374,
    99.37100000000001,
    97.364,
    97.86600000000001,
    98.867,
    98.867,
    99.36500000000001,
    98.85900000000001,
    98.87100000000001,
    98.871,
    97.372,
    98.374,
    98.86099999999999,
    97.37100000000001,
    98.361,
    98.37100000000001,
    97.872,
    98.866,
    98.375,
    97.878,
    99.37100000000001,
    99.345,
    98.372,
    97.864,
    98.376,
    97.859,
    98.37,
    96.35600000000001,
    97.372,
    97.368,
    98.363,
    99.87100000000001,
    97.85600000000001,
    98.364,
    98.874,
    95.36800000000001,
    99.86600000000001,
    96.36200000000001,
    98.875,
    98.86699999999999,
    97.874,
    98.87100000000001,
    98.377,
    98.37100000000001,
    98.867,
    99.872,
    98.36300000000001,
    97.868,
    98.87899999999999,
    98.36200000000001,
    97.375,
    98.36800000000001,
    98.37100000000001,
    99.376,
    99.874,
    99.378,
    99.377,
    99.869,
    97.874,
    99.872,
    97.855,
    97.864,
    97.85900000000001,
    97.873,
    97.86999999999999,
    99.369,
    98.375,
    98.858,
    97.372,
    98.86800000000001,
    98.37100000000001,
    97.374,
    96.87899999999999,
    98.869,
    98.371,
    98.375,
    96.87100000000001,
    98.872,
    98.873,
    96.86200000000001,
    96.874,
    99.376,
    98.36600000000001,
    97.374,
    97.358,
    98.874,
    99.36200000000001,
    97.873,
    97.84700000000001,
    99.36500000000001,
    99.876,
    98.372,
    98.858,
    97.373,
    98.362,
    99.367,
    99.877,
    98.857,
    97.872,
    99.364,
    97.36800000000001,
    97.366,
    97.38,
    99.872,
    98.875,
    98.37100000000001,
    98.37100000000001,
    97.85900000000001,
    96.872,
    98.86200000000001,
    97.86600000000001,
    98.873,
    97.874,
    98.36800000000001,
    99.373,
    97.375,
    97.865,
    97.366,
    99.373,
    97.87100000000001,
    98.872,
    97.36699999999999,
    98.865,
    93.691,
    98.869,
    99.373,
    97.867,
    98.875,
    98.375,
    97.369,
    99.369,
    98.873,
    98.871,
    99.37,
    97.356,
    98.367,
    98.863,
    99.872,
    97.377,
    98.369,
    98.86999999999999,
    98.869,
    97.87,
    99.36599999999999,
    97.88199999999999,
    98.369,
    98.368,
    97.87,
    98.867,
    98.875,
    98.366,
    97.372,
    97.37100000000001,
    98.86099999999999,
    97.865,
    96.86,
    97.873,
    98.866,
    96.864,
    99.37,
    98.36699999999999
  ],