{
  "complexity": 1,
  "alpha": 0.2,
  "gamma": 0.95,
  "epsilon": 0.1,
  "extra_passages": 14,
  "avg_rewards": [
    -472.3379999999976,
    16.26599999999987,
    70.56899999999983,
    72.16999999999993,
    68.62999999999974,
    87.34299999999998,
    79.58899999999997,
    84.32400000000004,
    83.551,
    89.38399999999999,
    88.67899999999999,
    94.52400000000003,
    72.74700000000058,
    67.18200000000176,
    91.268,
    83.81,
    60.046000000000184,
    90.89999999999995,
    94.751,
    95.354,
    90.811,
    92.321,
    85.35699999999993,
    85.71999999999998,
    90.59899999999999,
    91.267,
    90.50599999999999,
    86.50499999999994,
    92.13699999999999,
    90.023,
    89.82599999999996,
    91.77400000000002,
    91.92700000000002,
    95.19200000000001,
    91.79499999999999,
    91.948,
    91.252,
    93.05799999999998,
    92.55,
    92.19899999999993,
    91.99700000000003,
    96.186,
    88.25999999999996,
    96.357,
    94.69200000000001,
    96.524,
    99.175,
    94.527,
    94.93599999999999,
    98.757,
    98.678,
    96.136,
    91.495,
    97.115,
    97.114,
    98.10400000000001,
    96.58300000000001,
    98.10100000000003,
    97.08400000000002,
    94.97399999999999,
    97.76100000000002,
    96.5,
    99.71500000000002,
    96.208,
    96.551,
    97.126,
    93.82499999999986,
    93.51599999999988,
    98.63,
    97.92099999999999,
    95.554,
    98.267,
    97.735,
    98.81700000000001,
    95.284,
    98.28500000000001,
    99.30700000000002,
    97.82200000000002,
    98.82400000000001,
    97.288,
    97.749,
    98.32500000000002,
    96.82799999999999,
    99.269,
    98.30600000000001,
    98.325,
    97.811,
    97.80800000000002,
    97.32900000000001,
    98.29299999999999,
    97.80900000000001,
    97.822,
    98.31500000000001,
    98.32500000000002,
    97.32500000000002,
    99.321,
    99.826,
    98.83300000000001,
    95.31200000000001,
    97.33300000000001,
    97.83200000000002,
    97.33300000000001,
    96.82300000000001,
    95.83000000000001,
    97.83200000000001,
    99.33300000000001,
    96.82500000000002,
    97.82900000000001,
    98.336,
    98.83000000000001,
    97.32300000000001,
    97.32700000000001,
    99.33200000000002,
    99.33800000000001,
    99.32900000000001,
    96.31800000000001,
    99.321,
    99.299,
    97.83000000000001,
    98.332,
    97.33400000000003,
    98.823,
    98.83000000000001,
    98.82700000000001,
    98.33900000000003,
    96.32499999999999,
    98.33600000000003,
    96.31000000000003,
    98.32600000000001,
    98.31800000000001,
    98.83900000000003,
    97.83200000000002,
    98.328,
    96.32600000000002,
    99.32500000000002,
    98.333,
    97.33900000000001,
    98.32600000000001,
    97.82500000000002,
    98.33700000000002,
    97.83000000000001,
    98.81300000000002,
    97.33700000000002,
    98.32600000000001,
    97.32700000000001,
    98.33700000000002,
    98.84000000000002,
    98.33,
    97.84500000000001,
    96.83400000000003,
    96.82300000000001,
    98.82500000000002,
    99.33100000000002,
    97.32900000000001,
    97.82800000000002,
    98.32000000000002,
    97.328,
    99.33300000000001,
    98.83200000000002,
    98.33500000000001,
    98.33099999999999,
    98.33500000000001,
    98.331,
    98.33000000000001,
    98.83200000000001,
    98.83500000000001,
    98.34700000000001,
    98.32900000000002,
    98.81800000000001,
    98.33300000000001,
    99.82900000000001,
    98.83000000000003,
    98.34400000000001,
    97.33200000000001,
    97.83000000000001,
    98.326,
    98.32300000000001,
    97.321,
    98.32900000000001,
    96.319,
    96.824,
    98.83900000000001,
    98.822,
    98.322,
    97.337,
    98.83300000000001,
    98.82600000000001,
    98.83900000000003,
    96.33699999999999,
    97.32900000000002,
    97.828,
    97.33800000000001,
    98.338,
    98.825,
    98.333,
    98.831,
    98.82300000000001,
    98.83000000000001,
    98.831,
    99.834,
    98.82900000000001,
    97.83900000000001,
    98.82800000000002,
    98.83300000000001,
    98.83700000000002,
    99.82900000000001,
    99.83400000000002,
    99.31500000000001,
    98.33000000000001,
    97.82200000000002,
    98.82700000000001,
    97.828,
    97.826,
    99.32900000000002,
    99.81800000000001,
    97.31400000000001,
    96.29299999999998,
    97.33000000000001,
    97.33000000000001,
    98.83500000000001,
    98.32900000000002,
    97.33700000000002,
    98.82300000000001,
    96.82900000000001,
    99.326,
    98.33200000000001,
    99.329,
    97.836,
    98.334,
    98.33500000000001,
    94.82600000000001,
    96.83600000000001,
    98.33000000000001,
    99.331,
    98.326,
    97.33000000000001,
    98.824,
    96.84400000000002,
    98.33900000000001,
    97.33400000000002,
    99.34100000000001,
    97.32700000000001,
    98.831,
    97.832,
    99.33099999999999,
    97.825,
    97.31899999999999,
    96.83,
    97.82200000000002,
    98.81800000000001,
    96.83300000000001,
    99.32300000000001,
    98.82900000000002,
    97.83700000000002,
    97.336,
    95.343,
    96.33500000000001,
    94.82900000000001,
    99.33200000000002,
    98.328,
    97.83100000000002,
    99.333,
    99.32700000000001,
    98.826,
    98.33900000000001,
    96.33000000000001,
    98.83800000000002,
    99.33800000000001,
    97.82900000000001,
    98.33200000000002,
    98.83400000000002,
    98.326,
    99.326,
    97.82700000000001,
    98.32499999999999,
    98.83300000000001,
    99.32000000000001,
    97.32400000000001,
    96.835,
    98.331,
    98.324,
    96.82000000000002,
    97.326,
    99.32500000000002,
    98.83000000000001,
    99.83800000000002,
    97.82900000000002,
    97.33500000000001,
    98.83400000000002,
    97.82900000000002,
    96.33800000000001,
    99.834,
    98.33600000000001,
    97.32200000000002,
    98.337,
    99.82500000000002,
    98.333,
    98.33000000000001,
    97.83700000000002,
    98.82000000000001,
    96.33000000000001,
    97.32100000000001,
    98.82900000000001,
    99.327,
    97.824,
    99.333,
    98.33300000000003,
    98.31700000000002,
    97.83500000000001,
    96.828,
    98.827,
    98.83800000000001,
    99.33600000000003,
    95.84100000000001,
    96.32900000000002,
    98.82600000000001,
    98.33500000000001,
    99.33500000000001,
    98.83000000000001,
    97.84200000000001,
    96.833,
    97.798,
    97.32300000000001,
    98.33800000000001,
    97.83500000000001,
    98.33800000000001,
    98.83500000000001,
    97.83300000000003,
    97.32900000000002,
    98.32400000000001,
    98.83800000000001,
    98.33600000000003,
    97.83500000000001,
    98.33800000000002,
    99.33300000000001,
    98.83700000000002,
    98.32700000000003,
    99.328,
    97.827,
    99.831,
    97.82700000000001,
    98.32900000000001,
    98.73400000000001,
    98.33400000000002,
    98.833,
    98.32700000000001,
    97.83700000000002,
    99.32700000000003,
    96.33100000000002,
    97.82200000000002,
    98.33500000000001,
    97.334,
    98.331,
    98.33600000000001,
    96.82600000000002,
    97.83500000000001,
    96.83200000000002,
    99.32900000000001,
    97.82700000000001,
    98.82400000000001,
    99.33300000000001,
    98.32100000000001,
    99.328,
    98.325,
    97.83300000000001,
    99.33800000000001,
    99.33600000000001,
    97.33100000000002,
    96.82900000000001,
    99.319,
    98.828,
    97.33700000000002,
    98.833,
    99.32500000000002,
    97.84200000000001,
    99.33,
    97.83000000000001,
    98.33300000000001,
    99.83000000000001,
    98.833,
    96.83400000000002,
    98.34200000000001,
    97.83700000000002,
    97.83900000000003,
    98.83800000000002,
    97.33800000000001,
    97.82900000000001,
    96.32600000000001,
    98.83100000000002,
    98.83500000000001,
    98.83800000000001,
    99.32600000000001,
    97.33500000000001,
    98.836,
    99.83399999999999,
    98.33600000000001,
    99.333,
