{
  "complexity": 0,
  "alpha": 0.2,
  "gamma": 0.9,
  "epsilon": 0.1,
  "extra_passages": 3,
  "avg_rewards": [
    -21.46400000000016,
    68.91300000000001,
    93.417,
    94.43800000000002,
    98.59900000000002,
    95.05600000000001,
    97.77000000000001,
    97.083,
    96.226,
    96.028,
    97.15899999999999,
    96.77400000000002,
    99.339,
    99.91300000000001,
    98.91,
    98.416,
    98.38399999999999,
    98.41599999999997,
    98.88200000000002,
    99.422,
    98.924,
    99.419,
    99.418,
    99.92599999999999,
    99.41400000000002,
    98.40899999999999,
    98.92099999999999,
    98.921,
    98.926,
    98.412,
    98.922,
    98.92600000000002,
    99.918,
    98.92500000000001,
    98.925,
    99.92099999999998,
    99.921,
    98.928,
    98.916,
    98.426,
    99.42800000000003,
    99.426,
    98.42700000000002,
    99.92300000000002,
    98.924,
    99.422,
    99.42,
    98.421,
    99.42699999999999,
    97.42200000000001,
    99.918,
    99.91600000000001,
    99.92600000000002,
    97.42800000000003,
    98.91799999999998,
    99.42700000000002,
    98.915,
    99.423,
    99.421,
    98.92099999999999,
    99.922,
    99.42600000000002,
    98.41999999999999,
    99.423,
    97.92500000000003,
    99.425,
    98.924,
    99.916,
    99.92699999999999,
    99.93000000000002,
    99.92,
    98.917,
    99.422,
    98.92699999999999,
    98.918,
    98.92099999999999,
    98.92500000000003,
    99.92200000000001,
    98.42800000000003,
    99.41399999999999,
    99.42200000000003,
    99.41999999999999,
    99.42300000000002,
    99.923,
    99.92200000000001,
    98.925,
    99.91900000000001,
    99.92600000000002,
    99.928,
    99.924,
    99.41600000000001,
    99.921,
    96.91999999999999,
    99.41600000000003,
    98.925,
    99.42099999999998,
    98.928,
    99.91799999999999,
    99.923,
    99.42500000000001,
    99.40899999999998,
    98.92600000000002,
    98.427,
    99.925,
    96.923,
    99.91299999999998,
    99.422,
    99.42700000000002,
    98.92500000000001,
    99.926,
    98.92299999999999,
    99.41999999999999,
    98.422,
    98.927,
    98.92800000000003,
    97.91899999999998,
    99.924,
    99.428,
    99.42499999999998,
    98.421,
    99.42000000000003,
    98.91399999999999,
    99.424,
    99.92300000000003,
    99.422,
    99.92299999999999,
    98.422,
    98.92699999999999,
    99.42,
    99.92600000000002,
    98.42099999999999,
    97.423,
    99.922,
    98.92299999999997,
    99.427,
    99.42100000000002,
    99.423,
    99.42500000000001,
    99.92800000000003,
    99.42500000000003,
    99.922,
    99.42600000000002,
    98.918,
    98.42300000000003,
    98.88400000000001,
    99.925,
    99.42700000000002,
    99.43000000000002,
    99.41999999999999,
    98.424,
    99.924,
    98.91799999999998,
    99.91900000000001,
    98.924,
    99.42200000000003,
    98.92500000000001,
    99.42400000000002,
    97.42199999999998,
    98.92400000000002,
    99.42400000000002,
    99.41999999999999,
    99.92600000000002,
    99.925,
    98.921,
    99.417,
    99.92400000000002,
    97.42,
    99.422,
    97.922,
    99.92500000000001,
    99.92299999999999,
    98.917,
    99.416,
    99.419,
    97.92100000000002,
    98.41299999999998,
    99.424,
    99.41999999999999,
    98.418,
    99.42300000000002,
    98.917,
    98.41900000000001,
    99.925,
    98.42500000000003,
    99.92700000000002,
    98.41699999999999,
    99.92600000000002,
    98.42699999999999,
    99.91599999999998,
    99.922,
    98.92800000000003,
    98.92,
    95.92,
    99.92400000000002,
    99.42700000000002,
    99.42099999999998,
    99.41700000000002,
    99.92700000000002,
    98.92700000000002,
    98.924,
    99.922,
    97.42700000000002,
    99.425,
    98.925,
    99.42099999999999,
    98.42200000000003,
    98.924,
    98.922,
    98.92600000000002,
    99.422,
    99.91299999999998,
    99.42200000000001,
    99.427,
    98.91400000000002,
    99.914,
    98.91299999999998,
    98.921,
    98.421,
    98.91799999999999,
    99.91999999999999,
    98.41199999999999,
    99.92,
    99.92500000000003,
    97.925,
    99.41799999999999,
    98.41900000000001,
    98.92400000000002,
    99.91999999999999,
    99.42100000000002,
    98.92300000000003,
    98.92600000000002,
    99.92700000000002,
    99.91900000000001,
    99.429,
    98.923,
    99.91699999999999,
    99.92000000000003,
    98.92699999999999,
    99.42299999999999,
    98.92300000000003,
    99.919,
    98.921,
    99.918,
    99.41600000000001,
    99.92200000000003,
    98.91999999999999,
    98.42299999999999,
    99.424,
    98.92300000000003,
    99.93000000000002,
    98.928,
    99.921,
    98.91799999999999,
    99.42699999999999,
    98.92600000000002,
    98.921,
    99.42400000000002,
    99.917,
    99.918,
    99.922,
    99.42500000000001,
    98.92500000000001,
    99.925,
    98.421,
    98.91999999999999,
    99.418,
    97.92500000000003,
    98.41799999999999,
    99.41099999999999,
    97.92399999999998,
    99.423,
    99.42099999999999,
    98.926,
    99.428,
    98.424,
    98.92600000000002,
    99.41499999999998,
    98.92200000000001,
    98.42600000000002,
    99.93000000000002,
    98.424,
    99.91900000000001,
    98.427,
    99.41699999999999,
    99.42,
    99.928,
    99.921,
    98.91999999999999,
    98.91900000000001,
    98.41899999999998,
    98.42300000000002,
    99.41599999999998,
    99.92300000000002,
    99.917,
    99.40400000000002,
    98.919,
    98.926,
    99.41499999999999,
    99.91999999999999,
    99.922,
    97.426,
    98.921,
    98.917,
    99.42300000000002,
    99.42200000000003,
    98.911,
    98.924,
    99.42600000000002,
    98.424,
    99.424,
    97.424,
    99.423,
    98.422,
    99.922,
    97.922,
    98.91999999999999,
    98.909,
    99.923,
    97.921,
    98.422,
    99.922,
    99.92400000000002,
    99.41700000000003,
    99.92700000000002,
    99.42,
    99.41999999999999,
    99.42199999999998,
    99.925,
    98.92299999999999,
    99.922,
    98.424,
    99.92800000000003,
    98.92,
    99.426,
    97.92300000000003,
    99.42299999999997,
    98.42900000000002,
    99.428,
    99.917,
    97.917,
    99.41400000000002,
    99.41399999999999,
    98.92300000000003,
    98.922,
    98.91900000000001,
    99.93000000000002,
    98.922,
    98.923,
    98.923,
    99.919,
    98.42099999999999,
    99.42500000000003,
    99.417,
    97.92699999999999,
    99.426,
    99.425,
    98.925,
    98.91499999999999,
    99.41799999999999,
    98.924,
    98.414,
    99.41900000000001,
    99.41999999999999,
    98.425,
    99.418,
    99.42500000000003,
    99.42299999999997,
    99.42800000000003,
    99.42400000000002,
    98.921,
    98.91800000000003,
    97.41999999999999,
    98.92099999999999,
    99.42900000000002,
    98.425,
    99.919,
    99.42600000000002,
    97.92200000000001,
    98.42800000000001,
    97.426,
    99.42299999999999,
    98.91600000000001,
    98.92400000000002,
    99.42299999999999,
    98.922,
    99.41800000000003,
    99.428,
    99.42700000000002,
    99.925,
    98.92,
    99.419,
    99.423,
    99.92800000000001,
    99.42099999999999,
    98.924,
    99.925,
    98.91799999999999,
    99.92500000000001,
    99.421,
    99.915,
    99.422,
    98.92099999999999,
    98.925,
    99.41999999999999,
    97.92,
    99.429,
    99.914,
    99.92699999999999,
    98.42299999999999,
    99.924,
    99.42099999999999,
    99.41900000000001,
    98.924,
    98.92099999999999,
    97.41499999999999,
    98.91799999999999,
    98.929,
    99.41599999999998,
    98.42100000000002,
    97.41799999999998,
    99.41999999999999,
    98.915,
    98.92600000000002,
    98.422,
    99.42900000000002,
    99.42,
    99.921,
    99.418,
    98.92800000000003,
    99.926,
    99.428,
    98.924,
    98.916,
    98.924,
    98.42300000000003,
    99.92299999999999,
    99.41600000000001,
    99.41499999999999,
