{
  "complexity": 8,
  "alpha": 0.3,
  "gamma": 0.85,
  "epsilon": 0.3,
  "extra_passages": 7,
  "avg_rewards": [
    -419.521999999998,
    -184.56599999999725,
    -114.973999999996,
    -40.43399999999865,
    -84.97299999999741,
    -117.77799999999608,
    -34.0449999999982,
    30.62699999999966,
    15.14799999999967,
    61.3359999999999,
    54.0679999999998,
    -9.672999999999677,
    47.079999999999885,
    50.062000000000054,
    -82.66199999999051,
    -40.420999999997356,
    18.71600000000039,
    48.96099999999992,
    22.652000000000225,
    42.95999999999979,
    42.804000000000244,
    -21.572999999995794,
    23.693000000000644,
    61.99299999999987,
    53.70899999999999,
    60.35999999999965,
    62.99699999999996,
    -0.5709999999976191,
    67.64800000000001,
    71.24199999999995,
    13.549000000000472,
    52.47199999999975,
    61.29199999999976,
    -35.96899999999865,
    75.78699999999998,
    34.357000000001975,
    -59.88299999999636,
    -201.60500000003304,
    81.576,
    78.66999999999999,
    62.861999999999945,
    51.94300000000038,
    81.99100000000001,
    -9.244999999993576,
    82.30599999999997,
    71.91399999999994,
    -72.35799999998963,
    48.943000000001014,
    72.76299999999974,
    56.20599999999987,
    -40.90599999999607,
    5.278000000005233,
    -33.83799999999172,
    25.71000000000301,
    66.714,
    33.12000000000038,
    51.69100000000069,
    4.355000000003559,
    20.063000000003676,
    73.099,
    71.27900000000008,
    40.422000000000615,
    82.36499999999998,
    14.582000000004342,
    49.56800000000056,
    59.310999999999964,
    62.91600000000044,
    85.989,
    69.85699999999983,
    68.88899999999958,
    70.60100000000008,
    69.46799999999989,
    5.545000000004532,
    -11.902999999993668,
    77.422,
    67.26900000000023,
    83.36999999999998,
    7.537000000004764,
    84.42799999999997,
    93.546,
    43.64900000000093,
    81.55999999999995,
    64.54500000000047,
    84.547,
    89.57100000000001,
    92.756,
    79.28799999999981,
    89.62999999999998,
    89.194,
    91.181,
    87.34499999999998,
    79.75699999999993,
    90.49600000000001,
    84.15500000000002,
    75.60000000000002,
    85.22000000000001,
    81.03499999999994,
    84.32200000000003,
    76.57999999999988,
    87.06300000000002,
    87.411,
    83.96799999999996,
    89.01799999999997,
    86.60499999999999,
    86.56099999999998,
    88.63799999999999,
    89.562,
    87.88699999999999,
    80.35299999999997,
    87.99499999999999,
    86.95,
    95.699,
    90.16900000000001,
    80.008,
    88.17500000000001,
    89.67699999999999,
    81.12699999999997,
    91.71000000000001,
    91.74,
    79.15199999999977,
    79.70199999999997,
    83.69799999999995,
    88.13300000000001,
    89.589,
    90.646,
    89.701,
    90.20899999999999,
    85.616,
    88.662,
    82.82800000000003,
    93.727,
    90.21399999999998,
    88.236,
    93.26899999999999,
    93.74000000000002,
    90.75400000000002,
    88.249,
    92.211,
    89.138,
    91.67699999999999,
    89.73999999999998,
    89.26499999999999,
    90.28999999999999,
    77.66699999999987,
    92.737,
    91.07400000000001,
    69.80200000000033,
    92.00999999999996,
    87.62100000000002,
    91.09599999999998,
    92.04499999999997,
    93.026,
    90.003,
    89.13400000000001,
    91.76700000000001,
    88.68500000000002,
    94.24199999999999,
    93.79300000000002,
    87.277,
    94.787,
    89.264,
    91.21300000000001,
    88.26199999999999,
    94.781,
    88.294,
    88.781,
    89.77099999999999,
    92.77199999999999,
    87.21200000000002,
    92.261,
    93.28099999999999,
    93.78200000000001,
    91.238,
    92.28399999999999,
    89.229,
    92.207,
    92.79099999999998,
    92.79500000000002,
    90.26200000000001,
    92.293,
    86.26599999999999,
    83.19400000000002,
    90.71099999999998,
    88.78,
    93.70899999999999,
    93.25699999999999,
    92.29299999999999,
    88.756,
    85.69800000000001,
    92.26500000000001,
    88.773,
    89.24600000000001,
    91.784,
    92.76899999999999,
    87.73299999999999,
    92.75600000000001,
    91.24999999999999,
    90.26099999999998,
    91.773,
    91.775,
    91.75399999999999,
    90.22900000000001,
    90.747,
    90.739,
    90.28800000000001,
    90.75500000000002,
    90.76,
    89.61,
    87.75999999999998,
    85.773,
    93.172,
    94.29599999999999,
    89.694,
    89.772,
    90.75300000000001,
    87.277,
    90.23000000000002,
    89.79799999999999,
    94.212,
    89.72,
    90.22,
    91.755,
    91.251,
    94.72999999999999,
    90.19800000000001,
    89.74000000000001,
    88.579,
    87.92599999999996,
    95.263,
    84.11,
    91.724,
    85.274,
    90.26700000000001,
    92.284,
    87.276,
    91.779,
    89.795,
    90.76499999999999,
    90.30699999999999,
    93.29,
    88.761,
    92.76700000000001,
    86.28399999999999,
    92.79899999999999,
    90.291,
    95.22,
    90.26999999999998,
    89.75399999999999,
    92.78200000000001,
    90.783,
    92.283,
    88.787,
    92.76599999999999,
    90.288,
    89.751,
    92.743,
    86.26400000000001,
    90.728,
    89.28399999999998,
    94.76100000000001,
    91.197,
    89.283,
    89.715,
    86.74999999999999,
    92.76599999999999,
    90.77999999999999,
    94.23100000000001,
    91.221,
    89.781,
    91.77199999999999,
    91.272,
    92.775,
    94.78900000000002,
    91.75999999999999,
    90.22399999999999,
    92.804,
    89.78999999999999,
    91.22999999999999,
    90.78599999999999,
    90.25699999999999,
    91.77799999999999,
    93.295,
    88.75300000000001,
    87.794,
    94.284,
    85.261,
    91.76599999999999,
    91.252,
    84.74199999999999,
    86.06099999999998,
    91.233,
    89.244,
    92.727,
    87.78599999999999,
    93.273,
    91.28200000000001,
    93.251,
    88.72300000000001,
    92.24699999999999,
    91.28099999999998,
    88.28999999999999,
    94.29099999999998,
    93.26200000000001,
    91.25400000000002,
    96.23599999999999,
    94.73799999999999,
    84.223,
    91.19500000000001,
    88.171,
    91.745,
    92.28399999999999,
    93.301,
    92.663,
    89.681,
    90.775,
    92.706,
    92.74199999999999,
    90.707,
    92.28999999999999,
    88.742,
    93.28,
    85.248,
    92.75900000000001,
    93.309,
    93.273,
    92.299,
    94.795,
    89.774,
    92.75900000000001,
    85.704,
    89.78099999999999,
    94.803,
    93.25300000000001,
    93.27000000000001,
    87.207,
    92.268,
    93.761,
    91.293,
    92.29100000000001,
    90.26599999999999,
    92.266,
    92.28299999999999,
    94.288,
    93.29299999999998,
    92.28299999999997,
    92.775,
    92.763,
    91.284,
    92.276,
    94.28,
    92.78299999999999,
    91.763,
    93.756,
    96.80900000000001,
    91.296,
    90.299,
    95.78999999999999,
    89.27900000000001,
    91.27799999999999,
    90.266,
    89.21599999999998,
    95.29599999999999,
    90.80000000000001,
    90.781,
    92.74699999999999,
    86.74699999999999,
    91.27499999999999,
    91.30000000000001,
    94.801,
    95.29,
    91.25699999999999,
    93.77000000000001,
    92.78,
    91.78699999999999,
    89.767,
    92.76299999999999,
    94.28300000000003,
    96.80499999999998,
    91.285,
    93.281,
    93.279,
    88.78699999999999,
    93.29400000000001,
    88.288,
    90.285,
    94.29400000000001,
    91.788,
    91.25500000000001,
    92.753,
    89.251,
    90.804,
    92.773,
    89.76499999999999,
    89.78099999999999,
    91.777,
    85.73400000000001,
    90.76500000000001,
    93.783,
    94.29400000000001,
    89.27099999999999,
    96.27799999999999,
    93.801,
    91.784,
    93.28800000000001,
    91.775,
    88.68999999999998,
    92.76,
    93.772,
    92.24600000000001,
    90.285,
    92.79400000000001,
    90.28999999999999,
    91.26500000000001,
    89.741,
    93.28200000000001,
    90.22600000000001,
    90.77399999999999,
