{
  "complexity": 5,
  "alpha": 0.2,
  "gamma": 0.85,
  "epsilon": 0.2,
  "extra_passages": 2,
  "avg_rewards": [
    -267.1869999999967,
    -79.54199999999882,
    22.646000000001102,
    13.385000000001128,
    0.5240000000004059,
    59.99600000000031,
    36.84200000000055,
    72.19199999999982,
    80.58699999999986,
    1.2820000000062877,
    76.97399999999996,
    82.90099999999994,
    -9.273999999999415,
    -22.83999999999084,
    -90.15699999997567,
    85.95199999999996,
    71.59999999999982,
    73.21499999999985,
    75.85699999999954,
    61.76399999999933,
    45.54700000000215,
    73.92600000000027,
    39.00500000000216,
    45.73400000000639,
    65.21300000000159,
    55.13399999999997,
    54.58499999999922,
    92.74799999999998,
    83.27399999999969,
    86.28,
    94.07399999999998,
    89.76699999999997,
    92.69700000000002,
    81.0729999999999,
    91.03799999999998,
    84.85399999999994,
    94.65,
    93.58599999999998,
    94.756,
    94.627,
    96.74199999999999,
    96.104,
    95.804,
    93.82600000000001,
    95.129,
    90.60000000000011,
    94.275,
    93.04699999999998,
    96.31400000000001,
    96.35799999999999,
    96.34400000000001,
    97.373,
    95.86000000000001,
    93.23,
    96.363,
    96.87100000000001,
    92.358,
    95.859,
    96.853,
    96.864,
    97.368,
    95.366,
    97.86500000000001,
    97.352,
    95.36,
    96.36,
    94.355,
    97.361,
    95.86200000000001,
    95.358,
    97.857,
    93.35799999999999,
    94.86,
    96.35900000000001,
    91.85499999999999,
    97.36,
    96.36500000000001,
    97.85799999999999,
    93.852,
    95.855,
    94.86299999999999,
    96.85900000000001,
    96.358,
    93.373,
    96.87,
    96.85,
    95.87,
    91.856,
    95.362,
    95.36500000000001,
    96.357,
    96.36800000000001,
    96.361,
    96.84100000000001,
    98.33500000000001,
    94.83900000000001,
    94.854,
    97.86500000000001,
    97.86200000000001,
    94.869,
    94.873,
    96.85100000000001,
    96.851,
    93.849,
    97.872,
    95.848,
    95.359,
    92.861,
    94.864,
    92.35499999999999,
    93.37100000000001,
    96.867,
    93.85100000000001,
    95.853,
    94.34700000000001,
    95.355,
    96.86600000000001,
    96.85400000000001,
    97.85600000000001,
    97.35900000000001,
    95.364,
    96.85600000000001,
    97.86,
    96.87,
    95.852,
    95.873,
    93.35900000000001,
    98.359,
    94.84599999999999,
    96.36699999999999,
    94.36,
    95.357,
    96.871,
    98.35499999999999,
    94.355,
    98.873,
    92.363,
    94.35600000000001,
    98.369,
    95.356,
    97.37,
    96.36600000000001,
    96.858,
    96.363,
    96.87199999999999,
    97.369,
    95.854,
    95.362,
    97.35600000000001,
    95.868,
    92.867,
    97.857,
    95.349,
    98.36599999999999,
    98.34800000000001,
    94.35400000000001,
    95.863,
    95.37100000000001,
    93.86800000000001,
    96.35100000000001,
    94.304,
    95.365,
    97.362,
    96.85100000000001,
    92.365,
    94.863,
    94.862,
    95.35300000000001,
    95.86200000000001,
    95.365,
    96.358,
    95.36,
    95.85999999999999,
    97.351,
    93.87299999999999,
    95.37,
    93.87100000000001,
    98.35499999999999,
    95.87,
    92.345,
    95.84700000000001,
    93.87,
    95.85900000000001,
    96.848,
    95.362,
    93.848,
    94.833,
    93.858,
    95.86100000000002,
    95.35,
    96.36200000000001,
    98.35100000000001,
    97.85700000000001,
    96.363,
    94.36300000000001,
    97.86,
    95.864,
    97.35600000000001,
    95.876,
    94.369,
    94.85900000000001,
    96.34100000000001,
    95.35600000000001,
    96.863,
    97.344,
    94.35600000000001,
    98.35499999999999,
    95.858,
    98.37100000000001,
    98.87,
    97.86300000000001,
    97.365,
    96.371,
    97.864,
    98.36699999999999,
    94.35400000000001,
    98.36599999999999,
    97.34800000000001,
    96.861,
    96.35,
    96.857,
    94.863,
    95.361,
    93.852,
    95.87,
    95.35900000000001,
    94.35000000000001,
    94.843,
    96.864,
    96.365,
    96.862,
    94.345,
    95.869,
    96.36500000000001,
    94.85900000000001,
    96.85300000000001,
    94.352,
    95.86300000000001,
    94.835,
    95.364,
    93.32000000000001,
    97.35799999999999,
    95.37,
    95.861,
    96.863,
    96.369,
    95.36999999999999,
    96.369,
    94.363,
    98.364,
    95.842,
    98.36000000000001,
    96.864,
    94.858,
    96.369,
    97.35600000000001,
    96.866,
    96.339,
    96.345,
    96.355,
    96.354,
    96.35900000000001,
    95.35499999999999,
    96.86,
    97.866,
    93.35499999999999,
    98.368,
    97.358,
    97.86,
    94.36499999999998,
    97.86499999999998,
    92.85900000000001,
    97.27199999999999,
    93.357,
    96.862,
    95.35600000000001,
    93.353,
    95.36800000000001,
    97.865,
    95.34100000000001,
    96.36300000000001,
    96.36,
    92.86699999999999,
    93.864,
    98.854,
    95.864,
    97.872,
    97.85500000000002,
    97.366,
    95.35600000000001,
    95.846,
    96.35300000000001,
    96.363,
    95.373,
    98.861,
    96.36300000000001,
    96.347,
    97.85300000000001,
    96.356,
    95.35799999999999,
    95.363,
    95.358,
    93.843,
    93.365,
    96.876,
    97.35,
    97.36100000000002,
    96.372,
    93.864,
    97.852,
    95.876,
    97.37,
    96.86999999999999,
    96.861,
    98.36100000000002,
    95.363,
    97.36800000000001,
    97.362,
    94.86200000000001,
    94.864,
    93.363,
    98.869,
    95.86599999999999,
    94.85900000000001,
    97.36099999999999,
    97.37,
    92.872,
    96.86399999999999,
    96.862,
    93.855,
    95.86100000000002,
    96.373,
    96.354,
    97.872,
    95.873,
    97.869,
    96.85199999999999,
    97.369,
    98.373,
    94.862,
    95.37,
    94.84700000000001,
    95.86500000000001,
    95.367,
    95.865,
    95.869,
    95.862,
    96.85499999999999,
    95.876,
    96.86399999999999,
    97.36999999999999,
    95.86200000000001,
    98.36699999999999,
    97.353,
    96.868,
    94.346,
    93.34500000000001,
    95.85400000000001,
    95.366,
    96.35100000000001,
    94.34900000000002,
    95.848,
    92.85600000000001,
    96.856,
    97.846,
    93.364,
    96.367,
    94.86800000000001,
    95.35700000000001,
    97.858,
    96.36,
    96.35500000000002,
    94.84800000000001,
    95.873,
    97.85900000000001,
    96.369,
    96.86,
    95.866,
    94.34900000000002,
    96.874,
    95.84700000000001,
    93.858,
    99.85099999999998,
    98.37,
    94.35600000000001,
    96.864,
    94.873,
    95.85300000000001,
    95.869,
    95.857,
    97.857,
    96.35100000000001,
    97.868,
    95.87100000000001,
    96.362,
    96.364,
    96.35900000000001,
    98.359,
    96.849,
    97.364,
    96.86500000000001,
    96.356,
    95.369,
    97.85900000000001,
    97.849,
    94.846,
    93.35900000000001,
    99.358,
    98.872,
    95.362,
    95.86300000000001,
    97.369,
    96.351,
    97.857,
    95.36,
    97.853,
    96.34700000000001,
    94.357,
    95.854,
    96.86600000000001,
    97.365,
    96.86600000000001,
    95.855,
    94.358,
    95.85499999999999,
    94.356,
    95.873,
    94.86,
    97.85100000000001,
    96.84100000000001,
    95.85100000000001,
    92.85,
    96.864,
    95.372,
    93.852,
    93.862,
    96.85900000000001,
    97.864,
    97.85799999999999,
    94.357,
    94.34400000000001,
    94.377,
    95.85300000000001,
    96.85800000000002,
    91.862,
    96.363,
    95.843,
    96.87100000000001,
    96.873,
    97.86,
    96.378,
    97.873,
    97.856,
    95.354,
    96.87100000000001,
    97.34899999999999,
    95.36600000000001,
    94.849,
    99.359,
    98.868,
    95.86800000000001,
    92.84700000000001,
    97.36000000000001,
    97.34,
    98.362,
    93.86500000000001,
    96.35999999999999,
    96.863,
    96.349,
    98.364,
    96.36100000000002,
    95.868,
    95.861,
