{
  "complexity": 2,
  "alpha": 0.1,
  "gamma": 0.85,
  "epsilon": 0.2,
  "extra_passages": 1,
  "avg_rewards": [
    -35.008999999999965,
    55.82699999999981,
    61.52799999999977,
    40.076000000000825,
    90.02300000000001,
    70.8710000000005,
    82.6889999999997,
    93.143,
    88.82599999999994,
    90.19699999999997,
    82.288,
    45.96600000000918,
    84.06999999999962,
    95.71700000000001,
    94.758,
    93.772,
    91.33699999999995,
    95.357,
    92.12299999999998,
    96.08099999999999,
    47.674000000006316,
    86.75999999999999,
    94.50400000000003,
    32.43600000001068,
    95.60499999999999,
    85.97999999999955,
    91.92399999999996,
    95.10000000000001,
    82.44099999999973,
    85.2759999999995,
    89.795,
    91.76300000000019,
    96.016,
    89.28199999999983,
    82.31799999999978,
    97.874,
    80.75699999999992,
    92.96100000000004,
    90.8460000000001,
    89.34499999999977,
    91.19200000000005,
    82.56700000000028,
    97.871,
    90.17700000000006,
    99.89099999999998,
    98.396,
    93.28499999999993,
    97.399,
    96.74899999999998,
    98.40499999999999,
    95.90299999999999,
    98.40299999999999,
    95.85299999999992,
    94.714,
    96.90599999999999,
    97.87299999999999,
    97.907,
    97.404,
    94.40899999999999,
    97.91399999999999,
    96.903,
    98.41000000000001,
    95.37,
    95.424,
    99.918,
    98.41,
    97.908,
    89.70299999999999,
    96.40700000000001,
    97.90399999999998,
    94.67599999999999,
    99.40199999999999,
    99.40299999999999,
    97.41099999999999,
    97.38399999999999,
    97.39999999999998,
    97.41100000000002,
    98.895,
    98.915,
    96.40200000000002,
    97.40599999999998,
    97.90799999999999,
    96.911,
    97.401,
    98.408,
    97.408,
    95.33199999999997,
    95.41099999999999,
    97.411,
    97.405,
    97.91299999999998,
    96.90599999999999,
    97.917,
    96.41199999999998,
    97.906,
    98.918,
    96.90999999999998,
    97.40799999999999,
    97.41400000000002,
    97.90599999999999,
    99.415,
    95.902,
    94.90099999999998,
    98.90899999999999,
    97.418,
    96.905,
    95.43800000000002,
    96.908,
    96.421,
    97.40599999999999,
    96.90599999999998,
    98.40900000000002,
    96.90599999999999,
    97.424,
    99.407,
    97.40299999999998,
    97.90399999999998,
    97.902,
    95.41900000000001,
    98.405,
    98.9,
    98.416,
    97.409,
    97.918,
    98.41600000000001,
    97.90199999999999,
    98.41100000000002,
    95.34599999999998,
    97.40599999999999,
    98.91400000000002,
    97.407,
    99.40899999999999,
    97.402,
    97.404,
    96.412,
    97.91299999999998,
    98.90599999999999,
    97.91499999999999,
    99.417,
    94.90199999999999,
    97.905,
    97.89699999999998,
    98.91,
    98.915,
    97.40899999999999,
    97.921,
    94.91,
    96.90599999999999,
    98.404,
    96.39999999999998,
    96.40599999999999,
    97.411,
    97.413,
    97.90299999999999,
    95.90899999999999,
    98.409,
    98.90599999999999,
    97.90799999999999,
    96.404,
    97.91700000000002,
    99.411,
    96.40899999999999,
    98.91099999999999,
    94.90499999999999,
    99.41600000000001,
    97.91499999999999,
    97.398,
    97.90499999999997,
    97.411,
    97.414,
    98.41299999999998,
    97.901,
    97.91299999999998,
    96.40799999999999,
    95.40899999999998,
    98.41099999999999,
    96.405,
    96.399,
    98.91000000000001,
    97.90899999999999,
    97.4,
    98.92,
    96.90800000000002,
    96.407,
    98.911,
    96.91499999999999,
    97.91699999999999,
    98.41000000000001,
    98.39599999999999,
    98.913,
    97.408,
    96.905,
    97.911,
    95.412,
    97.90599999999999,
    97.41000000000001,
    96.90700000000001,
    98.91399999999999,
    97.41199999999999,
    96.408,
    95.90400000000002,
    97.38799999999999,
    97.41,
    97.90499999999999,
    96.408,
    94.91,
    98.41799999999999,
    98.91299999999998,
    99.409,
    94.90700000000001,
    98.91199999999999,
    98.42200000000003,
    98.91,
    97.905,
    94.915,
    99.412,
    97.40599999999999,
    99.40899999999999,
    98.91,
    98.904,
    96.899,
    97.41199999999999,
    97.91,
    96.40400000000002,
    98.416,
    99.40400000000001,
    97.91300000000001,
    97.91799999999999,
    97.41799999999998,
    96.91599999999997,
    97.40799999999999,
    98.41,
    98.412,
    97.919,
    97.395,
    97.91600000000001,
    96.40899999999999,
    97.91499999999999,
    97.41199999999999,
    97.912,
    97.412,
    97.89299999999999,
    97.40299999999999,
    98.89499999999998,
    98.40800000000002,
    96.901,
    98.917,
    96.91099999999999,
    95.91399999999999,
    96.41,
    97.40499999999999,
    97.405,
    97.915,
    96.92200000000001,
    97.40700000000001,
    97.416,
    99.41499999999999,
    98.91399999999999,
    97.412,
    94.907,
    97.913,
    97.41900000000001,
    97.40799999999999,
    97.401,
    98.91999999999999,
    96.92000000000002,
    96.40099999999998,
    96.91600000000001,
    98.41,
    98.41799999999998,
    99.4,
    97.40399999999998,
    97.91000000000001,
    97.41000000000001,
    97.41,
    97.407,
    97.906,
    98.40599999999999,
    98.90799999999999,
    97.90399999999998,
    96.40900000000002,
    97.91099999999999,
    96.39899999999999,
    97.40599999999999,
    98.911,
    97.91100000000002,
    98.407,
    98.409,
    98.91099999999999,
    96.90899999999999,
    98.90499999999999,
    96.891,
    96.408,
    98.409,
    96.90500000000002,
    94.91199999999999,
    99.407,
    97.41600000000001,
    97.40599999999998,
    98.92,
    98.908,
    97.404,
    98.40799999999999,
    96.40799999999999,
    97.41100000000002,
    96.90400000000001,
    97.90799999999999,
    98.90700000000001,
    94.41600000000001,
    97.90200000000002,
    97.90599999999999,
    98.39599999999999,
    97.91600000000001,
    95.91000000000001,
    95.90599999999998,
    96.399,
    96.90499999999999,
    97.42099999999998,
    97.91199999999999,
    96.90799999999999,
    98.41000000000001,
    95.90899999999999,
    98.41799999999999,
    96.916,
    97.91100000000002,
    98.907,
    95.41599999999998,
    98.41400000000002,
    98.40799999999999,
    97.39999999999999,
    94.914,
    95.90299999999999,
    98.41399999999999,
    98.91499999999999,
    97.908,
    96.407,
    98.41599999999998,
    97.91300000000001,
    96.39700000000002,
    96.907,
    98.417,
    97.39099999999999,
    96.90400000000002,
    97.90799999999999,
    96.91800000000002,
    95.91099999999999,
    96.91900000000001,
    95.413,
    97.902,
    98.40299999999999,
    96.423,
    95.917,
    95.405,
    98.40299999999999,
    95.916,
    97.90500000000002,
    98.909,
    95.40499999999999,
    96.40700000000001,
    96.91400000000002,
    97.90200000000002,
    97.918,
    96.911,
    96.412,
    98.40899999999998,
    96.91100000000002,
    96.898,
    97.913,
    97.917,
    95.905,
    96.89699999999999,
    98.414,
    96.399,
    96.41,
    96.91099999999999,
    98.40899999999999,
    95.41,
    97.908,
    97.90299999999999,
    95.91300000000001,
    98.4,
    97.40699999999998,
    95.90899999999998,
    99.918,
    98.415,
    98.90299999999999,
    97.91100000000002,
    96.91499999999999,
    96.401,
    98.41099999999997,
    97.9,
    98.41299999999998,
    98.407,
    98.90700000000001,
    96.91100000000002,
    96.915,
    96.905,
    96.40799999999999,
    96.405,
    97.41,
    97.905,
    97.91199999999999,
    98.90099999999998,
    98.912,
    98.90399999999998,
    98.41099999999999,
    97.911,
    97.917,
    97.41699999999999,
    99.91099999999999,
    96.90799999999999,
    94.41399999999999,
    98.405,
    97.91199999999999,
    98.91099999999999,
    98.411,
    98.39599999999999,
    99.41199999999999,
    98.91499999999999,
    96.90400000000001,
    98.91600000000001,
    98.412,
    97.91600000000001,
