{
  "complexity": 7,
  "alpha": 0.1,
  "gamma": 0.9,
  "epsilon": 0.1,
  "extra_passages": 0,
  "avg_rewards": [
    -236.2199999999986,
    -182.48099999998163,
    42.67200000000092,
    76.02299999999988,
    80.51899999999995,
    -30.419999999992132,
    -1168.6590000070933,
    69.06199999999995,
    29.137000000000818,
    58.422000000004175,
    -66.17299999995278,
    -21.937999999967257,
    72.19899999999916,
    37.0640000000153,
    83.88199999999988,
    63.88399999999966,
    56.360000000004206,
    78.08699999999861,
    24.704000000009636,
    -261.21500000129333,
    93.71800000000003,
    33.894000000018735,
    76.11100000000026,
    88.05499999999982,
    63.30799999999813,
    71.62699999999919,
    -81.45899999995605,
    86.94999999999992,
    73.06800000000005,
    80.30399999999997,
    81.88499999999974,
    89.96600000000002,
    37.40900000001297,
    73.79999999999892,
    83.16800000000015,
    75.76900000000008,
    91.21799999999995,
    82.32200000000024,
    52.513000000010244,
    92.032,
    68.45400000000019,
    91.46500000000012,
    84.53799999999988,
    96.60000000000002,
    94.59800000000003,
    89.87499999999963,
    92.22999999999983,
    88.12399999999982,
    95.506,
    93.08900000000001,
    92.74699999999991,
    83.1350000000002,
    76.42299999999943,
    87.99900000000021,
    83.08599999999878,
    91.44999999999996,
    97.74199999999999,
    94.58500000000001,
    95.673,
    92.627,
    90.08800000000018,
    96.74199999999999,
    93.26299999999985,
    93.595,
    96.11599999999997,
    84.63000000000015,
    93.57200000000003,
    95.34200000000001,
    88.45700000000014,
    90.5790000000001,
    96.84099999999998,
    95.273,
    97.86299999999999,
    96.86800000000001,
    98.344,
    97.69399999999999,
    97.31300000000002,
    99.24499999999999,
    95.25500000000001,
    95.34700000000001,
    97.26199999999999,
    96.314,
    97.36200000000001,
    99.35700000000001,
    96.80700000000002,
    97.854,
    98.34299999999999,
    94.852,
    98.354,
    97.35600000000001,
    98.351,
    97.85600000000001,
    97.85799999999999,
    97.858,
    95.862,
    97.353,
    98.35600000000001,
    97.85000000000002,
    99.35999999999999,
    93.35999999999999,
    98.357,
    97.35800000000002,
    97.34799999999998,
    96.854,
    97.366,
    97.861,
    95.86000000000001,
    95.866,
    96.861,
    94.69999999999999,
    98.86500000000001,
    96.35999999999999,
    94.857,
    97.85900000000001,
    97.362,
    99.355,
    98.861,
    98.356,
    97.859,
    97.85799999999999,
    97.857,
    97.856,
    96.85600000000001,
    98.852,
    96.36399999999999,
    97.864,
    96.852,
    95.866,
    97.35000000000002,
    96.35400000000001,
    97.85600000000002,
    97.865,
    98.865,
    97.852,
    97.864,
    97.864,
    98.361,
    98.85900000000001,
    97.854,
    98.36000000000001,
    97.362,
    97.36,
    96.864,
    95.854,
    95.352,
    98.857,
    99.363,
    98.36100000000002,
    97.854,
    98.851,
    97.36100000000002,
    99.365,
    98.363,
    98.84399999999998,
    98.86200000000001,
    96.859,
    98.36500000000001,
    97.36099999999999,
    96.853,
    97.35300000000001,
    97.35699999999999,
    98.364,
    96.358,
    98.85499999999999,
    98.348,
    96.84599999999999,
    98.36699999999999,
    97.849,
    98.85,
    97.35400000000001,
    97.349,
    98.35900000000001,
    98.35,
    97.858,
    97.355,
    98.853,
    96.35999999999999,
    98.36099999999999,
    97.361,
    97.35499999999999,
    98.35600000000001,
    97.86,
    98.851,
    97.357,
    96.36800000000001,
    99.349,
    96.862,
    99.358,
    97.851,
    98.359,
    97.35799999999999,
    97.358,
    99.357,
    98.36500000000001,
    96.86300000000001,
    97.36,
    96.852,
    95.862,
    97.35799999999999,
    96.35800000000002,
    96.85900000000001,
    97.856,
    97.36,
    96.362,
    98.348,
    96.859,
    97.862,
    98.35499999999999,
    96.351,
    95.85600000000001,
    99.35999999999999,
    97.86500000000001,
    98.364,
    95.35300000000001,
    96.35999999999999,
    97.864,
    98.852,
    97.35800000000002,
    98.358,
    98.35800000000002,
    97.86600000000001,
    97.858,
    96.857,
    95.83299999999998,
    98.357,
    97.357,
    96.356,
    97.362,
    98.867,
    97.35499999999999,
    98.857,
    98.84400000000001,
    98.362,
    96.353,
    97.34700000000001,
    98.859,
    98.35900000000001,
    99.36800000000001,
    98.35900000000001,
    97.856,
    97.35,
    98.35900000000001,
    97.863,
    98.85799999999999,
    98.36099999999999,
    98.85300000000001,
    95.362,
    97.85600000000002,
    97.85799999999999,
    96.84900000000002,
    98.362,
    99.36000000000001,
    96.85800000000002,
    97.36299999999999,
    97.35,
    94.84100000000001,
    98.86500000000001,
    96.86699999999999,
    97.86100000000002,
    96.86,
    97.362,
    98.358,
    99.85900000000001,
    98.35900000000001,
    96.36200000000001,
    96.859,
    97.86100000000002,
    95.86500000000001,
    97.855,
    97.364,
    99.362,
    96.862,
    94.347,
    97.862,
    98.356,
    97.351,
    98.35600000000001,
    99.36200000000001,
    98.36300000000001,
    97.86100000000002,
    98.86699999999999,
    96.35600000000001,
    97.34700000000001,
    96.359,
    99.36100000000002,
    96.854,
    97.36300000000001,
    98.35900000000001,
    99.35799999999999,
    97.36100000000002,
    98.356,
    97.36099999999999,
    97.856,
    96.35799999999999,
    98.85799999999999,
    98.356,
    95.352,
    97.35800000000002,
    96.86300000000001,
    98.86100000000002,
    95.362,
    96.35999999999999,
    97.356,
    94.862,
    98.863,
    98.36299999999999,
    98.363,
    98.36600000000001,
    95.84700000000001,
    96.85499999999999,
    97.862,
    98.86099999999999,
    96.367,
    98.359,
    95.85499999999999,
    96.36,
    97.36300000000001,
    99.86,
    96.86399999999999,
    98.35999999999999,
    97.363,
    96.36,
    96.359,
    98.361,
    96.86500000000001,
    96.861,
    95.35800000000002,
    98.862,
    96.849,
    97.862,
    96.86699999999999,
    97.34799999999998,
    99.35499999999999,
    97.85800000000002,
    97.862,
    97.855,
    98.356,
    97.86099999999999,
    96.86,
    96.354,
    97.862,
    97.856,
    94.861,
    94.841,
    98.357,
    97.86099999999999,
    97.36200000000001,
    96.362,
    95.86,
    95.35799999999999,
    96.86299999999999,
    98.364,
    95.86500000000001,
    95.35199999999999,
    97.36100000000002,
    98.36300000000001,
    98.36,
    99.35599999999998,
    98.85999999999999,
    94.861,
    97.85799999999999,
    95.861,
    95.85799999999999,
    94.857,
    97.85199999999999,
    97.352,
    97.863,
    98.356,
    97.36300000000001,
    98.85900000000001,
    96.35500000000002,
    97.85400000000001,
    98.35900000000001,
    97.85800000000002,
    97.36,
    97.85400000000001,
    98.856,
    93.85600000000002,
    97.867,
    95.846,
    97.85999999999999,
    98.851,
    96.85900000000001,
    96.86600000000001,
    94.86,
    96.359,
    96.864,
    96.353,
    98.35600000000001,
    98.36000000000001,
    98.35099999999998,
    97.34799999999998,
    96.358,
    98.363,
    99.35499999999999,
    97.359,
    97.85999999999999,
    98.85799999999999,
    98.86,
    96.852,
    98.853,
    97.85600000000001,
    98.35499999999999,
    96.85400000000001,
    97.868,
    98.85900000000001,
    97.36600000000001,
    97.862,
    96.354,
    98.36300000000001,
    97.35999999999999,
    99.36600000000001,
    98.352,
    98.36200000000001,
    98.85900000000001,
    95.35,
    98.36100000000002,
    97.351,
    98.36300000000001,
    97.86200000000001,
    98.865,
    95.352,
    97.359,
    97.86200000000001,
    96.85800000000002,
    96.362,
    97.352,
    98.86200000000001,
    98.35499999999999,
    97.35499999999999,
    97.86000000000001,
    98.356,
    99.86,
