{
  "complexity": 6,
  "alpha": 0.2,
  "gamma": 0.95,
  "epsilon": 0.3,
  "extra_passages": 9,
  "avg_rewards": [
    -615.994999999995,
    -20.647999999999946,
    -85.45099999999768,
    -17.253999999999404,
    10.461000000000443,
    30.925999999999856,
    25.986999999999938,
    19.8410000000005,
    47.048999999999936,
    -6.615999999999258,
    -3.5339999999992684,
    23.8409999999998,
    58.74099999999991,
    57.75699999999995,
    53.528,
    33.431000000000196,
    76.737,
    59.25599999999995,
    28.7549999999999,
    13.789000000000181,
    59.189999999999955,
    78.21799999999999,
    72.63199999999996,
    76.65599999999998,
    72.50499999999997,
    69.059,
    65.69899999999998,
    69.35199999999996,
    68.37100000000007,
    72.29299999999996,
    72.679,
    52.66300000000008,
    75.05899999999998,
    68.90299999999998,
    80.50600000000001,
    80.04899999999998,
    76.077,
    79.11099999999996,
    77.17700000000006,
    77.716,
    80.43999999999996,
    86.77200000000002,
    75.75399999999982,
    81.83899999999997,
    67.45599999999999,
    87.998,
    84.00800000000001,
    76.79200000000002,
    84.71199999999997,
    73.44599999999998,
    89.314,
    86.52599999999998,
    79.41199999999999,
    77.56099999999996,
    81.09600000000003,
    79.873,
    80.14399999999998,
    74.55700000000002,
    78.52600000000002,
    84.088,
    81.52700000000003,
    78.67799999999998,
    80.95600000000002,
    79.86700000000005,
    87.89199999999998,
    79.85499999999995,
    71.9049999999999,
    73.73199999999997,
    84.22999999999999,
    86.223,
    80.21700000000003,
    82.321,
    87.453,
    87.76199999999997,
    82.53700000000012,
    83.48799999999997,
    85.54200000000002,
    84.333,
    78.242,
    76.4560000000001,
    84.05499999999998,
    79.813,
    69.58100000000044,
    91.23100000000001,
    82.12300000000002,
    87.56900000000002,
    89.222,
    88.31200000000003,
    85.85700000000003,
    87.86,
    93.17699999999999,
    93.61499999999998,
    91.681,
    84.68,
    88.206,
    94.20700000000001,
    94.249,
    91.746,
    95.75300000000001,
    94.41100000000002,
    87.281,
    92.74600000000001,
    94.05600000000001,
    77.27999999999984,
    87.09700000000001,
    91.652,
    89.48299999999998,
    88.76200000000001,
    89.202,
    96.21600000000001,
    92.29,
    92.20700000000001,
    90.22699999999998,
    95.273,
    93.77199999999999,
    89.267,
    91.67599999999997,
    92.277,
    91.29100000000001,
    92.781,
    90.29100000000001,
    88.77000000000001,
    91.79700000000001,
    89.21799999999999,
    94.78800000000003,
    91.779,
    86.801,
    90.28599999999999,
    95.79499999999999,
    91.80799999999999,
    93.273,
    88.253,
    91.277,
    92.756,
    93.80300000000001,
    90.26199999999999,
    86.76899999999998,
    90.783,
    90.773,
    88.74600000000001,
    95.30100000000002,
    94.285,
    93.75900000000001,
    87.78999999999999,
    91.799,
    89.782,
    91.28400000000002,
    94.30900000000001,
    92.28200000000001,
    89.741,
    90.28500000000001,
    89.78099999999999,
    91.785,
    92.25800000000001,
    95.27900000000001,
    89.296,
    87.29899999999998,
    91.251,
    92.80199999999999,
    91.78899999999999,
    96.78399999999999,
    89.788,
    89.78099999999999,
    89.794,
    92.801,
    89.28399999999998,
    93.764,
    90.303,
    91.30199999999999,
    90.28099999999998,
    90.797,
    94.28399999999999,
    90.78299999999999,
    91.804,
    91.78799999999998,
    94.28999999999999,
    92.783,
    93.792,
    96.287,
    90.817,
    91.78,
    89.79100000000001,
    91.297,
    90.8,
    89.27000000000001,
    90.27600000000001,
    90.79500000000002,
    94.292,
    91.80600000000001,
    92.155,
    94.793,
    90.791,
    92.77400000000002,
    92.78299999999999,
    85.266,
    90.785,
    96.80099999999999,
    93.27099999999999,
    93.782,
    93.788,
    91.76899999999998,
    90.25999999999999,
    91.74799999999999,
    91.32000000000002,
    89.305,
    93.28899999999999,
    91.25699999999998,
    95.285,
    93.301,
    88.27699999999999,
    93.78,
    92.78699999999999,
    90.776,
    92.792,
    92.29800000000002,
    90.796,
    94.78599999999999,
    87.78799999999998,
    88.78099999999999,
    90.79499999999999,
    96.284,
    94.30399999999997,
    93.78200000000001,
    92.799,
    87.298,
    92.78000000000002,
    92.304,
    94.297,
    93.80100000000002,
    89.777,
    91.271,
    90.26599999999999,
    94.28099999999999,
    93.29199999999999,
    90.257,
    91.268,
    94.28899999999999,
    93.30900000000001,
    93.276,
    92.776,
    94.80199999999999,
    89.27900000000001,
    92.304,
    95.797,
    92.779,
    88.801,
    89.28099999999999,
    86.786,
    88.814,
    92.298,
    93.28799999999998,
    94.271,
    86.782,
    90.29400000000001,
    92.295,
    91.78,
    91.799,
    92.30300000000001,
    86.809,
    89.287,
    91.787,
    96.78499999999998,
    90.775,
    91.28099999999999,
    89.79299999999999,
    95.80100000000002,
    92.75399999999999,
    86.80599999999998,
    89.78099999999999,
    85.78099999999999,
    92.285,
    89.291,
    90.77900000000001,
    92.314,
    91.28699999999999,
    91.28699999999999,
    94.753,
    91.792,
    93.283,
    90.773,
    88.779,
    90.795,
    90.268,
    93.297,
    95.767,
    93.793,
    91.796,
    88.758,
    94.77900000000001,
    93.287,
    93.275,
    93.804,
    92.28300000000002,
    90.274,
    90.28299999999999,
    89.795,
    92.28999999999999,
    90.779,
    91.288,
    91.273,
    93.26799999999999,
    91.28899999999999,
    94.301,
    92.81099999999999,
    92.781,
    94.287,
    91.792,
    88.29599999999998,
    88.78999999999999,
    90.775,
    94.293,
    94.302,
    93.77499999999999,
    91.30599999999998,
    92.27799999999999,
    91.29799999999999,
    93.79600000000002,
    97.29299999999999,
    90.78699999999999,
    88.27000000000001,
    94.28599999999999,
    88.251,
    93.286,
    90.29700000000001,
    94.78300000000002,
    93.29400000000001,
    91.29299999999999,
    94.297,
    89.77400000000002,
    90.291,
    93.298,
    86.777,
    91.298,
    90.781,
    93.29699999999998,
    92.273,
    91.78899999999999,
    94.301,
    93.30000000000001,
    90.29599999999999,
    92.79199999999999,
    90.78099999999999,
    93.30499999999999,
    90.28999999999999,
    93.298,
    94.801,
    92.287,
    94.806,
    92.31700000000001,
    92.257,
    94.80600000000001,
    93.28799999999998,
    89.77199999999999,
    92.251,
    90.80099999999999,
    90.80600000000001,
    91.789,
    86.788,
    91.77700000000002,
    92.78,
    91.78699999999998,
    92.78000000000002,
    94.80199999999999,
    88.796,
    91.29100000000001,
    95.31700000000001,
    91.81,
    90.79400000000001,
    91.286,
    94.78699999999999,
    93.77599999999998,
    92.781,
    90.795,
    92.29,
    95.79400000000001,
    87.26899999999998,
    88.282,
    92.277,
    90.78899999999999,
    97.30100000000002,
    92.293,
    92.301,
    91.785,
    88.796,
    90.772,
    94.276,
    90.30300000000003,
    92.297,
    95.757,
    92.298,
    92.266,
    88.297,
    93.27699999999999,
    94.297,
    89.795,
    94.30500000000002,
    93.301,
    92.78099999999999,
    96.284,
    92.799,
    88.776,
    96.28200000000001,
    91.305,
    88.77799999999999,
    93.286,
    90.80199999999999,
    92.79199999999999,
    84.225,
    90.793,
    90.8,
    93.79099999999998,
    93.30799999999999,
    94.77300000000001,
    94.30499999999999,
    89.78,
    92.31000000000002,
    91.78399999999999,
    90.78399999999999,
    93.78500000000001,
    90.277,
    92.80199999999999,
    93.78599999999999,
    93.27300000000001,
    96.28699999999999,
    92.292,
    95.785,
    91.263,
    90.286,
    91.77399999999997,
    89.285,
    89.287,
    87.271,
    93.284,
    92.268,
