{
  "complexity": 0,
  "alpha": 0.3,
  "gamma": 0.95,
  "epsilon": 0.1,
  "extra_passages": 15,
  "avg_rewards": [
    -454.87799999999777,
    12.451000000000016,
    73.83600000000001,
    83.07599999999998,
    91.39500000000001,
    86.843,
    90.71499999999995,
    79.73599999999996,
    87.82499999999993,
    70.53999999999942,
    76.55999999999992,
    65.97599999999973,
    91.03099999999999,
    90.886,
    79.08499999999992,
    86.17499999999994,
    85.076,
    81.99299999999997,
    89.13599999999995,
    89.28699999999996,
    92.12100000000001,
    94.316,
    86.32200000000002,
    91.114,
    94.431,
    93.102,
    92.686,
    92.76299999999996,
    95.637,
    93.327,
    94.31500000000001,
    89.17800000000001,
    96.477,
    94.69200000000004,
    92.37699999999997,
    96.59,
    94.801,
    91.93899999999998,
    93.59,
    94.47300000000001,
    95.65200000000002,
    96.11399999999999,
    97.057,
    89.81099999999998,
    98.06700000000001,
    94.398,
    94.728,
    97.00200000000001,
    97.22900000000001,
    96.622,
    98.189,
    97.601,
    96.82300000000001,
    98.82400000000001,
    97.81800000000001,
    97.21300000000001,
    98.31300000000002,
    95.81900000000002,
    96.32700000000001,
    97.21400000000001,
    97.81200000000001,
    98.326,
    97.833,
    98.25600000000001,
    98.805,
    96.66400000000002,
    98.31800000000001,
    98.82700000000001,
    98.82700000000001,
    98.33000000000001,
    98.339,
    97.32300000000001,
    97.84200000000001,
    97.83400000000003,
    95.821,
    96.32700000000001,
    99.33600000000001,
    98.82600000000002,
    97.83500000000001,
    99.322,
    96.82700000000001,
    98.32600000000001,
    99.33500000000001,
    97.33100000000002,
    97.836,
    97.81800000000001,
    98.833,
    98.33500000000001,
    97.32500000000002,
    97.816,
    95.29100000000001,
    98.82000000000002,
    96.834,
    98.33300000000001,
    98.82900000000001,
    96.331,
    98.833,
    97.81500000000003,
    98.33000000000001,
    99.32500000000002,
    97.32900000000002,
    98.84400000000002,
    98.83800000000001,
    97.82700000000001,
    97.83700000000002,
    95.34200000000001,
    99.33400000000002,
    97.84300000000002,
    97.321,
    97.832,
    97.834,
    98.33900000000001,
    97.338,
    96.83600000000001,
    96.82200000000002,
    98.83400000000002,
    93.83800000000001,
    99.33500000000001,
    98.82800000000002,
    98.334,
    97.81800000000001,
    98.329,
    97.84200000000001,
    97.83,
    99.33900000000001,
    98.331,
    98.32400000000001,
    97.834,
    95.846,
    96.81500000000003,
    98.33200000000001,
    98.32900000000001,
    97.834,
    99.32800000000002,
    97.31300000000002,
    98.33900000000001,
    95.83600000000001,
    97.33400000000002,
    98.833,
    98.322,
    99.82600000000001,
    98.34400000000001,
    95.33900000000003,
    97.833,
    98.31700000000001,
    96.833,
    98.832,
    95.81700000000001,
    99.33000000000001,
    95.326,
    98.83300000000001,
    99.79400000000001,
    94.83800000000001,
    96.836,
    98.825,
    96.322,
    96.32200000000003,
    96.33200000000002,
    97.33500000000001,
    96.328,
    98.342,
    94.83500000000001,
    97.822,
    98.84100000000001,
    97.83700000000002,
    96.34100000000001,
    96.32900000000001,
    99.32200000000002,
    99.33300000000001,
    97.834,
    98.83400000000002,
    97.326,
    96.836,
    98.32700000000003,
    98.83800000000001,
    97.837,
    96.831,
    97.311,
    96.84,
    98.83400000000002,
    98.83000000000001,
    99.33500000000001,
    97.826,
    97.81899999999999,
    97.83400000000002,
    97.837,
    97.82100000000001,
    95.32399999999998,
    97.33000000000001,
    97.32500000000002,
    95.34100000000001,
    99.843,
    97.84400000000002,
    94.83900000000001,
    97.811,
    95.33500000000001,
    97.34100000000001,
    97.83500000000001,
    96.33099999999999,
    98.337,
    98.315,
    98.336,
    99.833,
    99.32799999999999,
    94.82000000000002,
    97.316,
    98.33300000000001,
    97.83500000000001,
    97.32300000000001,
    97.33300000000001,
    96.83500000000001,
    99.328,
    96.32000000000001,
    95.83900000000001,
    98.331,
    95.278,
    96.82500000000002,
    96.325,
    96.335,
    98.33400000000002,
    98.30600000000001,
    96.81500000000001,
    94.299,
    99.34600000000002,
    99.32400000000001,
    98.34,
    97.827,
    95.84100000000002,
    98.33800000000001,
    98.82800000000002,
    98.82399999999998,
    95.83100000000002,
    97.33700000000002,
    98.32500000000002,
    98.829,
    94.316,
    97.329,
    94.776,
    96.32700000000001,
    97.83500000000001,
    97.816,
    97.828,
    97.33000000000001,
    92.83900000000003,
    96.83800000000001,
    99.833,
    99.339,
    98.84100000000001,
    98.83700000000002,
    98.33500000000001,
    97.84100000000001,
    98.82900000000001,
    99.325,
    96.831,
    96.82600000000001,
    98.832,
    98.33700000000002,
    97.83900000000001,
    96.82900000000001,
    97.82500000000002,
    97.33300000000001,
    97.33900000000001,
    98.34000000000002,
    96.81000000000002,
    98.333,
    96.82300000000001,
    97.33500000000001,
    99.339,
    96.81700000000001,
    97.33200000000001,
    98.809,
    94.829,
    96.83600000000001,
    98.83100000000002,
    97.33400000000002,
    97.83700000000002,
    99.83,
    95.83900000000001,
    98.327,
    97.84100000000001,
    97.80799999999999,
    98.32700000000001,
    96.337,
    98.838,
    96.84,
    96.83500000000001,
    98.836,
    98.33600000000001,
    96.83500000000001,
    97.327,
    97.83200000000001,
    96.325,
    97.83700000000002,
    98.82100000000001,
    97.83600000000001,
    98.33399999999999,
    95.82300000000001,
    98.82300000000001,
    97.32700000000001,
    93.324,
    99.33000000000001,
    97.82300000000001,
    97.816,
    96.82700000000001,
    95.821,
    96.811,
    98.33700000000002,
    97.33600000000001,
    96.81700000000001,
    98.81600000000002,
    97.83500000000001,
    97.33200000000002,
    98.326,
    94.77100000000003,
    96.836,
    95.819,
    98.334,
    96.82100000000003,
    98.337,
    97.82399999999998,
    98.829,
    98.33500000000002,
    96.81900000000003,
    98.32900000000001,
    97.33600000000001,
    98.83400000000002,
    96.33700000000002,
    96.82900000000001,
    98.33399999999999,
    99.33600000000001,
    97.33099999999999,
    97.819,
    97.84000000000002,
    95.33200000000001,
    97.826,
    95.834,
    91.828,
    98.32600000000001,
    98.816,
    97.817,
    96.332,
    96.83500000000001,
    99.32600000000001,
    96.316,
    94.328,
    96.83800000000001,
    99.32200000000002,
    97.827,
    97.83099999999999,
    97.83800000000001,
    96.82400000000001,
    93.25900000000001,
    94.83000000000001,
    98.83700000000002,
    96.34500000000001,
    97.83400000000002,
    97.82700000000003,
    98.33200000000001,
    98.33700000000002,
    96.83400000000002,
    98.33700000000002,
    97.83600000000003,
    96.32700000000001,
    97.82900000000002,
    99.31700000000001,
    98.82900000000001,
    98.337,
    97.822,
    97.83400000000002,
    97.31299999999999,
    97.32700000000001,
    98.83800000000002,
    96.83199999999998,
    97.33300000000001,
    98.821,
    96.83800000000002,
    97.83200000000002,
    97.827,
    99.33700000000002,
    98.83200000000002,
    97.331,
    98.33099999999999,
    99.32400000000001,
    99.83,
    98.33500000000001,
    97.33000000000001,
    98.311,
    97.83200000000002,
    97.328,
    98.82600000000002,
    98.32700000000001,
    97.82700000000003,
    97.34600000000002,
    98.83600000000001,
    97.32700000000001,
    96.83700000000002,
    97.32400000000003,
    97.31700000000002,
    98.833,
    96.82300000000001,
    98.32999999999998,
    97.83399999999999,
    98.328,
    97.826,
    98.82199999999999,
    98.825,
    96.83500000000001,
