{
  "complexity": 10,
  "alpha": 0.3,
  "gamma": 0.95,
  "epsilon": 0.2,
  "extra_passages": 5,
  "avg_rewards": [
    -457.240999999996,
    -309.04399999999157,
    -173.31899999999092,
    -55.438999999998124,
    -126.97599999999215,
    -11.822999999998254,
    29.4089999999999,
    -93.9309999999901,
    56.151999999999795,
    74.84699999999998,
    63.59700000000011,
    60.468999999999724,
    71.07800000000006,
    51.87399999999987,
    49.30800000000008,
    39.35300000000005,
    62.04600000000015,
    -88.76499999997804,
    35.7900000000012,
    72.22899999999947,
    53.983999999999796,
    -78.43299999997718,
    -33.108999999988384,
    73.77500000000003,
    80.25199999999998,
    92.06099999999999,
    82.327,
    89.56899999999999,
    86.438,
    89.40799999999999,
    84.83099999999995,
    86.70399999999997,
    77.88300000000004,
    83.24100000000001,
    83.49399999999989,
    77.46999999999997,
    91.33999999999999,
    88.28999999999999,
    89.52900000000001,
    82.61900000000011,
    90.607,
    90.42199999999998,
    91.34399999999997,
    86.54799999999999,
    92.768,
    97.489,
    91.61699999999999,
    94.59200000000001,
    93.24099999999997,
    85.57500000000002,
    60.249000000002454,
    87.27499999999995,
    69.68500000000057,
    88.59699999999994,
    77.1209999999996,
    95.689,
    92.968,
    77.60500000000037,
    96.28,
    91.96999999999998,
    95.778,
    94.728,
    90.09100000000004,
    96.598,
    94.727,
    96.79500000000002,
    93.245,
    94.69300000000001,
    89.787,
    87.44400000000002,
    93.235,
    85.97600000000003,
    81.81699999999987,
    92.81900000000002,
    97.32600000000001,
    95.83500000000001,
    95.31500000000001,
    92.17,
    90.75500000000001,
    93.83200000000002,
    96.80799999999999,
    94.306,
    94.80999999999999,
    95.31700000000001,
    91.829,
    90.81199999999998,
    98.29099999999998,
    94.82900000000002,
    96.80699999999999,
    94.313,
    95.322,
    96.824,
    91.72400000000002,
    97.80699999999999,
    93.331,
    96.30600000000001,
    90.81000000000002,
    93.316,
    94.33000000000001,
    95.316,
    91.29799999999999,
    94.82000000000002,
    92.814,
    95.73899999999999,
    95.826,
    93.32300000000002,
    94.31400000000001,
    91.288,
    92.301,
    93.809,
    88.824,
    89.28200000000001,
    98.31,
    97.793,
    92.31200000000001,
    89.742,
    91.309,
    91.816,
    91.80700000000002,
    96.82300000000001,
    93.81,
    93.81400000000001,
    92.792,
    93.303,
    95.303,
    91.31,
    97.33100000000002,
    94.82300000000001,
    91.80699999999999,
    91.753,
    94.322,
    97.83000000000001,
    91.82300000000001,
    93.815,
    93.28799999999998,
    93.30600000000001,
    92.801,
    92.814,
    90.31,
    94.793,
    91.822,
    95.81200000000001,
    95.81899999999999,
    94.819,
    90.311,
    92.79499999999999,
    92.809,
    96.31199999999998,
    91.74699999999999,
    90.322,
    96.309,
    93.31599999999999,
    94.80699999999999,
    91.304,
    92.79899999999999,
    95.819,
    94.80999999999999,
    97.80199999999999,
    94.81800000000001,
    95.316,
    93.321,
    92.79799999999999,
    93.31099999999998,
    95.319,
    96.32000000000002,
    91.318,
    93.321,
    91.32100000000001,
    95.33000000000001,
    91.31899999999999,
    94.31200000000001,
    96.82200000000002,
    92.314,
    93.32300000000001,
    92.78800000000001,
    95.815,
    95.811,
    90.80700000000002,
    89.82199999999999,
    90.33200000000002,
    91.82500000000002,
    91.30000000000001,
    93.801,
    95.79899999999999,
    93.793,
    94.77799999999999,
    91.809,
    93.309,
    95.31400000000001,
    95.814,
    96.27199999999999,
    92.303,
    93.31700000000001,
    95.778,
    86.27900000000002,
    93.304,
    89.813,
    92.797,
    90.73400000000001,
    93.82600000000001,
    94.82300000000001,
    96.30300000000003,
    94.82800000000002,
    93.32399999999998,
    94.80799999999999,
    91.803,
    93.307,
    96.247,
    86.263,
    97.314,
    95.32500000000002,
    92.81600000000002,
    94.304,
    94.813,
    93.308,
    92.813,
    94.81,
    92.80799999999999,
    93.828,
    94.80800000000002,
    93.81199999999998,
    95.83100000000002,
    96.31899999999999,
    94.81099999999999,
    91.32499999999997,
    95.31099999999999,
    95.814,
    96.29800000000002,
    94.80699999999997,
    93.297,
    95.819,
    92.821,
    96.31099999999999,
    97.302,
    95.319,
    93.308,
    92.307,
    95.29099999999998,
    91.81900000000002,
    93.31500000000001,
    93.809,
    95.82299999999998,
    92.30300000000001,
    93.31800000000001,
    90.81300000000002,
    92.81,
    96.81300000000002,
    94.82600000000001,
    96.318,
    94.33000000000001,
    93.83000000000001,
    91.816,
    95.80799999999999,
    94.31699999999998,
    95.33800000000001,
    96.822,
    94.80300000000003,
    94.82000000000001,
    92.821,
    93.32300000000001,
    90.286,
    95.83100000000002,
    93.80799999999999,
    93.81800000000001,
    92.305,
    91.804,
    96.25900000000001,
    90.312,
    95.82200000000002,
    92.828,
    94.81300000000002,
    97.33500000000001,
    92.80499999999999,
    93.83200000000002,
    93.78200000000001,
    93.301,
    92.30100000000002,
    95.81799999999998,
    94.81299999999999,
    94.81800000000001,
    90.314,
    93.319,
    95.31499999999998,
    93.32300000000001,
    93.30799999999999,
    97.32,
    96.83500000000001,
    95.82600000000001,
    95.801,
    93.297,
    93.781,
    93.30499999999998,
    92.31800000000001,
    91.81700000000001,
    90.304,
    93.792,
    94.31700000000001,
    94.322,
    95.33700000000002,
    96.78600000000002,
    94.30799999999999,
    94.818,
    94.31899999999999,
    92.28800000000001,
    95.80799999999999,
    96.83000000000001,
    92.81000000000002,
    92.80100000000002,
    93.83300000000001,
    93.319,
    93.81300000000002,
    96.316,
    90.814,
    95.291,
    91.80400000000002,
    90.29700000000001,
    96.32500000000002,
    93.314,
    91.30099999999999,
    94.33600000000001,
    94.293,
    93.30699999999999,
    91.81,
    92.812,
    90.292,
    94.796,
    95.801,
    94.809,
    95.80600000000001,
    91.824,
    95.81499999999998,
    95.31500000000001,
    92.303,
    94.32800000000002,
    95.32300000000001,
    91.295,
    95.30300000000003,
    94.806,
    96.31400000000001,
    93.322,
    94.328,
    91.818,
    95.31,
    95.31400000000001,
    96.314,
    88.298,
    92.784,
    92.29400000000001,
    95.32300000000001,
    98.33,
    93.324,
    96.82,
    91.33200000000001,
    94.80900000000001,
    97.32200000000002,
    92.809,
    95.322,
    96.83200000000002,
    95.81200000000001,
    95.82700000000001,
    96.82400000000001,
    92.81700000000001,
    92.316,
    94.815,
    92.30799999999999,
    95.31699999999998,
    97.317,
    96.80300000000001,
    92.318,
    95.82000000000001,
    92.81099999999999,
    95.311,
    92.81299999999999,
    93.81199999999998,
    92.315,
    94.81700000000001,
    94.32100000000001,
    93.82400000000001,
    95.299,
    93.8,
    96.82100000000001,
    93.814,
    92.78,
    93.826,
    92.82000000000001,
    92.307,
    94.83300000000001,
    91.309,
    96.81999999999998,
    90.80999999999999,
    94.26200000000001,
    96.331,
    95.325,
    93.80300000000001,
    92.81000000000002,
    93.816,
    96.33700000000002,
    93.81800000000001,
    97.31099999999999,
    96.31400000000001,
    95.31500000000001,
    95.32500000000002,
    96.327,
    95.821,
    94.30699999999999,
    92.309,
    95.32600000000002,
    96.829,
    94.836,
    95.80600000000001,
    95.30999999999999,
    95.81300000000002,
    97.311,
    96.316,
    97.311,
    95.33700000000002,
    93.32799999999999,
    94.81200000000003,
    94.311,
    93.31500000000001,
    96.31899999999999,
    94.795,
    96.828,
