{
  "complexity": 12,
  "alpha": 0.2,
  "gamma": 0.9,
  "epsilon": 0.3,
  "extra_passages": 3,
  "avg_rewards": [
    -550.5069999999954,
    -171.78799999999802,
    -70.97699999999824,
    -60.50499999999869,
    -66.44699999999875,
    -51.66599999999612,
    -301.3489999999865,
    44.190000000000495,
    -132.91099999999147,
    20.758000000000305,
    -40.652999999998976,
    -95.97799999998863,
    -11.849999999995589,
    0.5039999999999865,
    -5.625999999998979,
    -231.0940000001139,
    45.54199999999979,
    -104.50399999998585,
    -1.1649999999991891,
    -54.61999999999525,
    0.559000000004356,
    5.47500000000139,
    36.121999999999886,
    -398.8940000004228,
    -198.36599999998157,
    -124.88699999998695,
    -82.79699999999127,
    -181.1049999999811,
    -156.42999999998452,
    -380.11900000010013,
    -50.0299999999918,
    -233.3700000001967,
    -6.967999999997694,
    -6.443999999996725,
    22.82200000000113,
    33.94300000000031,
    -80.07899999999503,
    -57.046999999993616,
    -205.51599999997956,
    43.000999999999785,
    14.767000000000476,
    14.174000000001602,
    52.955999999999946,
    67.66999999999994,
    64.742,
    -180.4779999999821,
    -388.32300000045706,
    40.5990000000008,
    55.25999999999958,
    13.924000000003598,
    -117.90399999998536,
    -57.1429999999933,
    61.74099999999966,
    43.38800000000141,
    -97.59899999998717,
    1.415000000002739,
    38.22100000000106,
    53.880999999999915,
    -652.9430000009645,
    -15.702999999992631,
    30.566000000001747,
    49.59999999999987,
    -18.86299999999338,
    45.385999999999996,
    39.34500000000077,
    40.739000000000836,
    46.22599999999993,
    76.81900000000007,
    61.78899999999969,
    -270.7210000002642,
    81.25700000000003,
    -142.93499999998207,
    -67.25999999998976,
    49.123000000001674,
    -26.099999999991162,
    -249.44100000009644,
    51.40600000000059,
    7.592000000001301,
    -80.17299999998735,
    30.606000000001565,
    55.60599999999971,
    -132.96199999998288,
    84.96000000000001,
    83.10500000000005,
    81.029,
    85.044,
    69.82399999999978,
    18.339000000006095,
    59.05100000000105,
    68.06700000000026,
    35.86900000000249,
    61.83100000000081,
    80.98599999999996,
    53.79300000000111,
    -13.593999999992343,
    47.529000000001766,
    86.106,
    71.92699999999971,
    78.13899999999974,
    88.16300000000001,
    87.723,
    85.29900000000004,
    52.18000000000164,
    81.92199999999997,
    81.17799999999997,
    73.1,
    82.87400000000001,
    78.314,
    78.01199999999986,
    77.75500000000007,
    74.10799999999985,
    84.70599999999999,
    88.6,
    81.86000000000001,
    85.477,
    76.63699999999979,
    80.36699999999992,
    70.37399999999977,
    67.98300000000015,
    83.97999999999999,
    71.68900000000016,
    81.38199999999999,
    84.02399999999997,
    81.834,
    80.11000000000001,
    87.53299999999999,
    86.26199999999997,
    90.15299999999999,
    85.82500000000002,
    90.218,
    85.578,
    92.16499999999999,
    88.92900000000002,
    88.02699999999997,
    82.156,
    80.38200000000003,
    80.39999999999996,
    88.079,
    80.47599999999993,
    48.78700000000156,
    82.01199999999984,
    79.07699999999991,
    75.08599999999998,
    -20.944999999991307,
    75.28999999999988,
    84.26199999999994,
    71.44800000000009,
    85.756,
    85.301,
    84.247,
    89.27800000000002,
    85.749,
    87.43999999999997,
    78.53299999999979,
    83.71699999999996,
    71.56100000000006,
    79.50999999999999,
    73.75100000000005,
    84.131,
    86.9789999999999,
    81.11300000000001,
    85.77799999999999,
    73.17399999999944,
    83.78,
    85.48000000000005,
    76.72599999999974,
    72.78299999999996,
    87.682,
    83.652,
    85.192,
    87.36799999999998,
    88.21599999999998,
    88.724,
    84.75200000000001,
    88.292,
    87.78,
    91.78299999999999,
    87.764,
    84.75399999999999,
    88.281,
    86.182,
    90.773,
    90.789,
    87.73899999999999,
    78.981,
    91.076,
    87.04699999999997,
    85.11599999999999,
    88.726,
    87.78,
    81.351,
    88.12199999999999,
    93.753,
    89.16000000000001,
    86.51900000000002,
    87.744,
    88.17699999999999,
    89.292,
    86.3,
    91.798,
    90.78200000000001,
    86.77499999999999,
    85.287,
    93.29400000000001,
    87.767,
    86.773,
    87.249,
    88.293,
    90.269,
    84.25400000000002,
    88.768,
    86.78500000000001,
    87.713,
    88.28800000000001,
    70.18100000000001,
    87.241,
    91.233,
    72.00200000000014,
    88.15199999999999,
    83.69899999999998,
    85.98899999999996,
    87.71700000000001,
    90.245,
    85.052,
    85.11699999999999,
    80.20200000000001,
    85.14899999999997,
    88.27400000000002,
    82.66699999999999,
    82.205,
    89.69300000000001,
    90.237,
    91.263,
    88.36499999999997,
    86.91799999999998,
    82.40900000000002,
    88.28,
    83.773,
    89.801,
    90.27099999999999,
    92.282,
    90.724,
    87.70300000000002,
    85.74600000000001,
    88.261,
    91.284,
    85.76200000000001,
    81.758,
    91.77499999999998,
    88.604,
    89.772,
    87.76400000000001,
    89.27800000000002,
    89.769,
    88.223,
    87.78,
    88.63899999999998,
    81.57299999999998,
    87.25200000000001,
    91.261,
    91.768,
    84.69200000000001,
    88.797,
    86.262,
    90.938,
    87.91999999999999,
    86.60899999999998,
    80.83699999999996,
    85.791,
    86.675,
    90.81199999999998,
    89.282,
    88.77700000000002,
    87.751,
    87.77000000000001,
    89.299,
    85.29299999999998,
    92.286,
    83.693,
    92.21600000000001,
    82.54999999999998,
    91.687,
    86.212,
    93.75,
    81.26599999999999,
    91.77399999999999,
    90.238,
    89.28299999999999,
    92.28699999999998,
    90.26399999999998,
    89.26399999999998,
    82.76699999999998,
    87.77299999999998,
    80.74600000000001,
    87.73999999999998,
    93.75800000000001,
    89.28799999999998,
    89.29999999999998,
    88.806,
    93.303,
    86.28200000000001,
    84.78900000000002,
    85.78799999999998,
    83.26299999999999,
    89.309,
    83.728,
    90.80199999999998,
    91.779,
    89.775,
    90.77300000000001,
    89.29400000000001,
    85.76499999999999,
    88.736,
    87.76000000000002,
    86.75399999999999,
    90.761,
    88.757,
    87.23,
    84.77000000000001,
    87.771,
    85.797,
    88.769,
    87.26499999999999,
    90.29999999999998,
    85.774,
    84.756,
    88.06,
    89.29099999999998,
    90.29099999999998,
    91.285,
    91.737,
    87.275,
    90.75999999999999,
    88.79599999999999,
    85.792,
    88.286,
    89.259,
    88.30100000000002,
    88.797,
    87.27700000000002,
    90.287,
    89.28100000000002,
    91.257,
    91.797,
    92.775,
    89.28099999999999,
    90.251,
    88.80300000000001,
    92.76899999999999,
    88.28999999999999,
    86.782,
    87.24999999999999,
    90.271,
    80.267,
    88.78900000000002,
    86.774,
    90.26700000000001,
    86.302,
    88.278,
    87.268,
    88.775,
    88.288,
    90.28,
    88.287,
    88.283,
    88.261,
    92.28,
    89.283,
    91.747,
    85.772,
    91.30999999999999,
    91.28600000000002,
    91.768,
    89.278,
    90.27600000000001,
    87.299,
    90.30300000000001,
    89.75199999999998,
    87.768,
    90.277,
    89.27900000000001,
    88.78,
    89.28599999999999,
    93.28299999999999,
    90.26799999999999,
    92.787,
    88.297,
    87.78699999999999,
    88.771,
    91.28299999999999,
    90.797,
    89.803,
    93.793,
    88.777,
    86.31,
    92.28999999999999,
    89.276,
    88.263,
    85.32000000000001,
    93.297,
    90.811,
    91.783,
    86.76500000000001,
    89.79399999999998,
    85.28899999999999,
    85.744,
    80.284,
    83.774,
    91.3,
    86.299,
    86.27399999999999,
    88.763,
    84.785,
    85.28900000000002,
    84.78,
