{
  "complexity": 5,
  "alpha": 0.2,
  "gamma": 0.85,
  "epsilon": 0.3,
  "extra_passages": 2,
  "avg_rewards": [
    -231.077999999998,
    -200.42499999999595,
    -67.98099999999661,
    21.443000000001483,
    -52.40999999999449,
    33.63600000000124,
    6.1760000000013875,
    50.02899999999987,
    8.789000000000783,
    -0.16199999999725848,
    51.94199999999961,
    32.543000000000255,
    -4.887999999996365,
    -53.996999999988546,
    55.36299999999975,
    70.91199999999995,
    42.593000000000174,
    75.20499999999983,
    22.353000000001952,
    78.05199999999995,
    69.78800000000004,
    37.10699999999967,
    55.736999999999966,
    32.516000000001455,
    69.82999999999973,
    73.13900000000001,
    48.8130000000002,
    56.236999999999796,
    77.38799999999999,
    81.09499999999998,
    73.141,
    73.05299999999991,
    76.28699999999999,
    83.80700000000003,
    79.345,
    75.91400000000002,
    26.82900000000406,
    75.08399999999959,
    81.925,
    86.89999999999998,
    81.26899999999996,
    35.727000000002995,
    71.46300000000045,
    62.84400000000092,
    87.60799999999999,
    84.61300000000001,
    66.62200000000094,
    84.29999999999998,
    85.88699999999999,
    86.95899999999999,
    82.68400000000005,
    71.5690000000006,
    71.16600000000021,
    79.89399999999982,
    78.5810000000001,
    92.80499999999998,
    94.688,
    91.787,
    91.762,
    89.094,
    90.278,
    92.34299999999999,
    88.14,
    92.342,
    93.69300000000001,
    93.69400000000002,
    95.33900000000001,
    88.331,
    90.776,
    91.85300000000001,
    90.802,
    94.34,
    90.758,
    94.32500000000002,
    93.294,
    89.308,
    95.849,
    92.30300000000001,
    89.346,
    92.837,
    92.811,
    91.86100000000002,
    91.28500000000001,
    86.31400000000001,
    91.16699999999999,
    92.837,
    89.289,
    88.82700000000001,
    90.819,
    92.35600000000002,
    91.843,
    92.34,
    91.30499999999999,
    93.33500000000001,
    93.837,
    91.821,
    90.84,
    92.34,
    89.344,
    93.846,
    91.32300000000001,
    92.84200000000001,
    95.35600000000001,
    95.331,
    82.321,
    93.34400000000002,
    93.342,
    94.34,
    92.857,
    96.362,
    92.36300000000001,
    91.83999999999997,
    94.86800000000001,
    93.35900000000001,
    91.352,
    91.857,
    95.85400000000001,
    90.35,
    90.84400000000002,
    89.858,
    91.83000000000001,
    91.798,
    96.35199999999999,
    92.86500000000001,
    94.34400000000001,
    95.35300000000001,
    94.863,
    94.361,
    88.348,
    94.36100000000002,
    92.84600000000002,
    85.23199999999999,
    97.38199999999999,
    89.369,
    92.858,
    94.34200000000001,
    93.868,
    93.845,
    91.36999999999999,
    92.354,
    92.851,
    91.84400000000001,
    92.352,
    93.86500000000001,
    94.35400000000001,
    90.875,
    91.86600000000001,
    94.349,
    90.86500000000001,
    89.35900000000001,
    93.84900000000002,
    95.36500000000001,
    91.345,
    91.824,
    90.346,
    95.355,
    93.863,
    89.343,
    90.35,
    89.812,
    91.33000000000001,
    87.34,
    89.85000000000001,
    91.333,
    90.35,
    94.30700000000002,
    93.845,
    92.839,
    96.862,
    92.867,
    93.852,
    90.841,
    94.365,
    93.349,
    90.82799999999999,
    93.346,
    89.837,
    92.357,
    91.83500000000001,
    94.34900000000002,
    87.831,
    93.364,
    89.851,
    91.32000000000001,
    92.35100000000001,
    95.84200000000001,
    91.35400000000001,
    93.333,
    91.362,
    88.64900000000006,
    94.355,
    90.849,
    93.35,
    90.35,
    94.864,
    90.35,
    93.343,
    91.35,
    94.847,
    96.36100000000002,
    91.361,
    92.85600000000001,
    92.84800000000001,
    91.842,
    89.33099999999999,
    92.84100000000001,
    90.345,
    95.36,
    92.86,
    89.355,
    91.328,
    92.34400000000001,
    88.32499999999999,
    88.35,
    90.35100000000001,
    88.33500000000001,
    89.338,
    92.36500000000001,
    90.84700000000001,
    92.85400000000001,
    92.83600000000001,
    90.82000000000001,
    92.866,
    90.846,
    93.357,
    94.34700000000001,
    94.85300000000002,
    93.865,
    94.854,
    93.86600000000001,
    92.843,
    89.35000000000001,
    93.833,
    91.34200000000001,
    90.844,
    89.85500000000002,
    96.857,
    90.863,
    96.85900000000001,
    89.36300000000001,
    94.85,
    91.85,
    96.364,
    94.84700000000001,
    92.84500000000001,
    94.348,
    92.839,
    90.85600000000001,
    95.85,
    94.34400000000002,
    92.85700000000001,
    92.82199999999999,
    90.86600000000001,
    92.34700000000001,
    89.845,
    94.347,
    89.35999999999999,
    94.364,
    90.85100000000001,
    94.856,
    92.843,
    90.35300000000001,
    93.345,
    93.36300000000001,
    91.84600000000002,
    95.351,
    94.858,
    93.85600000000001,
    92.355,
    94.358,
    91.357,
    92.83099999999999,
    91.848,
    94.35,
    94.348,
    95.85900000000001,
    91.352,
    93.816,
    94.85900000000001,
    90.35,
    91.36299999999999,
    92.862,
    92.336,
    93.85900000000001,
    89.352,
    89.85900000000001,
    91.862,
    96.34,
    90.85,
    92.346,
    95.35100000000001,
    92.34599999999999,
    93.857,
    95.845,
    93.85099999999998,
    90.35,
    92.85400000000001,
    93.35300000000001,
    93.848,
    95.34900000000002,
    86.852,
    93.357,
    93.349,
    92.346,
    92.833,
    91.846,
    94.84700000000001,
    90.85000000000001,
    87.83199999999998,
    88.84400000000002,
    95.36100000000002,
    88.31299999999999,
    94.348,
    92.844,
    92.35600000000001,
    94.348,
    96.852,
    94.34100000000001,
    94.35500000000002,
    94.33900000000001,
    91.35100000000001,
    95.35500000000002,
    96.34200000000001,
    89.82900000000001,
    92.32300000000001,
    95.852,
    95.345,
    92.855,
    94.34,
    91.334,
    92.84899999999999,
    91.846,
    94.228,
    95.85600000000001,
    93.35300000000001,
    92.34200000000001,
    92.34800000000001,
    94.84,
    89.338,
    92.852,
    94.837,
    92.34,
    91.855,
    91.86100000000002,
    93.84200000000001,
    93.85100000000001,
    92.865,
    92.863,
    95.85400000000001,
    96.34899999999999,
    91.358,
    93.346,
    93.87,
    94.34400000000001,
    90.849,
    92.32600000000001,
    86.86000000000001,
    91.862,
    92.357,
    91.85900000000001,
    95.33500000000001,
    87.847,
    93.86699999999999,
    93.85300000000001,
    92.364,
    90.833,
    91.31800000000001,
    92.841,
    93.852,
    92.841,
    93.34899999999999,
    94.845,
    94.353,
    94.848,
    94.85300000000001,
    90.86100000000002,
    95.863,
    92.348,
    89.84700000000001,
    90.836,
    93.33800000000001,
    93.85700000000001,
    94.35000000000002,
    92.361,
    88.826,
    92.85499999999999,
    92.851,
    93.36200000000001,
    91.357,
    90.35,
    95.862,
    93.37,
    92.34900000000002,
    94.84800000000001,
    89.33399999999999,
    95.84800000000001,
    93.84900000000002,
    94.836,
    90.34200000000001,
    92.33999999999999,
    97.34400000000001,
    93.85600000000001,
    93.86200000000001,
    92.83400000000002,
    92.84100000000001,
    95.851,
    90.343,
    95.85,
    91.848,
    93.35800000000002,
    95.343,
    97.34200000000001,
    93.85000000000001,
    93.34700000000001,
    92.36,
    90.35700000000001,
    91.35600000000001,
    94.364,
    92.85100000000001,
    90.34800000000001,
    91.34400000000001,
    94.85700000000001,
    89.82900000000002,
    92.34500000000001,
    91.86,
    90.34,
    89.336,
    96.34900000000002,
    93.361,
    90.32199999999999,
    90.35100000000001,
    94.365,
    90.83699999999999,
    93.843,
    91.34800000000001,
    93.332,
    93.338,
    94.848,
    90.348,
    93.365,
    92.35499999999999,
    94.354,
    96.85,
    94.33900000000001,
    91.35700000000001,
    94.34100000000001,
    92.843,
