{
  "complexity": 10,
  "alpha": 0.1,
  "gamma": 0.95,
  "epsilon": 0.3,
  "extra_passages": 5,
  "avg_rewards": [
    -617.2309999999951,
    -373.36599999999225,
    -51.46299999999815,
    -47.23499999999875,
    2.0320000000009797,
    10.128000000000544,
    21.357000000000035,
    -88.93499999999297,
    39.57200000000034,
    -17.65799999999795,
    41.17800000000004,
    8.476000000000587,
    20.855000000000125,
    18.876000000000396,
    42.42600000000001,
    9.35100000000119,
    24.903000000002802,
    25.635000000000748,
    -3.767999999999682,
    53.397999999999854,
    -31.67699999999875,
    64.36700000000005,
    62.33199999999964,
    18.493000000002617,
    -2.6359999999961587,
    64.83799999999997,
    58.95399999999988,
    59.90700000000002,
    49.18100000000002,
    66.62599999999983,
    52.02800000000009,
    41.93299999999997,
    39.09200000000018,
    57.85299999999994,
    39.2060000000012,
    53.43799999999982,
    65.52000000000007,
    28.532000000003915,
    -2.6239999999954207,
    41.34299999999999,
    74.40899999999999,
    40.56200000000086,
    -82.97699999998693,
    79.03600000000002,
    56.43700000000005,
    -186.82999999999015,
    -44.88599999999614,
    -44.240999999991246,
    -2.6889999999957594,
    55.1899999999999,
    57.88500000000005,
    -127.15599999997978,
    15.609000000003709,
    -15.09199999999706,
    -400.27500000040095,
    -225.03700000001044,
    62.38200000000022,
    44.065000000002826,
    14.939000000004995,
    70.68599999999986,
    -68.63999999998744,
    -105.61999999998366,
    41.96000000000019,
    53.70900000000038,
    70.82299999999977,
    81.65899999999995,
    69.22799999999998,
    69.48199999999946,
    30.47200000000246,
    -194.94800000016184,
    71.77199999999996,
    71.03299999999986,
    40.58900000000054,
    8.140000000004768,
    37.52800000000185,
    56.611000000000864,
    52.58400000000027,
    56.88800000000033,
    -278.39300000035644,
    52.89800000000196,
    78.83499999999992,
    -8.695999999990892,
    -202.3320000001442,
    59.50800000000045,
    -1001.1760000023439,
    66.10600000000059,
    81.61699999999996,
    75.38499999999993,
    77.78699999999989,
    82.58399999999999,
    57.93900000000023,
    79.13100000000001,
    83.19400000000002,
    76.06199999999997,
    78.74100000000006,
    73.34800000000011,
    9.611000000005253,
    49.681000000002385,
    61.80499999999989,
    71.9079999999996,
    19.354000000003765,
    69.49400000000003,
    -209.80600000019382,
    38.96100000000227,
    47.43200000000099,
    68.76400000000045,
    54.46900000000073,
    74.24100000000007,
    76.13000000000014,
    22.42100000000527,
    31.927000000003638,
    -48.45899999998755,
    63.539000000000115,
    87.921,
    25.9520000000055,
    89.44499999999998,
    -9.952999999992251,
    81.46400000000006,
    8.251000000007242,
    54.386000000000216,
    84.53200000000007,
    28.42400000000448,
    75.76899999999972,
    85.83199999999997,
    69.62599999999985,
    87.15899999999999,
    80.33599999999993,
    86.55499999999998,
    78.99499999999982,
    72.63299999999995,
    85.01299999999998,
    86.68199999999996,
    88.578,
    88.87899999999999,
    87.596,
    71.75599999999986,
    73.58599999999993,
    83.712,
    81.15,
    65.41200000000042,
    74.19799999999984,
    83.39300000000003,
    88.716,
    78.59299999999998,
    89.544,
    90.582,
    83.27200000000002,
    86.88499999999998,
    88.64599999999999,
    88.51500000000001,
    84.549,
    85.213,
    84.87099999999995,
    87.8540000000001,
    86.62899999999999,
    84.91499999999996,
    82.28399999999999,
    78.505,
    85.94800000000001,
    90.162,
    86.14800000000001,
    90.156,
    86.749,
    88.149,
    84.88499999999995,
    88.90499999999999,
    91.6,
    93.105,
    88.308,
    91.25399999999999,
    88.669,
    93.762,
    87.75699999999999,
    94.799,
    86.29400000000001,
    91.78399999999999,
    88.281,
    87.79299999999998,
    90.75,
    85.727,
    90.764,
    95.27000000000001,
    92.74300000000001,
    85.75200000000001,
    89.782,
    93.70899999999999,
    86.24900000000001,
    92.75,
    89.226,
    90.728,
    91.265,
    88.24900000000001,
    87.787,
    88.254,
    79.59599999999999,
    86.261,
    93.26400000000001,
    91.77100000000002,
    92.267,
    92.29,
    95.785,
    88.78899999999999,
    90.30100000000002,
    89.27499999999999,
    90.28699999999999,
    90.302,
    90.779,
    89.79799999999999,
    92.28799999999998,
    92.82000000000002,
    87.78200000000001,
    88.28599999999999,
    89.296,
    93.3,
    94.786,
    86.29899999999999,
    87.78999999999999,
    93.286,
    88.288,
    89.809,
    93.796,
    89.30699999999999,
    90.31799999999998,
    87.769,
    90.79500000000002,
    90.715,
    85.69300000000001,
    94.29199999999999,
    90.78099999999999,
    92.301,
    92.287,
    93.8,
    88.77600000000001,
    91.30900000000001,
    90.776,
    84.29399999999998,
    88.799,
    91.277,
    94.298,
    91.796,
    89.285,
    93.80800000000002,
    87.24499999999998,
    91.28,
    96.301,
    89.28800000000001,
    90.294,
    91.29499999999999,
    87.79699999999998,
    90.274,
    90.78999999999999,
    89.794,
    85.8,
    90.30799999999999,
    92.806,
    93.79499999999999,
    92.304,
    93.305,
    91.321,
    88.28900000000002,
    90.78,
    88.78,
    87.79099999999998,
    88.79499999999999,
    90.78999999999999,
    92.78,
    87.30199999999999,
    93.28999999999999,
    91.27799999999999,
    94.301,
    89.804,
    87.276,
    88.29100000000001,
    90.79599999999998,
    90.30600000000001,
    85.793,
    93.632,
    87.77899999999997,
    87.31,
    89.805,
    92.806,
    91.805,
    92.773,
    91.792,
    92.80999999999999,
    87.78,
    91.305,
    92.282,
    93.789,
    91.799,
    94.80199999999999,
    92.793,
    88.78,
    91.804,
    85.298,
    93.30199999999999,
    90.28,
    93.79299999999999,
    92.30100000000002,
    90.297,
    93.28999999999999,
    90.773,
    86.748,
    88.77400000000002,
    92.29400000000001,
    89.761,
    92.31000000000002,
    85.782,
    90.773,
    92.79500000000003,
    87.26499999999999,
    93.28899999999999,
    91.794,
    89.81,
    92.787,
    93.28299999999999,
    91.802,
    89.772,
    89.27799999999999,
    92.295,
    91.29600000000002,
    88.28999999999999,
    86.79999999999998,
    90.27400000000002,
    93.772,
    90.80000000000001,
    89.783,
    88.29799999999997,
    90.80099999999999,
    92.8,
    88.27900000000001,
    92.289,
    90.792,
    88.79999999999998,
    88.28599999999999,
    89.277,
    93.28099999999998,
    91.80800000000002,
    91.797,
    92.29999999999998,
    89.80100000000002,
    86.808,
    90.811,
    85.30999999999999,
    89.782,
    86.29,
    92.78500000000001,
    90.28899999999999,
    87.803,
    93.29599999999999,
    89.8,
    89.794,
    88.27700000000002,
    88.79299999999999,
    92.31,
    93.303,
    92.814,
    83.758,
    91.801,
    89.28599999999999,
    88.286,
    94.298,
    93.78899999999999,
    89.77799999999999,
    90.774,
    93.31099999999999,
    90.785,
    91.79499999999999,
    90.297,
    83.802,
    88.279,
    90.78099999999999,
    93.76699999999998,
    95.287,
    92.82200000000002,
    87.30699999999999,
    88.30499999999999,
    91.76700000000001,
    86.767,
    88.25000000000001,
    95.792,
    87.311,
    93.297,
    94.80100000000002,
    87.30799999999999,
    91.801,
    88.78899999999999,
    89.797,
    92.782,
    91.30900000000001,
    94.81300000000002,
    86.79599999999999,
    93.289,
    91.273,
    93.29499999999999,
    90.78899999999999,
    85.77900000000002,
    87.277,
    92.29700000000003,
    89.298,
    87.76499999999999,
    91.283,
    93.809,
    91.29199999999999,
    87.25999999999999,
    91.312,
    86.266,
    87.792,
    90.79400000000001,
    96.79400000000001,
