{
  "complexity": 1,
  "alpha": 0.2,
  "gamma": 0.9,
  "epsilon": 0.3,
  "extra_passages": 6,
  "avg_rewards": [
    -220.7389999999989,
    25.495999999999878,
    57.57999999999997,
    67.09499999999991,
    67.36899999999986,
    62.16199999999992,
    64.09300000000005,
    77.40200000000002,
    55.38200000000013,
    81.41899999999998,
    75.96199999999996,
    81.09899999999995,
    85.95000000000002,
    87.29400000000001,
    79.259,
    86.30599999999998,
    87.33899999999998,
    84.05399999999999,
    87.77799999999999,
    88.20299999999999,
    88.222,
    79.95000000000002,
    91.05600000000001,
    86.67499999999998,
    84.75699999999998,
    89.95700000000001,
    90.83499999999997,
    92.23399999999995,
    91.31200000000001,
    88.461,
    90.57199999999997,
    91.132,
    91.76700000000002,
    89.288,
    88.71399999999996,
    92.626,
    90.57000000000002,
    94.142,
    89.70300000000002,
    91.08800000000001,
    92.96599999999998,
    96.29999999999998,
    92.03699999999999,
    95.11500000000001,
    93.50800000000001,
    94.101,
    90.35600000000001,
    96.753,
    88.16499999999999,
    95.273,
    93.186,
    89.455,
    94.23700000000002,
    93.63700000000001,
    90.075,
    93.27100000000002,
    94.69000000000001,
    94.76,
    95.28900000000002,
    92.726,
    97.79799999999999,
    93.31,
    90.57699999999997,
    90.69800000000001,
    96.74100000000001,
    89.37999999999997,
    92.67599999999999,
    95.82000000000001,
    98.31800000000001,
    95.818,
    94.83900000000001,
    95.84299999999999,
    97.335,
    95.851,
    96.828,
    94.83000000000001,
    96.83200000000002,
    96.34800000000001,
    95.352,
    97.336,
    96.37100000000001,
    93.82800000000002,
    95.31800000000001,
    95.84200000000001,
    99.353,
    93.35600000000001,
    95.348,
    96.858,
    94.84700000000001,
    96.834,
    93.34299999999999,
    91.30800000000002,
    93.85000000000001,
    96.357,
    97.34,
    94.34200000000001,
    95.846,
    93.339,
    94.83900000000001,
    95.865,
    97.358,
    94.843,
    95.849,
    93.31500000000001,
    93.84,
    93.337,
    94.829,
    93.341,
    94.82399999999998,
    93.354,
    95.346,
    97.34700000000001,
    92.34700000000001,
    94.33900000000001,
    95.342,
    94.33300000000001,
    94.841,
    94.848,
    93.35900000000001,
    94.339,
    94.84,
    94.84800000000001,
    95.33700000000002,
    95.319,
    96.863,
    92.35300000000001,
    94.36100000000002,
    95.334,
    95.351,
    95.34200000000001,
    94.84900000000002,
    97.336,
    93.33200000000002,
    96.348,
    94.83800000000001,
    92.84,
    97.369,
    94.845,
    96.85400000000001,
    95.356,
    93.34299999999999,
    96.357,
    91.32000000000001,
    97.86800000000001,
    94.838,
    95.346,
    96.85,
    92.314,
    95.83700000000002,
    96.842,
    93.85300000000001,
    94.35000000000001,
    98.333,
    95.364,
    94.83500000000001,
    96.33999999999999,
    95.855,
    96.82700000000001,
    95.334,
    96.348,
    96.34,
    93.85100000000001,
    95.34200000000001,
    94.83600000000001,
    95.354,
    97.869,
    93.852,
    92.83700000000002,
    97.34700000000001,
    98.35400000000001,
    95.358,
    95.34700000000001,
    97.85100000000001,
    96.857,
    94.357,
    95.338,
    97.36200000000001,
    94.352,
    92.851,
    96.33700000000002,
    93.829,
    94.851,
    95.33700000000002,
    95.83500000000001,
    92.34700000000001,
    97.34,
    96.348,
    93.828,
    95.338,
    95.838,
    97.35900000000001,
    95.346,
    90.34400000000002,
    95.845,
    94.32800000000002,
    95.85900000000001,
    96.339,
    95.836,
    94.84900000000002,
    94.84,
    94.857,
    94.34,
    95.83900000000001,
    95.85,
    95.338,
    95.34100000000001,
    93.84700000000001,
    94.35900000000001,
    95.334,
    92.337,
    95.341,
    91.86100000000002,
    95.81899999999999,
    95.853,
    96.34100000000001,
    96.342,
    95.84,
    93.342,
    95.35300000000001,
    96.849,
    95.849,
    95.35600000000001,
    97.33900000000001,
    95.858,
    95.33000000000001,
    95.84100000000001,
    95.34400000000001,
    93.84100000000002,
    94.33400000000002,
    94.807,
    94.852,
    96.858,
    95.824,
    96.84400000000001,
    96.33600000000001,
    93.33300000000001,
    94.854,
    95.853,
    93.33399999999999,
    95.347,
    96.83900000000003,
    94.346,
    97.857,
    94.36099999999999,
    97.35499999999999,
    92.35800000000002,
    95.83500000000001,
    96.857,
    97.33600000000001,
    92.841,
    96.849,
    95.35,
    95.357,
    94.843,
    94.851,
    95.35900000000001,
    95.862,
    90.832,
    93.82200000000002,
    94.35900000000001,
    91.336,
    99.36,
    93.333,
    95.845,
    96.33599999999998,
    93.33500000000001,
    96.83599999999998,
    92.833,
    96.334,
    93.341,
    94.34200000000001,
    93.338,
    94.856,
    96.853,
    97.83399999999999,
    96.84100000000001,
    95.85600000000001,
    94.82900000000001,
    98.34,
    96.34600000000002,
    96.35499999999999,
    94.86100000000002,
    92.31899999999999,
    97.84100000000001,
    97.352,
    92.84299999999999,
    95.83399999999999,
    96.853,
    90.847,
    91.828,
    95.35,
    97.34700000000001,
    95.852,
    94.845,
    96.339,
    95.84100000000001,
    94.84400000000001,
    96.32800000000002,
    94.338,
    95.834,
    95.835,
    97.82700000000001,
    96.344,
    95.33699999999999,
    94.839,
    94.838,
    95.336,
    95.85600000000001,
    96.337,
    94.33700000000002,
    97.34200000000001,
    96.36000000000001,
    98.84400000000001,
    95.34100000000001,
    98.35400000000001,
    92.858,
    95.84100000000001,
    96.35600000000001,
    96.86600000000001,
    96.348,
    92.84100000000001,
    95.83000000000001,
    95.36600000000001,
    94.33800000000001,
    93.35199999999999,
    95.34299999999999,
    96.84700000000001,
    95.81699999999998,
    94.855,
    92.32400000000001,
    96.31899999999999,
    93.35700000000001,
    96.331,
    95.34,
    95.84299999999999,
    93.828,
    92.83900000000001,
    92.843,
    94.345,
    95.351,
    93.831,
    94.836,
    96.33800000000001,
    94.864,
    95.84700000000001,
    95.848,
    93.345,
    94.845,
    96.33700000000002,
    92.35499999999999,
    93.831,
    92.80999999999999,
    96.84,
    97.34700000000001,
    96.837,
    96.82700000000001,
    95.334,
    95.84700000000001,
    94.34600000000002,
    95.336,
    95.863,
    95.82700000000001,
    94.35300000000001,
    95.851,
    94.83900000000001,
    93.848,
    96.84700000000001,
    93.821,
    96.36,
    95.85100000000001,
    97.851,
    93.351,
    94.33200000000001,
    96.85300000000001,
    95.322,
    95.33100000000002,
    98.35400000000001,
    97.84599999999998,
    93.35,
    96.84400000000001,
    95.858,
    92.34200000000001,
    93.34299999999999,
    93.84200000000001,
    95.343,
    95.847,
    92.83700000000002,
    96.84400000000001,
    97.357,
    95.33400000000002,
    90.85,
    96.34299999999999,
    94.83099999999999,
    94.32300000000001,
    97.325,
    96.352,
    96.84299999999999,
    95.35100000000001,
    94.85400000000001,
    93.34100000000001,
    94.348,
    96.85400000000001,
    95.34400000000001,
    98.856,
    96.86,
    98.334,
    93.838,
    96.846,
    94.327,
    95.355,
    95.33299999999998,
    95.855,
    96.322,
    93.34599999999999,
    95.84200000000001,
    96.331,
    92.846,
    96.84,
    96.83699999999999,
    97.364,
    95.84700000000001,
    95.86500000000001,
    97.832,
    94.35499999999999,
    94.34400000000001,
    94.85900000000001,
    93.33099999999999,
    92.825,
    93.84200000000001,
    94.83500000000001,
    95.864,
    96.83200000000001,
    96.337,
    90.34,
    96.355,
    96.85400000000001,
    94.345,
    95.348,
    97.859,
    96.34,
    95.35800000000002,
    96.849,
    97.836,
