{
  "complexity": 5,
  "alpha": 0.1,
  "gamma": 0.95,
  "epsilon": 0.1,
  "extra_passages": 10,
  "avg_rewards": [
    -465.7659999999979,
    -72.41699999999464,
    75.10100000000003,
    71.73400000000001,
    81.11999999999996,
    83.36300000000003,
    85.39899999999997,
    82.31999999999994,
    81.35199999999995,
    78.99300000000002,
    68.57299999999984,
    74.86099999999988,
    68.07099999999984,
    76.78299999999999,
    80.55800000000006,
    91.103,
    77.313,
    62.16600000000024,
    92.94299999999997,
    85.88399999999976,
    85.05499999999999,
    89.80900000000008,
    90.19999999999996,
    96.97200000000001,
    93.78999999999999,
    87.30199999999999,
    93.001,
    87.101,
    92.49800000000002,
    93.81499999999997,
    93.35599999999998,
    90.64899999999992,
    87.96399999999996,
    89.39700000000002,
    91.58699999999997,
    84.63499999999986,
    90.66199999999999,
    87.70399999999998,
    92.806,
    95.007,
    93.968,
    93.385,
    89.338,
    96.30800000000002,
    72.04200000000097,
    89.44099999999997,
    96.648,
    92.616,
    94.50699999999998,
    90.70499999999998,
    86.43300000000002,
    96.11100000000002,
    95.924,
    96.45700000000001,
    96.00000000000001,
    96.34200000000001,
    94.429,
    95.96500000000002,
    95.55,
    95.26100000000001,
    92.68199999999997,
    94.40200000000002,
    98.43300000000002,
    94.92800000000001,
    92.99400000000009,
    96.11300000000001,
    90.78099999999999,
    92.804,
    94.83200000000001,
    96.73800000000001,
    96.13399999999999,
    98.06700000000001,
    99.089,
    98.039,
    99.78600000000002,
    94.90700000000001,
    96.31800000000001,
    95.85299999999998,
    97.38300000000001,
    98.17300000000002,
    96.316,
    95.28500000000001,
    97.34300000000002,
    93.212,
    95.26,
    98.526,
    94.40600000000002,
    96.32299999999998,
    97.56300000000002,
    98.38500000000002,
    95.30000000000003,
    96.96600000000002,
    96.081,
    96.589,
    94.97600000000001,
    96.144,
    97.16000000000001,
    98.36800000000001,
    92.72,
    98.68599999999999,
    96.93000000000002,
    99.196,
    97.13800000000002,
    96.771,
    95.517,
    96.74200000000003,
    96.94,
    96.81300000000002,
    95.29299999999999,
    93.26599999999995,
    92.50700000000003,
    96.602,
    95.41699999999996,
    97.66300000000003,
    95.09,
    96.87100000000004,
    95.36400000000002,
    96.39000000000001,
    95.90899999999998,
    99.48,
    96.45,
    98.94800000000001,
    96.44900000000003,
    94.615,
    95.826,
    98.208,
    96.51900000000002,
    96.10500000000005,
    94.36900000000003,
    98.802,
    93.85499999999996,
    96.97500000000005,
    96.686,
    96.72799999999997,
    97.58500000000001,
    94.70599999999985,
    97.76100000000001,
    98.72999999999999,
    99.62700000000001,
    97.47800000000002,
    96.74300000000002,
    94.19399999999999,
    95.19399999999997,
    96.766,
    96.224,
    98.146,
    97.75800000000001,
    98.82500000000002,
    95.77300000000001,
    98.27000000000001,
    95.82500000000002,
    91.87499999999999,
    96.81400000000001,
    97.83000000000001,
    99.32400000000001,
    96.82300000000001,
    96.78000000000002,
    97.79200000000002,
    97.321,
    97.81800000000001,
    98.33500000000001,
    96.802,
    98.31400000000001,
    98.33,
    97.81200000000001,
    96.27499999999995,
    98.80300000000003,
    98.834,
    97.32300000000002,
    98.33900000000001,
    97.83400000000002,
    96.83400000000002,
    98.33000000000001,
    98.83600000000001,
    98.82600000000001,
    98.34300000000002,
    97.83900000000003,
    97.80300000000001,
    97.81900000000002,
    97.788,
    97.792,
    98.33200000000002,
    98.82800000000002,
    96.836,
    96.832,
    97.84400000000002,
    98.84200000000001,
    97.33000000000001,
    96.834,
    99.336,
    98.83800000000001,
    98.33400000000002,
    96.83700000000002,
    98.84200000000001,
    98.83400000000002,
    97.829,
    98.33700000000002,
    99.334,
    98.33200000000002,
    96.84200000000001,
    98.838,
    99.29,
    96.83600000000001,
    99.33500000000001,
    98.83300000000001,
    97.83300000000001,
    96.33800000000002,
    99.33900000000001,
    99.325,
    97.33500000000001,
    96.831,
    97.33600000000001,
    99.337,
    97.33900000000001,
    96.83000000000001,
    97.33800000000001,
    99.339,
    98.33200000000002,
    98.33900000000003,
    96.34,
    98.83500000000001,
    98.33100000000002,
    98.335,
    98.33500000000001,
    97.30700000000002,
    95.836,
    99.83099999999999,
    97.34100000000001,
    96.332,
    95.33300000000001,
    96.843,
    99.33100000000002,
    97.84200000000001,
    98.32500000000002,
    99.33800000000001,
    99.34100000000002,
    97.328,
    98.83900000000001,
    97.328,
    97.33900000000001,
    98.328,
    98.328,
    98.83600000000001,
    98.34100000000001,
    98.33,
    97.82400000000001,
    99.34100000000001,
    98.33200000000002,
    98.331,
    98.83500000000001,
    97.83900000000003,
    97.33900000000001,
    99.338,
    98.843,
    97.83200000000001,
    97.331,
    97.83500000000001,
    97.836,
    96.33200000000001,
    95.33100000000002,
    99.83900000000001,
    98.82900000000002,
    97.83800000000001,
    96.82300000000001,
    97.336,
    96.825,
    96.33900000000003,
    98.33800000000001,
    98.83500000000001,
    97.832,
    99.829,
    97.83300000000001,
    98.33700000000002,
    97.83300000000001,
    95.83,
    97.34400000000002,
    97.33100000000002,
    97.84000000000002,
    98.82300000000001,
    98.33600000000001,
    97.33200000000001,
    98.83700000000002,
    98.333,
    98.33800000000001,
    98.83900000000001,
    98.332,
    97.33900000000001,
    98.33600000000001,
    98.34,
    97.82900000000001,
    98.338,
    97.83400000000002,
    98.332,
    97.836,
    99.33399999999999,
    95.83200000000001,
    99.338,
    98.821,
    95.83600000000003,
    97.83100000000002,
    98.81300000000002,
    98.84200000000001,
    96.33800000000001,
    98.33500000000001,
    99.33700000000002,
    99.328,
    96.34300000000002,
    99.328,
    97.83,
    97.32999999999998,
    97.83600000000001,
    98.33400000000002,
    98.333,
    99.33700000000002,
    98.33800000000001,
    96.83900000000001,
    97.83300000000001,
    97.84500000000001,
    98.833,
    98.33700000000002,
    98.34000000000002,
    98.833,
    96.32699999999998,
    97.833,
    97.328,
    97.34000000000002,
    98.32300000000001,
    97.34100000000001,
    96.33300000000001,
    99.33600000000001,
    97.327,
    98.834,
    99.83000000000001,
    97.83400000000002,
    95.834,
    99.32900000000002,
    98.34200000000001,
    98.329,
    99.83600000000001,
    96.33200000000001,
    97.833,
    96.84100000000001,
    95.83900000000003,
    98.336,
    97.82000000000002,
    97.34200000000001,
    96.84,
    96.33500000000001,
    97.84100000000002,
    95.83400000000003,
    98.33200000000002,
    97.83700000000002,
    95.83500000000001,
    97.33400000000002,
    98.33099999999999,
    98.833,
    98.83500000000001,
    97.33200000000002,
    97.82900000000001,
    96.83800000000002,
    98.83900000000001,
    97.83900000000001,
    99.833,
    98.84,
    95.83900000000003,
    97.83500000000001,
    97.83700000000002,
    98.841,
    97.34200000000001,
    97.81700000000002,
    98.328,
    98.32300000000001,
    97.33700000000002,
    95.32700000000001,
    98.33400000000002,
    98.84800000000001,
    96.29,
    98.333,
    98.33400000000002,
    98.32900000000001,
    97.34100000000002,
    96.84100000000001,
    96.33900000000001,
    98.83600000000001,
    97.84200000000001,
    97.33000000000001,
    98.32800000000002,
    98.843,
    97.83700000000002,
    97.33100000000002,
    98.34,
    95.836,
    98.33500000000001,
    98.84100000000002,
    98.83700000000002,
    98.333,
    97.84400000000001,
