{
  "complexity": 8,
  "alpha": 0.3,
  "gamma": 0.95,
  "epsilon": 0.3,
  "extra_passages": 7,
  "avg_rewards": [
    -463.76599999999746,
    -120.69599999999909,
    -88.99899999999806,
    13.71100000000003,
    21.467000000000475,
    27.560000000000326,
    13.804000000000475,
    26.82200000000022,
    31.521999999999878,
    25.28500000000037,
    15.999000000000517,
    -12.346999999999577,
    71.02699999999997,
    43.8290000000002,
    62.429999999999986,
    62.849000000000025,
    51.78999999999975,
    62.113999999999876,
    75.18799999999992,
    60.981999999999985,
    66.31000000000002,
    69.94899999999991,
    68.61399999999999,
    62.57899999999988,
    58.43999999999998,
    78.28599999999997,
    76.55399999999999,
    48.16299999999992,
    69.57299999999991,
    78.44899999999998,
    87.58899999999997,
    45.77800000000006,
    81.795,
    83.852,
    70.94099999999997,
    85.91499999999999,
    63.867000000000914,
    78.09299999999999,
    74.9769999999999,
    71.88800000000012,
    81.086,
    89.58099999999999,
    78.52700000000002,
    85.593,
    84.934,
    81.915,
    83.58599999999998,
    82.84200000000001,
    85.11599999999999,
    85.15299999999999,
    88.364,
    91.187,
    81.637,
    77.944,
    88.049,
    80.11599999999996,
    86.40399999999998,
    78.27399999999997,
    88.102,
    89.174,
    86.183,
    85.13199999999999,
    81.11099999999996,
    83.465,
    86.70499999999997,
    92.781,
    85.53099999999993,
    83.69500000000001,
    92.70100000000001,
    83.491,
    91.70899999999999,
    85.689,
    90.792,
    93.28099999999999,
    89.268,
    87.767,
    89.28799999999998,
    92.809,
    88.777,
    86.294,
    91.26799999999999,
    88.252,
    90.748,
    89.295,
    86.239,
    91.285,
    89.82,
    93.785,
    91.303,
    91.78600000000002,
    89.27700000000002,
    89.777,
    93.28299999999999,
    89.795,
    92.29100000000001,
    91.28399999999999,
    93.778,
    83.773,
    86.275,
    93.259,
    94.30300000000001,
    94.76799999999999,
    87.295,
    89.81000000000002,
    96.295,
    92.3,
    87.811,
    91.78099999999999,
    88.268,
    94.81899999999999,
    92.78299999999999,
    90.285,
    94.778,
    93.778,
    91.792,
    91.275,
    87.765,
    93.304,
    90.284,
    92.77799999999999,
    89.283,
    85.296,
    91.26999999999998,
    91.758,
    90.31400000000001,
    93.27399999999999,
    84.76199999999997,
    91.76900000000002,
    89.82100000000001,
    91.28999999999999,
    90.26199999999999,
    88.27900000000001,
    90.803,
    91.28699999999999,
    87.294,
    91.8,
    90.269,
    92.28200000000001,
    88.799,
    89.768,
    88.75999999999999,
    92.299,
    93.792,
    90.30700000000002,
    89.273,
    95.28699999999999,
    89.79,
    94.791,
    89.29299999999999,
    94.295,
    92.76400000000001,
    91.29599999999999,
    89.81599999999999,
    91.27799999999999,
    89.28599999999999,
    89.792,
    91.795,
    90.79100000000003,
    89.295,
    89.77099999999999,
    91.793,
    94.794,
    93.29899999999999,
    92.271,
    89.309,
    87.76500000000001,
    89.80999999999999,
    85.78299999999999,
    90.78999999999999,
    91.28,
    87.286,
    92.816,
    93.799,
    91.78099999999999,
    89.783,
    86.27099999999999,
    86.81,
    94.80799999999999,
    88.763,
    91.799,
    88.81299999999999,
    91.27199999999998,
    89.30799999999999,
    88.77000000000001,
    83.76499999999999,
    90.31,
    92.79800000000002,
    87.75299999999999,
    87.26700000000001,
    90.302,
    94.292,
    86.27899999999998,
    90.789,
    88.80700000000002,
    90.27700000000002,
    92.27499999999998,
    93.28200000000001,
    89.70300000000002,
    88.78500000000001,
    92.78500000000003,
    86.29799999999999,
    90.776,
    90.301,
    90.77,
    88.797,
    91.77600000000001,
    87.249,
    90.29500000000002,
    93.82000000000001,
    91.28099999999999,
    88.78,
    90.30400000000002,
    79.56299999999996,
    94.3,
    87.783,
    92.283,
    88.80300000000001,
    93.79700000000003,
    90.78200000000001,
    88.79199999999999,
    90.78599999999999,
    87.78599999999999,
    89.296,
    90.752,
    92.30100000000002,
    91.275,
    93.792,
    90.76400000000001,
    92.3,
    91.268,
    90.78100000000002,
    89.80099999999999,
    93.297,
    89.80299999999997,
    91.29,
    92.77399999999997,
    92.74999999999999,
    87.28099999999999,
    88.65600000000002,
    84.27000000000001,
    83.753,
    90.29799999999999,
    89.809,
    91.24799999999999,
    91.28399999999999,
    93.812,
    95.30800000000002,
    91.305,
    91.302,
    93.282,
    91.81200000000001,
    90.314,
    91.798,
    87.77999999999999,
    90.29299999999998,
    88.29399999999998,
    93.79100000000001,
    93.292,
    91.31,
    92.79500000000002,
    90.78899999999999,
    90.80100000000002,
    89.78,
    94.797,
    91.29999999999998,
    89.28200000000001,
    89.27799999999999,
    88.277,
    91.30500000000002,
    88.78,
    88.258,
    91.268,
    85.78299999999999,
    85.77399999999997,
    87.76700000000002,
    87.787,
    77.705,
    92.797,
    89.285,
    90.30799999999999,
    86.78,
    88.79599999999999,
    88.77799999999999,
    93.775,
    91.303,
    91.293,
    90.80999999999999,
    95.29299999999999,
    89.276,
    87.77499999999999,
    87.25000000000001,
    92.29899999999999,
    90.772,
    90.291,
    91.79299999999998,
    92.76599999999999,
    94.78600000000002,
    85.784,
    90.753,
    93.287,
    86.80499999999999,
    91.291,
    89.78999999999999,
    92.297,
    95.82200000000002,
    90.775,
    92.31200000000001,
    91.776,
    87.77900000000001,
    93.314,
    90.785,
    87.75000000000001,
    94.27600000000001,
    93.799,
    88.78,
    89.29100000000001,
    87.77599999999998,
    93.79,
    85.791,
    87.79100000000001,
    91.287,
    91.28299999999999,
    91.26500000000001,
    95.763,
    85.271,
    92.285,
    90.77399999999997,
    91.809,
    90.792,
    89.814,
    90.288,
    90.274,
    95.78800000000001,
    90.763,
    90.779,
    91.27600000000001,
    88.26700000000001,
    90.28299999999999,
    88.77399999999999,
    92.265,
    94.776,
    93.284,
    89.302,
    87.77199999999999,
    84.247,
    95.301,
    92.301,
    92.297,
    90.76,
    90.301,
    91.31099999999999,
    92.26599999999999,
    84.757,
    92.80399999999997,
    93.27799999999999,
    88.27099999999999,
    86.779,
    86.75899999999999,
    86.774,
    90.78,
    92.27099999999999,
    91.78300000000002,
    88.28,
    92.78399999999998,
    90.79499999999999,
    88.292,
    90.775,
    87.804,
    90.28699999999999,
    91.25200000000001,
    90.79400000000001,
    91.785,
    87.275,
    88.299,
    89.79100000000001,
    86.784,
    91.27000000000001,
    92.315,
    88.785,
    91.29299999999999,
    85.735,
    89.76400000000001,
    87.76499999999999,
    89.26699999999998,
    77.74300000000001,
    90.257,
    92.263,
    88.79899999999999,
    95.31099999999999,
    92.28999999999999,
    93.81899999999999,
    85.765,
    90.285,
    90.78999999999999,
    84.306,
    85.756,
    88.77799999999999,
    88.78299999999999,
    88.27799999999999,
    90.288,
    91.273,
    90.28800000000001,
    89.30199999999999,
    91.78999999999999,
    93.299,
    94.29999999999998,
    88.80300000000001,
    87.75699999999999,
    90.312,
    89.25599999999999,
    92.28299999999999,
    91.79399999999998,
    89.80499999999999,
    89.27199999999999,
    86.78299999999999,
    87.30199999999999,
    95.28900000000002,
    94.29100000000003,
    90.786,
    91.30000000000001,
    87.772,
    89.776,
    90.28000000000002,
    91.77300000000001,
    89.8,
    92.287,
    94.325,
    89.292,
    89.79400000000001,
    90.80800000000002,
    91.78600000000002,
    90.26899999999999,
    90.29999999999998,
    90.76700000000001,
    90.305,
    93.266,
    89.77599999999998,
