{
  "complexity": 1,
  "alpha": 0.3,
  "gamma": 0.85,
  "epsilon": 0.2,
  "extra_passages": 2,
  "avg_rewards": [
    -16.887000000000093,
    63.79399999999995,
    76.79499999999999,
    85.33700000000002,
    88.99899999999997,
    92.89299999999997,
    95.70599999999999,
    95.787,
    97.18699999999998,
    92.216,
    97.27199999999999,
    96.319,
    94.72399999999998,
    96.804,
    96.753,
    97.374,
    98.90200000000002,
    99.40900000000002,
    97.91400000000002,
    98.36999999999999,
    96.911,
    98.92,
    97.909,
    97.912,
    97.91,
    98.915,
    98.91099999999999,
    96.925,
    98.422,
    97.91300000000001,
    95.408,
    98.41499999999999,
    96.911,
    99.412,
    97.89900000000003,
    98.41900000000001,
    98.92300000000002,
    95.912,
    94.41900000000001,
    99.908,
    98.91899999999998,
    99.41,
    99.42099999999999,
    98.40299999999999,
    98.41399999999999,
    98.92300000000003,
    97.40899999999999,
    98.91199999999999,
    98.91799999999998,
    99.91199999999999,
    96.90799999999999,
    97.41900000000001,
    95.91199999999999,
    96.42,
    96.91100000000002,
    97.41299999999998,
    98.90699999999998,
    99.92099999999999,
    99.419,
    96.922,
    99.41300000000001,
    97.422,
    98.406,
    96.91699999999999,
    98.41399999999999,
    96.92100000000002,
    97.41300000000001,
    98.41299999999998,
    97.92200000000001,
    97.91000000000001,
    98.41899999999998,
    98.91400000000002,
    97.41799999999999,
    97.91300000000001,
    97.409,
    97.423,
    97.41900000000001,
    97.916,
    98.91599999999998,
    97.92400000000002,
    99.41600000000003,
    97.916,
    96.418,
    98.91,
    96.41399999999999,
    98.416,
    99.401,
    97.41300000000001,
    97.41499999999999,
    97.897,
    95.901,
    97.411,
    98.92099999999998,
    96.90799999999999,
    95.41,
    97.91400000000002,
    99.912,
    95.41199999999999,
    97.90400000000002,
    97.91300000000001,
    96.912,
    98.41100000000003,
    96.89999999999999,
    99.908,
    97.92299999999999,
    97.413,
    98.41399999999999,
    97.91600000000001,
    98.40799999999999,
    98.90599999999999,
    98.92,
    97.412,
    98.413,
    97.912,
    98.408,
    97.916,
    98.416,
    96.90599999999999,
    98.417,
    97.40399999999998,
    97.41299999999998,
    99.923,
    97.41399999999999,
    97.91199999999999,
    96.90700000000001,
    97.91099999999999,
    94.82499999999999,
    97.90700000000001,
    96.90599999999999,
    96.89899999999999,
    95.904,
    98.916,
    97.417,
    98.408,
    98.90899999999999,
    98.41,
    96.908,
    98.92,
    97.916,
    95.91900000000001,
    97.91300000000001,
    94.91799999999998,
    98.40599999999999,
    98.414,
    97.90599999999999,
    94.413,
    99.41799999999998,
    97.40299999999999,
    98.41400000000002,
    98.409,
    98.914,
    95.91199999999999,
    96.41599999999998,
    99.91900000000001,
    98.41100000000002,
    98.41799999999998,
    98.41199999999999,
    97.41799999999999,
    98.9,
    98.90599999999998,
    97.91399999999999,
    96.909,
    97.91800000000003,
    97.914,
    98.39999999999999,
    99.41600000000001,
    97.91799999999999,
    97.91399999999999,
    97.40899999999999,
    96.9,
    97.91099999999999,
    97.922,
    97.91999999999999,
    97.91699999999999,
    97.41,
    98.90899999999999,
    97.393,
    96.91,
    96.90700000000001,
    96.41,
    96.41600000000001,
    97.41399999999999,
    96.89899999999999,
    99.41,
    96.91099999999999,
    98.91,
    99.40599999999999,
    96.40899999999999,
    97.4,
    97.886,
    99.40599999999999,
    97.91299999999998,
    97.917,
    98.422,
    96.416,
    98.413,
    96.909,
    97.38399999999999,
    97.91799999999998,
    97.90600000000002,
    98.41800000000002,
    97.89799999999998,
    97.41699999999999,
    98.41999999999999,
    95.40799999999999,
    98.41499999999999,
    98.88900000000001,
    97.411,
    99.412,
    97.39599999999999,
    99.41199999999999,
    97.91399999999999,
    97.41699999999999,
    98.41299999999998,
    96.916,
    97.89999999999999,
    98.909,
    97.392,
    98.913,
    98.91100000000002,
    98.418,
    98.91499999999999,
    99.40299999999999,
    96.91999999999999,
    97.90299999999999,
    98.90799999999999,
    97.91299999999998,
    97.904,
    98.40299999999999,
    97.916,
    96.91099999999999,
    98.912,
    99.417,
    98.407,
    97.41799999999998,
    97.41399999999999,
    98.417,
    98.401,
    97.40599999999998,
    97.91800000000003,
    98.418,
    97.41299999999998,
    96.90799999999999,
    96.91399999999999,
    97.91299999999998,
    98.90499999999999,
    98.91299999999998,
    98.40699999999998,
    98.90899999999999,
    99.414,
    96.91599999999998,
    98.41199999999998,
    98.402,
    97.91300000000001,
    96.918,
    98.915,
    98.418,
    98.41400000000002,
    97.416,
    98.41100000000002,
    97.91600000000001,
    97.404,
    94.41,
    98.41199999999999,
    96.41099999999999,
    97.91900000000001,
    97.90899999999999,
    96.405,
    97.91100000000002,
    98.412,
    97.90499999999999,
    98.91099999999999,
    98.90700000000001,
    97.907,
    98.90999999999998,
    98.41299999999998,
    97.921,
    96.91499999999999,
    98.90399999999998,
    99.41599999999998,
    95.42,
    98.915,
    98.91900000000001,
    99.912,
    97.41499999999999,
    96.41899999999998,
    98.91300000000001,
    97.40399999999998,
    98.41199999999999,
    97.887,
    98.41900000000001,
    99.41499999999999,
    99.41299999999998,
    96.892,
    97.414,
    98.91799999999999,
    97.91999999999999,
    99.424,
    99.418,
    98.91499999999999,
    97.41,
    97.41,
    97.90399999999998,
    98.41,
    97.41399999999999,
    98.41600000000001,
    99.41099999999999,
    97.39500000000001,
    97.91600000000001,
    97.401,
    97.41400000000002,
    96.922,
    96.89399999999999,
    96.89000000000001,
    97.911,
    98.91299999999998,
    98.41699999999999,
    96.906,
    97.41599999999998,
    96.911,
    97.41199999999998,
    97.41400000000002,
    98.907,
    98.91799999999998,
    96.90799999999999,
    98.407,
    97.41900000000001,
    97.926,
    96.91099999999999,
    98.414,
    97.411,
    98.91499999999999,
    98.409,
    97.91099999999999,
    96.904,
    97.90899999999998,
    97.40500000000003,
    99.41499999999999,
    95.405,
    95.897,
    97.90799999999999,
    96.912,
    98.90700000000001,
    96.91099999999999,
    98.409,
    99.42099999999999,
    96.40800000000002,
    98.915,
    98.41799999999998,
    98.91400000000002,
    98.90799999999999,
    95.902,
    97.409,
    99.41599999999998,
    97.423,
    98.90899999999999,
    96.422,
    97.90600000000002,
    99.408,
    96.40900000000002,
    97.91399999999999,
    96.91799999999998,
    98.41199999999999,
    97.916,
    96.911,
    99.41300000000001,
    95.917,
    96.40400000000001,
    97.90799999999999,
    98.905,
    96.91400000000002,
    98.418,
    98.916,
    98.915,
    98.41,
    97.905,
    98.41799999999998,
    97.42,
    98.91,
    95.914,
    99.426,
    98.90599999999999,
    98.41799999999999,
    99.408,
    98.90799999999999,
    98.916,
    97.91499999999999,
    97.905,
    95.911,
    98.909,
    96.922,
    98.40499999999999,
    97.41999999999999,
    97.41100000000002,
    97.40700000000001,
    97.41600000000001,
    96.41199999999999,
    99.41599999999998,
    99.41499999999999,
    98.405,
    98.41499999999999,
    97.919,
    97.421,
    98.41,
    96.405,
    97.414,
    99.909,
    97.411,
    97.90599999999999,
    98.39699999999999,
    96.42099999999999,
    97.40299999999999,
    97.89900000000002,
    98.41000000000001,
    97.408,
    99.404,
    98.41199999999998,
    97.405,
    98.41499999999999,
    96.911,
    96.41099999999999,
    97.41499999999999,
    97.91400000000002,
    98.89800000000001,
    97.41600000000001,
    98.423,
