{
  "complexity": 5,
  "alpha": 0.2,
  "gamma": 0.85,
  "epsilon": 0.1,
  "extra_passages": 10,
  "avg_rewards": [
    -428.9299999999982,
    -34.75200000000007,
    13.131000000002114,
    79.35799999999983,
    32.069000000000145,
    86.19699999999999,
    77.09699999999982,
    78.5519999999998,
    81.26000000000003,
    80.89900000000026,
    48.569000000000884,
    72.83599999999996,
    74.8189999999981,
    -12.575999999983067,
    83.55999999999985,
    77.43400000000025,
    63.74699999999884,
    87.187,
    83.9059999999999,
    72.0279999999988,
    84.32700000000007,
    69.16099999999958,
    52.61400000000142,
    77.13299999999995,
    81.88899999999936,
    86.126,
    90.47000000000016,
    78.05099999999968,
    71.52299999999958,
    94.04399999999997,
    76.94200000000053,
    86.86900000000014,
    89.4849999999999,
    81.11099999999966,
    92.171,
    80.85800000000017,
    85.26899999999993,
    95.20100000000001,
    91.31499999999994,
    84.40800000000016,
    77.18899999999974,
    38.50100000000996,
    89.69900000000008,
    92.56899999999985,
    92.51699999999997,
    96.672,
    90.63800000000023,
    87.14799999999978,
    89.83200000000001,
    96.47200000000001,
    95.14099999999993,
    85.35400000000023,
    97.364,
    95.78599999999999,
    92.17199999999995,
    92.92499999999977,
    94.20599999999996,
    95.49600000000002,
    87.14399999999989,
    82.00399999999955,
    93.76300000000002,
    96.65400000000002,
    85.302,
    93.351,
    94.79600000000002,
    95.516,
    96.911,
    95.728,
    97.55300000000001,
    96.30300000000001,
    99.773,
    98.32199999999999,
    98.33800000000001,
    98.278,
    98.32900000000002,
    98.30600000000001,
    97.322,
    98.28,
    98.30800000000002,
    96.82700000000001,
    97.30400000000002,
    97.77700000000002,
    96.313,
    97.25,
    99.33000000000001,
    97.32600000000001,
    98.79499999999999,
    97.816,
    95.283,
    98.33600000000001,
    97.82400000000003,
    97.82700000000001,
    96.831,
    97.83200000000002,
    96.81699999999998,
    98.84300000000002,
    96.83800000000001,
    96.34100000000001,
    97.83000000000001,
    97.329,
    97.83000000000001,
    98.34400000000002,
    96.829,
    98.82000000000001,
    97.83500000000002,
    97.846,
    97.33099999999999,
    96.34,
    97.824,
    96.324,
    96.83800000000001,
    96.833,
    97.827,
    97.825,
    97.833,
    98.84200000000001,
    94.97699999999998,
    96.83100000000002,
    98.333,
    97.34100000000001,
    98.34000000000002,
    98.829,
    99.33200000000001,
    97.324,
    98.83500000000002,
    97.336,
    98.83200000000001,
    97.84,
    99.34100000000002,
    97.83400000000002,
    96.833,
    98.34000000000002,
    98.82600000000001,
    97.19200000000001,
    98.33800000000001,
    96.82000000000002,
    94.83400000000002,
    98.328,
    95.338,
    97.33500000000001,
    97.33400000000002,
    97.34400000000001,
    97.828,
    97.83800000000001,
    96.33600000000001,
    98.83099999999999,
    98.33700000000002,
    97.83700000000002,
    97.81000000000002,
    99.33600000000001,
    98.82900000000001,
    97.34000000000002,
    97.84,
    98.33500000000001,
    99.34400000000001,
    96.834,
    97.33100000000002,
    96.32900000000002,
    95.33599999999998,
    98.33800000000001,
    96.32799999999999,
    97.82000000000001,
    96.346,
    97.83000000000001,
    98.343,
    95.828,
    98.83500000000001,
    98.33400000000002,
    96.33800000000001,
    98.82500000000002,
    98.29800000000002,
    97.819,
    98.83900000000001,
    97.34,
    98.33900000000001,
    97.33900000000001,
    97.33100000000002,
    97.83500000000002,
    98.34,
    98.83400000000002,
    96.32200000000002,
    97.33200000000001,
    98.322,
    97.82300000000001,
    97.822,
    97.32700000000001,
    97.828,
    98.83900000000001,
    97.83100000000002,
    98.83300000000001,
    98.33600000000001,
    97.32900000000001,
    98.33,
    98.843,
    98.84,
    98.33600000000001,
    97.34100000000001,
    99.337,
    96.83800000000001,
    97.831,
    96.338,
    97.83000000000001,
    97.83500000000001,
    96.83000000000001,
    97.84200000000001,
    98.83800000000002,
    98.831,
    97.30699999999999,
    98.33200000000002,
    97.83700000000002,
    97.83000000000001,
    98.83300000000001,
    95.84300000000002,
    98.83399999999999,
    98.33900000000001,
    97.333,
    99.325,
    98.331,
    98.33500000000001,
    97.83000000000001,
    97.33900000000001,
    98.82600000000001,
    98.84500000000001,
    97.33200000000001,
    96.84100000000001,
    97.32700000000003,
    98.834,
    98.84700000000001,
    97.33500000000001,
    98.33800000000001,
    95.83100000000002,
    97.83600000000001,
    96.83200000000002,
    96.833,
    97.331,
    99.32700000000001,
    99.34400000000002,
    98.334,
    98.83099999999999,
    96.33000000000001,
    96.33200000000001,
    98.84100000000001,
    98.83600000000001,
    96.84200000000001,
    96.83900000000003,
    98.34,
    98.83800000000001,
    97.33800000000002,
    97.83800000000001,
    96.83300000000001,
    97.34400000000001,
    98.83700000000002,
    98.33600000000003,
    98.336,
    97.83500000000001,
    96.83400000000002,
    98.33500000000001,
    98.83200000000002,
    96.735,
    97.84,
    96.82500000000002,
    98.34800000000001,
    97.33,
    97.839,
    98.33600000000003,
    93.831,
    97.34200000000001,
    98.83600000000001,
    98.325,
    95.33800000000001,
    99.34100000000001,
    97.83400000000002,
    97.33600000000001,
    98.83200000000001,
    97.82400000000001,
    98.83500000000001,
    97.83000000000001,
    96.834,
    99.331,
    99.33100000000002,
    96.32500000000002,
    94.33600000000003,
    97.83700000000002,
    98.333,
    98.838,
    98.833,
    97.83600000000001,
    89.10900000000001,
    96.81800000000001,
    98.333,
    97.322,
    94.83400000000003,
    95.83000000000001,
    97.33900000000003,
    98.34100000000002,
    99.33399999999999,
    97.34,
    98.33600000000001,
    97.83000000000001,
    99.83900000000001,
    98.32700000000001,
    97.83700000000002,
    98.33700000000002,
    97.33700000000002,
    97.82900000000001,
    96.328,
    96.83500000000001,
    97.83099999999999,
    97.829,
    94.83300000000001,
    98.34200000000001,
    97.831,
    97.33800000000002,
    96.831,
    98.83300000000001,
    95.83500000000001,
    97.32000000000001,
    98.32900000000002,
    97.84100000000002,
    97.83400000000002,
    98.32200000000002,
    98.325,
    99.337,
    96.319,
    97.33500000000001,
    98.84200000000001,
    97.83600000000001,
    97.84400000000002,
    96.32300000000001,
    97.32300000000001,
    96.84200000000001,
    99.83200000000001,
    97.33400000000003,
    97.34100000000001,
    98.83600000000001,
    99.84000000000002,
    97.34400000000002,
    97.83200000000002,
    98.83500000000001,
    97.82100000000001,
    98.84000000000002,
    97.335,
    97.33100000000002,
    99.83600000000001,
    97.32700000000001,
    97.84100000000002,
    98.328,
    97.33300000000001,
    97.828,
    98.83900000000003,
    95.822,
    99.831,
    97.33000000000003,
    97.83800000000001,
    96.331,
    98.33000000000001,
    97.33800000000001,
    97.34,
    97.33800000000001,
    98.32800000000002,
    95.83600000000001,
    98.33500000000001,
    98.829,
    99.33500000000001,
    96.32900000000001,
    98.324,
    97.83900000000003,
    99.331,
    98.83600000000001,
    97.83700000000002,
    97.83600000000001,
    97.83200000000001,
    96.83200000000001,
    98.33300000000001,
    97.32900000000001,
    98.33900000000001,
    98.83900000000001,
    98.34100000000001,
    99.33500000000001,
    98.83099999999999,
    98.331,
    97.34100000000002,
    97.324,
    98.34,
    97.331,
    98.336,
    98.82700000000001,
    95.83300000000001,
    96.333,
    98.33800000000001,
    96.832,
    96.34100000000002,
