{
  "complexity": 13,
  "alpha": 0.2,
  "gamma": 0.85,
  "epsilon": 0.1,
  "extra_passages": 2,
  "avg_rewards": [
    -614.4670000001104,
    -196.07799999995703,
    -566.626000001771,
    -56.14799999998204,
    -7.002999999990576,
    -35.780999999986264,
    78.27299999999985,
    30.679000000007296,
    49.34500000000006,
    -28.85299999998702,
    -255.97599999992514,
    -20.12099999999085,
    66.26099999999975,
    -1029.1290000041085,
    19.219000000002836,
    -1515.59400000798,
    33.582999999999494,
    84.511,
    -27.09799999996546,
    -2.421999999980953,
    80.38400000000001,
    90.34100000000004,
    67.99700000000261,
    62.02199999999927,
    30.88900000000084,
    -511.44000000350286,
    -738.5420000027905,
    44.85900000000663,
    -361.62600000120403,
    44.80600000000534,
    87.106,
    49.788000000000466,
    28.329000000010172,
    -74.98999999997076,
    40.54600000001074,
    22.269000000021926,
    61.076000000000725,
    81.58599999999996,
    46.99700000000307,
    73.95499999999959,
    75.18600000000022,
    47.07300000000741,
    60.91699999999976,
    -2.417999999970668,
    72.0060000000035,
    76.57899999999958,
    69.27800000000168,
    96.47600000000001,
    88.7449999999998,
    92.29100000000001,
    72.59400000000394,
    90.12899999999999,
    85.48899999999998,
    74.45899999999997,
    71.44400000000127,
    96.01500000000001,
    92.09499999999997,
    97.28999999999999,
    89.21799999999982,
    96.287,
    96.18100000000001,
    97.18,
    27.094000000011626,
    19.76900000001202,
    23.16500000001417,
    57.2900000000065,
    83.04199999999976,
    92.48000000000005,
    96.60900000000001,
    96.284,
    95.272,
    95.238,
    82.15999999999984,
    97.968,
    96.76700000000002,
    98.278,
    96.33000000000001,
    97.82300000000001,
    96.83099999999999,
    98.319,
    97.299,
    98.83100000000002,
    98.323,
    96.822,
    96.301,
    95.826,
    96.828,
    98.828,
    99.32500000000002,
    95.32900000000001,
    98.82900000000001,
    96.81899999999999,
    96.837,
    96.29700000000001,
    95.684,
    96.78300000000002,
    96.828,
    96.336,
    98.32700000000001,
    97.82499999999999,
    96.825,
    97.34000000000002,
    98.33200000000001,
    97.33000000000001,
    98.826,
    96.81800000000001,
    97.328,
    98.327,
    97.834,
    97.82900000000001,
    98.33099999999999,
    97.328,
    99.32500000000002,
    95.823,
    96.83,
    96.82900000000001,
    94.824,
    98.82699999999998,
    96.32699999999998,
    96.33500000000001,
    99.327,
    98.33000000000001,
    96.33000000000001,
    97.32700000000001,
    96.32,
    97.835,
    98.83200000000002,
    95.82,
    96.82600000000001,
    98.81500000000001,
    98.329,
    97.32400000000001,
    97.828,
    98.326,
    96.83600000000001,
    96.82700000000001,
    98.332,
    96.82200000000002,
    98.32199999999999,
    97.33000000000001,
    96.82499999999999,
    97.314,
    96.33,
    97.81899999999999,
    98.831,
    97.83200000000001,
    98.328,
    95.333,
    98.83599999999998,
    97.33,
    97.32000000000001,
    98.825,
    97.332,
    97.33099999999999,
    96.83600000000001,
    97.338,
    98.83099999999999,
    96.822,
    98.33500000000001,
    96.82700000000003,
    97.32900000000001,
    95.82200000000002,
    97.32699999999998,
    95.83,
    98.33099999999999,
    97.331,
    96.83599999999998,
    97.82300000000001,
    96.826,
    97.825,
    95.316,
    96.83500000000001,
    95.32399999999998,
    99.326,
    97.33,
    96.821,
    95.833,
    97.82400000000001,
    98.33500000000001,
    97.322,
    96.33900000000003,
    96.81800000000001,
    98.336,
    96.828,
    97.32300000000001,
    98.83000000000001,
    98.83000000000001,
    94.83,
    97.83099999999999,
    97.336,
    95.83099999999999,
    97.32900000000001,
    97.82300000000001,
    98.32700000000003,
    99.331,
    95.327,
    94.829,
    98.84000000000002,
    97.829,
    96.824,
    95.82400000000001,
    97.33000000000001,
    96.321,
    97.82699999999998,
    98.32600000000001,
    98.83000000000001,
    98.326,
    95.82600000000001,
    98.32399999999998,
    96.812,
    97.33099999999999,
    97.82700000000001,
    96.319,
    97.812,
    97.83,
    98.832,
    97.33099999999999,
    96.324,
    95.82500000000002,
    96.83000000000001,
    95.827,
    97.83200000000001,
    96.32600000000001,
    95.331,
    97.831,
    95.333,
    98.825,
    98.333,
    96.82699999999998,
    96.33200000000001,
    95.82600000000001,
    98.818,
    98.83500000000001,
    96.817,
    98.83200000000001,
    98.32499999999999,
    98.83500000000001,
    95.32700000000001,
    99.333,
    96.83599999999998,
    98.326,
    95.82500000000002,
    98.333,
    97.83,
    97.327,
    98.328,
    96.822,
    95.32800000000002,
    98.828,
    97.323,
    97.32100000000001,
    97.33000000000001,
    96.819,
    97.32000000000001,
    98.326,
    95.322,
    97.822,
    97.33000000000001,
    95.815,
    97.83600000000003,
    96.82000000000002,
    98.31499999999998,
    97.324,
    96.82000000000002,
    95.33,
    97.336,
    96.329,
    96.82600000000002,
    96.329,
    97.81900000000002,
    99.82,
    98.82900000000001,
    96.827,
    96.831,
    98.32499999999997,
    97.32500000000002,
    97.82699999999998,
    96.32699999999998,
    97.83500000000001,
    96.32900000000001,
    97.32199999999999,
    96.832,
    97.33300000000001,
    96.326,
    94.831,
    98.326,
    96.326,
    95.327,
    98.83,
    96.83,
    96.828,
    95.82000000000001,
    96.336,
    94.826,
    96.826,
    97.321,
    96.82300000000001,
    96.81700000000001,
    96.33200000000001,
    95.33300000000003,
    95.827,
    98.333,
    98.33099999999999,
    97.328,
    97.82000000000002,
    97.81899999999999,
    97.82900000000001,
    97.32299999999998,
    96.82200000000002,
    98.83500000000001,
    95.829,
    97.33300000000001,
    97.83200000000001,
    98.82500000000002,
    96.328,
    97.827,
    97.824,
    98.828,
    95.32200000000002,
    97.32300000000001,
    95.31500000000001,
    97.326,
    96.82000000000001,
    96.32700000000001,
    98.82900000000001,
    97.323,
    97.824,
    97.826,
    98.328,
    96.83399999999999,
    98.333,
    94.325,
    97.32499999999999,
    98.326,
    97.82400000000001,
    96.32400000000001,
    97.32600000000001,
    96.81200000000001,
    97.828,
    96.78900000000002,
    98.828,
    95.824,
    98.309,
    95.833,
    96.82000000000001,
    98.32499999999999,
    97.828,
    97.828,
    98.333,
    98.32500000000002,
    99.333,
    96.82300000000001,
    94.32900000000001,
    96.33600000000003,
    98.32799999999999,
    95.821,
    96.323,
    97.83200000000001,
    98.333,
    98.327,
    98.824,
    97.836,
    96.836,
    98.836,
    97.834,
    96.329,
    96.33900000000003,
    95.326,
    97.831,
    98.32700000000001,
    98.32900000000001,
    95.827,
    97.83700000000002,
    96.83000000000001,
    96.328,
    95.328,
    96.828,
    96.32300000000001,
    96.32099999999998,
    97.33500000000001,
    96.821,
    96.33299999999998,
    98.332,
    97.331,
    97.813,
    98.83500000000001,
    98.33000000000001,
    97.323,
    95.811,
    97.82500000000002,
    94.828,
    95.834,
    97.81699999999998,
    97.331,
    97.327,
    96.322,
    96.83,
    95.33500000000001,
    95.82900000000001,
    96.82400000000001,
    96.83500000000001,
    96.82500000000002,
    98.332,
    95.825,
    99.31800000000001,
    98.328,
    97.823,
    96.82700000000001,
    96.81800000000001,
    98.32299999999998,
    96.336,
    97.334,
    97.825,
    97.816,
    96.826,
    97.83100000000002,
    94.32,
    98.83500000000002,
    97.331,
    97.83000000000001,
    97.328,
    95.81500000000003,
    97.32599999999998,
    96.81899999999999,
    96.327,
    95.83500000000001,
    98.32900000000001,
    97.322,
    96.33399999999999,
    97.325,
    97.83099999999999,
