{
  "complexity": 0,
  "alpha": 0.1,
  "gamma": 0.85,
  "epsilon": 0.1,
  "extra_passages": 15,
  "avg_rewards": [
    -467.2829999999978,
    36.954999999999934,
    69.42499999999995,
    67.70999999999981,
    78.58400000000002,
    88.40599999999999,
    92.11200000000001,
    67.67799999999997,
    85.18799999999986,
    88.79999999999993,
    89.77299999999994,
    86.701,
    89.28499999999997,
    80.6679999999997,
    90.97499999999998,
    84.24100000000003,
    86.07699999999998,
    69.6230000000007,
    89.13,
    87.80099999999997,
    94.18900000000001,
    90.23700000000011,
    90.23599999999996,
    91.85,
    82.22300000000013,
    82.41500000000015,
    85.64500000000001,
    82.018,
    89.83900000000006,
    82.63800000000003,
    85.48999999999992,
    85.60799999999995,
    85.67699999999999,
    89.002,
    90.94199999999992,
    89.83500000000006,
    90.17299999999997,
    94.52900000000002,
    97.614,
    91.56300000000002,
    95.832,
    83.76399999999938,
    88.81900000000016,
    89.20700000000006,
    94.12700000000002,
    86.95000000000002,
    93.73299999999999,
    93.71799999999999,
    93.14200000000001,
    92.66600000000003,
    88.80100000000007,
    86.37400000000004,
    88.18599999999988,
    66.81500000000207,
    86.21299999999992,
    86.08000000000004,
    86.31999999999996,
    89.54,
    94.45900000000003,
    85.26399999999981,
    91.48000000000002,
    95.16399999999999,
    93.43300000000002,
    89.28099999999998,
    96.98099999999998,
    96.66900000000001,
    94.01799999999999,
    95.849,
    96.29700000000003,
    94.772,
    91.75199999999981,
    97.01500000000001,
    96.92000000000002,
    94.60200000000002,
    93.36099999999999,
    93.99800000000002,
    95.775,
    94.679,
    94.26399999999997,
    85.88300000000012,
    89.24099999999993,
    90.36399999999998,
    86.84400000000007,
    93.477,
    91.85499999999998,
    93.88699999999999,
    92.02399999999997,
    93.48299999999999,
    83.86300000000016,
    89.85499999999992,
    84.7939999999999,
    87.0550000000002,
    85.17399999999952,
    78.82200000000117,
    96.20000000000002,
    88.50999999999966,
    91.68099999999986,
    93.65299999999993,
    84.54299999999851,
    85.0600000000002,
    93.68299999999998,
    90.72999999999993,
    96.47300000000001,
    89.99399999999967,
    85.76099999999899,
    96.01400000000001,
    93.21799999999999,
    96.46600000000002,
    95.23799999999999,
    89.97999999999996,
    92.51000000000002,
    94.96800000000003,
    96.15,
    92.658,
    94.36800000000001,
    97.027,
    94.763,
    94.56600000000002,
    92.90300000000002,
    94.82400000000001,
    94.79399999999977,
    93.76299999999998,
    95.92400000000002,
    95.61399999999995,
    95.7,
    95.311,
    94.26399999999992,
    99.08700000000002,
    96.733,
    97.34899999999999,
    99.07300000000001,
    96.508,
    97.47000000000001,
    98.08200000000001,
    97.411,
    97.141,
    97.661,
    95.72800000000001,
    95.21099999999998,
    97.656,
    96.461,
    98.189,
    98.169,
    96.989,
    96.55300000000003,
    98.567,
    96.17999999999999,
    97.064,
    98.664,
    97.60600000000002,
    99.062,
    97.016,
    99.05799999999999,
    96.70200000000001,
    98.11499999999998,
    95.911,
    97.60600000000001,
    98.067,
    96.26900000000002,
    96.08500000000001,
    98.162,
    97.22700000000002,
    98.113,
    98.01700000000002,
    98.166,
    96.10199999999999,
    96.67,
    98.77000000000001,
    97.31200000000001,
    98.22500000000002,
    97.183,
    98.778,
    98.53200000000001,
    98.52900000000001,
    97.737,
    98.62300000000002,
    99.25300000000001,
    97.886,
    99.18000000000002,
    99.23100000000001,
    99.74300000000001,
    99.15200000000002,
    96.25200000000001,
    96.711,
    96.622,
    98.72800000000001,
    99.228,
    99.157,
    98.29700000000001,
    97.223,
    99.781,
    97.773,
    98.71000000000001,
    97.629,
    97.729,
    98.26500000000001,
    98.16900000000001,
    96.749,
    98.30199999999999,
    96.272,
    99.24300000000001,
    98.191,
    97.297,
    98.77100000000002,
    97.31700000000002,
    98.33000000000001,
    98.33000000000001,
    97.28500000000001,
    98.82300000000002,
    96.78800000000003,
    98.76500000000001,
    99.33500000000001,
    97.83000000000001,
    99.322,
    97.82100000000001,
    98.33200000000001,
    97.82900000000001,
    97.34000000000002,
    99.32600000000002,
    97.33600000000003,
    99.83200000000001,
    98.82900000000002,
    98.83200000000001,
    97.33500000000001,
    97.82400000000001,
    98.83300000000001,
    99.32900000000001,
    97.82700000000003,
    98.82400000000001,
    98.83000000000001,
    98.83800000000001,
    97.83100000000002,
    99.334,
    98.828,
    99.33700000000002,
    97.31300000000002,
    99.83000000000001,
    97.32000000000001,
    97.83300000000003,
    98.82400000000001,
    98.82800000000002,
    98.328,
    98.84,
    99.32700000000001,
    98.33500000000001,
    96.82700000000003,
    98.82000000000001,
    97.82900000000001,
    96.826,
    97.33000000000001,
    99.824,
    97.33500000000001,
    99.322,
    98.318,
    99.83400000000002,
    97.33200000000002,
    99.82600000000002,
    98.33000000000001,
    98.325,
    97.833,
    99.33800000000001,
    97.33000000000001,
    99.33800000000002,
    97.328,
    97.33200000000002,
    98.831,
    98.82000000000001,
    98.328,
    97.82000000000002,
    98.334,
    97.33300000000001,
    97.32000000000001,
    98.33500000000001,
    98.838,
    97.32600000000001,
    98.33000000000001,
    99.32700000000001,
    97.829,
    97.83900000000001,
    97.83000000000001,
    97.83500000000001,
    98.82900000000002,
    99.82000000000002,
    97.325,
    95.833,
    98.32000000000002,
    98.826,
    98.33400000000002,
    95.82700000000003,
    98.328,
    97.829,
    99.328,
    99.32800000000002,
    98.82000000000002,
    99.33000000000001,
    97.83000000000001,
    97.328,
    99.331,
    97.83500000000001,
    98.32800000000002,
    97.143,
    97.816,
    96.83,
    99.828,
    98.83600000000003,
    96.83300000000001,
    97.83100000000002,
    98.322,
    98.34200000000001,
    98.33600000000001,
    99.331,
    99.33600000000001,
    96.83200000000002,
    96.83200000000002,
    98.833,
    99.33000000000001,
    97.82600000000001,
    97.83700000000002,
    98.33200000000001,
    98.83400000000002,
    98.83000000000001,
    98.819,
    98.32900000000002,
    95.82300000000001,
    97.327,
    98.32400000000001,
    98.83800000000002,
    97.822,
    96.831,
    97.83500000000001,
    98.33300000000001,
    98.329,
    96.331,
    98.32400000000001,
    96.325,
    98.33000000000001,
    99.33800000000002,
    99.32400000000001,
    99.333,
    98.83100000000002,
    99.333,
    97.82100000000001,
    97.815,
    99.33800000000002,
    98.32900000000001,
    98.33500000000001,
    98.83900000000003,
    98.831,
    97.33900000000003,
    98.83800000000001,
    98.32100000000003,
    99.33000000000001,
    98.83500000000001,
    97.82500000000002,
    98.83500000000001,
    98.32000000000002,
    98.84000000000002,
    99.32600000000001,
    98.33600000000001,
    98.81800000000001,
    97.81800000000001,
    98.331,
    98.322,
    97.824,
    97.82700000000001,
    98.82900000000001,
    98.33900000000001,
    97.82700000000003,
    97.331,
    97.816,
    98.33800000000002,
    99.32800000000002,
    97.31300000000002,
    97.83100000000002,
    97.828,
    98.33300000000003,
    96.83600000000001,
    98.33200000000001,
    98.83300000000001,
    98.83000000000001,
    98.77400000000002,
    98.33500000000001,
    98.326,
    98.32000000000001,
    99.328,
    98.83400000000002,
    99.33600000000003,
    99.33700000000002,
    98.33,
    98.32900000000001,
    97.833,
    97.333,
    98.83900000000001,
    98.33500000000002,
    98.337,
    97.334,
    98.33800000000001,
