{
  "complexity": 0,
  "alpha": 0.1,
  "gamma": 0.85,
  "epsilon": 0.2,
  "extra_passages": 3,
  "avg_rewards": [
    -22.0230000000001,
    67.85799999999993,
    82.83399999999999,
    89.297,
    92.292,
    92.597,
    94.13999999999999,
    94.71700000000001,
    94.627,
    96.697,
    96.258,
    95.717,
    96.82000000000001,
    97.25699999999999,
    96.821,
    96.699,
    98.682,
    97.374,
    95.753,
    98.332,
    98.25300000000001,
    98.35099999999998,
    97.848,
    96.77899999999998,
    98.26700000000001,
    98.29499999999999,
    97.225,
    98.281,
    95.70000000000002,
    98.289,
    99.323,
    99.874,
    98.84899999999999,
    97.87600000000002,
    98.87900000000002,
    98.363,
    97.392,
    98.41400000000002,
    98.41,
    98.40599999999999,
    97.39399999999999,
    97.892,
    98.89900000000002,
    98.91100000000002,
    97.91300000000001,
    95.417,
    97.411,
    98.92,
    99.41099999999999,
    99.422,
    97.91500000000002,
    98.421,
    98.414,
    97.41,
    98.91199999999999,
    96.90299999999999,
    99.41799999999999,
    97.42200000000001,
    98.92000000000003,
    96.403,
    97.41,
    97.41,
    97.91499999999999,
    99.42500000000001,
    96.90799999999999,
    96.41600000000001,
    96.917,
    98.399,
    98.41100000000002,
    96.91000000000001,
    96.90599999999999,
    98.41599999999998,
    98.915,
    99.408,
    98.41499999999999,
    98.912,
    98.91399999999999,
    98.42600000000002,
    97.41199999999999,
    97.41700000000002,
    98.40800000000002,
    99.41899999999998,
    97.41600000000001,
    98.91899999999998,
    98.41199999999999,
    97.902,
    97.91100000000002,
    98.90900000000002,
    98.91600000000001,
    99.306,
    98.411,
    96.407,
    97.91299999999998,
    96.90899999999999,
    98.91399999999999,
    98.91400000000002,
    98.422,
    96.91499999999999,
    99.41099999999999,
    96.90899999999999,
    98.40399999999998,
    98.914,
    97.90299999999999,
    97.91099999999999,
    98.419,
    97.91699999999999,
    98.921,
    97.904,
    98.919,
    98.413,
    95.41,
    98.912,
    97.91599999999998,
    97.919,
    98.902,
    98.39699999999999,
    97.91699999999999,
    99.41999999999999,
    97.41299999999998,
    97.414,
    96.41199999999998,
    97.91600000000001,
    96.91899999999998,
    98.406,
    99.91299999999998,
    98.91,
    99.40599999999999,
    98.40899999999999,
    96.91600000000001,
    98.921,
    97.91099999999999,
    99.402,
    99.9,
    98.41299999999998,
    99.40899999999999,
    97.91899999999998,
    99.41600000000001,
    97.41099999999999,
    97.412,
    98.91,
    98.918,
    97.405,
    97.91699999999999,
    98.405,
    95.907,
    97.92099999999998,
    97.40899999999999,
    99.416,
    98.924,
    98.42099999999999,
    98.41,
    98.419,
    97.41199999999999,
    98.41699999999999,
    98.917,
    96.413,
    99.912,
    98.41499999999999,
    97.416,
    98.917,
    97.40599999999999,
    96.91000000000001,
    98.338,
    97.91499999999999,
    96.911,
    98.41900000000001,
    99.413,
    97.40499999999999,
    97.393,
    98.412,
    98.42,
    98.41899999999998,
    98.41899999999998,
    98.40399999999998,
    97.41499999999999,
    97.90799999999999,
    98.90599999999999,
    97.918,
    98.418,
    98.40399999999998,
    97.91699999999999,
    98.91599999999998,
    97.91099999999999,
    99.42099999999999,
    98.91199999999999,
    97.91199999999999,
    97.91999999999999,
    96.92,
    98.41799999999998,
    97.899,
    97.40299999999999,
    98.41000000000001,
    97.92200000000001,
    97.40599999999999,
    97.90299999999999,
    98.918,
    97.89899999999999,
    97.41900000000001,
    97.90699999999998,
    98.91400000000003,
    97.405,
    99.404,
    97.924,
    97.40499999999999,
    99.41899999999998,
    99.399,
    98.41599999999998,
    97.91600000000001,
    99.421,
    96.91,
    97.91799999999998,
    98.418,
    97.91699999999999,
    99.41099999999999,
    98.91199999999999,
    98.424,
    98.412,
    97.416,
    98.41799999999999,
    97.918,
    97.41,
    97.922,
    98.92200000000003,
    97.41300000000001,
    98.89399999999998,
    96.913,
    98.41199999999999,
    97.919,
    95.91699999999999,
    99.41800000000003,
    98.91899999999998,
    98.40200000000002,
    97.91199999999999,
    97.915,
    98.908,
    97.418,
    98.412,
    98.41,
    98.92399999999999,
    99.41799999999999,
    96.90799999999999,
    98.90899999999999,
    99.41299999999998,
    98.40899999999999,
    96.41199999999999,
    99.418,
    99.922,
    97.913,
    97.902,
    98.919,
    98.41600000000001,
    97.92399999999999,
    98.908,
    99.92200000000003,
    99.917,
    98.91399999999999,
    98.912,
    98.90799999999999,
    96.917,
    98.412,
    97.913,
    99.41800000000002,
    97.41300000000001,
    98.411,
    98.41800000000002,
    98.91699999999999,
    99.91199999999999,
    98.91599999999998,
    97.40299999999999,
    99.417,
    98.91599999999998,
    98.423,
    97.41,
    98.42000000000003,
    97.418,
    97.91000000000001,
    97.91099999999999,
    97.41199999999999,
    98.40799999999999,
    98.912,
    96.412,
    97.91600000000001,
    97.92099999999999,
    98.41199999999999,
    98.919,
    99.40399999999998,
    98.421,
    96.91999999999999,
    97.916,
    98.398,
    96.912,
    97.923,
    97.398,
    97.419,
    98.911,
    97.91,
    98.91900000000001,
    99.419,
    97.91099999999999,
    96.41199999999999,
    96.91999999999999,
    97.90799999999999,
    98.91400000000002,
    96.91900000000001,
    95.91399999999999,
    97.414,
    97.91400000000002,
    98.40399999999998,
    97.40199999999999,
    98.91299999999998,
    97.915,
    99.90599999999998,
    96.89599999999999,
    99.41899999999998,
    96.91900000000001,
    97.902,
    97.92099999999999,
    97.401,
    97.91100000000002,
    98.40600000000002,
    97.906,
    99.419,
    96.91099999999999,
    98.421,
    98.41900000000001,
    98.40699999999998,
    98.904,
    99.424,
    98.41000000000001,
    97.40400000000002,
    98.41199999999999,
    98.41299999999998,
    96.913,
    98.41600000000001,
    97.40899999999999,
    99.416,
    98.915,
    96.41599999999998,
    97.922,
    98.41199999999999,
    98.407,
    99.91199999999999,
    98.91299999999998,
    97.91799999999999,
    98.91699999999999,
    98.91599999999998,
    97.92,
    98.421,
    98.91499999999999,
    99.423,
    98.413,
    98.91800000000003,
    97.91399999999999,
    99.41400000000002,
    98.41499999999999,
    97.41900000000001,
    97.915,
    97.913,
    97.41,
    97.91199999999999,
    97.416,
    97.91199999999999,
    97.928,
    99.42499999999998,
    99.41599999999998,
    97.42000000000003,
    99.91,
    98.905,
    97.417,
    96.413,
    98.922,
    99.419,
    98.412,
    99.41699999999999,
    98.404,
    98.918,
    98.41299999999998,
    99.41899999999998,
    98.91299999999998,
    99.42399999999998,
    98.42,
    99.415,
    98.904,
    98.418,
    97.901,
    96.915,
    98.91899999999998,
    97.91199999999999,
    99.411,
    98.90699999999998,
    98.917,
    97.922,
    96.92299999999999,
    97.417,
    98.41500000000002,
    97.41299999999998,
    98.40499999999999,
    98.92099999999999,
    99.42099999999999,
    99.41399999999999,
    97.90700000000001,
    98.91399999999999,
    97.91,
    97.41099999999999,
    98.40299999999999,
    97.91400000000002,
    97.91300000000001,
    97.902,
    98.41099999999999,
    98.91799999999999,
    99.422,
    97.91,
    97.92299999999999,
    97.90800000000002,
    96.413,
    97.424,
    98.41300000000001,
    99.41499999999999,
    97.40899999999998,
    96.91,
    96.412,
    97.42100000000002,
    96.905,
    99.917,
    98.405,
    96.40999999999998,
    97.41,
    98.41999999999999,
    98.413,
    98.407,
    99.40700000000001,
    97.91799999999999,
    98.40899999999999,
    98.40899999999999,
