{
  "complexity": 3,
  "alpha": 0.1,
  "gamma": 0.85,
  "epsilon": 0.1,
  "extra_passages": 4,
  "avg_rewards": [
    -222.02399999999903,
    23.3999999999999,
    23.91400000000516,
    68.22700000000002,
    81.46799999999958,
    90.619,
    77.06900000000003,
    86.32199999999993,
    81.94499999999952,
    88.69300000000001,
    91.58400000000002,
    94.18700000000001,
    89.83400000000003,
    91.08799999999994,
    88.48099999999995,
    61.564999999999046,
    89.37099999999995,
    -12.904999999967236,
    85.64600000000014,
    88.58100000000005,
    93.09399999999984,
    87.436,
    88.36900000000016,
    48.504000000009036,
    82.77199999999874,
    42.644000000005214,
    96.22900000000001,
    92.21799999999999,
    89.83200000000002,
    81.407,
    37.595000000017016,
    93.08599999999993,
    36.60500000001669,
    93.54599999999999,
    95.57199999999999,
    94.897,
    96.311,
    96.30499999999998,
    97.998,
    95.78399999999999,
    97.04499999999999,
    93.152,
    96.65900000000002,
    97.16400000000002,
    95.59400000000002,
    95.186,
    98.928,
    97.463,
    92.43499999999989,
    99.45000000000002,
    99.12800000000001,
    97.30499999999999,
    97.95400000000001,
    98.741,
    98.90599999999999,
    96.523,
    97.863,
    96.564,
    98.30499999999999,
    97.21799999999999,
    97.785,
    99.667,
    98.158,
    98.072,
    99.762,
    97.74300000000001,
    98.24199999999999,
    97.777,
    99.29899999999999,
    96.05799999999999,
    95.71000000000001,
    94.92299999999996,
    98.68199999999999,
    98.155,
    93.13100000000006,
    97.853,
    99.098,
    98.821,
    99.322,
    99.256,
    97.838,
    99.342,
    98.869,
    98.346,
    96.338,
    99.292,
    97.703,
    98.314,
    99.34400000000001,
    99.838,
    99.38,
    97.878,
    97.88,
    96.876,
    96.376,
    99.375,
    98.36099999999999,
    98.26599999999999,
    99.386,
    99.874,
    98.376,
    99.37899999999999,
    98.875,
    98.37899999999999,
    97.375,
    96.375,
    99.374,
    98.88399999999999,
    96.38199999999999,
    99.374,
    99.384,
    97.881,
    98.87899999999999,
    98.88,
    97.369,
    97.87899999999999,
    99.385,
    99.88199999999999,
    97.38499999999999,
    97.852,
    99.883,
    97.37100000000001,
    98.386,
    99.377,
    97.877,
    99.881,
    97.876,
    97.376,
    99.374,
    97.873,
    96.88399999999999,
    99.38399999999999,
    99.88300000000001,
    98.342,
    98.381,
    98.38199999999999,
    98.37800000000001,
    98.37100000000001,
    98.38199999999999,
    98.877,
    99.377,
    98.376,
    98.881,
    97.37899999999999,
    99.87899999999999,
    96.87899999999999,
    98.374,
    97.857,
    98.38799999999999,
    97.372,
    97.87199999999999,
    98.876,
    98.376,
    98.886,
    98.883,
    98.38,
    99.355,
    98.377,
    97.88199999999999,
    98.881,
    97.883,
    97.88199999999999,
    98.378,
    98.88399999999999,
    98.374,
    98.87899999999999,
    99.381,
    97.87100000000001,
    99.821,
    98.376,
    97.374,
    97.876,
    97.376,
    99.383,
    97.876,
    99.378,
    98.378,
    97.374,
    98.886,
    99.878,
    97.317,
    97.383,
    99.38699999999999,
    97.886,
    98.872,
    98.369,
    97.88,
    96.38399999999999,
    98.38,
    98.88499999999999,
    99.88,
    96.88399999999999,
    98.877,
    97.376,
    97.84700000000001,
    97.381,
    97.86699999999999,
    99.872,
    97.877,
    97.376,
    98.386,
    98.87899999999999,
    97.877,
    98.377,
    98.38199999999999,
    99.383,
    99.87499999999999,
    98.377,
    99.374,
    98.371,
    96.878,
    98.881,
    99.88,
    99.378,
    98.88399999999999,
    97.876,
    98.384,
    98.377,
    98.375,
    97.88,
    98.87,
    99.377,
    98.375,
    97.383,
    97.37199999999999,
    97.37599999999999,
    98.38399999999999,
    97.881,
    98.86999999999999,
    98.88199999999999,
    98.38499999999999,
    98.374,
    96.88699999999999,
    99.35,
    97.368,
    97.881,
    98.883,
    99.88,
    98.38,
    98.87899999999999,
    99.864,
    98.30499999999999,
    98.37899999999999,
    99.38,
    97.88399999999999,
    97.38199999999999,
    98.88199999999999,
    99.38,
    98.87899999999999,
    98.874,
    98.877,
    98.38399999999999,
    99.386,
    97.877,
    98.87199999999999,
    99.376,
    98.883,
    98.881,
    96.383,
    98.875,
    97.87499999999999,
    98.383,
    98.366,
    97.887,
    99.38,
    98.86999999999999,
    99.373,
    98.369,
    99.383,
    99.374,
    97.368,
    98.88699999999999,
    98.369,
    98.869,
    98.876,
    99.878,
    98.88,
    97.881,
    96.36800000000001,
    98.881,
    95.88199999999999,
    97.37899999999999,
    97.381,
    98.87899999999999,
    97.878,
    97.87899999999999,
    98.371,
    97.873,
    99.88699999999999,
    97.38,
    98.874,
    99.377,
    99.38199999999999,
    98.37899999999999,
    98.874,
    98.383,
    97.881,
    97.88499999999999,
    99.38199999999999,
    98.877,
    98.383,
    98.878,
    97.875,
    98.881,
    98.378,
    98.886,
    97.878,
    97.87899999999999,
    97.38199999999999,
    98.375,
    98.378,
    99.38,
    98.874,
    98.88399999999999,
    98.38199999999999,
    99.881,
    98.372,
    98.376,
    99.88399999999999,
    98.886,
    98.881,
    97.876,
    98.37899999999999,
    98.377,
    98.386,
    97.878,
    97.87899999999999,
    94.88399999999999,
    98.38199999999999,
    97.883,
    97.38399999999999,
    98.878,
    99.376,
    97.886,
    99.37,
    97.881,
    97.368,
    97.38199999999999,
    98.881,
    97.375,
    99.88399999999999,
    98.378,
    98.875,
    98.87899999999999,
    99.385,
    99.38300000000001,
    98.87899999999999,
    99.37199999999999,
    96.88,
    99.372,
    99.376,
    98.87899999999999,
    98.37899999999999,
    98.88199999999999,
    99.37899999999999,
    99.381,
    97.87899999999999,
    98.88199999999999,
    95.882,
    97.878,
    99.88199999999999,
    96.38699999999999,
    99.37899999999999,
    99.386,
    96.875,
    98.88,
    98.38399999999999,
    97.87,
    98.37899999999999,
    98.36299999999999,
    98.877,
    96.88,
    98.877,
    98.38,
    97.873,
    98.381,
    97.378,
    98.875,
    99.368,
    98.371,
    98.383,
    98.376,
    99.377,
    99.38499999999999,
    98.88199999999999,
    97.877,
    97.377,
    98.29499999999999,
    99.377,
    96.874,
    99.38199999999999,
    99.38199999999999,
    97.877,
    98.38199999999999,
    99.37899999999999,
    99.38,
    99.88,
    99.38,
    98.37899999999999,
    98.883,
    97.878,
    96.878,
    98.877,
    96.37899999999999,
    99.868,
    98.875,
    98.38399999999999,
    98.876,
    97.38,
    98.881,
    98.38,
    98.866,
    98.37899999999999,
    99.383,
    99.383,
    99.386,
    98.86999999999999,
    98.38799999999999,
    99.366,
    96.88199999999999,
    96.88199999999999,
    98.881,
    99.88199999999999,
    99.875,
    98.376,
    99.372,
    98.88499999999999,
    99.381,
    97.377,
    99.87599999999999,
    96.88,
    99.877,
    96.888,
    98.374,
    98.383,
    97.876,
    98.876,
    99.38000000000001,
    97.32900000000001,
    98.38499999999999,
    98.85900000000001,
    98.87899999999999,
    99.883,
    98.38199999999999,
    98.378,
    97.883,
    98.377,
    98.378,
    99.376,
    98.376,
    98.381,
    99.38199999999999,
    99.876,
    98.874,
    99.88499999999999,
    99.378,
    98.878,
    98.881,
    98.376,
    98.386,
    96.87,
    98.37699999999998,
    97.877,
    97.87199999999999,
    97.377,
    98.88199999999999,
    98.873,
    99.373,
    96.381,
    97.378,
    98.877,
    98.88699999999999,
    98.372,
    98.372,
    98.876,
    98.38,
    96.88,
    97.88499999999999,
    97.369,
    97.88199999999999,
    97.875,
    97.878,
    99.88199999999999,
    97.38,
    98.375,
    98.881,
    97.381,
    98.869,
    99.37199999999999,
    97.883,
