{
  "complexity": 4,
  "alpha": 0.3,
  "gamma": 0.9,
  "epsilon": 0.3,
  "extra_passages": 3,
  "avg_rewards": [
    -243.62599999999847,
    -95.45999999999584,
    22.00199999999979,
    -161.64000000000075,
    18.219000000000285,
    50.41799999999986,
    -50.91799999999209,
    56.73499999999997,
    67.80499999999991,
    74.04300000000003,
    46.5660000000019,
    50.59199999999981,
    47.19299999999977,
    55.58900000000067,
    -126.0009999999858,
    -9.746999999995545,
    82.289,
    82.22499999999974,
    80.09399999999991,
    34.571000000001305,
    30.021000000001475,
    84.36000000000001,
    93.59499999999998,
    82.70499999999993,
    88.916,
    71.44500000000005,
    77.80099999999997,
    81.28899999999997,
    64.36100000000037,
    92.69500000000001,
    92.159,
    93.71700000000001,
    94.09200000000001,
    90.644,
    92.266,
    89.83700000000002,
    90.328,
    97.35600000000002,
    93.325,
    94.354,
    87.22799999999997,
    94.80499999999999,
    96.857,
    94.293,
    95.849,
    95.357,
    94.84600000000002,
    90.83099999999999,
    93.85400000000001,
    94.81,
    96.36000000000001,
    93.328,
    89.846,
    91.85100000000001,
    91.843,
    91.849,
    94.33,
    92.81900000000002,
    93.86,
    93.351,
    94.33699999999999,
    94.33500000000001,
    92.36,
    95.33500000000001,
    91.83900000000001,
    93.35000000000001,
    95.35300000000001,
    88.81700000000001,
    92.31299999999999,
    93.31500000000001,
    91.325,
    94.80800000000002,
    94.352,
    89.822,
    91.343,
    95.83500000000001,
    92.332,
    93.331,
    94.32300000000001,
    93.84200000000001,
    91.857,
    92.342,
    95.36500000000001,
    92.348,
    94.32500000000002,
    95.85499999999999,
    94.343,
    93.82700000000001,
    90.339,
    93.86500000000001,
    89.32300000000001,
    95.36000000000001,
    96.833,
    96.857,
    93.77,
    90.80799999999999,
    94.351,
    95.84700000000001,
    95.342,
    93.33900000000001,
    93.82400000000001,
    96.84200000000001,
    93.336,
    91.314,
    95.35700000000001,
    94.35000000000001,
    92.86000000000001,
    94.83400000000002,
    91.84500000000001,
    93.33,
    92.28099999999999,
    94.85499999999999,
    95.33200000000001,
    95.352,
    91.331,
    93.33900000000001,
    92.34800000000001,
    92.83,
    95.85900000000001,
    94.312,
    94.32799999999999,
    96.36000000000001,
    94.864,
    90.316,
    92.805,
    90.854,
    94.36500000000001,
    94.34800000000001,
    93.84200000000001,
    93.84,
    93.839,
    94.35900000000001,
    94.86600000000001,
    90.34900000000002,
    96.334,
    95.83900000000001,
    89.83599999999998,
    94.334,
    95.84599999999999,
    94.36100000000002,
    87.34400000000001,
    94.34700000000001,
    90.83300000000001,
    95.846,
    89.32399999999998,
    94.831,
    93.35100000000001,
    97.84400000000001,
    94.83600000000001,
    91.346,
    96.36800000000001,
    95.842,
    93.36099999999999,
    89.83099999999999,
    90.365,
    94.83200000000001,
    91.85100000000001,
    94.84299999999999,
    90.34200000000001,
    90.82600000000001,
    92.34100000000001,
    95.836,
    93.85400000000001,
    95.848,
    93.86,
    92.839,
    91.349,
    93.34199999999998,
    92.826,
    92.32900000000001,
    95.36600000000001,
    94.847,
    94.367,
    94.84700000000001,
    89.808,
    93.33900000000001,
    90.849,
    93.33800000000001,
    95.347,
    92.348,
    94.35300000000001,
    92.854,
    96.34700000000001,
    97.34299999999999,
    93.346,
    96.35000000000001,
    91.844,
    94.847,
    92.332,
    92.846,
    89.32000000000001,
    91.33100000000002,
    94.339,
    93.348,
    90.348,
    91.33000000000001,
    92.83200000000001,
    94.33200000000002,
    93.34700000000001,
    91.337,
    95.85900000000001,
    88.33700000000002,
    94.86600000000001,
    94.839,
    94.83500000000001,
    93.33200000000002,
    94.83900000000001,
    93.844,
    94.343,
    97.848,
    93.34,
    93.34800000000001,
    93.351,
    95.327,
    90.84700000000001,
    96.345,
    92.32300000000001,
    92.35100000000001,
    93.851,
    97.35400000000001,
    93.827,
    92.851,
    96.348,
    94.816,
    96.35400000000001,
    95.34299999999999,
    92.343,
    90.85,
    94.35600000000001,
    94.839,
    94.845,
    93.339,
    91.33800000000001,
    95.343,
    96.328,
    90.351,
    93.345,
    90.334,
    89.351,
    93.84200000000001,
    95.81200000000001,
    92.85600000000001,
    96.34700000000001,
    93.355,
    96.363,
    96.352,
    97.35300000000001,
    95.843,
    93.33000000000001,
    92.84800000000001,
    88.35499999999999,
    94.831,
    90.33500000000001,
    92.334,
    94.357,
    94.842,
    95.35600000000001,
    95.332,
    96.85000000000001,
    90.828,
    93.34200000000001,
    92.35499999999999,
    89.833,
    92.848,
    93.34200000000001,
    95.35,
    94.856,
    92.34800000000001,
    94.83500000000001,
    93.83600000000001,
    89.841,
    93.35,
    93.84700000000001,
    96.352,
    94.84,
    90.32400000000001,
    94.85600000000001,
    93.85199999999999,
    93.845,
    93.348,
    95.349,
    95.356,
    93.836,
    91.328,
    89.858,
    89.34200000000001,
    94.849,
    94.34400000000001,
    91.32900000000002,
    93.84299999999999,
    95.853,
    96.355,
    93.32200000000002,
    91.831,
    90.34500000000001,
    92.832,
    93.843,
    91.839,
    94.35100000000001,
    94.85800000000002,
    92.34,
    92.32700000000001,
    94.833,
    96.34700000000001,
    97.85700000000001,
    93.85900000000001,
    90.82700000000001,
    89.33200000000001,
    93.348,
    91.84900000000002,
    88.84299999999999,
    95.343,
    90.835,
    95.362,
    92.342,
    96.84100000000001,
    90.83500000000001,
    91.858,
    92.84799999999998,
    93.32600000000001,
    96.33500000000001,
    94.84700000000001,
    91.34400000000001,
    91.346,
    93.837,
    94.348,
    92.83400000000002,
    95.33500000000001,
    94.334,
    93.85400000000001,
    93.348,
    90.85,
    92.35,
    93.35100000000001,
    90.32700000000001,
    93.85100000000001,
    94.333,
    93.826,
    91.31800000000001,
    95.33200000000001,
    94.85500000000002,
    93.32999999999997,
    92.819,
    94.338,
    93.364,
    94.864,
    93.843,
    95.348,
    93.33600000000001,
    88.31400000000001,
    95.83599999999998,
    95.364,
    92.339,
    94.843,
    92.35900000000001,
    92.355,
    95.848,
    94.35499999999999,
    93.352,
    95.32000000000001,
    94.33399999999999,
    90.836,
    92.351,
    94.35000000000001,
    92.353,
    89.818,
    97.35600000000002,
    94.84400000000001,
    95.34100000000002,
    92.84,
    94.34799999999998,
    96.819,
    92.842,
    93.34,
    94.83099999999999,
    91.84600000000002,
    97.35900000000001,
    95.831,
    92.34500000000001,
    95.84400000000001,
    94.837,
    94.852,
    93.334,
    95.864,
    91.364,
    92.33099999999999,
    90.83600000000001,
    93.33200000000002,
    92.367,
    93.853,
    94.352,
    93.34200000000001,
    93.35100000000001,
    94.80499999999999,
    95.83900000000001,
    91.824,
    95.34200000000001,
    92.33500000000001,
    92.326,
    96.348,
    95.86100000000002,
    93.845,
    92.34200000000001,
    93.35900000000001,
    97.348,
    95.845,
    95.36000000000001,
    93.33700000000002,
    94.851,
    92.841,
    95.843,
    94.821,
    94.84500000000001,
    90.33200000000001,
    91.837,
    92.845,
    89.854,
    94.35,
    95.353,
    91.33800000000001,
    96.84599999999999,
    94.343,
    94.35600000000001,
    90.337,
    93.34500000000001,
    92.851,
    92.85100000000001,
    93.361,
    93.31800000000001,
    93.831,
    93.83000000000001,
    94.85,
    92.84100000000001,
    95.83200000000001,
    92.852,
    93.35100000000001,
    95.854,
    94.85300000000001,
    91.84200000000001,
    94.826,
    91.346,
    94.343,
