{
  "complexity": 2,
  "alpha": 0.1,
  "gamma": 0.95,
  "epsilon": 0.2,
  "extra_passages": 13,
  "avg_rewards": [
    -472.69499999999755,
    -5.2009999999998415,
    26.380000000000443,
    31.71300000000009,
    49.794999999999824,
    54.285999999999945,
    60.68399999999989,
    56.19899999999986,
    63.484,
    70.25199999999998,
    61.298999999999964,
    78.85000000000001,
    68.60899999999995,
    32.75400000000019,
    76.10799999999999,
    78.18300000000002,
    70.04999999999981,
    36.56700000000093,
    80.43899999999996,
    54.738999999999805,
    78.26099999999998,
    86.02700000000002,
    84.51799999999997,
    72.81599999999999,
    81.57400000000007,
    69.72299999999981,
    72.88599999999998,
    59.98299999999968,
    72.67100000000002,
    76.45499999999963,
    77.48999999999998,
    89.514,
    83.03899999999999,
    91.00200000000001,
    90.50200000000002,
    88.77199999999999,
    88.94999999999997,
    84.25,
    89.345,
    83.64499999999995,
    83.02799999999999,
    78.11199999999994,
    88.91199999999999,
    87.419,
    93.63999999999999,
    80.293,
    87.83699999999996,
    89.71999999999998,
    95.433,
    91.95,
    90.402,
    92.33299999999997,
    93.40299999999999,
    85.67699999999999,
    91.10999999999999,
    88.13300000000001,
    86.736,
    86.95999999999997,
    94.98299999999999,
    94.249,
    93.33800000000001,
    93.26000000000002,
    94.18699999999997,
    94.953,
    90.23599999999998,
    87.42300000000002,
    94.2,
    95.119,
    94.48800000000001,
    84.65000000000002,
    88.22300000000007,
    90.42999999999998,
    90.21399999999998,
    91.13300000000001,
    90.22999999999993,
    92.14500000000001,
    92.846,
    84.67500000000004,
    90.87899999999999,
    90.481,
    92.996,
    90.75899999999999,
    91.55099999999997,
    95.061,
    95.14899999999999,
    92.07900000000001,
    91.42600000000002,
    92.88699999999999,
    89.44299999999998,
    93.23800000000001,
    85.369,
    92.951,
    94.01699999999998,
    91.86199999999998,
    92.255,
    84.19099999999996,
    91.547,
    86.97800000000004,
    95.54,
    89.977,
    89.33099999999996,
    83.36499999999998,
    92.95700000000001,
    92.16900000000001,
    90.55600000000001,
    89.65799999999999,
    94.61300000000001,
    93.35600000000002,
    93.845,
    93.69000000000001,
    95.93800000000002,
    95.091,
    96.06200000000001,
    90.133,
    94.39700000000002,
    90.531,
    95.61200000000002,
    94.615,
    94.132,
    91.59400000000001,
    94.14300000000001,
    96.577,
    94.069,
    90.19799999999998,
    92.85000000000001,
    92.53299999999996,
    85.22299999999998,
    91.372,
    94.353,
    92.225,
    91.78799999999998,
    96.655,
    94.648,
    95.24699999999999,
    97.739,
    96.733,
    97.234,
    95.648,
    95.63300000000001,
    97.67299999999999,
    91.73399999999998,
    91.15400000000001,
    96.71100000000001,
    94.699,
    94.722,
    96.705,
    96.64300000000001,
    95.69800000000001,
    96.753,
    96.29700000000001,
    98.261,
    95.80600000000001,
    96.77399999999999,
    94.782,
    92.276,
    98.278,
    96.26500000000001,
    94.806,
    95.773,
    94.72900000000001,
    95.208,
    92.244,
    93.771,
    96.78599999999999,
    97.305,
    95.79500000000002,
    95.695,
    97.251,
    94.779,
    94.29500000000002,
    92.819,
    95.819,
    96.79100000000001,
    96.303,
    95.286,
    94.30000000000001,
    94.272,
    96.316,
    93.28399999999999,
    96.83400000000002,
    91.78,
    96.312,
    97.24500000000002,
    94.30000000000001,
    95.799,
    96.288,
    97.33400000000002,
    90.307,
    97.31099999999999,
    92.804,
    94.804,
    95.314,
    93.776,
    95.31800000000001,
    95.30799999999999,
    96.31,
    94.806,
    95.30699999999999,
    95.798,
    97.328,
    95.806,
    96.317,
    92.821,
    94.316,
    94.31700000000002,
    94.811,
    94.31899999999999,
    97.31500000000001,
    95.798,
    95.32700000000001,
    96.826,
    96.828,
    95.31800000000001,
    95.31199999999998,
    95.81500000000001,
    94.836,
    95.306,
    93.32800000000002,
    95.32000000000001,
    95.316,
    95.32100000000001,
    94.31500000000001,
    98.31800000000001,
    94.816,
    96.812,
    97.69699999999999,
    95.28800000000001,
    93.816,
    92.261,
    95.31099999999999,
    96.817,
    94.814,
    95.302,
    96.32700000000001,
    93.80900000000001,
    97.31300000000002,
    97.29800000000002,
    93.827,
    96.322,
    92.325,
    96.32399999999998,
    95.813,
    95.30499999999999,
    97.307,
    93.308,
    94.816,
    98.316,
    96.826,
    94.811,
    96.81800000000001,
    95.809,
    93.32000000000002,
    95.82700000000001,
    95.32000000000002,
    95.81700000000001,
    97.32600000000001,
    93.30300000000001,
    97.81199999999998,
    96.29399999999998,
    95.326,
    95.828,
    93.308,
    96.831,
    97.82400000000001,
    95.81400000000001,
    93.83000000000001,
    96.819,
    98.32500000000002,
    96.30600000000001,
    96.833,
    95.809,
    95.818,
    93.30200000000002,
    93.81700000000002,
    93.82300000000002,
    95.32700000000001,
    94.30299999999998,
    96.33000000000001,
    96.313,
    92.31500000000001,
    95.30799999999999,
    97.82300000000001,
    97.321,
    91.81400000000001,
    96.82500000000002,
    94.808,
    96.31599999999999,
    95.318,
    95.30800000000002,
    94.808,
    96.311,
    93.804,
    96.768,
    96.813,
    95.82600000000001,
    94.829,
    93.81299999999999,
    93.328,
    96.81299999999999,
    93.321,
    97.81099999999999,
    95.83000000000001,
    92.79999999999998,
    96.311,
    95.30899999999997,
    93.32400000000001,
    92.307,
    95.32500000000002,
    95.325,
    94.31800000000001,
    94.316,
    94.309,
    94.32500000000002,
    96.82900000000001,
    94.82300000000001,
    96.80599999999998,
    96.81800000000001,
    97.319,
    91.31700000000002,
    97.321,
    96.82300000000001,
    95.29400000000001,
    93.81999999999998,
    93.299,
    97.311,
    96.319,
    95.80900000000001,
    96.322,
    96.81800000000001,
    95.81,
    94.31499999999998,
    96.316,
    95.80300000000001,
    95.30800000000002,
    96.322,
    96.314,
    93.31200000000001,
    96.81700000000001,
    91.3,
    95.82199999999999,
    95.319,
    94.81000000000002,
    98.311,
    97.32600000000001,
    95.833,
    95.31500000000003,
    95.80499999999999,
    95.32000000000001,
    93.80400000000002,
    93.30199999999999,
    95.813,
    96.809,
    96.31800000000003,
    94.31500000000001,
    96.32300000000001,
    96.819,
    95.324,
    97.32300000000001,
    94.82800000000002,
    96.81500000000001,
    96.81800000000001,
    95.829,
    94.305,
    93.30199999999999,
    93.812,
    94.30799999999999,
    91.79099999999998,
    97.80699999999999,
    93.836,
    92.82000000000002,
    97.31400000000001,
    95.299,
    95.315,
    94.31700000000001,
    95.316,
    98.81800000000001,
    96.31,
    96.31300000000002,
    92.80699999999999,
    95.831,
    94.308,
    95.792,
    94.82300000000001,
    98.82200000000002,
    94.80800000000002,
    97.813,
    96.30600000000001,
    97.324,
    97.816,
    95.306,
    96.309,
    93.31200000000001,
    98.326,
    97.30300000000001,
    95.80300000000001,
    94.819,
    91.80499999999998,
    95.30699999999999,
    96.307,
    96.31,
    97.32900000000001,
    95.312,
    95.333,
    91.82199999999999,
    94.79999999999998,
    94.81800000000001,
    94.81800000000001,
    97.31700000000001,
    96.311,
    96.811,
    95.82600000000001,
    94.802,
    94.307,
    94.81899999999999,
    96.81800000000001,
    95.81099999999998,
    96.311,
    92.82100000000001,
    96.30499999999999,
    95.319,
    95.321,
    97.821,
    94.80699999999999,
    93.81299999999999,
    96.304,
    95.30100000000002,
    96.31299999999999,
    95.807,
    96.81700000000002,
    94.308,
