{
  "complexity": 12,
  "alpha": 0.1,
  "gamma": 0.9,
  "epsilon": 0.3,
  "extra_passages": 3,
  "avg_rewards": [
    -472.3849999999974,
    -264.5419999999931,
    -62.79799999999807,
    -62.545999999998216,
    -38.03599999999925,
    -99.12999999999332,
    -178.49899999999442,
    10.193000000000273,
    -104.28499999999474,
    -67.99599999999862,
    61.9770000000001,
    -75.48799999999731,
    8.3230000000017,
    44.404999999999895,
    13.919000000002836,
    6.220000000005742,
    43.274,
    42.319999999999965,
    44.444,
    63.191999999999794,
    50.650999999999776,
    12.069999999999837,
    55.176000000000315,
    13.75500000000116,
    -81.52799999998918,
    25.026000000001595,
    12.957000000003827,
    -26.115999999994084,
    38.55600000000162,
    50.75999999999998,
    69.45899999999992,
    66.92899999999999,
    68.81999999999996,
    64.70399999999991,
    58.62399999999976,
    52.1560000000017,
    72.73300000000009,
    59.89999999999977,
    44.95700000000095,
    42.86800000000011,
    8.40000000000137,
    49.17499999999973,
    50.52499999999983,
    30.98700000000006,
    41.850000000000094,
    20.6530000000002,
    32.16700000000071,
    -29.21799999999442,
    1.0440000000050964,
    37.789000000001145,
    46.501000000000815,
    67.48600000000006,
    43.189000000001315,
    74.16300000000003,
    31.284000000002543,
    47.94200000000004,
    -286.4610000003099,
    -725.5480000013738,
    23.536000000000616,
    36.69000000000077,
    66.33299999999986,
    75.11099999999995,
    56.62699999999976,
    -211.04399999997412,
    30.957000000002466,
    -1746.928000000055,
    62.953999999999816,
    23.80200000000052,
    48.2319999999997,
    38.94400000000157,
    -64.00299999998818,
    65.98499999999977,
    36.80500000000065,
    -42.02499999999196,
    29.132000000002108,
    -3.0399999999961396,
    13.03800000000337,
    67.38399999999996,
    65.22199999999994,
    72.17799999999997,
    74.12599999999975,
    73.31899999999999,
    65.20299999999978,
    72.23500000000003,
    63.49499999999995,
    74.93699999999993,
    -18.973999999994273,
    3.1170000000032787,
    -154.5980000000348,
    17.022000000003267,
    13.96500000000249,
    4.929000000002992,
    -7.224999999995856,
    75.69399999999987,
    78.92800000000001,
    75.82400000000003,
    87.72,
    70.65299999999999,
    38.82100000000303,
    63.35499999999975,
    64.39800000000002,
    -109.5119999999823,
    9.894000000004793,
    82.65999999999997,
    68.03999999999999,
    68.6939999999999,
    62.12599999999969,
    78.71299999999998,
    74.23999999999964,
    82.92299999999997,
    50.31200000000095,
    -139.24500000002118,
    65.0829999999999,
    -8.167999999993262,
    77.85300000000001,
    -52.83299999998709,
    54.66000000000149,
    58.62500000000114,
    32.264000000003875,
    78.66799999999975,
    -8.148999999991045,
    1.509000000006091,
    18.40600000000562,
    10.918000000007318,
    75.82900000000005,
    81.09,
    40.67500000000392,
    87.15299999999999,
    67.21199999999979,
    84.15899999999999,
    80.78699999999996,
    46.8440000000019,
    64.86299999999956,
    63.660000000000004,
    56.1180000000013,
    67.08099999999982,
    -75.28699999998548,
    86.00099999999996,
    57.86000000000105,
    33.47800000000456,
    -3.3369999999902404,
    27.110000000004117,
    79.02299999999997,
    58.73600000000024,
    -61.902999999986115,
    74.95899999999972,
    -220.39000000024845,
    82.44800000000002,
    59.90700000000054,
    -15.996999999989281,
    0.984000000007164,
    70.82999999999987,
    19.988000000005506,
    85.92899999999999,
    83.03400000000002,
    73.87199999999984,
    33.317000000004455,
    70.40499999999983,
    20.47800000000435,
    84.904,
    50.45000000000103,
    75.664,
    85.94099999999996,
    86.61799999999995,
    85.572,
    73.88199999999955,
    84.72899999999997,
    78.27799999999999,
    58.691000000001,
    86.08700000000002,
    80.02700000000004,
    47.14500000000188,
    -2.190999999992248,
    69.25800000000024,
    66.30799999999975,
    68.23800000000026,
    -24.356999999990176,
    83.90299999999999,
    89.351,
    78.02699999999996,
    83.19199999999996,
    14.185000000006443,
    83.95899999999999,
    25.141000000005903,
    78.39099999999992,
    70.18400000000067,
    36.710000000005,
    85.54600000000002,
    53.694000000001225,
    69.01900000000013,
    81.72299999999994,
    82.40699999999987,
    66.44300000000032,
    70.82500000000074,
    59.25200000000227,
    65.04400000000045,
    55.925000000001056,
    70.23199999999994,
    85.614,
    83.61899999999999,
    78.92899999999999,
    90.016,
    75.65899999999999,
    74.51400000000004,
    90.20599999999999,
    87.696,
    85.30699999999999,
    88.25999999999998,
    73.17400000000058,
    77.15100000000017,
    91.13900000000001,
    85.10299999999998,
    72.01999999999984,
    83.426,
    90.25300000000001,
    86.54999999999993,
    88.68999999999998,
    85.538,
    87.19800000000001,
    48.971000000002476,
    67.10400000000045,
    90.22399999999999,
    79.94199999999957,
    61.233000000000786,
    51.27600000000289,
    -32.35599999998713,
    86.533,
    78.85899999999991,
    76.72799999999967,
    61.4470000000015,
    67.2810000000006,
    87.697,
    72.71700000000017,
    59.30800000000162,
    72.23499999999981,
    67.55400000000063,
    28.40100000000489,
    -9.10899999999119,
    42.698000000004654,
    81.38199999999999,
    27.782000000005205,
    78.7179999999997,
    66.75100000000162,
    -0.27499999999068764,
    86.07300000000002,
    15.441000000007602,
    39.75100000000379,
    30.59900000000483,
    85.51000000000003,
    73.11099999999966,
    83.97599999999994,
    93.256,
    83.71600000000001,
    68.65900000000185,
    77.45299999999983,
    43.52800000000289,
    85.40999999999997,
    86.14199999999997,
    11.415000000006334,
    7.951000000008404,
    82.87200000000004,
    91.74000000000001,
    88.69900000000001,
    85.14699999999995,
    90.786,
    82.85200000000002,
    91.23,
    89.03899999999997,
    91.12100000000001,
    85.39399999999998,
    91.02,
    88.723,
    88.503,
    86.54599999999996,
    90.777,
    82.06299999999997,
    86.777,
    87.13899999999998,
    89.76999999999998,
    88.48800000000001,
    94.26199999999999,
    89.524,
    93.714,
    89.707,
    90.186,
    92.705,
    88.96700000000001,
    88.565,
    88.91599999999998,
    93.131,
    89.76400000000001,
    92.744,
    89.18100000000001,
    91.21100000000001,
    85.61099999999999,
    84.44299999999998,
    87.86199999999997,
    85.19200000000001,
    85.57599999999998,
    86.62199999999999,
    89.15400000000001,
    85.62499999999999,
    90.77799999999999,
    90.629,
    89.728,
    89.14200000000001,
    90.224,
    92.732,
    89.77099999999999,
    89.257,
    88.186,
    89.245,
    84.77000000000001,
    90.71800000000002,
    86.25899999999996,
    88.52,
    92.258,
    90.66900000000001,
    82.55499999999992,
    86.00499999999997,
    94.266,
    89.19699999999997,
    88.52499999999998,
    89.75399999999999,
    92.76499999999999,
    86.75199999999998,
    92.27900000000001,
    81.75,
    82.16600000000001,
    85.63399999999999,
    84.2,
    88.26400000000001,
    87.25399999999999,
    89.78299999999999,
    88.75200000000001,
    93.268,
    91.311,
    89.28,
    92.28699999999999,
    88.79299999999999,
    87.68699999999998,
    84.775,
    87.72800000000001,
    88.28200000000001,
    87.76199999999999,
    92.19399999999999,
    93.289,
    91.161,
    89.75999999999999,
    89.82899999999998,
    92.133,
    89.998,
    87.595,
    83.977,
    86.12299999999999,
    86.22699999999999,
    87.64599999999999,
    90.268,
    90.76199999999999,
    86.24000000000001,
    93.29899999999999,
    92.21900000000001,
    89.256,
    87.776,
    89.787,
    90.292,
    91.79100000000001,
