{
  "complexity": 7,
  "alpha": 0.2,
  "gamma": 0.95,
  "epsilon": 0.3,
  "extra_passages": 0,
  "avg_rewards": [
    -287.1999999999979,
    -249.30199999999596,
    -60.173999999999,
    -48.59599999999711,
    -86.98599999999749,
    -5.303999999997798,
    12.465000000000964,
    71.33300000000001,
    67.60899999999998,
    23.561000000000185,
    37.796000000001115,
    71.24699999999984,
    74.03599999999996,
    -3.43399999999711,
    52.41499999999962,
    63.51399999999971,
    67.23600000000008,
    79.77699999999999,
    61.41600000000017,
    49.84999999999994,
    62.907,
    65.01999999999991,
    48.68200000000034,
    61.13900000000031,
    49.395000000000344,
    41.34300000000085,
    72.65999999999988,
    81.81800000000001,
    73.98099999999997,
    86.60300000000002,
    87.95199999999994,
    70.83899999999957,
    89.39899999999997,
    85.16600000000003,
    81.14200000000001,
    85.26199999999994,
    87.179,
    84.41,
    91.621,
    92.08900000000001,
    89.228,
    91.239,
    91.325,
    90.231,
    90.44999999999996,
    89.735,
    91.158,
    92.78299999999999,
    91.31500000000001,
    91.316,
    92.31000000000002,
    90.818,
    89.844,
    86.33,
    90.33900000000001,
    92.814,
    89.815,
    94.35600000000001,
    90.796,
    93.81800000000001,
    94.344,
    90.849,
    91.34300000000002,
    89.82000000000001,
    91.32900000000001,
    92.84,
    90.83000000000001,
    93.85900000000001,
    91.846,
    93.857,
    92.35700000000001,
    91.854,
    92.328,
    91.83399999999999,
    89.332,
    94.345,
    90.34299999999999,
    92.33500000000001,
    92.839,
    94.34200000000001,
    93.34700000000001,
    89.83800000000001,
    87.856,
    88.34100000000001,
    93.86500000000001,
    89.343,
    88.65299999999999,
    88.843,
    92.32000000000001,
    95.863,
    93.358,
    90.34400000000001,
    93.85400000000001,
    88.36600000000001,
    91.84200000000001,
    91.852,
    91.827,
    93.745,
    92.83200000000001,
    93.347,
    90.819,
    88.84,
    92.339,
    89.842,
    58.09500000000192,
    95.845,
    89.349,
    88.349,
    89.342,
    90.84800000000001,
    92.833,
    91.849,
    92.349,
    94.85499999999999,
    89.85,
    90.831,
    93.32399999999998,
    88.357,
    86.314,
    89.345,
    91.34400000000001,
    90.349,
    92.34299999999999,
    90.353,
    94.34100000000002,
    91.347,
    90.85100000000001,
    95.34100000000001,
    84.34,
    94.353,
    92.34099999999998,
    93.849,
    93.33700000000002,
    94.28999999999999,
    92.35800000000002,
    89.35900000000001,
    92.83200000000001,
    90.35300000000001,
    93.349,
    91.35100000000001,
    89.349,
    89.351,
    93.33900000000001,
    91.34700000000001,
    92.851,
    89.833,
    91.32200000000003,
    90.352,
    87.32799999999999,
    92.36000000000001,
    87.834,
    90.36099999999999,
    89.84199999999998,
    90.355,
    94.343,
    90.364,
    94.355,
    89.348,
    90.84200000000001,
    88.348,
    87.837,
    87.826,
    91.83800000000001,
    89.854,
    89.34100000000001,
    89.333,
    91.852,
    92.349,
    95.34900000000002,
    92.348,
    92.34800000000001,
    94.325,
    94.858,
    88.32000000000001,
    91.853,
    89.309,
    89.259,
    90.32600000000001,
    89.84200000000001,
    96.343,
    90.352,
    92.83800000000001,
    93.85000000000001,
    86.851,
    92.84799999999998,
    92.848,
    89.34700000000001,
    91.851,
    90.35,
    91.83699999999999,
    92.35900000000001,
    94.83500000000001,
    92.355,
    93.848,
    90.34200000000001,
    91.849,
    95.345,
    87.85600000000001,
    93.851,
    93.336,
    90.356,
    93.849,
    92.84700000000001,
    90.846,
    89.83000000000001,
    88.859,
    95.86000000000001,
    91.837,
    88.96,
    89.858,
    91.85,
    92.83700000000002,
    85.351,
    87.83700000000002,
    88.33699999999999,
    94.341,
    93.346,
    90.846,
    91.848,
    94.332,
    87.85300000000001,
    89.351,
    92.34700000000001,
    93.352,
    92.322,
    90.83900000000001,
    89.848,
    93.33500000000001,
    91.34200000000001,
    89.84,
    94.33300000000001,
    93.35500000000002,
    88.846,
    95.35799999999999,
    92.836,
    92.84800000000003,
    90.846,
    89.34200000000001,
    91.34,
    93.85800000000002,
    92.863,
    90.32400000000001,
    92.84299999999999,
    92.36100000000002,
    91.354,
    90.345,
    93.34100000000001,
    93.84,
    92.362,
    93.35400000000001,
    90.338,
    90.826,
    91.329,
    88.814,
    90.32899999999998,
    88.852,
    94.35400000000001,
    88.85300000000001,
    93.35500000000002,
    94.361,
    91.845,
    90.84200000000001,
    85.333,
    93.354,
    91.827,
    94.34600000000002,
    92.333,
    92.34700000000001,
    89.337,
    90.858,
    88.828,
    88.83500000000001,
    92.838,
    89.34200000000001,
    94.34299999999999,
    90.35,
    93.87100000000001,
    88.838,
    95.348,
    92.84400000000001,
    90.35,
    93.345,
    93.34,
    90.352,
    90.82900000000001,
    92.35499999999999,
    90.33900000000001,
    92.35400000000001,
    92.35300000000001,
    89.35200000000002,
    91.35100000000001,
    91.84100000000001,
    92.855,
    92.84199999999998,
    92.338,
    92.33700000000002,
    87.835,
    94.35300000000001,
    91.849,
    92.84,
    89.84300000000002,
    88.33000000000001,
    93.35600000000001,
    94.84400000000002,
    90.839,
    91.87,
    91.358,
    90.843,
    92.33099999999999,
    91.82400000000001,
    90.836,
    92.34700000000001,
    89.341,
    90.349,
    87.831,
    90.846,
    87.853,
    91.356,
    92.864,
    91.364,
    91.345,
    90.83200000000001,
    90.84700000000001,
    91.353,
    86.33300000000001,
    90.335,
    93.341,
    91.337,
    91.84400000000001,
    95.85100000000001,
    88.349,
    93.33300000000001,
    93.852,
    92.33099999999999,
    93.352,
    94.851,
    94.34400000000001,
    90.34,
    89.329,
    92.36099999999999,
    89.83600000000001,
    91.361,
    95.35100000000001,
    95.332,
    93.84700000000001,
    90.33800000000001,
    91.35000000000002,
    93.856,
    89.84199999999998,
    91.864,
    92.328,
    92.845,
    92.848,
    96.343,
    89.33000000000001,
    89.83399999999999,
    94.356,
    90.34700000000001,
    92.856,
    91.359,
    90.846,
    87.84299999999999,
    93.35,
    92.838,
    91.354,
    92.864,
    90.838,
    90.32900000000001,
    93.84599999999999,
    93.836,
    87.83700000000002,
    89.84700000000001,
    94.35300000000001,
    89.84799999999998,
    89.853,
    85.83699999999999,
    91.85400000000001,
    90.85499999999999,
    91.84900000000002,
    87.343,
    90.343,
    94.849,
    89.84700000000001,
    91.852,
    90.85,
    94.861,
    87.35,
    90.849,
    92.346,
    95.361,
    95.357,
    91.34400000000001,
    92.852,
    91.856,
    89.35100000000001,
    91.85,
    85.846,
    88.85900000000001,
    90.831,
    89.838,
    95.346,
    94.351,
    89.86000000000001,
    91.33500000000001,
    94.33599999999998,
    90.334,
    92.355,
    92.852,
    92.338,
    89.826,
    90.349,
    90.349,
    91.351,
    91.84,
    88.35799999999999,
    93.842,
    94.333,
    93.33000000000001,
    89.351,
    94.339,
    93.339,
    90.85100000000001,
    93.341,
    95.362,
    91.83200000000001,
    92.348,
    90.854,
    86.85,
    89.349,
    91.34899999999999,
    93.34700000000001,
    87.845,
    92.33800000000001,
    93.832,
    91.86300000000001,
    92.35,
    90.82000000000001,
    88.345,
    91.822,
    93.33700000000002,
    91.85100000000001,
    93.35900000000001,
    92.35499999999999,
    89.845,
    91.83500000000001,
    92.34400000000001,
    92.33599999999998,
    91.352,
    92.317,
    93.33899999999998,
    92.34799999999998,
    90.83899999999998,
    93.35400000000001,
    89.833,
    88.833,
    93.852,
    90.33200000000001,
    92.355,
    88.35600000000001,
    88.857,
