{
  "complexity": 0,
  "alpha": 0.2,
  "gamma": 0.9,
  "epsilon": 0.3,
  "extra_passages": 3,
  "avg_rewards": [
    -6.38700000000011,
    52.26399999999991,
    68.70700000000001,
    86.45999999999998,
    85.39999999999999,
    92.04400000000001,
    91.13900000000001,
    88.464,
    91.53999999999999,
    96.19500000000001,
    94.271,
    90.15599999999999,
    88.37900000000003,
    94.617,
    88.04100000000001,
    88.05399999999999,
    97.785,
    96.787,
    97.312,
    97.31900000000002,
    97.341,
    97.396,
    98.876,
    97.37,
    96.881,
    96.376,
    95.792,
    99.393,
    98.37299999999999,
    95.88299999999998,
    95.90799999999999,
    96.388,
    98.40199999999999,
    94.89399999999999,
    93.89099999999999,
    93.37199999999999,
    98.398,
    94.90199999999999,
    97.40699999999998,
    98.889,
    93.889,
    97.898,
    97.895,
    97.39000000000001,
    97.39399999999999,
    96.90199999999999,
    96.898,
    99.39699999999999,
    98.402,
    95.87700000000001,
    97.39900000000002,
    95.88799999999999,
    95.89200000000001,
    94.37500000000001,
    97.91699999999999,
    95.90099999999998,
    96.9,
    96.901,
    97.41099999999999,
    98.404,
    97.412,
    97.90799999999999,
    97.39299999999999,
    98.91299999999998,
    95.894,
    94.90399999999998,
    96.895,
    97.40899999999999,
    96.40500000000002,
    98.90499999999999,
    97.41400000000002,
    98.91499999999999,
    96.90299999999999,
    95.89600000000002,
    95.88000000000001,
    96.907,
    96.902,
    97.385,
    96.39500000000001,
    96.893,
    98.891,
    95.405,
    97.39099999999999,
    97.40299999999999,
    99.402,
    95.887,
    97.899,
    97.402,
    97.34699999999998,
    92.88499999999999,
    97.905,
    98.90799999999999,
    96.90799999999999,
    96.895,
    95.87399999999998,
    95.89199999999998,
    96.85300000000001,
    95.41299999999998,
    99.40800000000002,
    98.4,
    98.90599999999999,
    97.91000000000003,
    97.40099999999998,
    97.398,
    97.40799999999999,
    98.917,
    98.41999999999999,
    97.39599999999999,
    95.898,
    98.411,
    98.895,
    97.39599999999999,
    95.397,
    96.90900000000002,
    97.89,
    97.874,
    96.386,
    98.89200000000001,
    97.9,
    97.91500000000002,
    98.90799999999999,
    97.40400000000002,
    97.912,
    98.90299999999999,
    97.40100000000001,
    97.40899999999999,
    97.901,
    96.39099999999999,
    97.90299999999999,
    97.40599999999999,
    95.898,
    95.377,
    97.401,
    95.402,
    98.40299999999999,
    98.40799999999999,
    98.873,
    94.90599999999999,
    95.386,
    97.901,
    98.403,
    96.39399999999999,
    94.39899999999999,
    93.88300000000001,
    97.393,
    96.88,
    96.9,
    94.902,
    96.407,
    98.892,
    93.895,
    96.914,
    99.883,
    98.907,
    95.88899999999998,
    97.91199999999999,
    98.38499999999999,
    95.90299999999999,
    97.40199999999999,
    95.886,
    97.41299999999998,
    98.41000000000001,
    97.39099999999999,
    97.39599999999999,
    96.905,
    96.406,
    96.90600000000002,
    97.40499999999999,
    96.892,
    96.885,
    96.39599999999999,
    98.90399999999998,
    95.395,
    95.90299999999999,
    98.9,
    96.901,
    95.89099999999999,
    98.40900000000002,
    98.405,
    96.39499999999998,
    96.396,
    96.907,
    96.885,
    97.906,
    97.90899999999999,
    95.378,
    94.402,
    96.90599999999999,
    95.897,
    95.89599999999999,
    98.41399999999999,
    95.402,
    98.90399999999998,
    96.398,
    97.399,
    96.39,
    94.407,
    97.88200000000002,
    96.91100000000002,
    98.9,
    97.92099999999998,
    96.37899999999999,
    97.398,
    96.896,
    98.39,
    93.89900000000003,
    99.41000000000001,
    97.40899999999999,
    96.911,
    97.884,
    98.904,
    94.895,
    98.40899999999999,
    98.904,
    95.898,
    94.897,
    95.90299999999999,
    97.89399999999999,
    97.392,
    95.398,
    95.39899999999999,
    94.902,
    97.89399999999999,
    96.88899999999998,
    94.407,
    98.898,
    97.894,
    99.406,
    96.396,
    97.90999999999998,
    95.901,
    98.38999999999999,
    98.41,
    97.89099999999999,
    98.39199999999998,
    96.88700000000001,
    99.40099999999998,
    96.89699999999999,
    98.423,
    97.89999999999998,
    98.914,
    96.406,
    95.88399999999999,
    96.41199999999999,
    97.40899999999999,
    95.40699999999998,
    96.4,
    96.88500000000002,
    97.421,
    97.396,
    94.90299999999999,
    96.40899999999999,
    97.90299999999999,
    96.91000000000001,
    96.90399999999998,
    96.9,
    95.89399999999999,
    95.902,
    97.40899999999998,
    95.89899999999999,
    97.87100000000001,
    97.405,
    95.897,
    95.39399999999999,
    95.38299999999998,
    98.42000000000003,
    96.893,
    97.40599999999999,
    98.89199999999998,
    97.41,
    98.40700000000001,
    99.39200000000001,
    98.895,
    96.39999999999999,
    95.38199999999999,
    97.893,
    98.40399999999998,
    96.89200000000001,
    97.898,
    99.41400000000002,
    97.39699999999999,
    96.90799999999999,
    96.909,
    97.40799999999999,
    97.90799999999999,
    95.90199999999999,
    94.89999999999999,
    96.39099999999999,
    97.376,
    96.401,
    96.399,
    96.40199999999999,
    98.40599999999998,
    96.899,
    97.421,
    97.376,
    98.40799999999999,
    95.401,
    95.894,
    97.40599999999998,
    96.90299999999999,
    97.901,
    97.41199999999999,
    95.40099999999998,
    94.902,
    98.407,
    97.91,
    97.891,
    97.91099999999999,
    97.407,
    97.881,
    98.41099999999999,
    97.40499999999997,
    97.90599999999999,
    95.89599999999999,
    97.389,
    96.90599999999999,
    97.40599999999999,
    97.899,
    97.392,
    96.89599999999999,
    96.393,
    94.9,
    97.89899999999999,
    95.89,
    94.41400000000002,
    94.89999999999999,
    96.902,
    98.40299999999999,
    97.9,
    95.40700000000001,
    94.89699999999999,
    98.398,
    97.39699999999999,
    97.396,
    97.89000000000001,
    97.89999999999999,
    97.40599999999998,
    96.901,
    97.39,
    97.90899999999999,
    97.91699999999999,
    95.39399999999999,
    97.905,
    97.405,
    97.89599999999999,
    95.402,
    97.39599999999999,
    96.90099999999998,
    96.393,
    97.89099999999999,
    98.4,
    96.38499999999999,
    97.90499999999999,
    96.88699999999999,
    96.39200000000001,
    97.897,
    97.888,
    96.38300000000001,
    95.89900000000002,
    97.38199999999999,
    97.90299999999999,
    94.90899999999999,
    98.396,
    96.39399999999999,
    98.90799999999999,
    97.40299999999998,
    98.90299999999999,
    97.40100000000001,
    96.891,
    97.39299999999999,
    98.404,
    97.396,
    98.399,
    94.896,
    95.40099999999998,
    95.38799999999999,
    97.90099999999998,
    97.896,
    98.88100000000001,
    99.383,
    96.40299999999999,
    98.397,
    97.39399999999999,
    97.892,
    95.39,
    98.898,
    97.90999999999998,
    92.39099999999999,
    98.89099999999999,
    97.89699999999998,
    96.886,
    98.402,
    98.89399999999999,
    97.88199999999999,
    98.901,
    98.381,
    97.38600000000001,
    97.90400000000001,
    93.91000000000001,
    97.40199999999999,
    96.89599999999999,
    97.91900000000001,
    98.90199999999999,
    94.395,
    97.402,
    97.421,
    97.384,
    96.875,
    97.39900000000002,
    97.892,
    98.90299999999999,
    93.888,
    97.88999999999999,
    99.40699999999998,
    96.40099999999998,
    97.907,
    98.90799999999999,
    98.4,
    97.40299999999999,
    97.381,
    98.893,
    97.397,
    96.381,
    97.395,
    97.38999999999999,
    97.91099999999999,
    96.39500000000001,
    95.89599999999999,
    96.38799999999999,
    97.396,
    99.40699999999998,
    93.90299999999999,
    97.41,
    96.90799999999999,
    96.405,
    97.40399999999998,
    97.89599999999999,
