{
  "complexity": 4,
  "alpha": 0.2,
  "gamma": 0.9,
  "epsilon": 0.3,
  "extra_passages": 11,
  "avg_rewards": [
    -418.61099999999817,
    -75.6049999999986,
    -0.5939999999995592,
    19.00800000000031,
    7.191999999999473,
    27.443999999999846,
    0.42400000000022686,
    47.800000000000104,
    62.0140000000001,
    17.668000000000937,
    14.302000000000024,
    55.80999999999991,
    63.86899999999984,
    73.74399999999994,
    59.62399999999997,
    51.46099999999988,
    41.61199999999975,
    59.49999999999996,
    50.65299999999984,
    70.70499999999996,
    65.77000000000005,
    56.412999999999855,
    78.39199999999998,
    63.38499999999989,
    67.91300000000004,
    60.011999999999944,
    79.261,
    80.75399999999999,
    62.352999999999895,
    79.28099999999999,
    62.15299999999993,
    72.53899999999994,
    73.60100000000003,
    62.78599999999983,
    71.981,
    64.27799999999993,
    80.19299999999998,
    59.21900000000094,
    83.62400000000001,
    76.72499999999998,
    60.59499999999978,
    68.18999999999971,
    79.11,
    68.33700000000002,
    78.579,
    74.03899999999997,
    70.06199999999998,
    74.13399999999979,
    61.462999999999965,
    15.3910000000029,
    33.3780000000024,
    73.93900000000004,
    70.33899999999991,
    87.68200000000002,
    88.296,
    90.86299999999999,
    72.85699999999994,
    73.58999999999995,
    73.73800000000004,
    69.56399999999982,
    85.75200000000002,
    78.11200000000004,
    71.54899999999991,
    80.63299999999998,
    66.72199999999972,
    82.32600000000002,
    78.70800000000001,
    80.93299999999999,
    87.29,
    86.12199999999999,
    85.49700000000004,
    84.65799999999997,
    75.83700000000007,
    69.8029999999998,
    89.10199999999999,
    80.76999999999998,
    61.955000000000226,
    82.94700000000002,
    71.53000000000006,
    91.357,
    80.84400000000001,
    86.77,
    69.28799999999976,
    78.09300000000007,
    88.018,
    79.994,
    77.92500000000003,
    82.60000000000001,
    76.31899999999992,
    86.32000000000001,
    84.74300000000001,
    91.045,
    87.75099999999999,
    86.89500000000001,
    83.205,
    88.00800000000001,
    89.10399999999996,
    85.73799999999999,
    87.929,
    84.29799999999997,
    87.52700000000002,
    85.34599999999998,
    90.28099999999998,
    77.35799999999973,
    85.328,
    77.63499999999979,
    70.11400000000017,
    93.062,
    84.094,
    88.10499999999996,
    91.83600000000001,
    83.614,
    89.458,
    90.496,
    88.87799999999997,
    94.102,
    87.31699999999998,
    95.19500000000001,
    89.41799999999998,
    84.84599999999998,
    87.52799999999998,
    88.002,
    90.40999999999997,
    89.12800000000001,
    91.657,
    91.729,
    92.62899999999999,
    90.63200000000002,
    92.589,
    84.10800000000002,
    87.77699999999997,
    85.53800000000003,
    88.82999999999998,
    89.50699999999999,
    96.21200000000002,
    92.653,
    89.70699999999998,
    93.18700000000001,
    93.707,
    93.17,
    88.663,
    93.674,
    95.248,
    86.15,
    91.51999999999998,
    91.11099999999998,
    86.747,
    93.119,
    91.034,
    75.50599999999986,
    89.62100000000001,
    89.34099999999997,
    88.54100000000001,
    94.76200000000001,
    87.67999999999999,
    86.59600000000002,
    92.19000000000001,
    93.67799999999998,
    93.61299999999999,
    87.68800000000002,
    89.66799999999999,
    93.196,
    94.286,
    94.75699999999999,
    94.749,
    91.242,
    90.74600000000001,
    92.21999999999998,
    90.761,
    94.25600000000001,
    93.251,
    93.723,
    89.73800000000001,
    94.271,
    89.74499999999999,
    94.75699999999999,
    92.78,
    94.25399999999999,
    92.27000000000001,
    90.76699999999998,
    91.78000000000002,
    94.26399999999998,
    88.73399999999997,
    94.241,
    94.755,
    89.776,
    92.276,
    90.76299999999999,
    96.237,
    86.681,
    92.19300000000001,
    92.518,
    89.686,
    91.223,
    90.766,
    89.75099999999999,
    90.737,
    92.71100000000001,
    91.737,
    93.19200000000002,
    92.778,
    93.25699999999999,
    89.14799999999998,
    91.74299999999998,
    89.15200000000002,
    92.78299999999999,
    90.679,
    89.757,
    91.27000000000001,
    91.69000000000001,
    94.74699999999999,
    89.74999999999999,
    89.76,
    92.287,
    94.29100000000001,
    95.792,
    90.78599999999999,
    93.78999999999999,
    90.75699999999999,
    93.24500000000002,
    91.766,
    91.231,
    92.762,
    94.795,
    94.79,
    90.28399999999999,
    89.215,
    94.262,
    89.227,
    95.253,
    92.28799999999998,
    95.303,
    93.76400000000001,
    92.78399999999999,
    91.28599999999999,
    94.29400000000001,
    92.79100000000001,
    94.3,
    92.285,
    92.78399999999999,
    92.28399999999999,
    94.296,
    92.269,
    86.256,
    92.275,
    91.78900000000002,
    94.801,
    92.80199999999999,
    92.78800000000001,
    90.263,
    90.79299999999999,
    89.27799999999999,
    90.21700000000001,
    89.215,
    92.766,
    93.283,
    90.769,
    95.274,
    93.284,
    93.296,
    91.28799999999998,
    89.77999999999999,
    91.28699999999996,
    90.28600000000002,
    90.27500000000002,
    88.77799999999998,
    93.28999999999999,
    90.28100000000002,
    93.288,
    91.26100000000001,
    93.282,
    93.276,
    92.785,
    94.28699999999999,
    91.31000000000002,
    93.75800000000001,
    92.772,
    90.774,
    93.79199999999999,
    92.295,
    90.793,
    89.277,
    90.809,
    94.301,
    91.29099999999998,
    91.24600000000001,
    93.761,
    89.268,
    93.25099999999999,
    94.78899999999999,
    87.78899999999999,
    90.77700000000002,
    92.76899999999999,
    90.76499999999999,
    90.792,
    95.26899999999998,
    91.775,
    93.775,
    91.77799999999999,
    91.26000000000002,
    91.78200000000001,
    94.78399999999999,
    90.775,
    91.29499999999999,
    90.756,
    91.78300000000002,
    93.29599999999999,
    90.27899999999998,
    93.79400000000001,
    93.799,
    88.30199999999999,
    88.258,
    92.80600000000001,
    92.264,
    88.74499999999999,
    92.78300000000002,
    94.306,
    89.74600000000001,
    94.28999999999999,
    92.28299999999999,
    95.274,
    93.292,
    92.297,
    91.78800000000001,
    94.78899999999999,
    94.279,
    92.768,
    95.28999999999999,
    90.28999999999999,
    91.80600000000001,
    91.788,
    92.26700000000001,
    94.795,
    89.312,
    95.29400000000001,
    88.785,
    90.777,
    96.78799999999998,
    90.75800000000001,
    91.28400000000002,
    90.269,
    94.251,
    94.28999999999999,
    90.761,
    90.775,
    91.292,
    93.806,
    92.279,
    96.27,
    89.78099999999999,
    91.78599999999999,
    91.81,
    92.796,
    92.774,
    92.79599999999999,
    90.781,
    92.76200000000001,
    93.79800000000002,
    90.77799999999999,
    94.782,
    95.30300000000001,
    94.793,
    87.27799999999999,
    90.753,
    95.272,
    93.786,
    93.28000000000002,
    91.778,
    91.279,
    93.768,
    93.77499999999999,
    90.783,
    92.29,
    93.767,
    95.796,
    95.792,
    90.78099999999999,
    95.285,
    93.29700000000001,
    92.305,
    90.80100000000002,
    90.79099999999998,
    95.283,
    93.76399999999998,
    91.78500000000001,
    90.78500000000001,
    88.29100000000003,
    96.77200000000002,
    93.79199999999999,
    87.261,
    92.79100000000003,
    91.75599999999999,
    94.29199999999999,
    94.26899999999998,
    90.775,
    90.792,
    92.79,
    93.77000000000001,
    91.778,
    91.28,
    93.80000000000003,
    92.28,
    94.279,
    92.768,
    92.274,
    93.28900000000002,
    90.779,
    92.28100000000002,
    92.28600000000002,
    96.262,
    89.80300000000001,
    93.789,
    92.28099999999999,
    86.78099999999999,
    94.282,
    91.285,
    93.78099999999999,
    95.295,
    95.792,
    94.293,
    96.283,
    88.258,
