{
  "complexity": 4,
  "alpha": 0.2,
  "gamma": 0.95,
  "epsilon": 0.2,
  "extra_passages": 3,
  "avg_rewards": [
    -250.59899999999803,
    -29.03199999999763,
    -33.371999999998906,
    69.68200000000006,
    33.358000000000416,
    26.53400000000186,
    53.144000000000915,
    45.03500000000031,
    84.13399999999999,
    89.422,
    77.19199999999995,
    74.5359999999998,
    62.8140000000004,
    73.44300000000018,
    81.50199999999998,
    85.74199999999999,
    94.45800000000001,
    92.83900000000003,
    85.02299999999994,
    70.45099999999938,
    81.03300000000007,
    91.40699999999998,
    95.69,
    89.84599999999999,
    92.922,
    79.0909999999996,
    89.91600000000001,
    90.35799999999999,
    92.78699999999998,
    88.29399999999997,
    90.05399999999993,
    91.62199999999999,
    97.11299999999999,
    89.51299999999998,
    94.941,
    91.17600000000002,
    95.249,
    98.821,
    91.137,
    95.234,
    96.33900000000001,
    94.487,
    94.701,
    96.817,
    94.85,
    95.85600000000001,
    94.85300000000001,
    96.852,
    96.86300000000001,
    95.86,
    94.85,
    94.36699999999999,
    97.367,
    96.375,
    93.854,
    96.366,
    96.86200000000001,
    98.36999999999999,
    98.377,
    95.867,
    97.372,
    95.867,
    97.364,
    97.864,
    94.87,
    96.35600000000001,
    95.37899999999999,
    96.34,
    96.359,
    97.872,
    96.857,
    93.86000000000001,
    96.872,
    94.834,
    94.842,
    97.353,
    94.358,
    94.36,
    98.357,
    96.367,
    98.358,
    95.36500000000001,
    96.84900000000002,
    97.36300000000001,
    97.357,
    95.86500000000001,
    97.37,
    96.366,
    96.87100000000001,
    96.36600000000001,
    95.372,
    95.37,
    96.846,
    98.35300000000001,
    95.37100000000001,
    94.86099999999999,
    96.878,
    95.867,
    95.35,
    97.86800000000001,
    94.857,
    96.366,
    96.865,
    97.36500000000001,
    98.369,
    96.87899999999999,
    94.877,
    95.867,
    96.85600000000001,
    95.357,
    95.85400000000001,
    96.86000000000001,
    95.873,
    96.855,
    95.358,
    97.359,
    97.36600000000001,
    96.36300000000001,
    97.362,
    98.87100000000001,
    96.867,
    96.873,
    96.86600000000001,
    94.373,
    98.367,
    95.81,
    97.35600000000001,
    96.863,
    95.36800000000001,
    95.85600000000001,
    93.854,
    96.85400000000001,
    94.864,
    94.369,
    96.864,
    94.873,
    94.867,
    95.36699999999999,
    97.357,
    95.86000000000001,
    97.863,
    99.36000000000001,
    93.364,
    94.35800000000002,
    96.87100000000001,
    95.36500000000001,
    92.357,
    97.366,
    97.376,
    95.869,
    97.863,
    97.375,
    95.365,
    93.85900000000001,
    96.362,
    95.362,
    97.36200000000001,
    94.877,
    95.864,
    96.37100000000001,
    92.86,
    96.367,
    96.366,
    97.377,
    97.369,
    95.36800000000001,
    94.86600000000001,
    96.378,
    95.356,
    95.37,
    97.36600000000001,
    96.86600000000001,
    98.378,
    97.353,
    94.86800000000001,
    94.367,
    95.87100000000001,
    97.367,
    95.862,
    97.36699999999999,
    99.373,
    95.865,
    95.37100000000001,
    96.86500000000001,
    97.349,
    95.361,
    96.373,
    97.36200000000001,
    97.36099999999999,
    96.86600000000001,
    97.86800000000001,
    93.358,
    95.369,
    95.87100000000001,
    97.36,
    94.37,
    95.355,
    97.365,
    94.84700000000001,
    98.352,
    95.374,
    95.37,
    96.36099999999999,
    96.87100000000001,
    97.863,
    95.359,
    95.373,
    95.35499999999999,
    96.36000000000001,
    96.879,
    96.352,
    97.358,
    97.867,
    96.843,
    94.876,
    95.35999999999999,
    95.852,
    96.864,
    96.367,
    96.37100000000001,
    96.864,
    93.858,
    96.869,
    96.866,
    94.351,
    95.366,
    97.853,
    94.86300000000001,
    97.86800000000001,
    95.869,
    97.35400000000001,
    94.857,
    96.368,
    77.13600000000037,
    97.373,
    94.861,
    96.86500000000001,
    96.366,
    96.861,
    98.36200000000001,
    95.872,
    94.86300000000001,
    96.863,
    97.34700000000001,
    95.343,
    97.34,
    95.862,
    95.36,
    96.364,
    95.86500000000001,
    97.376,
    97.374,
    97.87100000000001,
    98.367,
    93.868,
    97.357,
    97.348,
    96.869,
    98.372,
    96.82900000000001,
    95.372,
    95.36800000000001,
    96.369,
    96.374,
    97.861,
    96.871,
    94.35499999999999,
    90.348,
    96.86,
    96.869,
    97.85300000000001,
    97.357,
    98.37100000000001,
    96.86500000000001,
    96.357,
    98.864,
    95.363,
    95.867,
    97.87899999999999,
    96.85400000000001,
    95.85300000000002,
    94.367,
    94.37199999999999,
    94.358,
    96.85900000000001,
    97.874,
    98.87100000000001,
    97.85900000000001,
    95.36200000000001,
    95.357,
    95.367,
    98.369,
    96.83600000000001,
    98.38,
    98.378,
    95.35799999999999,
    95.86,
    96.878,
    97.358,
    95.863,
    96.358,
    95.85999999999999,
    94.858,
    94.86500000000001,
    96.372,
    96.37100000000001,
    92.364,
    94.85799999999999,
    98.375,
    95.875,
    95.37100000000001,
    96.874,
    96.36600000000001,
    96.354,
    96.365,
    96.37,
    96.35900000000001,
    95.36300000000001,
    96.86300000000001,
    96.35400000000001,
    94.364,
    94.849,
    95.86000000000001,
    96.36600000000001,
    97.875,
    95.35499999999999,
    96.86699999999999,
    95.86800000000001,
    93.855,
    96.352,
    97.36999999999999,
    95.862,
    98.374,
    96.86600000000001,
    93.867,
    97.37299999999999,
    96.871,
    93.362,
    95.867,
    96.85900000000001,
    95.869,
    95.84,
    97.86500000000001,
    96.87100000000001,
    98.373,
    95.85100000000001,
    94.372,
    93.335,
    96.35799999999999,
    97.375,
    96.86600000000001,
    97.87,
    98.365,
    96.37100000000001,
    95.84800000000001,
    93.867,
    98.87599999999999,
    96.861,
    95.35000000000001,
    95.365,
    98.364,
    94.37100000000001,
    98.374,
    96.37,
    96.35600000000001,
    95.35400000000001,
    94.85100000000001,
    96.867,
    94.87,
    96.857,
    98.376,
    97.85400000000001,
    95.35600000000001,
    97.37,
    98.363,
    93.361,
    96.873,
    95.865,
    97.86500000000001,
    94.862,
    96.367,
    93.84800000000001,
    94.356,
    96.865,
    95.362,
    96.85100000000001,
    97.377,
    95.361,
    97.36,
    97.35500000000002,
    95.84200000000001,
    99.354,
    95.875,
    96.36800000000001,
    96.85600000000001,
    97.85099999999998,
    93.35900000000001,
    93.848,
    94.37100000000001,
    95.865,
    97.366,
    97.375,
    94.86600000000001,
    96.846,
    96.85000000000001,
    96.86699999999999,
    93.873,
    97.361,
    96.877,
    97.372,
    97.875,
    96.873,
    94.367,
    95.351,
    95.37,
    97.36999999999999,
    95.86999999999999,
    97.862,
    96.34899999999999,
    93.876,
    95.865,
    96.377,
    94.36200000000001,
    96.873,
    94.87100000000001,
    96.36600000000001,
    94.86699999999999,
    95.862,
    97.87,
    92.873,
    98.369,
    96.86500000000001,
    96.876,
    95.85,
    94.874,
    96.356,
    96.872,
    96.34700000000001,
    94.351,
    97.378,
    95.858,
    92.35,
    96.87199999999999,
    96.36100000000002,
    98.373,
    94.374,
    93.86100000000002,
    96.36800000000001,
    94.868,
    97.373,
    97.373,
    95.852,
    98.357,
    96.367,
    93.869,
    96.869,
    97.36600000000001,
    94.87199999999999,
    96.37100000000001,
    96.349,
    97.362,
    95.36800000000001,
    97.877,
    95.352,
    95.86500000000001,
    92.36800000000001,
    95.857,
    95.864,
    96.867,
    97.854,
    95.85,
    95.85499999999999,
    98.37100000000001,
    96.858,
    96.863,
    96.85900000000001,
    95.86800000000001,
    97.369,
    97.86,
    93.35600000000001,
    96.372,
    97.86800000000001,
