{
  "complexity": 2,
  "alpha": 0.3,
  "gamma": 0.95,
  "epsilon": 0.3,
  "extra_passages": 5,
  "avg_rewards": [
    -197.93199999999916,
    -37.867999999998716,
    34.253000000000156,
    51.108999999999895,
    33.39000000000001,
    48.906,
    53.97100000000012,
    61.745000000000076,
    75.37700000000001,
    83.05999999999999,
    66.98099999999995,
    80.43099999999998,
    54.888000000000034,
    77.29100000000003,
    74.20299999999999,
    79.27899999999998,
    81.219,
    93.665,
    91.208,
    76.00799999999995,
    88.79199999999996,
    87.80599999999998,
    81.19800000000002,
    87.89900000000003,
    97.196,
    90.26200000000001,
    94.301,
    89.751,
    96.781,
    92.284,
    89.45699999999998,
    87.06600000000003,
    85.597,
    91.745,
    88.779,
    69.6550000000001,
    92.665,
    94.822,
    92.77700000000002,
    94.208,
    95.119,
    90.626,
    94.24800000000002,
    96.33399999999999,
    95.344,
    94.817,
    94.32600000000001,
    95.33600000000001,
    91.813,
    92.85600000000001,
    96.34900000000002,
    98.35100000000001,
    94.855,
    91.35000000000001,
    93.34,
    94.34200000000001,
    93.85300000000001,
    92.34,
    92.849,
    94.35499999999999,
    94.849,
    94.83500000000001,
    90.336,
    95.357,
    93.84100000000001,
    93.83400000000002,
    95.33500000000001,
    97.35000000000001,
    94.34400000000001,
    94.864,
    96.34899999999999,
    92.31099999999999,
    93.85300000000001,
    94.85300000000001,
    94.797,
    94.842,
    94.334,
    95.32300000000001,
    94.854,
    92.834,
    93.333,
    93.837,
    94.352,
    93.85400000000001,
    93.345,
    92.83500000000001,
    94.359,
    91.821,
    92.83700000000002,
    95.857,
    93.286,
    94.84100000000001,
    96.34,
    94.846,
    92.84700000000001,
    92.36500000000001,
    91.345,
    93.359,
    92.366,
    96.85600000000001,
    96.828,
    94.32100000000001,
    93.84899999999999,
    96.851,
    94.342,
    90.832,
    94.34,
    94.83100000000002,
    93.82300000000001,
    93.308,
    95.34800000000001,
    92.358,
    93.33399999999999,
    94.33600000000001,
    92.85400000000001,
    93.32200000000002,
    92.809,
    96.355,
    97.358,
    91.85499999999999,
    93.32900000000001,
    94.31400000000001,
    95.337,
    95.339,
    87.848,
    92.839,
    89.33500000000001,
    92.31700000000001,
    96.84300000000002,
    94.85300000000001,
    95.33200000000001,
    92.314,
    95.337,
    89.84400000000001,
    94.33200000000001,
    89.84,
    94.35100000000001,
    90.815,
    92.33400000000002,
    94.83400000000002,
    97.34700000000001,
    93.83100000000002,
    92.33600000000001,
    94.85900000000001,
    93.338,
    94.328,
    93.344,
    93.864,
    91.34600000000002,
    91.826,
    94.338,
    94.348,
    95.846,
    93.853,
    90.83900000000001,
    92.83000000000001,
    96.33800000000001,
    93.324,
    93.33000000000001,
    93.83500000000001,
    94.311,
    92.312,
    95.82000000000001,
    96.336,
    94.327,
    92.83300000000001,
    94.85800000000002,
    95.365,
    94.851,
    90.31300000000002,
    94.81899999999999,
    94.36,
    95.85799999999999,
    94.837,
    94.325,
    96.845,
    92.28599999999999,
    93.85400000000001,
    96.85300000000001,
    92.85300000000001,
    92.855,
    94.363,
    98.32700000000001,
    93.35300000000001,
    94.34900000000002,
    92.34700000000001,
    95.33,
    94.83700000000002,
    93.855,
    91.84700000000001,
    95.36800000000001,
    93.824,
    94.855,
    92.345,
    96.34800000000001,
    93.348,
    93.348,
    94.352,
    94.345,
    93.83099999999999,
    92.848,
    97.357,
    97.34700000000001,
    95.857,
    92.33600000000001,
    93.845,
    92.34800000000001,
    92.362,
    94.365,
    93.851,
    92.842,
    95.34400000000001,
    90.348,
    95.32199999999999,
    92.33200000000001,
    95.833,
    96.338,
    97.34600000000002,
    89.848,
    92.338,
    94.341,
    93.85600000000001,
    94.84799999999998,
    92.866,
    95.346,
    96.34400000000001,
    95.364,
    88.34500000000001,
    90.847,
    95.864,
    95.34400000000002,
    95.82700000000001,
    93.358,
    94.834,
    93.84400000000001,
    92.825,
    94.857,
    95.346,
    93.82600000000001,
    94.357,
    89.32100000000001,
    92.84800000000001,
    92.82300000000001,
    95.349,
    93.324,
    91.32100000000001,
    93.34600000000002,
    95.84,
    94.852,
    93.839,
    96.852,
    94.34400000000001,
    94.828,
    93.34899999999999,
    96.345,
    94.84299999999999,
    93.338,
    93.688,
    95.334,
    92.839,
    91.347,
    91.34200000000001,
    97.34700000000001,
    93.84299999999999,
    94.83200000000001,
    91.828,
    94.845,
    93.326,
    93.828,
    95.83800000000001,
    95.328,
    93.319,
    97.35000000000001,
    92.845,
    91.833,
    94.82300000000001,
    95.324,
    94.84600000000002,
    90.317,
    92.83800000000001,
    92.34900000000002,
    94.33400000000002,
    92.369,
    90.822,
    97.35600000000001,
    95.836,
    93.82700000000003,
    95.84400000000002,
    93.83800000000001,
    91.836,
    92.34599999999999,
    91.86,
    94.83900000000001,
    93.828,
    92.35800000000002,
    93.355,
    95.337,
    94.333,
    90.834,
    93.833,
    97.33800000000001,
    95.35099999999998,
    95.81700000000001,
    91.82000000000001,
    96.33100000000002,
    93.84300000000002,
    91.85,
    92.35800000000002,
    94.36699999999999,
    90.334,
    96.84200000000001,
    94.357,
    94.82500000000002,
    95.85,
    97.357,
    89.35600000000001,
    94.34299999999999,
    93.85,
    93.838,
    86.828,
    94.34,
    94.35400000000001,
    89.833,
    92.85499999999999,
    90.85900000000001,
    93.86,
    93.35300000000001,
    94.829,
    95.328,
    90.33399999999999,
    94.35300000000001,
    94.845,
    94.326,
    91.33000000000001,
    95.84799999999998,
    90.826,
    96.341,
    94.35400000000001,
    91.851,
    92.33,
    93.849,
    93.841,
    93.32300000000001,
    91.82100000000001,
    91.83500000000001,
    94.84200000000001,
    95.85000000000001,
    95.357,
    94.839,
    91.346,
    94.327,
    94.84899999999999,
    94.353,
    94.34400000000001,
    94.343,
    95.836,
    95.35000000000001,
    97.367,
    93.855,
    92.34700000000001,
    93.858,
    96.84,
    94.35300000000001,
    92.84200000000001,
    91.336,
    93.345,
    94.836,
    93.338,
    92.33000000000001,
    88.815,
    94.35,
    94.849,
    94.342,
    92.32999999999998,
    93.334,
    92.845,
    93.84,
    92.34400000000001,
    91.825,
    93.84700000000001,
    92.35,
    98.838,
    91.32699999999998,
    91.33500000000001,
    93.351,
    94.339,
    94.845,
    97.85900000000001,
    94.834,
    95.352,
    94.84299999999999,
    95.82900000000001,
    89.844,
    93.832,
    92.35300000000001,
    96.838,
    94.33500000000001,
    93.325,
    96.851,
    92.33699999999999,
    94.866,
    94.828,
    95.869,
    95.33500000000001,
    90.828,
    93.821,
    92.343,
    93.85500000000002,
    90.829,
    94.31700000000001,
    93.338,
    93.85,
    96.35900000000001,
    93.84100000000001,
    93.35,
    93.349,
    92.321,
    93.31299999999999,
    95.845,
    93.84200000000001,
    95.834,
    93.349,
    93.842,
    91.32000000000001,
    95.338,
    95.82000000000001,
    93.839,
    91.34800000000001,
    89.809,
    91.314,
    93.345,
    96.34,
    98.35900000000001,
    93.83099999999999,
    91.83099999999999,
    92.84700000000001,
    93.83200000000002,
    96.35000000000001,
    92.345,
    96.31800000000001,
    91.33200000000001,
    93.34400000000001,
    94.819,
    95.849,
    94.864,
    95.85100000000001,
    93.34800000000001,
    93.821,
    93.838,
    90.30199999999999,
    97.85600000000001,
    91.81900000000002,
    91.31,
    91.84299999999999,
    90.319,
    95.839,
    93.85900000000001,
    94.85000000000001,
    95.844,
