{
  "complexity": 1,
  "alpha": 0.2,
  "gamma": 0.95,
  "epsilon": 0.2,
  "extra_passages": 6,
  "avg_rewards": [
    -197.055999999999,
    8.551999999999726,
    55.02899999999988,
    78.7559999999999,
    61.502000000000066,
    52.486999999999625,
    62.575999999999816,
    73.17900000000006,
    80.62,
    82.87400000000002,
    68.15599999999996,
    73.21800000000046,
    72.3449999999999,
    83.46300000000001,
    89.78599999999997,
    89.316,
    79.08599999999983,
    86.159,
    93.832,
    95.56800000000001,
    92.09,
    94.626,
    95.08500000000001,
    85.82299999999998,
    89.36700000000002,
    92.218,
    87.33100000000002,
    90.02599999999998,
    87.76200000000001,
    90.48299999999999,
    92.927,
    96.77200000000002,
    95.733,
    96.183,
    94.486,
    95.95400000000001,
    97.773,
    91.821,
    95.30699999999999,
    96.67099999999999,
    95.692,
    96.34,
    92.82300000000001,
    94.78200000000001,
    93.28200000000001,
    96.33399999999999,
    94.29799999999999,
    97.32199999999999,
    96.829,
    95.813,
    98.34,
    97.36200000000001,
    96.365,
    96.865,
    95.87,
    98.37100000000001,
    95.876,
    94.871,
    96.358,
    94.857,
    95.86800000000001,
    95.86100000000002,
    97.334,
    95.358,
    96.856,
    97.874,
    98.367,
    96.872,
    97.37,
    95.851,
    96.372,
    97.376,
    94.86300000000001,
    95.858,
    96.352,
    97.364,
    95.86600000000001,
    97.876,
    97.861,
    96.86000000000001,
    97.866,
    96.85499999999999,
    98.368,
    98.84400000000001,
    97.366,
    97.858,
    97.381,
    98.368,
    95.86300000000001,
    97.363,
    97.373,
    93.867,
    97.869,
    97.37299999999999,
    99.866,
    98.378,
    95.85,
    97.353,
    98.35799999999999,
    95.857,
    97.374,
    96.35300000000001,
    94.376,
    97.37,
    96.37100000000001,
    96.365,
    98.86600000000001,
    94.86,
    98.37899999999999,
    95.355,
    96.85900000000001,
    97.841,
    95.846,
    99.36800000000001,
    96.855,
    96.858,
    97.87100000000001,
    97.37100000000001,
    97.35400000000001,
    96.873,
    95.867,
    95.856,
    96.377,
    95.869,
    96.364,
    95.856,
    98.35900000000001,
    98.375,
    95.375,
    97.36,
    98.35000000000001,
    97.35999999999999,
    96.37100000000001,
    95.347,
    97.857,
    97.369,
    98.357,
    97.874,
    95.36100000000002,
    95.86100000000002,
    95.369,
    96.361,
    97.36500000000001,
    96.863,
    96.35900000000001,
    94.364,
    98.36300000000001,
    97.36,
    96.85499999999999,
    94.353,
    96.86100000000002,
    98.86800000000001,
    94.86,
    95.35900000000001,
    93.865,
    95.364,
    94.874,
    97.86800000000001,
    98.87199999999999,
    97.869,
    94.86100000000002,
    97.36800000000001,
    97.35900000000001,
    98.355,
    97.345,
    97.36800000000001,
    98.856,
    95.86000000000001,
    96.855,
    97.862,
    96.86200000000001,
    98.372,
    98.357,
    95.86000000000001,
    97.343,
    97.866,
    96.372,
    96.84800000000001,
    95.86500000000001,
    97.36500000000001,
    97.87100000000001,
    97.812,
    96.373,
    96.869,
    96.874,
    97.85499999999999,
    96.364,
    99.35100000000001,
    94.839,
    98.877,
    95.36300000000001,
    97.347,
    98.856,
    97.864,
    95.36500000000001,
    96.866,
    95.853,
    93.358,
    96.356,
    98.88,
    97.858,
    97.35600000000001,
    98.864,
    96.85,
    96.365,
    96.357,
    96.872,
    96.86000000000001,
    94.859,
    97.87,
    97.873,
    99.36099999999999,
    97.873,
    97.36,
    98.36499999999998,
    94.85499999999999,
    96.86,
    96.367,
    96.867,
    97.36300000000001,
    96.867,
    97.363,
    96.378,
    97.86300000000001,
    95.86100000000002,
    93.852,
    97.868,
    94.86800000000001,
    98.37,
    96.865,
    96.86300000000001,
    97.863,
    92.864,
    96.361,
    97.36000000000001,
    95.365,
    95.35600000000001,
    97.352,
    98.364,
    96.35600000000001,
    96.354,
    95.35900000000001,
    95.877,
    97.373,
    97.876,
    98.373,
    95.36600000000001,
    93.869,
    97.352,
    96.35900000000001,
    97.872,
    93.357,
    92.86300000000001,
    97.36999999999999,
    95.87,
    97.85900000000001,
    95.864,
    97.85999999999999,
    95.849,
    97.86,
    99.36600000000001,
    97.858,
    96.869,
    97.86000000000001,
    95.368,
    95.85700000000001,
    97.356,
    97.86300000000001,
    98.371,
    96.85900000000001,
    93.35900000000001,
    96.36600000000001,
    97.371,
    98.36,
    94.84200000000001,
    94.85499999999999,
    95.34899999999999,
    98.345,
    97.868,
    92.35300000000001,
    93.272,
    96.857,
    97.869,
    98.374,
    96.36,
    95.855,
    98.365,
    97.86200000000001,
    95.865,
    94.863,
    98.86600000000001,
    95.361,
    93.351,
    95.343,
    94.85600000000001,
    95.357,
    95.871,
    95.36800000000001,
    97.863,
    94.86800000000001,
    97.362,
    96.863,
    95.355,
    97.36000000000001,
    97.36500000000001,
    93.869,
    96.372,
    97.86500000000001,
    96.857,
    95.86200000000001,
    99.36,
    97.85700000000001,
    97.86099999999999,
    96.352,
    96.86600000000001,
    92.36299999999999,
    98.373,
    98.36800000000001,
    94.865,
    96.869,
    98.872,
    96.86500000000001,
    96.362,
    97.364,
    95.86600000000001,
    96.856,
    95.86300000000001,
    97.862,
    97.378,
    96.87,
    97.34,
    97.377,
    95.86300000000001,
    97.869,
    94.875,
    95.873,
    95.85900000000001,
    98.869,
    97.36099999999999,
    95.86,
    97.864,
    98.369,
    96.36,
    96.345,
    95.85799999999999,
    97.374,
    97.881,
    95.874,
    98.84799999999998,
    97.374,
    96.85800000000002,
    95.862,
    96.87,
    96.85600000000001,
    96.34800000000001,
    98.852,
    93.35900000000001,
    97.367,
    95.85799999999999,
    96.86800000000001,
    98.365,
    96.869,
    97.865,
    98.36600000000001,
    96.861,
    95.86500000000001,
    95.87100000000001,
    97.36000000000001,
    97.368,
    97.874,
    95.353,
    97.85100000000001,
    96.86500000000001,
    97.37100000000001,
    95.32600000000001,
    96.367,
    96.857,
    97.36200000000001,
    97.863,
    97.86600000000001,
    98.86800000000001,
    95.36200000000001,
    93.365,
    89.834,
    95.864,
    94.861,
    96.869,
    95.343,
    96.86800000000001,
    96.86500000000001,
    96.869,
    96.367,
    92.85,
    96.855,
    97.36600000000001,
    96.875,
    95.861,
    97.35200000000002,
    98.875,
    95.873,
    95.86300000000001,
    94.865,
    97.86,
    96.868,
    97.866,
    94.35300000000001,
    94.85,
    93.366,
    96.37,
    97.87100000000001,
    95.364,
    95.372,
    97.85900000000001,
    97.85999999999999,
    98.875,
    95.865,
    97.355,
    95.369,
    97.86800000000001,
    97.868,
    97.367,
    94.85400000000001,
    96.858,
    99.369,
    97.369,
    95.332,
    97.844,
    97.35600000000001,
    95.852,
    97.861,
    96.86200000000001,
    92.839,
    96.852,
    97.862,
    97.374,
    98.36,
    98.36200000000001,
    95.36,
    95.35900000000001,
    95.354,
    99.868,
    94.36300000000001,
    98.863,
    97.873,
    94.36999999999999,
    97.86699999999999,
    93.33000000000001,
    96.869,
    96.863,
    98.356,
    93.869,
    96.368,
    96.85400000000001,
    96.36200000000001,
    97.858,
    98.362,
    97.87,
    96.366,
    97.37100000000001,
    97.87299999999999,
    95.873,
    95.863,
    95.851,
    96.364,
    97.872,
    96.355,
    99.374,
    92.85900000000001,
    97.36300000000001,
    96.366,
    97.374,
    98.358,
    97.36999999999999,
    96.864,
    94.34700000000001,
    95.864,
    96.364,
    97.86600000000001,
    97.85499999999999,
    96.364,
    95.821,
    96.362,
    96.876,
    97.84299999999999,
    97.861,
    96.87100000000001,
    98.864,
    96.357,
    96.852,
