{
  "complexity": 15,
  "alpha": 0.3,
  "gamma": 0.9,
  "epsilon": 0.2,
  "extra_passages": 0,
  "avg_rewards": [
    -988.4950000001836,
    -1347.3130000019532,
    -117.54399999999491,
    -255.30899999997428,
    -1249.1590000014733,
    -916.0720000010808,
    -1231.1110000014487,
    -961.4900000010687,
    -847.6170000010083,
    -210.5180000001381,
    -479.9320000005176,
    -1183.6520000018677,
    -998.757000002347,
    -1433.2940000033614,
    -286.0369999999615,
    -261.6459999999865,
    -266.6039999999658,
    -282.8009999999642,
    -2986.960999974734,
    -740.0600000017291,
    -1810.991000004825,
    -91.40899999998541,
    -446.0900000003873,
    12.732000000003532,
    -538.2490000010885,
    81.12799999999996,
    -58.15199999998409,
    -122.70599999997619,
    -121.85399999997705,
    68.63299999999997,
    41.78600000000125,
    -76.36399999999408,
    -644.3850000011088,
    -778.2880000020525,
    -638.4960000008576,
    -1046.308000001281,
    63.930999999999905,
    21.266000000005562,
    83.65399999999994,
    -3731.856999984826,
    -370.0630000006373,
    -783.4600000021985,
    -149.7979999999722,
    12.277000000005012,
    -399.4540000003837,
    -6.431999999994019,
    -258.97600000018997,
    -796.7680000009561,
    -34.622999999992054,
    -1563.3930000024573,
    -763.9280000010178,
    18.874000000003736,
    -2459.110999991076,
    -25.537999999990074,
    -1283.8640000016574,
    -145.69699999997366,
    -142.76500000005248,
    32.48900000000359,
    -43.27999999998686,
    47.724000000002356,
    6.664000000005785,
    79.77799999999986,
    79.75899999999987,
    74.18799999999945,
    79.67799999999963,
    -321.9990000003045,
    -1658.4950000010626,
    87.614,
    -788.1520000011504,
    81.11100000000005,
    85.00499999999997,
    48.53700000000225,
    89.73899999999999,
    85.41299999999998,
    91.13499999999999,
    64.79399999999994,
    87.48,
    78.07299999999992,
    84.71400000000021,
    -1389.9580000021922,
    86.72900000000003,
    84.58800000000002,
    58.087000000000636,
    65.85700000000082,
    54.5100000000016,
    77.93500000000022,
    -50.496999999990265,
    66.77399999999949,
    40.84800000000289,
    89.32,
    -187.5780000001196,
    54.99400000000104,
    79.01699999999967,
    88.29599999999999,
    -131.75800000002098,
    49.243000000000166,
    -152.39600000005873,
    -39.846999999990835,
    -33.95099999998962,
    -333.2760000003497,
    -185.33100000010705,
    87.58,
    -555.167000000738,
    37.656000000001995,
    -153.49299999998055,
    -9.053999999995224,
    64.21599999999974,
    94.128,
    76.85100000000014,
    68.04400000000089,
    73.81900000000044,
    88.391,
    52.54500000000132,
    68.04300000000049,
    56.999000000001594,
    -436.62500000051784,
    61.36199999999927,
    -524.2020000006462,
    87.87500000000003,
    85.58099999999999,
    91.43400000000001,
    91.089,
    -175.99100000008409,
    18.43700000000364,
    87.062,
    55.465000000001695,
    -452.32600000061746,
    22.32300000000359,
    -44.12299999999051,
    54.27100000000151,
    -197.47900000011595,
    31.365000000002897,
    86.99899999999998,
    51.009000000001905,
    52.853000000000556,
    31.10300000000249,
    -29.922999999986267,
    80.95999999999987,
    83.191,
    85.73399999999997,
    66.87900000000045,
    -336.81300000035156,
    19.787000000002482,
    36.0780000000023,
    4.9070000000049685,
    88.451,
    73.19000000000088,
    70.31200000000015,
    67.96599999999975,
    89.968,
    91.45199999999998,
    86.97400000000002,
    88.17800000000005,
    82.63900000000004,
    88.56099999999999,
    79.64099999999993,
    94.26,
    93.69199999999998,
    80.41199999999995,
    86.37899999999999,
    83.675,
    93.66100000000002,
    63.24700000000075,
    91.74100000000001,
    82.597,
    91.243,
    95.26,
    88.725,
    84.625,
    93.17599999999997,
    89.536,
    89.212,
    94.685,
    91.61799999999998,
    71.06800000000055,
    88.87599999999996,
    89.02799999999999,
    87.61699999999999,
    75.6250000000002,
    94.253,
    84.38899999999995,
    83.45799999999997,
    89.38099999999999,
    89.17200000000001,
    90.95899999999997,
    91.571,
    90.21099999999998,
    86.49399999999999,
    89.42999999999999,
    93.167,
    66.9320000000003,
    92.16600000000001,
    40.32500000000259,
    87.42699999999999,
    88.56800000000004,
    92.76400000000001,
    92.09,
    70.54700000000028,
    86.855,
    83.93699999999998,
    48.99200000000194,
    14.93600000000433,
    14.330000000003299,
    88.31499999999998,
    81.01699999999965,
    87.585,
    84.04799999999986,
    26.024000000001912,
    68.88300000000064,
    58.231000000001245,
    82.41599999999978,
    91.704,
    94.758,
    86.38200000000002,
    73.1280000000002,
    89.17999999999999,
    56.28900000000137,
    32.17000000000356,
    89.24699999999999,
    9.67300000000429,
    87.84900000000002,
    85.72099999999996,
    76.95799999999979,
    89.16199999999999,
    79.60799999999988,
    68.13300000000011,
    81.81199999999997,
    84.21299999999991,
    90.236,
    24.629000000003952,
    68.04900000000023,
    85.61099999999996,
    45.33600000000174,
    91.747,
    89.21099999999998,
    -65.25299999998988,
    72.3050000000001,
    7.62900000000531,
    79.89799999999987,
    91.434,
    90.66700000000002,
    83.846,
    89.916,
    88.58499999999994,
    91.702,
    85.69999999999999,
    91.23899999999999,
    91.91900000000004,
    86.78100000000002,
    88.139,
    81.68299999999988,
    88.61500000000001,
    83.75599999999997,
    -90.52599999998745,
    87.25199999999998,
    77.73099999999982,
    80.15399999999985,
    88.19500000000001,
    84.16600000000005,
    88.17699999999999,
    76.60600000000018,
    89.55799999999999,
    80.87999999999985,
    77.1049999999996,
    86.47400000000005,
    91.173,
    92.694,
    82.959,
    90.256,
    91.24000000000001,
    86.36300000000003,
    73.111,
    83.42199999999998,
    88.641,
    79.81299999999987,
    92.201,
    85.45100000000002,
    91.45299999999999,
    84.66499999999999,
    85.599,
    87.96,
    90.22999999999999,
    92.19199999999998,
    89.249,
    86.978,
    89.481,
    -94.15599999998872,
    30.774000000002946,
    91.168,
    94.242,
    88.769,
    93.28500000000001,
    -118.13700000000503,
    -5.502999999994158,
    11.129000000004414,
    81.98299999999992,
    88.07899999999998,
    -59.820999999989716,
    89.97699999999996,
    60.90400000000047,
    90.208,
    53.692000000001904,
    71.05700000000071,
    56.93600000000161,
    91.80099999999999,
    61.92500000000125,
    94.25399999999999,
    89.07300000000001,
    86.11400000000003,
    74.434,
    82.39200000000002,
    89.88500000000002,
    86.36400000000003,
    70.35900000000035,
    91.20599999999999,
    82.31899999999978,
    94.24900000000001,
    89.619,
    81.42899999999983,
    91.70200000000001,
    83.84599999999998,
    91.49800000000002,
    80.51599999999976,
    67.73900000000057,
    89.953,
    88.1,
    -48.907999999990906,
    -6.139999999994006,
    92.26699999999998,
    88.262,
    89.693,
    79.95100000000001,
    49.17300000000113,
    87.01299999999998,
    89.58599999999998,
    94.577,
    92.039,
    92.667,
    90.72600000000001,
    33.38500000000323,
    78.05099999999996,
    49.12200000000189,
    92.78599999999999,
    94.202,
    87.81999999999996,
    86.30699999999995,
    88.36,
    44.30500000000181,
    91.77999999999999,
    85.36800000000002,
    90.704,
    92.975,
    93.462,
    78.09300000000003,
    87.256,
    79.9829999999999,
    77.14599999999993,
    70.14100000000062,
    82.81699999999996,
    87.99299999999997,
    92.16399999999999,
    93.151,
    91.08300000000001,
    85.775,
    94.61500000000001,
    84.834,
    92.93800000000002,
    92.14500000000001,
    80.53299999999993,
    82.48799999999997,
    83.92699999999995,
