{
  "complexity": 13,
  "alpha": 0.2,
  "gamma": 0.85,
  "epsilon": 0.3,
  "extra_passages": 2,
  "avg_rewards": [
    -1019.0920000001163,
    -370.18899999999314,
    -534.0510000005207,
    -400.6290000000184,
    -601.3750000008203,
    -161.97199999999089,
    -1490.167000002304,
    -570.2760000005453,
    -170.07799999998878,
    -598.7000000006421,
    -124.99899999999359,
    -203.1699999999837,
    -57.605999999995255,
    -238.96999999998144,
    -197.47099999999125,
    -570.98700000041,
    -1661.2430000015163,
    -59.33499999999496,
    -252.6529999999801,
    -323.42999999997653,
    -574.9100000002003,
    -719.2780000010933,
    -351.8649999999723,
    -181.71099999998506,
    -582.057000000644,
    -816.7410000012104,
    -404.5000000004702,
    -181.59199999998276,
    -584.3770000008478,
    -22.636999999996647,
    -661.8800000001286,
    -180.00999999998578,
    -259.43599999997593,
    -509.6699999999575,
    -110.08599999999197,
    -4.793999999998779,
    -3142.560999978422,
    -13.986999999996277,
    -78.50599999999187,
    -198.40399999998056,
    -363.1530000003071,
    -205.69499999998135,
    -453.84600000018145,
    -487.2740000005285,
    -40.22299999999109,
    -1005.7290000011244,
    -912.6200000004541,
    -675.284000000664,
    -469.30699999995767,
    -152.69199999998295,
    -209.87099999998077,
    -2572.9409999913814,
    -3165.250999977503,
    -241.22300000006993,
    -333.74500000039325,
    -563.367000000417,
    -703.6570000005706,
    -229.73399999997406,
    -476.52000000064453,
    -292.03300000006584,
    -66.10999999999277,
    47.43000000000006,
    -523.3530000008693,
    -512.8290000007289,
    -276.0900000002108,
    -260.33300000001003,
    0.7600000000011832,
    -1045.0800000010809,
    36.91600000000192,
    -155.80899999998107,
    -161.65199999999,
    -12.748999999995753,
    -468.6930000005873,
    -128.93099999998523,
    -131.8309999999823,
    -8.110999999996958,
    -149.2289999999863,
    4.25100000000456,
    51.38899999999986,
    -84.11199999999073,
    -115.94599999998877,
    -271.7439999999703,
    -105.74399999998533,
    -2.8799999999930335,
    40.87600000000144,
    -227.73599999997367,
    11.849000000005098,
    29.558000000001186,
    37.82700000000042,
    -154.15599999998358,
    65.47499999999994,
    -49.01099999999069,
    13.029000000002998,
    11.273000000002956,
    -11.877999999994739,
    -67.3879999999899,
    11.404000000001068,
    55.30100000000077,
    51.73499999999956,
    -21.54399999999442,
    31.967000000003264,
    66.73499999999993,
    -244.62500000020728,
    -149.1139999999823,
    51.48700000000042,
    75.10299999999975,
    60.10000000000057,
    -73.79499999998953,
    43.60300000000233,
    83.431,
    -3.5809999999978075,
    0.3320000000027889,
    47.94400000000006,
    74.72199999999991,
    42.73700000000159,
    51.4840000000008,
    -34.01299999999243,
    5.043000000002545,
    56.39000000000001,
    62.61400000000002,
    43.73700000000027,
    52.033000000001756,
    -392.3480000006459,
    -48.491999999989375,
    67.29400000000024,
    0.20500000000597823,
    78.5919999999999,
    62.661999999999956,
    65.93699999999957,
    -60.25099999998868,
    -59.30899999998801,
    -272.11900000027504,
    -429.09500000065657,
    33.59000000000138,
    43.43700000000251,
    -114.5319999999836,
    60.18400000000016,
    70.53099999999995,
    -28.125999999990807,
    -7.1869999999952014,
    -193.4170000001149,
    -459.9700000007845,
    -169.7089999999802,
    -21.687999999992137,
    80.50699999999995,
    -25.134999999993372,
    -242.72100000024147,
    -11.904999999992686,
    -28.1729999999926,
    30.185000000002965,
    36.72500000000139,
    84.25000000000001,
    43.242000000000246,
    48.48400000000067,
    30.5010000000024,
    44.48400000000246,
    62.5420000000001,
    81.52199999999998,
    64.64499999999997,
    -6.7489999999914945,
    75.78,
    67.55900000000001,
    73.22199999999971,
    65.1140000000006,
    58.444000000001026,
    47.853000000001764,
    49.238000000000945,
    73.9629999999998,
    53.533000000001685,
    63.92999999999961,
    68.72799999999975,
    49.0490000000008,
    53.88200000000145,
    15.487000000001625,
    80.49499999999999,
    -148.40300000004942,
    14.673000000005521,
    13.444000000005605,
    -13.862999999993383,
    -125.95899999998478,
    49.37100000000028,
    -26.436999999993837,
    56.13600000000123,
    72.22299999999973,
    57.045000000001075,
    37.27800000000161,
    82.51200000000007,
    30.385000000002247,
    22.20200000000278,
    42.96300000000352,
    -49.06299999999079,
    39.72600000000349,
    79.72999999999999,
    13.748000000004087,
    37.2900000000014,
    88.39299999999999,
    93.00900000000001,
    84.88499999999998,
    59.43600000000114,
    41.735000000001904,
    44.79900000000238,
    42.39700000000273,
    66.98400000000075,
    4.97500000000675,
    70.40899999999996,
    76.11199999999997,
    -22.48799999999385,
    76.56500000000004,
    -38.61899999999148,
    74.73799999999999,
    59.021000000001195,
    61.17799999999962,
    55.037000000001754,
    77.557,
    68.67400000000023,
    -52.139999999988746,
    56.27699999999966,
    80.32699999999988,
    40.58200000000254,
    26.940000000003312,
    42.93200000000121,
    56.735000000000866,
    62.94000000000163,
    43.48500000000072,
    44.617000000001475,
    64.09100000000069,
    79.46499999999983,
    56.535000000001375,
    56.961000000001285,
    61.53300000000026,
    76.405,
    81.75600000000001,
    -232.91600000009345,
    46.244000000000426,
    47.80300000000161,
    -61.016999999987135,
    -95.5939999999852,
    74.43499999999975,
    75.9199999999998,
    -1.1109999999921967,
    -21.15499999999286,
    80.96200000000002,
    34.685000000003456,
    62.156000000001406,
    -34.75599999999088,
    24.213000000003724,
    27.504000000003124,
    56.260000000000765,
    66.3150000000007,
    57.36700000000029,
    66.175,
    86.66200000000002,
    13.994000000004217,
    74.28799999999976,
    18.909000000004525,
    -73.57499999998778,
    48.71700000000129,
    60.567000000000554,
    23.378000000004107,
    58.49799999999975,
    31.744000000003858,
    17.108000000003994,
    57.49200000000002,
    47.806000000001674,
    -110.16699999998566,
    -78.4039999999874,
    59.138000000000304,
    87.62699999999997,
    -13.598999999993486,
    67.65799999999999,
    21.934000000005074,
    72.59899999999986,
    27.974000000003592,
    -41.04099999999336,
    50.27300000000118,
    19.039000000005295,
    80.26099999999985,
    86.35499999999996,
    82.40799999999999,
    82.31500000000001,
    -48.99899999999252,
    22.651000000002664,
    14.282000000004626,
    55.061999999999955,
    32.349000000004345,
    72.97399999999985,
    52.04700000000152,
    8.852000000005429,
    37.88300000000359,
    73.80299999999987,
    78.529,
    88.66499999999999,
    85.73400000000001,
    87.74499999999999,
    84.696,
    22.623000000004538,
    80.99000000000001,
    90.748,
    84.54999999999995,
    85.612,
    78.05999999999995,
    66.01200000000037,
    88.20599999999999,
    28.327000000004745,
    82.26599999999998,
    65.75300000000088,
    87.32,
    48.15900000000214,
    36.470000000003424,
    76.995,
    21.957000000005404,
    63.462999999999646,
    19.33000000000399,
    51.82000000000168,
    75.95600000000006,
    9.917000000005979,
    73.63499999999968,
    56.51700000000149,
    67.79199999999993,
    32.06100000000246,
    82.55,
    54.75600000000104,
    82.84700000000001,
    77.32199999999969,
    76.31699999999987,
    78.0399999999996,
    85.49499999999998,
    79.04799999999999,
    75.44200000000001,
    -146.20200000004357,
    40.357000000003104,
    25.13600000000398,
    71.55899999999983,
    86.64199999999998,
    74.2979999999997,
    24.371000000002784,
    41.62500000000263,
    45.57200000000196,
