{
  "complexity": 14,
  "alpha": 0.3,
  "gamma": 0.85,
  "epsilon": 0.3,
  "extra_passages": 1,
  "avg_rewards": [
    -744.3870000000245,
    -1935.8860000002992,
    -385.353999999989,
    -412.05599999998077,
    -39.47099999999807,
    -99.35499999999573,
    18.103000000000595,
    -71.08199999999673,
    -321.62999999999,
    -281.09299999998353,
    -1183.8680000009358,
    -126.43799999999172,
    -1339.6180000011075,
    -9.539999999995688,
    -147.72899999999146,
    -93.9879999999932,
    -223.43200000003532,
    -1267.8760000009174,
    -416.5800000000419,
    -705.6900000004825,
    6.4210000000002765,
    3.313999999999538,
    37.65500000000043,
    49.06299999999982,
    3.7010000000004766,
    -169.17200000003226,
    -460.4870000002444,
    -114.86999999999391,
    -395.2370000000664,
    -7.099999999998604,
    -164.17899999999614,
    24.236000000001912,
    -40.33399999999649,
    58.324999999999974,
    31.155000000001216,
    -74.67399999999573,
    -324.7950000000664,
    -375.12800000015943,
    -136.07999999999313,
    -18.929999999997634,
    -97.17999999999617,
    -40.19199999999712,
    -62.003999999996495,
    -148.23200000001006,
    -362.77900000022686,
    -230.8540000000954,
    20.564000000001254,
    -155.9089999999928,
    8.84000000000157,
    46.42899999999973,
    -282.2929999999899,
    -156.38199999998994,
    -730.3240000005254,
    -146.632000000015,
    -73.02499999999496,
    -239.2950000000843,
    -142.44499999999408,
    26.938000000000194,
    -400.1170000001926,
    -418.4500000002487,
    -89.95799999999272,
    -13.297999999996563,
    -144.2210000000038,
    10.578000000001193,
    15.431000000001077,
    55.78000000000012,
    -53.05599999999568,
    -130.06899999999263,
    -120.08099999999338,
    -38.5929999999961,
    -120.51399999999248,
    -192.51000000006817,
    43.10399999999968,
    71.275,
    76.96000000000006,
    64.44499999999991,
    54.934000000000104,
    45.33900000000056,
    32.630000000001175,
    64.18000000000004,
    32.86300000000102,
    53.15500000000035,
    58.74799999999972,
    79.87700000000002,
    79.93499999999997,
    82.03399999999995,
    69.80199999999999,
    -11.21099999999846,
    78.973,
    80.57399999999998,
    74.90499999999997,
    31.058000000001197,
    79.866,
    81.11200000000001,
    81.90599999999999,
    72.14200000000002,
    77.443,
    78.62299999999996,
    76.4379999999999,
    78.80000000000003,
    79.33199999999997,
    83.61599999999999,
    75.16999999999994,
    83.30799999999998,
    80.32700000000003,
    79.57300000000002,
    83.679,
    83.62400000000002,
    75.53599999999999,
    61.969000000000804,
    59.62400000000107,
    75.92799999999984,
    74.52199999999989,
    77.51299999999996,
    80.64700000000002,
    78.31800000000003,
    84.97899999999998,
    79.44099999999999,
    86.31599999999997,
    87.1,
    85.19400000000002,
    86.15599999999999,
    77.46,
    77.29799999999999,
    21.415000000001374,
    73.075,
    -92.82999999999313,
    38.28700000000081,
    64.48999999999997,
    47.56300000000069,
    79.914,
    15.020000000001676,
    70.13000000000002,
    57.89499999999989,
    63.967000000000425,
    75.50499999999998,
    71.95099999999994,
    47.40100000000121,
    62.04799999999996,
    65.97300000000004,
    73.2909999999999,
    77.869,
    21.267000000001172,
    -118.66599999999312,
    16.04700000000152,
    -117.24599999999259,
    68.22900000000011,
    78.78299999999999,
    65.73800000000013,
    77.22500000000002,
    69.52099999999987,
    52.154000000000494,
    65.35799999999993,
    83.17999999999999,
    78.50799999999998,
    -36.370999999996165,
    81.672,
    73.48600000000002,
    74.71799999999999,
    84.21999999999998,
    79.82300000000001,
    81.48299999999999,
    46.92900000000063,
    74.54799999999985,
    77.096,
    83.67600000000002,
    71.44899999999987,
    77.62100000000001,
    39.38000000000114,
    26.832000000001937,
    -19.1079999999965,
    80.016,
    76.042,
    68.84899999999986,
    82.12900000000002,
    72.53599999999994,
    74.45799999999988,
    85.056,
    66.30700000000022,
    72.44000000000004,
    87.463,
    83.58200000000001,
    81.11600000000001,
    -38.03599999999667,
    32.43500000000145,
    74.13299999999995,
    73.01299999999995,
    51.662000000000276,
    30.973000000001775,
    67.754,
    72.77899999999991,
    80.66599999999998,
    67.26500000000013,
    88.736,
    67.358,
    50.18800000000046,
    68.31399999999994,
    56.860999999999876,
    93.72800000000001,
    80.82199999999993,
    77.49600000000001,
    78.06499999999998,
    -10.626999999997413,
    83.14199999999998,
    82.63599999999997,
    71.374,
    91.261,
    85.664,
    86.715,
    72.91499999999995,
    81.676,
    80.623,
    81.91599999999998,
    83.66499999999996,
    85.10300000000002,
    64.79200000000003,
    -29.625999999996157,
    56.715999999999894,
    77.14200000000002,
    79.12899999999999,
    70.78999999999999,
    79.73599999999996,
    74.37299999999998,
    58.29600000000062,
    85.662,
    87.881,
    78.934,
    86.173,
    80.265,
    84.62100000000001,
    81.71000000000001,
    84.65899999999999,
    76.66799999999995,
    88.01299999999999,
    81.054,
    78.704,
    83.138,
    81.424,
    85.066,
    71.289,
    81.11,
    82.619,
    87.12299999999998,
    80.48599999999996,
    85.46099999999998,
    80.67699999999999,
    73.31400000000004,
    63.493000000000094,
    76.21,
    68.46199999999986,
    82.86799999999998,
    36.38100000000108,
    78.86599999999999,
    -7.31499999999686,
    79.658,
    83.559,
    78.06800000000001,
    31.83900000000126,
    84.00600000000001,
    84.06800000000001,
    20.34800000000131,
    70.88399999999996,
    62.597000000000506,
    79.89900000000002,
    82.54499999999999,
    79.026,
    69.50099999999985,
    74.26699999999987,
    81.155,
    64.0370000000004,
    68.79899999999991,
    58.20500000000036,
    82.671,
    79.94299999999997,
    88.175,
    77.75999999999992,
    78.98600000000002,
    65.08200000000018,
    83.602,
    82.55100000000002,
    75.74499999999999,
    85.517,
    74.292,
    65.56899999999982,
    89.623,
    84.32,
    88.96399999999997,
    84.148,
    85.011,
    82.56199999999998,
    76.02899999999995,
    87.17999999999999,
    89.72999999999999,
    90.26799999999999,
    91.252,
    90.71400000000001,
    85.709,
    85.18999999999998,
    87.75800000000001,
    87.26599999999999,
    84.695,
    86.268,
    85.694,
    82.756,
    86.624,
    87.751,
    67.90899999999995,
    76.16600000000003,
    81.67599999999999,
    80.062,
    81.89699999999996,
    84.82700000000001,
    67.64000000000004,
    59.856000000000016,
    84.41899999999998,
    73.09199999999983,
    75.37300000000002,
    80.58099999999999,
    82.71799999999999,
    82.91799999999998,
    87.759,
    83.11800000000001,
    77.678,
    84.515,
    82.22099999999999,
    85.07300000000004,
    87.78,
    78.769,
    86.277,
    81.24199999999999,
    79.40500000000002,
    87.24299999999998,
    83.751,
    85.98599999999996,
    84.179,
    84.69699999999999,
    89.54499999999999,
    86.07000000000001,
    82.22699999999995,
    87.21,
    83.75800000000001,
    80.16399999999999,
    82.214,
    83.225,
    88.199,
    83.682,
    82.181,
    85.09299999999999,
    82.67100000000002,
    82.04499999999999,
    78.058,
    68.25000000000017,
    82.279,
    89.765,
    79.57,
    85.70500000000001,
    89.249,
    85.69800000000001,
    84.11500000000001,
    85.547,
    81.05200000000002,
    64.39100000000012,
    84.707,
    85.739,
    57.53400000000086,
    83.04999999999998,
    82.64500000000001,
    40.071000000001916,
    0.009000000002775722,
    86.604,
    88.89699999999999,
    68.21800000000015,
    87.57799999999999,
    76.34299999999989,
    89.68700000000001,
    81.12299999999999,
    84.08899999999998,
    84.40799999999999,
