{
  "complexity": 2,
  "alpha": 0.3,
  "gamma": 0.95,
  "epsilon": 0.1,
  "extra_passages": 13,
  "avg_rewards": [
    -454.80499999999785,
    23.708000000000123,
    65.64299999999994,
    89.326,
    82.07900000000002,
    84.228,
    79.94300000000001,
    85.88899999999998,
    89.06799999999996,
    91.36699999999999,
    81.36299999999997,
    73.56399999999971,
    91.08899999999998,
    93.432,
    78.67499999999976,
    73.69899999999954,
    84.41700000000009,
    92.075,
    94.40700000000001,
    85.91399999999997,
    80.57600000000001,
    74.89099999999917,
    96.886,
    92.66799999999999,
    96.03900000000002,
    93.489,
    96.62199999999999,
    93.429,
    93.3,
    96.684,
    94.595,
    92.775,
    93.904,
    94.22200000000001,
    96.07700000000001,
    94.6,
    83.9769999999994,
    96.187,
    99.178,
    97.061,
    93.99700000000001,
    97.113,
    94.65599999999999,
    98.208,
    96.202,
    97.703,
    98.721,
    97.76699999999998,
    94.45000000000002,
    97.27200000000002,
    97.833,
    95.697,
    97.252,
    98.239,
    98.331,
    97.825,
    95.73499999999999,
    98.24000000000001,
    98.777,
    99.30199999999999,
    98.314,
    99.33400000000002,
    97.32400000000003,
    99.181,
    98.82600000000001,
    99.32900000000002,
    97.33200000000001,
    98.32700000000001,
    98.81800000000001,
    98.806,
    98.83100000000002,
    98.826,
    96.774,
    98.821,
    96.321,
    97.834,
    98.826,
    97.815,
    98.83500000000001,
    98.833,
    99.245,
    99.32699999999998,
    97.833,
    99.32400000000001,
    97.826,
    96.321,
    97.833,
    96.808,
    98.319,
    96.822,
    97.31400000000001,
    98.828,
    99.329,
    98.33400000000002,
    98.32600000000001,
    98.819,
    96.28800000000001,
    99.324,
    99.829,
    98.83100000000002,
    96.81500000000001,
    97.828,
    95.83200000000002,
    99.82000000000001,
    99.327,
    98.82900000000002,
    97.825,
    98.82300000000001,
    98.33000000000001,
    98.798,
    98.82300000000001,
    98.307,
    96.33500000000001,
    97.83000000000001,
    98.316,
    95.319,
    98.32300000000001,
    98.328,
    96.33,
    99.83,
    98.307,
    99.32300000000001,
    95.81400000000001,
    96.82100000000001,
    98.81300000000002,
    96.82,
    99.32900000000001,
    95.82000000000001,
    97.808,
    97.326,
    99.33000000000001,
    95.825,
    96.33500000000001,
    98.825,
    98.818,
    97.83200000000001,
    95.827,
    98.828,
    98.82000000000001,
    98.821,
    96.82199999999999,
    99.32700000000001,
    97.83099999999999,
    97.83400000000002,
    96.822,
    96.337,
    95.829,
    94.31400000000001,
    98.82300000000001,
    98.831,
    98.327,
    98.81200000000001,
    99.321,
    97.834,
    97.81700000000001,
    98.329,
    97.328,
    97.82100000000001,
    96.32900000000001,
    98.319,
    97.83600000000001,
    96.32600000000001,
    97.83200000000002,
    97.82399999999998,
    98.827,
    96.82500000000002,
    97.326,
    98.311,
    97.81000000000002,
    96.81300000000002,
    98.821,
    98.315,
    98.81800000000001,
    96.83100000000002,
    98.814,
    99.31800000000001,
    97.33300000000001,
    95.80700000000002,
    98.322,
    95.296,
    97.32500000000002,
    96.319,
    99.81700000000001,
    97.81200000000001,
    97.829,
    97.32100000000001,
    97.821,
    98.826,
    97.81199999999998,
    96.33000000000001,
    97.31900000000002,
    97.819,
    98.30000000000001,
    97.329,
    98.32900000000002,
    98.81000000000002,
    98.22,
    97.321,
    96.831,
    98.81200000000001,
    99.325,
    94.31099999999999,
    97.316,
    97.824,
    98.328,
    99.33100000000002,
    98.31700000000001,
    97.32800000000002,
    98.328,
    97.816,
    98.327,
    97.326,
    98.333,
    96.821,
    99.32600000000002,
    97.826,
    96.32600000000001,
    97.324,
    97.329,
    99.332,
    97.82499999999999,
    97.326,
    97.311,
    97.312,
    98.828,
    97.825,
    99.32800000000002,
    97.82900000000002,
    97.31499999999998,
    98.31499999999998,
    98.818,
    99.32300000000001,
    98.326,
    98.32000000000001,
    99.33800000000001,
    98.32300000000001,
    97.816,
    95.81500000000001,
    97.79100000000001,
    97.318,
    98.319,
    95.812,
    94.33000000000001,
    96.824,
    96.81899999999999,
    98.81800000000001,
    98.838,
    99.333,
    97.32600000000001,
    97.309,
    99.822,
    98.821,
    97.83200000000001,
    98.328,
    96.81400000000001,
    98.32900000000001,
    98.823,
    99.33300000000001,
    99.33500000000001,
    96.83,
    98.328,
    99.828,
    98.327,
    97.324,
    98.324,
    97.82400000000001,
    97.83600000000001,
    97.33300000000001,
    98.81600000000002,
    94.816,
    97.32399999999998,
    97.327,
    97.83300000000001,
    98.81400000000001,
    98.31299999999999,
    97.306,
    97.33200000000002,
    98.334,
    97.31800000000001,
    97.333,
    95.814,
    98.329,
    98.828,
    98.83200000000001,
    97.326,
    98.833,
    98.829,
    98.83200000000001,
    98.83700000000002,
    98.822,
    98.299,
    99.32600000000001,
    96.33700000000002,
    98.82399999999998,
    98.296,
    97.33,
    95.83500000000001,
    97.32100000000001,
    96.33500000000001,
    99.32900000000001,
    95.82200000000002,
    96.80499999999999,
    98.33800000000001,
    97.329,
    95.827,
    99.33,
    98.82900000000001,
    98.83999999999999,
    96.325,
    98.81200000000001,
    98.326,
    98.339,
    98.826,
    98.333,
    97.332,
    98.331,
    96.32300000000001,
    98.82500000000002,
    98.824,
    96.315,
    96.81300000000002,
    97.248,
    95.82900000000002,
    98.325,
    94.323,
    98.306,
    98.831,
    96.83600000000001,
    97.829,
    96.34200000000001,
    96.33000000000001,
    98.324,
    99.827,
    97.828,
    96.33800000000001,
    99.33800000000001,
    98.326,
    98.82600000000001,
    98.83300000000001,
    97.81800000000001,
    98.827,
    96.82100000000001,
    96.83200000000002,
    97.84100000000001,
    96.318,
    98.31400000000001,
    98.319,
    96.336,
    99.325,
    96.28300000000002,
    97.81300000000002,
    97.828,
    97.327,
    98.84,
    97.83300000000001,
    97.821,
    97.83,
    96.83399999999999,
    91.32000000000001,
    96.33400000000002,
    96.82300000000001,
    98.32300000000001,
    98.33200000000002,
    99.337,
    98.82000000000001,
    98.829,
    98.83800000000001,
    96.822,
    98.818,
    96.82800000000002,
    96.321,
    95.32700000000001,
    98.822,
    97.30499999999999,
    98.829,
    98.83600000000001,
    97.82400000000001,
    97.32300000000002,
    98.83100000000002,
    96.33000000000001,
    96.83300000000001,
    98.31800000000001,
    87.27899999999998,
    99.33100000000002,
    97.33099999999999,
    98.825,
    96.31399999999998,
    98.311,
    98.33200000000002,
    95.32500000000002,
    96.32300000000001,
    98.33300000000001,
    98.327,
    95.327,
    99.83400000000002,
    96.824,
    96.81700000000001,
    94.33500000000001,
    97.82000000000001,
    96.328,
    97.83500000000001,
    98.32900000000001,
    98.316,
    97.835,
    98.83,
    98.835,
    98.335,
    97.818,
    98.331,
    99.33800000000001,
    97.33700000000002,
    96.81200000000001,
    97.336,
    97.82900000000002,
    98.33099999999999,
    98.32300000000001,
    93.769,
    97.799,
    97.313,
    98.33500000000001,
    96.83099999999999,
    98.829,
    97.83000000000001,
    99.33000000000001,
    95.828,
    98.828,
    97.81899999999999,
    98.825,
    98.828,
    98.32300000000001,
    96.328,
    98.83400000000002,
    97.82300000000001,
    97.82000000000002,
    97.328,
    95.327,
    97.324,
    98.329,
    95.81600000000002,
    98.327,
    97.328,
    98.324,
    97.32200000000002,
    96.831,
    97.811,
    98.83000000000001,
    98.328,
    94.80799999999999,
    96.81500000000001,
    96.816,
    96.331,
