{
  "complexity": 6,
  "alpha": 0.2,
  "gamma": 0.9,
  "epsilon": 0.1,
  "extra_passages": 9,
  "avg_rewards": [
    -430.1849999999984,
    -48.90499999999956,
    46.493000000000464,
    54.997999999999685,
    38.65500000000069,
    33.82100000000019,
    72.46999999999991,
    78.21699999999986,
    42.597000000005764,
    75.00999999999992,
    62.252999999999645,
    91.64899999999997,
    78.62600000000022,
    84.20799999999994,
    75.83299999999997,
    80.13400000000004,
    75.37700000000021,
    86.34199999999996,
    88.11799999999991,
    74.92500000000003,
    73.61199999999918,
    89.691,
    88.02499999999998,
    92.46000000000001,
    92.35300000000002,
    92.78,
    74.5709999999995,
    96.05499999999994,
    96.602,
    97.611,
    92.04399999999998,
    91.18300000000002,
    79.7959999999988,
    88.43999999999983,
    91.23599999999995,
    85.5850000000002,
    96.29700000000001,
    91.67999999999999,
    89.90099999999991,
    83.36400000000026,
    84.80799999999992,
    96.563,
    94.08099999999997,
    78.6990000000001,
    93.62100000000001,
    96.08200000000001,
    96.29100000000003,
    94.28900000000003,
    94.95399999999992,
    95.1029999999999,
    94.16999999999993,
    86.58900000000003,
    87.45799999999966,
    96.27099999999999,
    96.78900000000002,
    93.49200000000002,
    97.473,
    94.67600000000002,
    97.16000000000001,
    98.75500000000001,
    98.31300000000002,
    96.23400000000001,
    98.715,
    92.02000000000001,
    95.7,
    96.10100000000001,
    99.10500000000002,
    96.80200000000002,
    96.57700000000001,
    98.29700000000001,
    97.33200000000002,
    97.83000000000001,
    96.826,
    96.836,
    98.34500000000001,
    96.32800000000002,
    96.82300000000001,
    97.834,
    98.33800000000001,
    97.83200000000002,
    97.83600000000001,
    97.33600000000001,
    97.33400000000002,
    97.33700000000002,
    97.33700000000002,
    96.33200000000001,
    96.33600000000001,
    98.328,
    97.83700000000002,
    98.84200000000001,
    98.83500000000001,
    98.831,
    96.82500000000002,
    98.34100000000001,
    97.834,
    96.34,
    96.333,
    97.33200000000002,
    99.843,
    98.837,
    98.833,
    97.83600000000001,
    95.81800000000001,
    97.828,
    99.33100000000002,
    97.336,
    97.81700000000001,
    97.82600000000001,
    98.833,
    98.335,
    98.321,
    99.34100000000002,
    98.83300000000001,
    98.33200000000002,
    98.33400000000002,
    97.328,
    97.328,
    96.83200000000002,
    98.33900000000001,
    97.334,
    97.34100000000002,
    98.84100000000002,
    98.846,
    97.32700000000003,
    96.329,
    97.83600000000001,
    97.83100000000002,
    95.345,
    97.83599999999998,
    96.83300000000001,
    96.33400000000002,
    98.33400000000002,
    96.73600000000002,
    98.83900000000003,
    99.32300000000001,
    98.34600000000002,
    98.34000000000002,
    98.34100000000001,
    98.84300000000002,
    96.84400000000001,
    96.83600000000001,
    96.838,
    97.831,
    99.343,
    97.832,
    97.33000000000001,
    98.339,
    95.33800000000001,
    97.331,
    97.83000000000001,
    98.82700000000001,
    96.327,
    98.84,
    97.83100000000002,
    97.328,
    97.33500000000001,
    97.837,
    97.33400000000002,
    94.34100000000002,
    98.84400000000001,
    97.33500000000001,
    94.83300000000001,
    98.829,
    98.33800000000001,
    98.33500000000001,
    97.833,
    97.33700000000002,
    96.831,
    95.33100000000002,
    95.33400000000002,
    96.81800000000001,
    97.83800000000001,
    99.33500000000001,
    98.83900000000001,
    97.33200000000002,
    96.342,
    98.83200000000001,
    97.83500000000001,
    97.33800000000001,
    98.333,
    98.33400000000002,
    97.84100000000002,
    98.33700000000002,
    99.33800000000001,
    95.33600000000003,
    95.83300000000001,
    96.33100000000002,
    97.841,
    98.824,
    98.33500000000001,
    98.82500000000002,
    99.33300000000001,
    98.81400000000001,
    97.82700000000001,
    98.334,
    94.835,
    99.84500000000001,
    98.333,
    98.34,
    97.32700000000003,
    98.34200000000001,
    98.82500000000002,
    96.33800000000001,
    97.333,
    96.831,
    98.83500000000001,
    96.321,
    97.84100000000001,
    96.82900000000001,
    98.83500000000002,
    98.84200000000001,
    98.84200000000001,
    98.34100000000001,
    97.83800000000002,
    98.333,
    99.819,
    98.83099999999999,
    96.83800000000001,
    97.33300000000001,
    96.831,
    98.34600000000002,
    98.834,
    98.328,
    98.836,
    98.33400000000002,
    97.83600000000001,
    98.33900000000001,
    97.338,
    97.84200000000001,
    97.32300000000001,
    95.83900000000001,
    98.33900000000001,
    94.33600000000001,
    98.331,
    97.339,
    97.33500000000001,
    98.33099999999999,
    98.34200000000001,
    96.33100000000002,
    98.33900000000001,
    97.32400000000001,
    97.83400000000002,
    98.33700000000002,
    96.33300000000001,
    94.82400000000001,
    99.33200000000001,
    98.336,
    97.84100000000001,
    98.84000000000002,
    99.33200000000001,
    97.83600000000001,
    98.83400000000002,
    98.33700000000002,
    99.826,
    98.33300000000001,
    98.33600000000001,
    97.84400000000002,
    98.33300000000001,
    97.83900000000003,
    98.33900000000003,
    98.33800000000001,
    96.83500000000001,
    98.83200000000002,
    97.83800000000001,
    98.34100000000001,
    98.81899999999999,
    97.81500000000001,
    98.83000000000001,
    97.33000000000001,
    99.343,
    97.319,
    98.34200000000001,
    97.83100000000002,
    97.828,
    98.328,
    97.826,
    98.824,
    97.32900000000001,
    97.328,
    98.828,
    97.31900000000002,
    96.84200000000001,
    97.33500000000001,
    96.827,
    96.826,
    98.34700000000001,
    99.33000000000001,
    98.834,
    97.33600000000001,
    97.32800000000002,
    97.33100000000002,
    99.33599999999998,
    98.33900000000003,
    99.34200000000001,
    96.82300000000001,
    96.33800000000001,
    96.82400000000001,
    99.33300000000001,
    97.33100000000002,
    98.84,
    95.831,
    98.33099999999999,
    97.83300000000001,
    97.34,
    97.828,
    97.32700000000001,
    98.83200000000001,
    97.31899999999999,
    97.83600000000001,
    97.837,
    96.329,
    97.83600000000001,
    96.83500000000001,
    95.33200000000002,
    98.824,
    98.33600000000001,
    96.328,
    97.811,
    97.324,
    97.83699999999999,
    98.84,
    98.82600000000001,
    97.33099999999999,
    98.83500000000001,
    98.32500000000002,
    98.33300000000001,
    98.33500000000002,
    97.34200000000001,
    99.332,
    97.32900000000001,
    97.84200000000001,
    96.343,
    97.84100000000001,
    98.327,
    97.83700000000002,
    95.824,
    98.83500000000001,
    98.83800000000001,
    96.84100000000001,
    98.33300000000001,
    96.33200000000002,
    99.33300000000001,
    98.83600000000001,
    96.83700000000002,
    98.33600000000003,
    99.34100000000002,
    99.33500000000001,
    97.82500000000002,
    97.82800000000002,
    98.328,
    98.32600000000001,
    97.84200000000001,
    99.33700000000002,
    96.83000000000001,
    96.831,
    98.83700000000002,
    99.329,
    98.83800000000002,
    98.343,
    98.83000000000001,
    98.33400000000002,
    98.84000000000002,
    96.83200000000001,
    97.83900000000001,
    98.33100000000002,
    98.82400000000003,
    96.343,
    96.33000000000001,
    97.83600000000001,
    96.34100000000001,
    97.83600000000003,
    96.32900000000001,
    98.33900000000001,
    98.34,
    97.33599999999998,
    96.829,
    97.32999999999998,
    97.34100000000001,
    97.33200000000001,
    99.334,
    95.82200000000003,
    96.92000000000002,
    97.831,
    97.84000000000002,
    96.33600000000003,
    98.33100000000002,
    98.33700000000002,
    97.834,
    97.829,
    97.33500000000001,
    98.32600000000002,
    96.33500000000001,
