{
  "complexity": 4,
  "alpha": 0.3,
  "gamma": 0.85,
  "epsilon": 0.3,
  "extra_passages": 11,
  "avg_rewards": [
    -517.5949999999963,
    -66.00499999999911,
    -144.47199999999592,
    2.421000000000788,
    -1.097999999999422,
    -27.748999999995455,
    22.17899999999984,
    21.981000000000442,
    6.465999999999674,
    0.30100000000122973,
    53.4129999999999,
    26.161000000001813,
    55.082999999999956,
    47.58999999999954,
    36.24500000000002,
    53.07499999999948,
    34.03699999999972,
    61.62099999999996,
    58.06099999999991,
    53.30599999999977,
    41.654999999999504,
    35.74099999999989,
    36.18800000000145,
    51.42999999999993,
    61.21000000000006,
    45.1320000000005,
    65.3169999999998,
    52.89099999999995,
    67.60799999999986,
    78.36900000000001,
    64.29199999999966,
    51.64099999999954,
    58.85199999999977,
    54.758999999999915,
    66.62699999999987,
    66.24799999999996,
    78.353,
    75.71100000000003,
    81.20899999999997,
    58.91699999999971,
    51.22699999999999,
    70.05300000000007,
    47.715999999999646,
    57.05900000000072,
    79.51699999999995,
    67.76999999999997,
    77.873,
    84.13399999999997,
    61.071000000000005,
    74.684,
    77.04200000000003,
    62.08399999999996,
    75.39399999999985,
    59.73199999999956,
    82.578,
    -88.51999999999036,
    83.06199999999998,
    65.94299999999991,
    76.0809999999998,
    78.547,
    88.18399999999998,
    87.38600000000015,
    82.60799999999999,
    81.38600000000001,
    79.05799999999998,
    81.47200000000004,
    72.06199999999998,
    75.1809999999999,
    71.87699999999995,
    72.26399999999978,
    79.35900000000004,
    87.13499999999996,
    75.84399999999974,
    79.4629999999998,
    82.81,
    72.85199999999989,
    76.3339999999998,
    73.70899999999999,
    82.76500000000001,
    74.28100000000009,
    79.96100000000001,
    70.37199999999996,
    60.29199999999971,
    68.31299999999992,
    68.97799999999991,
    82.05599999999997,
    76.81,
    79.54899999999998,
    82.24000000000001,
    81.42500000000003,
    89.84200000000001,
    79.91599999999998,
    79.41999999999994,
    67.89999999999998,
    87.65799999999999,
    78.717,
    82.617,
    88.16299999999998,
    80.43499999999997,
    84.949,
    64.52100000000067,
    75.63400000000004,
    87.47999999999999,
    84.612,
    83.92400000000006,
    89.32399999999996,
    77.38499999999962,
    87.17,
    94.14699999999999,
    95.62899999999999,
    89.19699999999995,
    83.37899999999999,
    88.34200000000001,
    92.541,
    87.84500000000004,
    90.093,
    84.059,
    92.712,
    93.176,
    90.227,
    91.611,
    91.19,
    89.057,
    91.07799999999999,
    89.49300000000001,
    90.65800000000002,
    89.703,
    92.74600000000001,
    79.92299999999992,
    91.05799999999998,
    91.09899999999998,
    91.69399999999999,
    93.72,
    96.76999999999998,
    88.258,
    88.24,
    91.76400000000001,
    90.26399999999998,
    93.25099999999999,
    90.28800000000001,
    90.179,
    90.17399999999998,
    90.27899999999998,
    91.265,
    90.22500000000001,
    93.243,
    94.70599999999999,
    93.769,
    89.78799999999998,
    93.26199999999999,
    91.78,
    91.23600000000002,
    92.70500000000001,
    96.782,
    92.245,
    93.286,
    94.779,
    90.24900000000001,
    84.744,
    85.67999999999998,
    85.53200000000001,
    94.119,
    88.74100000000001,
    87.96799999999999,
    85.4489999999999,
    88.68199999999999,
    94.628,
    90.51,
    90.676,
    94.11600000000001,
    87.026,
    90.73999999999998,
    86.64,
    92.63900000000001,
    92.09,
    93.796,
    91.12999999999998,
    89.71599999999998,
    91.67,
    82.62700000000001,
    92.242,
    91.682,
    91.27000000000001,
    85.01499999999997,
    92.73499999999999,
    91.766,
    96.76599999999999,
    93.76500000000001,
    91.27499999999998,
    95.766,
    91.726,
    92.213,
    94.69500000000001,
    95.242,
    94.753,
    91.227,
    89.26599999999999,
    89.15899999999999,
    89.65599999999999,
    90.221,
    92.74499999999999,
    94.77099999999999,
    89.287,
    95.773,
    95.752,
    92.221,
    82.74399999999993,
    90.28500000000001,
    90.25999999999999,
    95.27100000000002,
    91.212,
    90.741,
    91.254,
    90.767,
    94.753,
    91.79499999999999,
    92.18700000000001,
    89.25899999999999,
    94.74600000000001,
    89.788,
    93.773,
    92.74299999999998,
    95.76999999999998,
    91.753,
    92.761,
    93.228,
    90.67699999999999,
    87.75399999999999,
    90.777,
    92.249,
    90.28600000000002,
    91.288,
    92.233,
    91.29100000000001,
    93.75900000000001,
    94.76500000000001,
    90.787,
    88.26299999999999,
    89.29299999999999,
    88.77000000000001,
    93.77400000000002,
    88.28500000000001,
    94.25,
    94.28099999999999,
    88.26,
    92.275,
    90.78299999999999,
    92.28399999999999,
    92.78900000000002,
    90.257,
    91.27600000000001,
    95.78299999999999,
    93.26000000000002,
    95.81,
    91.79400000000001,
    91.27699999999999,
    91.769,
    93.775,
    89.18800000000002,
    93.25800000000001,
    95.29,
    92.79299999999999,
    92.787,
    90.27900000000001,
    90.277,
    90.747,
    89.272,
    89.304,
    94.779,
    89.74300000000002,
    93.751,
    92.76199999999999,
    90.22399999999999,
    91.25,
    91.248,
    86.752,
    90.274,
    88.73100000000002,
    91.281,
    95.776,
    92.776,
    88.198,
    92.755,
    91.775,
    93.275,
    87.273,
    90.78299999999999,
    90.128,
    85.10799999999999,
    91.271,
    91.773,
    92.246,
    90.26899999999998,
    90.248,
    90.74199999999999,
    93.789,
    94.75900000000001,
    91.745,
    86.21199999999999,
    90.28,
    90.611,
    89.29299999999998,
    93.276,
    92.729,
    92.803,
    92.77799999999999,
    91.213,
    92.77400000000002,
    92.774,
    92.787,
    91.287,
    89.28900000000002,
    93.796,
    93.298,
    88.243,
    93.76500000000001,
    91.262,
    90.778,
    92.244,
    91.78399999999999,
    93.767,
    92.80299999999998,
    89.74199999999999,
    92.749,
    92.81,
    89.243,
    91.76800000000001,
    93.29399999999998,
    93.783,
    91.773,
    95.80199999999999,
    92.30199999999999,
    86.743,
    91.292,
    90.252,
    93.81199999999998,
    87.77900000000002,
    90.25900000000001,
    92.26799999999999,
    96.277,
    94.77600000000001,
    87.76700000000001,
    91.788,
    93.258,
    92.309,
    95.26500000000001,
    88.269,
    89.766,
    89.234,
    95.28300000000002,
    92.228,
    93.301,
    94.28699999999999,
    92.28300000000002,
    92.74300000000001,
    88.791,
    90.76100000000001,
    90.238,
    92.18999999999998,
    91.78599999999999,
    91.278,
    91.768,
    94.212,
    91.796,
    92.27600000000001,
    92.78099999999999,
    91.772,
    92.78599999999999,
    94.303,
    87.81300000000002,
    93.274,
    90.302,
    90.289,
    92.772,
    91.28,
    93.75999999999999,
    91.797,
    91.777,
    95.79599999999999,
    94.78399999999999,
    92.303,
    91.716,
    91.779,
    92.303,
    90.27499999999999,
    90.77799999999999,
    93.258,
    92.29799999999997,
    94.79999999999998,
    90.26799999999999,
    91.221,
    94.28,
    92.26700000000002,
    90.73599999999999,
    91.77799999999999,
    90.755,
    88.744,
    91.758,
    95.77,
    90.792,
    87.797,
    87.76,
    92.75999999999999,
    98.271,
    91.80199999999999,
    92.302,
    94.285,
    87.75200000000001,
    87.697,
    92.777,
    90.78900000000002,
    95.78600000000002,
    94.738,
    90.279,
    91.75899999999999,
    93.77899999999998,
    92.258,
    93.306,
    90.74100000000001,
    92.25300000000001,
    92.804,
    91.71600000000001,
    95.277,
    94.309,
    93.28899999999999,
    90.785,
    92.729,
    90.73500000000001,
    92.74700000000001,
    91.762,
    92.285,
