{
  "complexity": 6,
  "alpha": 0.3,
  "gamma": 0.85,
  "epsilon": 0.3,
  "extra_passages": 1,
  "avg_rewards": [
    -287.12299999999726,
    -193.25899999999538,
    16.407000000000007,
    43.181999999999775,
    -33.59499999999755,
    -30.520999999998253,
    -78.19399999999288,
    25.021000000001717,
    -55.8799999999949,
    -79.38999999999271,
    -422.91400000051397,
    -519.8560000004813,
    -777.8720000011124,
    -18.112999999996866,
    -9.691999999997396,
    -41.05299999999397,
    20.78600000000063,
    41.36800000000103,
    53.280999999999594,
    51.18799999999976,
    23.43800000000018,
    52.6760000000002,
    66.25900000000003,
    -47.025999999994724,
    46.92400000000114,
    27.949000000002815,
    80.39500000000002,
    41.508000000001594,
    78.79599999999982,
    74.40199999999966,
    75.75399999999995,
    78.77299999999966,
    74.41500000000002,
    85.556,
    82.76299999999999,
    89.62700000000001,
    84.62799999999999,
    88.67,
    92.12400000000001,
    87.679,
    87.583,
    80.20199999999977,
    79.58899999999983,
    83.36300000000003,
    93.85499999999999,
    90.139,
    90.57399999999998,
    87.785,
    86.07100000000001,
    91.82499999999999,
    87.51400000000001,
    88.15299999999999,
    94.779,
    74.35300000000038,
    91.126,
    88.14500000000001,
    85.21099999999998,
    92.304,
    89.18599999999999,
    85.64400000000002,
    91.23700000000001,
    90.748,
    88.56500000000003,
    94.802,
    93.834,
    96.297,
    91.164,
    89.816,
    90.271,
    88.64299999999999,
    89.67600000000002,
    87.08000000000007,
    90.91499999999999,
    87.48899999999998,
    -62.94699999999487,
    89.782,
    87.654,
    65.59900000000005,
    72.82100000000011,
    81.94199999999996,
    89.54399999999998,
    88.47700000000002,
    92.737,
    86.071,
    85.11799999999998,
    90.261,
    92.78699999999999,
    93.297,
    87.46000000000001,
    89.92600000000002,
    90.69500000000001,
    95.723,
    92.115,
    93.714,
    93.81800000000001,
    89.72500000000001,
    88.673,
    80.09199999999997,
    97.29100000000001,
    91.218,
    80.503,
    88.68900000000001,
    90.79100000000001,
    83.17699999999999,
    90.17800000000001,
    92.29400000000001,
    92.296,
    91.325,
    89.318,
    90.05999999999999,
    89.245,
    95.28600000000002,
    92.11299999999999,
    93.22600000000001,
    93.2,
    95.746,
    93.28200000000001,
    92.81400000000001,
    93.315,
    90.74000000000001,
    90.731,
    93.809,
    95.346,
    91.31800000000001,
    89.255,
    89.78899999999999,
    92.818,
    93.82300000000001,
    93.81300000000002,
    93.78600000000002,
    93.672,
    93.33800000000001,
    92.281,
    91.71799999999999,
    88.271,
    87.285,
    90.61800000000001,
    92.32399999999998,
    89.894,
    91.772,
    86.99300000000002,
    90.782,
    91.31200000000001,
    91.78200000000001,
    93.84900000000002,
    86.34,
    87.786,
    83.37100000000001,
    78.16000000000005,
    87.62100000000001,
    93.32300000000001,
    83.31899999999995,
    82.86199999999994,
    87.80999999999997,
    93.315,
    90.75699999999999,
    93.33200000000001,
    90.73800000000001,
    90.75900000000001,
    88.754,
    93.789,
    85.274,
    88.266,
    90.238,
    87.14499999999998,
    85.01399999999998,
    88.763,
    90.779,
    92.245,
    89.62100000000001,
    88.40799999999999,
    88.824,
    87.256,
    91.80800000000002,
    96.325,
    94.84900000000002,
    89.816,
    89.274,
    92.32900000000001,
    89.32100000000003,
    95.349,
    92.296,
    95.81400000000001,
    94.828,
    93.356,
    89.84,
    91.33600000000001,
    92.83200000000001,
    91.338,
    95.31899999999999,
    91.32300000000001,
    91.333,
    93.85400000000001,
    93.34700000000001,
    94.831,
    92.27499999999999,
    87.798,
    92.775,
    90.82000000000001,
    92.822,
    91.792,
    91.324,
    94.32700000000003,
    87.14400000000003,
    88.805,
    93.78200000000001,
    91.225,
    93.83,
    94.32900000000001,
    87.75699999999999,
    95.8,
    90.34,
    93.285,
    90.798,
    90.284,
    93.837,
    92.333,
    90.30900000000001,
    92.336,
    93.32499999999999,
    92.297,
    89.82300000000001,
    91.328,
    92.327,
    92.321,
    92.713,
    93.334,
    93.826,
    89.32600000000001,
    89.82000000000001,
    90.328,
    91.29799999999999,
    90.835,
    90.825,
    85.898,
    90.629,
    84.1869999999999,
    90.56900000000003,
    89.69000000000001,
    93.30800000000002,
    89.761,
    89.30499999999999,
    91.821,
    94.304,
    88.82700000000003,
    93.821,
    88.82100000000001,
    91.32500000000002,
    93.33000000000001,
    90.33000000000001,
    88.227,
    85.078,
    93.75500000000001,
    96.82300000000001,
    93.311,
    91.83099999999999,
    93.821,
    93.84400000000001,
    94.321,
    93.83400000000002,
    90.85100000000001,
    93.326,
    91.828,
    94.835,
    92.32600000000002,
    93.852,
    92.32900000000001,
    95.34100000000001,
    91.822,
    92.80800000000002,
    93.331,
    91.815,
    89.692,
    93.33000000000001,
    94.325,
    90.838,
    89.832,
    94.293,
    93.852,
    94.33099999999999,
    93.799,
    88.297,
    92.81400000000001,
    93.33500000000001,
    93.805,
    88.64099999999999,
    97.307,
    94.33700000000002,
    92.776,
    90.31,
    91.845,
    92.336,
    94.853,
    92.82300000000001,
    93.839,
    86.33800000000001,
    93.841,
    93.836,
    93.356,
    91.81,
    95.33200000000001,
    90.309,
    87.83200000000001,
    92.835,
    90.81800000000001,
    92.768,
    93.32500000000002,
    89.329,
    90.338,
    91.799,
    92.313,
    93.33500000000001,
    91.831,
    93.811,
    89.811,
    89.83900000000001,
    91.826,
    91.33200000000001,
    91.82000000000001,
    94.33399999999999,
    89.19399999999999,
    89.79100000000001,
    91.26899999999999,
    89.80099999999999,
    91.28100000000002,
    95.82500000000002,
    94.83300000000001,
    92.85,
    94.32600000000001,
    91.348,
    93.338,
    91.84400000000001,
    94.843,
    90.229,
    86.05399999999995,
    93.148,
    87.8,
    91.81500000000001,
    92.32300000000001,
    91.80999999999999,
    93.31200000000001,
    93.824,
    92.352,
    94.302,
    91.248,
    92.31600000000002,
    91.33200000000001,
    93.33500000000001,
    91.33300000000001,
    90.341,
    91.824,
    94.34100000000001,
    95.83800000000001,
    95.334,
    91.83400000000002,
    94.82199999999999,
    89.83800000000001,
    91.33200000000001,
    93.842,
    91.83,
    90.31800000000001,
    93.83300000000001,
    90.343,
    90.821,
    93.827,
    94.297,
    92.32200000000002,
    93.34799999999998,
    92.31500000000001,
    93.787,
    95.361,
    91.33000000000001,
    89.825,
    95.33099999999999,
    93.329,
    92.33300000000001,
    90.316,
    90.305,
    91.351,
    89.348,
    90.33099999999999,
    92.827,
    92.845,
    87.829,
    94.85300000000001,
    93.846,
    93.324,
    92.328,
    93.328,
    93.34200000000001,
    95.34100000000001,
    89.829,
    93.82500000000002,
    92.34899999999999,
    85.336,
    91.829,
    93.323,
    95.85,
    91.32499999999999,
    93.31000000000002,
    91.85400000000001,
    90.836,
    90.842,
    92.838,
    89.29499999999999,
    92.81,
    91.299,
    95.821,
    91.842,
    92.33099999999999,
    93.31000000000002,
    91.82500000000002,
    90.282,
    89.26199999999999,
    88.781,
    91.74600000000001,
    90.24600000000001,
    91.76200000000001,
    94.35900000000001,
    93.78800000000001,
    92.80300000000001,
    92.843,
    90.333,
    93.337,
    92.83900000000001,
    90.33300000000001,
    91.309,
    91.31800000000001,
    92.85000000000001,
    87.29899999999999,
    92.31700000000001,
    84.10600000000001,
    92.787,
    85.47099999999998,
    91.83599999999998,
    95.33100000000002,
    88.81200000000001,
    93.313,
