{
  "complexity": 2,
  "alpha": 0.1,
  "gamma": 0.95,
  "epsilon": 0.1,
  "extra_passages": 13,
  "avg_rewards": [
    -471.81899999999797,
    17.13300000000013,
    60.8819999999997,
    60.27200000000145,
    70.27999999999999,
    63.25000000000006,
    69.30100000000007,
    67.69899999999986,
    54.7369999999993,
    74.19200000000002,
    85.81699999999996,
    75.59500000000021,
    90.127,
    89.32899999999998,
    89.86699999999999,
    85.0759999999997,
    89.74199999999993,
    89.58599999999997,
    89.73399999999997,
    95.18099999999998,
    90.50100000000006,
    93.076,
    79.94499999999991,
    93.40299999999999,
    88.81499999999998,
    90.98199999999997,
    87.36800000000002,
    91.75100000000002,
    85.06999999999996,
    91.857,
    91.86999999999999,
    93.601,
    95.408,
    96.09100000000001,
    91.81099999999996,
    90.14399999999998,
    94.74000000000001,
    93.59200000000001,
    95.94900000000001,
    86.95899999999997,
    97.09700000000001,
    91.61199999999997,
    92.24800000000002,
    94.89699999999999,
    91.17199999999994,
    91.998,
    96.52700000000002,
    93.225,
    91.695,
    97.661,
    95.82500000000002,
    95.00900000000001,
    95.51700000000001,
    97.373,
    96.015,
    95.661,
    97.095,
    96.457,
    94.72299999999998,
    97.549,
    97.12700000000001,
    94.398,
    98.114,
    97.583,
    97.569,
    97.563,
    98.023,
    95.588,
    96.73500000000001,
    98.042,
    94.749,
    96.444,
    96.69700000000002,
    97.173,
    97.452,
    95.215,
    97.88000000000001,
    97.461,
    95.41400000000002,
    98.58000000000001,
    95.36000000000001,
    96.79500000000002,
    95.64300000000003,
    97.36100000000003,
    93.80700000000003,
    95.741,
    99.21700000000001,
    98.677,
    95.72500000000001,
    97.58600000000001,
    93.25799999999998,
    97.65700000000001,
    99.695,
    92.50600000000001,
    99.11300000000001,
    98.723,
    96.15100000000001,
    97.095,
    94.92100000000002,
    98.02699999999999,
    99.71000000000001,
    98.77000000000001,
    95.75500000000001,
    98.783,
    98.72900000000001,
    98.19600000000001,
    97.09100000000002,
    98.59000000000002,
    98.80800000000002,
    97.75500000000001,
    97.77600000000002,
    98.30100000000002,
    96.78800000000001,
    98.313,
    98.29,
    97.325,
    97.22999999999999,
    98.80100000000002,
    97.283,
    97.83100000000002,
    98.23100000000001,
    96.744,
    98.177,
    97.19500000000002,
    98.81900000000002,
    98.311,
    98.81800000000001,
    98.804,
    97.81300000000002,
    96.73400000000001,
    96.828,
    98.82800000000002,
    97.799,
    96.32200000000002,
    99.83900000000001,
    97.836,
    97.31900000000002,
    96.804,
    98.30300000000001,
    99.79000000000002,
    96.271,
    97.79900000000002,
    98.79800000000002,
    96.81600000000002,
    99.34200000000001,
    97.32,
    98.83400000000002,
    98.33500000000001,
    98.33600000000001,
    98.84400000000001,
    98.33900000000001,
    95.83,
    98.34600000000002,
    99.33100000000002,
    98.833,
    97.82700000000003,
    97.753,
    97.33000000000001,
    97.33200000000001,
    99.34,
    99.32800000000002,
    98.84000000000002,
    98.83900000000001,
    97.83500000000001,
    98.33800000000001,
    97.836,
    97.83800000000001,
    98.332,
    98.33300000000003,
    98.326,
    99.33399999999999,
    97.33800000000001,
    97.84,
    98.32300000000001,
    98.334,
    99.33800000000002,
    98.34,
    98.79800000000002,
    97.82900000000001,
    98.32400000000003,
    96.31000000000002,
    98.83900000000001,
    95.83200000000001,
    98.328,
    96.83700000000002,
    98.83300000000001,
    98.82900000000001,
    98.83500000000001,
    97.82600000000001,
    97.33200000000001,
    98.84400000000001,
    97.33500000000001,
    98.333,
    97.83200000000001,
    99.331,
    97.83300000000001,
    97.33599999999998,
    97.83500000000001,
    94.84200000000001,
    97.83500000000001,
    96.843,
    98.831,
    97.33000000000001,
    97.342,
    98.33599999999998,
    97.84100000000001,
    98.33100000000002,
    98.33700000000002,
    97.841,
    98.84200000000001,
    99.83000000000001,
    96.83000000000001,
    98.83900000000001,
    99.33800000000002,
    99.33600000000001,
    98.34100000000002,
    97.816,
    98.33500000000001,
    97.84200000000001,
    99.33900000000001,
    97.33700000000002,
    98.833,
    98.33000000000001,
    99.33800000000001,
    99.83200000000001,
    98.834,
    98.33,
    98.83900000000001,
    99.33200000000002,
    98.33900000000001,
    97.33100000000002,
    98.33800000000001,
    99.83800000000001,
    97.81199999999998,
    98.34100000000001,
    98.33400000000002,
    97.83100000000002,
    98.33900000000001,
    97.83900000000001,
    97.83500000000001,
    98.33500000000001,
    98.32900000000001,
    98.331,
    99.34100000000002,
    98.34400000000002,
    98.829,
    98.32900000000001,
    99.33100000000002,
    97.32700000000003,
    98.339,
    97.83800000000001,
    97.34,
    98.34500000000001,
    98.334,
    97.826,
    96.82699999999998,
    98.34200000000001,
    99.33900000000003,
    98.33100000000002,
    98.82399999999998,
    97.83000000000001,
    96.343,
    96.834,
    99.33300000000001,
    98.83200000000001,
    98.84200000000001,
    98.33300000000001,
    96.83500000000002,
    97.83,
    97.338,
    98.322,
    98.33800000000001,
    96.825,
    98.33500000000001,
    98.825,
    98.83400000000002,
    98.343,
    99.32999999999998,
    97.336,
    98.824,
    98.83200000000001,
    98.328,
    97.83800000000002,
    99.32800000000002,
    98.33700000000002,
    98.83400000000002,
    98.836,
    98.842,
    97.834,
    96.83900000000001,
    98.84000000000002,
    98.837,
    96.83700000000002,
    98.82700000000003,
    96.83000000000001,
    97.82300000000001,
    98.32800000000002,
    97.832,
    96.83099999999999,
    98.828,
    97.84200000000001,
    98.34400000000001,
    99.829,
    98.335,
    98.83500000000002,
    98.34100000000002,
    99.34,
    96.33400000000002,
    95.82900000000002,
    97.33500000000001,
    97.834,
    98.821,
    98.83300000000001,
    97.84400000000001,
    99.83800000000001,
    98.33700000000002,
    97.83600000000001,
    98.836,
    96.83500000000001,
    99.33600000000001,
    98.33900000000001,
    97.839,
    98.34299999999999,
    97.83600000000001,
    98.83500000000001,
    96.332,
    98.33800000000001,
    99.33099999999999,
    99.336,
    98.32900000000001,
    98.83500000000001,
    96.83800000000001,
    98.33500000000001,
    99.83800000000002,
    98.83600000000001,
    96.33200000000001,
    97.33500000000001,
    97.79400000000001,
    98.84300000000002,
    99.84200000000001,
    98.83600000000001,
    98.33600000000003,
    97.324,
    99.34,
    96.83600000000001,
    98.33600000000003,
    98.34400000000002,
    97.81400000000001,
    96.834,
    99.32000000000001,
    98.336,
    99.33300000000001,
    98.334,
    96.833,
    97.32000000000001,
    99.338,
    98.326,
    98.32900000000001,
    97.83600000000001,
    97.825,
    98.82600000000001,
    99.33500000000001,
    98.34200000000001,
    97.32600000000002,
    99.32700000000001,
    97.83200000000001,
    98.838,
    97.32800000000002,
    98.83200000000001,
    98.33400000000002,
    97.83800000000001,
    98.828,
    98.33700000000002,
    97.33600000000003,
    98.84,
    99.33300000000001,
    97.31800000000001,
    98.333,
    98.33700000000002,
    97.83300000000001,
    97.83500000000001,
    97.83200000000002,
    99.83900000000001,
    97.346,
    98.337,
    97.825,
    98.83800000000001,
    98.33399999999999,
    98.84,
    97.82900000000002,
    96.33800000000001,
    98.303,
    97.84200000000001,
    97.83600000000001,
    95.82800000000002,
    97.83400000000002,
    97.33700000000002,
    98.83200000000001,
    97.331,
    96.82700000000003,
    97.83400000000002,
