{
  "complexity": 5,
  "alpha": 0.3,
  "gamma": 0.85,
  "epsilon": 0.1,
  "extra_passages": 2,
  "avg_rewards": [
    -196.59899999999928,
    -42.1239999999983,
    84.478,
    80.38299999999995,
    72.73600000000008,
    84.47100000000005,
    68.313,
    -59.84699999995761,
    47.70900000000073,
    76.77199999999996,
    91.39299999999994,
    88.31300000000006,
    88.83599999999991,
    91.97499999999998,
    80.67299999999867,
    82.10399999999898,
    21.87000000000529,
    91.56499999999997,
    71.3679999999982,
    95.994,
    90.24599999999991,
    72.6629999999997,
    84.86300000000008,
    92.49999999999997,
    59.845000000006735,
    80.68100000000081,
    62.80400000000101,
    92.69500000000008,
    96.387,
    85.25800000000022,
    89.61799999999953,
    94.48399999999995,
    82.54099999999895,
    82.59699999999881,
    78.28900000000057,
    91.58200000000012,
    94.57099999999984,
    97.12699999999998,
    96.80199999999999,
    94.83600000000001,
    93.97399999999996,
    95.913,
    94.67699999999999,
    98.616,
    92.38000000000004,
    98.161,
    96.432,
    96.80399999999993,
    96.03200000000001,
    96.82499999999999,
    96.27799999999992,
    65.29200000000468,
    93.8079999999999,
    97.85,
    96.489,
    95.11800000000001,
    98.074,
    93.37799999999994,
    95.43299999999988,
    97.25000000000003,
    96.68599999999998,
    98.314,
    96.78999999999999,
    92.38000000000015,
    93.609,
    98.375,
    97.374,
    99.376,
    98.86699999999999,
    97.366,
    97.86099999999999,
    97.364,
    97.375,
    97.869,
    97.872,
    97.323,
    96.874,
    99.857,
    98.371,
    98.87,
    97.369,
    98.368,
    98.367,
    96.364,
    99.363,
    98.36699999999999,
    96.375,
    98.36699999999999,
    98.87100000000001,
    99.375,
    96.86999999999999,
    96.374,
    97.31700000000001,
    98.377,
    97.378,
    97.363,
    97.875,
    96.881,
    98.875,
    95.375,
    97.864,
    98.37100000000001,
    96.36600000000001,
    97.87899999999999,
    98.37199999999999,
    99.376,
    98.86999999999998,
    98.37899999999999,
    98.271,
    97.36999999999999,
    98.367,
    99.373,
    98.87499999999999,
    96.367,
    99.369,
    99.377,
    96.87899999999999,
    95.878,
    97.853,
    96.878,
    99.376,
    99.86699999999999,
    97.372,
    97.876,
    98.871,
    97.88,
    98.37699999999998,
    99.36999999999999,
    96.876,
    98.88199999999999,
    99.872,
    98.374,
    97.362,
    98.37899999999999,
    95.857,
    97.368,
    98.372,
    96.37100000000001,
    99.38,
    97.375,
    98.38199999999999,
    98.375,
    96.87299999999999,
    98.88199999999999,
    99.376,
    99.373,
    96.865,
    97.36999999999999,
    96.372,
    96.374,
    98.37100000000001,
    98.873,
    98.37899999999999,
    97.875,
    96.377,
    98.369,
    96.376,
    98.88,
    99.875,
    97.374,
    98.85099999999998,
    99.376,
    98.877,
    98.363,
    96.375,
    98.874,
    96.876,
    98.874,
    97.875,
    98.361,
    97.369,
    98.88,
    98.38,
    97.86699999999999,
    99.38199999999999,
    98.878,
    97.375,
    98.381,
    99.37899999999999,
    97.872,
    98.37,
    97.863,
    98.877,
    98.37899999999999,
    98.878,
    98.363,
    99.372,
    98.36999999999999,
    99.37499999999999,
    98.38199999999999,
    99.86999999999999,
    96.87499999999999,
    98.375,
    97.87100000000001,
    96.371,
    98.366,
    95.877,
    97.372,
    97.37899999999999,
    97.875,
    97.86999999999999,
    98.877,
    98.874,
    96.86800000000001,
    98.877,
    96.37,
    96.375,
    98.374,
    99.366,
    96.375,
    96.877,
    97.87899999999999,
    96.374,
    97.87100000000001,
    95.377,
    97.871,
    98.876,
    97.878,
    97.374,
    97.383,
    96.86999999999999,
    99.369,
    97.875,
    98.37,
    99.38199999999999,
    98.369,
    98.375,
    97.876,
    97.87199999999999,
    97.373,
    97.881,
    97.381,
    95.383,
    95.358,
    96.866,
    97.381,
    96.363,
    98.37199999999999,
    99.372,
    96.878,
    97.374,
    98.362,
    99.37199999999999,
    96.87899999999999,
    98.376,
    98.38,
    99.378,
    97.372,
    98.88,
    97.37100000000001,
    98.381,
    97.88,
    98.375,
    98.381,
    97.373,
    97.87299999999999,
    98.37899999999999,
    99.37899999999999,
    97.875,
    98.869,
    99.369,
    97.86699999999999,
    97.373,
    99.369,
    99.875,
    98.878,
    98.871,
    98.86699999999999,
    97.383,
    98.37899999999999,
    97.863,
    96.368,
    96.872,
    98.38,
    97.366,
    97.86699999999999,
    97.87100000000001,
    98.364,
    97.853,
    97.86999999999999,
    99.878,
    98.366,
    98.87899999999999,
    96.867,
    98.376,
    97.88,
    98.367,
    98.377,
    97.36999999999999,
    96.873,
    98.373,
    99.381,
    98.36699999999999,
    98.868,
    96.38,
    98.374,
    95.86999999999999,
    99.376,
    97.875,
    98.373,
    97.37899999999999,
    97.37299999999999,
    97.378,
    98.374,
    98.877,
    99.37100000000001,
    97.878,
    96.862,
    98.37100000000001,
    96.373,
    98.36999999999999,
    98.876,
    98.376,
    95.86999999999999,
    97.86600000000001,
    97.376,
    99.373,
    98.88499999999999,
    98.37899999999999,
    97.37299999999999,
    98.878,
    99.365,
    97.87899999999999,
    97.875,
    99.372,
    95.868,
    94.875,
    96.877,
    97.37899999999999,
    96.876,
    99.372,
    98.88,
    96.876,
    98.38,
    98.381,
    96.86600000000001,
    98.875,
    99.366,
    98.87499999999999,
    98.376,
    99.376,
    97.877,
    97.371,
    98.875,
    97.374,
    97.871,
    96.37100000000001,
    97.87899999999999,
    95.373,
    98.371,
    98.381,
    96.875,
    98.36799999999998,
    98.875,
    96.87100000000001,
    96.37299999999999,
    97.371,
    98.376,
    96.883,
    97.875,
    97.378,
    99.368,
    96.865,
    96.875,
    99.881,
    96.881,
    99.362,
    97.876,
    98.88199999999999,
    97.878,
    98.37199999999999,
    99.875,
    98.37899999999999,
    99.375,
    98.865,
    97.87899999999999,
    98.368,
    99.37899999999999,
    98.36800000000001,
    97.874,
    96.37899999999999,
    99.38199999999999,
    97.883,
    99.376,
    96.878,
    98.38,
    98.361,
    98.377,
    98.381,
    98.878,
    98.37899999999999,
    97.87899999999999,
    98.874,
    98.381,
    96.87,
    97.87100000000001,
    98.374,
    98.375,
    98.38,
    99.38,
    96.37899999999999,
    97.877,
    98.877,
    96.873,
    96.373,
    98.87,
    96.375,
    97.876,
    97.87,
    98.376,
    96.377,
    98.36800000000001,
    99.374,
    98.369,
    96.375,
    98.378,
    97.376,
    98.37199999999999,
    97.363,
    97.87100000000001,
    97.37100000000001,
    96.87100000000001,
    97.869,
    97.876,
    97.875,
    96.37199999999999,
    96.375,
    99.37899999999999,
    97.874,
    99.87100000000001,
    95.877,
    99.377,
    98.873,
    98.877,
    96.87199999999999,
    96.87100000000001,
    97.87899999999999,
    98.377,
    97.369,
    98.383,
    97.871,
    98.877,
    96.87299999999999,
    99.37899999999999,
    99.86699999999999,
    97.87100000000001,
    98.381,
    97.878,
    98.38199999999999,
    98.36000000000001,
    96.877,
    99.872,
    99.38,
    98.87100000000001,
    97.876,
    98.38,
    99.372,
    97.378,
    97.87199999999999,
    97.378,
    97.36999999999999,
    98.862,
    99.37899999999999,
    97.876,
    99.37899999999999,
    98.381,
    97.369,
    97.876,
    98.37100000000001,
    97.878,
    97.869,
    99.381,
    98.372,
    98.876,
    98.381,
    94.365,
    99.381,
    99.878,
    97.378,
    98.876,
    97.37499999999999,
    99.377,
    98.878,
    99.377,
    98.36500000000001,
    98.875,
    97.37899999999999,
    99.373,
    97.87100000000001,
    98.875,
    98.37199999999999,
    96.872,
    99.865,
    99.381,
    95.86699999999999,
    95.87,
    98.371,
