{
  "complexity": 6,
  "alpha": 0.2,
  "gamma": 0.95,
  "epsilon": 0.2,
  "extra_passages": 9,
  "avg_rewards": [
    -483.6719999999974,
    -85.92099999999633,
    -10.344999999999734,
    59.04399999999998,
    -163.55100000000334,
    64.39299999999983,
    23.230000000000093,
    59.47699999999993,
    65.74899999999994,
    40.759000000002786,
    76.15100000000001,
    84.184,
    92.27799999999999,
    76.36100000000008,
    83.64099999999999,
    75.71499999999997,
    73.60800000000006,
    73.444,
    88.13599999999997,
    75.67999999999998,
    83.06300000000002,
    66.59899999999996,
    80.567,
    86.23899999999999,
    82.75199999999997,
    83.06900000000009,
    88.619,
    90.932,
    76.77999999999977,
    76.75299999999973,
    -67.78499999997595,
    84.39399999999996,
    88.10299999999998,
    89.03999999999996,
    68.91600000000102,
    82.51500000000001,
    77.70199999999988,
    12.282000000009756,
    46.95400000000093,
    44.018000000003056,
    90.67999999999999,
    87.386,
    82.72500000000001,
    88.97100000000003,
    87.94600000000003,
    76.82199999999973,
    70.75099999999988,
    78.75300000000016,
    68.89299999999942,
    90.39699999999999,
    85.83900000000006,
    86.8909999999999,
    87.90300000000003,
    87.147,
    84.39699999999996,
    93.71600000000001,
    93.691,
    88.95599999999999,
    91.622,
    92.147,
    74.66700000000115,
    92.19200000000001,
    92.372,
    77.8759999999993,
    90.868,
    93.938,
    89.41900000000003,
    94.72600000000001,
    87.26400000000001,
    80.90799999999993,
    83.15599999999986,
    89.94699999999997,
    91.64800000000012,
    67.52800000000214,
    95.293,
    66.76800000000155,
    96.591,
    90.43199999999997,
    94.184,
    93.97800000000001,
    92.754,
    94.20899999999999,
    96.65600000000002,
    93.69300000000001,
    90.63200000000002,
    94.77799999999999,
    90.78599999999999,
    95.32700000000001,
    94.28400000000002,
    95.25399999999999,
    93.804,
    93.71800000000002,
    93.25399999999999,
    93.77600000000001,
    95.821,
    94.80799999999999,
    94.309,
    94.312,
    94.815,
    95.82300000000001,
    93.311,
    97.827,
    94.83000000000001,
    93.805,
    92.795,
    95.819,
    94.30700000000002,
    94.796,
    93.26500000000001,
    95.32300000000002,
    97.299,
    96.82199999999999,
    93.313,
    94.291,
    96.32000000000001,
    94.32300000000002,
    96.328,
    96.30599999999997,
    94.80099999999999,
    94.327,
    96.31400000000001,
    97.33000000000001,
    93.80900000000003,
    96.83000000000001,
    94.826,
    96.31800000000001,
    95.83099999999999,
    95.81700000000002,
    96.315,
    95.822,
    93.818,
    93.80600000000001,
    94.32,
    95.31199999999998,
    94.822,
    96.828,
    95.81400000000001,
    94.31899999999999,
    95.29600000000002,
    96.316,
    95.32000000000001,
    91.32300000000001,
    92.80799999999999,
    94.808,
    92.304,
    95.807,
    93.826,
    96.32500000000002,
    96.318,
    93.304,
    92.292,
    92.81500000000003,
    95.82300000000001,
    92.319,
    95.312,
    94.325,
    91.32500000000002,
    93.81800000000001,
    94.805,
    93.30799999999999,
    93.30300000000001,
    96.324,
    94.305,
    93.33,
    95.32200000000002,
    97.32000000000002,
    96.809,
    92.23400000000001,
    92.81500000000001,
    95.31900000000002,
    96.83000000000001,
    96.317,
    98.315,
    95.31800000000001,
    97.81200000000001,
    97.32300000000001,
    94.328,
    89.31800000000001,
    95.32600000000001,
    94.31500000000001,
    96.326,
    95.81200000000001,
    92.816,
    96.319,
    91.806,
    96.30699999999999,
    94.81400000000002,
    93.311,
    97.82400000000001,
    91.81600000000002,
    92.81700000000001,
    95.808,
    93.305,
    93.31099999999999,
    95.77199999999999,
    93.30999999999999,
    96.31899999999999,
    95.827,
    95.32500000000002,
    95.318,
    96.32600000000001,
    96.83000000000001,
    95.296,
    93.81700000000001,
    96.322,
    93.796,
    93.316,
    94.28999999999999,
    94.31800000000001,
    95.80100000000002,
    93.81600000000002,
    97.32199999999997,
    95.816,
    94.796,
    91.816,
    93.33200000000001,
    91.29799999999999,
    95.313,
    97.32000000000001,
    97.32700000000001,
    93.31700000000001,
    95.316,
    96.309,
    95.82300000000001,
    92.313,
    95.28799999999998,
    94.81000000000002,
    94.77000000000001,
    95.31000000000002,
    96.821,
    95.316,
    94.31000000000002,
    94.328,
    91.81,
    94.82400000000003,
    94.81800000000001,
    93.316,
    96.82000000000001,
    94.829,
    97.831,
    94.825,
    96.30499999999999,
    96.32000000000001,
    98.321,
    94.80999999999999,
    95.803,
    94.811,
    92.81300000000002,
    95.321,
    95.819,
    93.821,
    96.821,
    94.80300000000001,
    96.319,
    94.314,
    94.82000000000001,
    92.31099999999999,
    96.82000000000001,
    97.80799999999999,
    93.30199999999999,
    93.319,
    97.32300000000001,
    95.33300000000001,
    95.822,
    95.826,
    91.82200000000002,
    92.309,
    95.29499999999999,
    98.82600000000002,
    95.32100000000001,
    97.31899999999999,
    95.316,
    93.808,
    95.813,
    92.80900000000001,
    96.329,
    92.792,
    95.82,
    93.328,
    96.32300000000001,
    92.812,
    94.82600000000001,
    94.32300000000001,
    94.314,
    97.325,
    96.825,
    94.81400000000001,
    96.82000000000002,
    95.82300000000002,
    94.316,
    93.82300000000001,
    95.311,
    96.821,
    96.819,
    95.809,
    96.824,
    96.31300000000002,
    94.30799999999996,
    92.327,
    94.82200000000002,
    93.309,
    95.80900000000001,
    96.321,
    93.81099999999999,
    94.321,
    93.78999999999999,
    94.82000000000002,
    94.31800000000001,
    92.808,
    95.287,
    93.811,
    95.32500000000002,
    94.83000000000001,
    88.20600000000002,
    93.825,
    95.31800000000001,
    93.814,
    96.33,
    92.81899999999999,
    95.30499999999999,
    94.32700000000001,
    94.312,
    96.31499999999998,
    95.79299999999998,
    96.824,
    96.81800000000001,
    94.297,
    93.31700000000001,
    96.30600000000001,
    94.324,
    93.81000000000002,
    95.311,
    94.304,
    92.82000000000001,
    97.32000000000002,
    94.30100000000002,
    96.31,
    95.31499999999998,
    96.30499999999999,
    94.311,
    93.80499999999999,
    94.813,
    97.30100000000002,
    94.32100000000001,
    97.303,
    93.283,
    94.33600000000001,
    96.31800000000001,
    96.30699999999999,
    92.32199999999999,
    95.316,
    90.81000000000002,
    93.80499999999999,
    94.82000000000001,
    97.31099999999999,
    95.79599999999999,
    95.316,
    90.827,
    93.328,
    94.80799999999999,
    96.81500000000001,
    93.31,
    97.32600000000002,
    94.82200000000002,
    94.324,
    96.321,
    95.79999999999998,
    92.31500000000001,
    95.324,
    96.808,
    93.8,
    94.80699999999999,
    96.31699999999998,
    92.824,
    97.32300000000001,
    95.81199999999998,
    94.82900000000001,
    94.30799999999999,
    93.813,
    93.829,
    91.299,
    93.81199999999998,
    97.319,
    95.321,
    93.795,
    91.819,
    94.79899999999999,
    94.30999999999999,
    96.314,
    96.3,
    96.33000000000001,
    92.313,
    92.81100000000002,
    89.311,
    96.325,
    94.297,
    96.816,
    96.315,
    96.819,
    96.814,
    97.81800000000001,
    91.81300000000002,
    95.30299999999997,
    95.814,
    95.828,
    92.83300000000001,
    95.321,
    92.30999999999999,
    92.81800000000001,
    95.31000000000002,
    95.83500000000001,
    94.322,
    96.82400000000001,
    96.822,
    95.81199999999998,
    91.82400000000001,
    94.80799999999999,
    94.314,
    92.799,
    94.816,
    92.802,
    93.80800000000002,
    95.80699999999999,
    95.82600000000001,
    94.80299999999998,
    95.325,
    97.333,
