{
  "complexity": 9,
  "alpha": 0.2,
  "gamma": 0.9,
  "epsilon": 0.1,
  "extra_passages": 6,
  "avg_rewards": [
    -466.0729999999977,
    -93.25299999999488,
    -228.71900000056658,
    39.55800000000157,
    -313.9730000015082,
    58.2049999999983,
    81.81299999999959,
    60.11499999999951,
    74.47500000000002,
    68.59499999999927,
    29.85899999999982,
    39.85200000000397,
    63.41199999999918,
    22.31600000000668,
    74.51199999999969,
    86.59399999999997,
    89.169,
    93.693,
    88.4259999999999,
    81.92399999999932,
    -7.8169999999915305,
    73.29499999999953,
    88.24000000000008,
    86.19799999999991,
    84.50999999999999,
    83.88800000000006,
    83.77400000000003,
    -736.4540000056061,
    91.439,
    85.12699999999994,
    74.82499999999956,
    94.12600000000002,
    80.22699999999995,
    59.5909999999995,
    90.88499999999988,
    93.26199999999979,
    82.89700000000022,
    91.39799999999995,
    77.5500000000014,
    83.9759999999997,
    86.37900000000003,
    89.87599999999995,
    87.23000000000016,
    97.54800000000002,
    97.109,
    93.71600000000001,
    92.26799999999992,
    98.20200000000001,
    75.52599999999926,
    95.94699999999997,
    94.80499999999998,
    91.43300000000013,
    97.36700000000002,
    94.86100000000002,
    95.405,
    97.64599999999999,
    94.44499999999991,
    96.06,
    91.90799999999994,
    93.73599999999989,
    97.20899999999999,
    92.41100000000007,
    91.06400000000018,
    95.16900000000003,
    97.92000000000003,
    90.42300000000007,
    97.766,
    92.91199999999992,
    96.45,
    90.09600000000006,
    98.31500000000001,
    96.292,
    96.821,
    96.802,
    97.80100000000002,
    97.778,
    96.78900000000002,
    97.30300000000001,
    95.761,
    97.244,
    97.28200000000001,
    97.303,
    97.325,
    98.33000000000001,
    98.324,
    97.83800000000002,
    97.32200000000002,
    97.31200000000001,
    98.32400000000001,
    98.82900000000001,
    97.811,
    95.326,
    96.83200000000001,
    97.319,
    97.82900000000001,
    97.83099999999999,
    97.827,
    99.82300000000001,
    95.82900000000001,
    97.33200000000001,
    98.33200000000002,
    98.31700000000001,
    97.32300000000001,
    97.83000000000001,
    98.82499999999997,
    98.819,
    96.33000000000001,
    96.83900000000003,
    98.823,
    97.321,
    97.821,
    97.32500000000002,
    98.322,
    97.838,
    97.831,
    98.82500000000002,
    98.33200000000002,
    97.828,
    97.331,
    97.33200000000001,
    98.313,
    98.83000000000001,
    99.32400000000001,
    98.82399999999998,
    96.33600000000001,
    95.82500000000002,
    97.811,
    98.32,
    96.318,
    98.81800000000001,
    97.316,
    96.32900000000001,
    96.836,
    96.23,
    98.309,
    96.819,
    96.32600000000001,
    97.831,
    94.31700000000001,
    95.82300000000001,
    99.83,
    97.328,
    99.247,
    98.827,
    98.333,
    97.82600000000001,
    97.318,
    95.82000000000001,
    98.32900000000001,
    97.83500000000001,
    98.32400000000001,
    96.83000000000001,
    95.82900000000001,
    98.83500000000001,
    97.333,
    98.83000000000001,
    96.334,
    98.33200000000001,
    97.32700000000001,
    96.823,
    97.32400000000001,
    99.327,
    97.82900000000001,
    98.329,
    98.33100000000002,
    96.82700000000001,
    97.83500000000001,
    97.82700000000001,
    95.82900000000001,
    98.329,
    98.32900000000001,
    96.82600000000001,
    96.329,
    97.322,
    99.32700000000001,
    97.829,
    98.32300000000001,
    97.82900000000001,
    99.326,
    96.31600000000002,
    96.319,
    95.816,
    98.33400000000003,
    97.33,
    96.824,
    94.322,
    99.32700000000001,
    98.82100000000001,
    98.31500000000001,
    96.82700000000001,
    95.314,
    96.31700000000002,
    96.32000000000002,
    98.83200000000001,
    97.333,
    96.32300000000001,
    96.821,
    99.32700000000001,
    98.82400000000001,
    98.333,
    96.82400000000001,
    98.328,
    97.319,
    98.32500000000002,
    96.818,
    96.82400000000001,
    97.83000000000001,
    97.31900000000002,
    97.333,
    96.82100000000001,
    97.32400000000001,
    98.331,
    96.82400000000001,
    97.32300000000001,
    95.821,
    97.31,
    97.82300000000001,
    96.83000000000001,
    97.32900000000001,
    97.32199999999999,
    97.32900000000001,
    98.328,
    97.321,
    98.31800000000001,
    98.82200000000002,
    98.33000000000001,
    99.32300000000001,
    96.81700000000001,
    98.321,
    97.32900000000001,
    96.823,
    97.33200000000001,
    97.82500000000002,
    95.82800000000002,
    97.819,
    96.825,
    97.33500000000001,
    96.83000000000001,
    95.828,
    97.33,
    97.82300000000001,
    96.822,
    97.32600000000001,
    97.83200000000001,
    98.331,
    98.31700000000001,
    97.825,
    96.819,
    97.824,
    98.33400000000002,
    96.32600000000001,
    96.33000000000001,
    96.828,
    95.313,
    98.327,
    98.81900000000002,
    98.83200000000001,
    99.32699999999998,
    97.809,
    96.331,
    99.33200000000001,
    99.333,
    98.328,
    94.825,
    97.32000000000001,
    96.83000000000001,
    97.81899999999999,
    97.31899999999999,
    97.33000000000001,
    97.83,
    96.769,
    97.833,
    96.82500000000002,
    96.82600000000001,
    95.32600000000002,
    97.33200000000001,
    98.319,
    96.82500000000002,
    97.824,
    96.822,
    98.324,
    97.812,
    98.83200000000001,
    98.32300000000001,
    99.33700000000002,
    97.82900000000001,
    96.831,
    98.83000000000001,
    96.331,
    97.32700000000001,
    99.33200000000002,
    97.83500000000001,
    99.31800000000001,
    98.32700000000003,
    97.83200000000002,
    98.322,
    98.32400000000001,
    98.33,
    97.336,
    98.32700000000001,
    99.32500000000002,
    98.82300000000001,
    97.82300000000001,
    98.817,
    97.83,
    96.819,
    96.32600000000001,
    98.32000000000001,
    97.821,
    98.32900000000001,
    97.83500000000001,
    98.31700000000001,
    95.82600000000001,
    96.33000000000001,
    98.31500000000003,
    99.331,
    97.32300000000001,
    95.326,
    97.32700000000001,
    97.32,
    96.32100000000001,
    97.82700000000001,
    97.82300000000001,
    97.32300000000001,
    96.831,
    98.32800000000002,
    98.33700000000002,
    98.31700000000001,
    97.82300000000001,
    97.328,
    97.32,
    96.826,
    98.33000000000001,
    97.33000000000001,
    98.33200000000002,
    97.83000000000001,
    99.32600000000001,
    97.81800000000001,
    97.324,
    97.825,
    96.83200000000002,
    97.33200000000001,
    98.32499999999999,
    98.81899999999999,
    98.328,
    95.33500000000001,
    97.328,
    98.825,
    97.33000000000001,
    94.81700000000001,
    97.833,
    98.328,
    98.826,
    96.82700000000001,
    99.33099999999999,
    96.328,
    96.31000000000002,
    95.82000000000001,
    98.325,
    98.83200000000001,
    96.82400000000001,
    98.82900000000001,
    98.32200000000002,
    96.836,
    97.31500000000001,
    96.81800000000001,
    96.83100000000003,
    94.824,
    97.32799999999999,
    95.825,
    98.317,
    98.322,
    95.824,
    99.32900000000001,
    98.333,
    97.813,
    97.316,
    99.82200000000002,
    98.328,
    94.81799999999998,
    97.83200000000001,
    99.83099999999999,
    97.303,
    99.82400000000001,
    96.82700000000001,
    97.813,
    96.82699999999998,
    96.82900000000001,
    97.826,
    98.33000000000001,
    97.819,
    98.322,
    96.33000000000001,
    97.309,
    97.81899999999999,
    97.32100000000001,
    96.32500000000002,
    98.824,
    98.33099999999999,
    98.33500000000001,
    97.322,
    98.33000000000001,
    97.81799999999998,
    98.33100000000003,
    99.331,
    97.32800000000003,
    96.82600000000001,
    97.33,
    98.33300000000003,
    98.334,
    97.82700000000001,
    99.336,
    96.821,
    96.33300000000003,
    96.33000000000001,
