{
  "complexity": 2,
  "alpha": 0.3,
  "gamma": 0.9,
  "epsilon": 0.1,
  "extra_passages": 5,
  "avg_rewards": [
    -220.87799999999916,
    -247.32100000055274,
    72.32500000000017,
    88.284,
    74.08099999999976,
    91.239,
    92.67299999999997,
    79.13600000000001,
    86.626,
    86.04700000000003,
    78.3600000000001,
    85.58699999999958,
    91.775,
    89.39299999999989,
    99.15,
    88.1349999999999,
    95.646,
    97.358,
    93.3619999999999,
    94.63600000000001,
    94.526,
    76.79400000000204,
    95.62100000000001,
    98.078,
    97.308,
    97.789,
    98.32900000000001,
    96.82699999999996,
    97.148,
    98.66799999999999,
    97.327,
    97.08199999999997,
    99.287,
    97.646,
    97.72,
    99.364,
    98.223,
    98.874,
    98.85900000000001,
    99.373,
    98.872,
    97.375,
    97.362,
    99.37199999999999,
    98.875,
    99.875,
    98.876,
    97.375,
    99.375,
    97.37,
    99.375,
    98.862,
    99.865,
    95.151,
    98.878,
    97.88499999999999,
    97.869,
    98.86699999999999,
    99.361,
    99.829,
    97.874,
    98.375,
    96.86699999999999,
    98.375,
    99.88,
    97.875,
    99.37100000000001,
    98.378,
    97.878,
    98.865,
    97.369,
    97.874,
    96.87699999999998,
    98.877,
    96.877,
    97.87199999999999,
    98.372,
    99.376,
    98.88199999999999,
    99.37100000000001,
    97.364,
    98.88,
    97.874,
    98.372,
    97.862,
    99.375,
    98.872,
    98.881,
    98.877,
    99.36299999999999,
    97.368,
    97.374,
    99.373,
    98.874,
    98.37499999999999,
    97.865,
    98.866,
    99.87,
    99.383,
    99.365,
    98.87599999999999,
    96.876,
    99.868,
    97.881,
    98.37199999999999,
    99.37899999999999,
    99.364,
    98.869,
    99.868,
    97.37199999999999,
    99.876,
    98.86999999999999,
    98.87899999999999,
    97.871,
    98.332,
    96.85499999999999,
    98.373,
    97.869,
    99.876,
    99.871,
    98.36399999999999,
    97.865,
    99.86800000000001,
    97.874,
    99.377,
    98.377,
    98.872,
    98.871,
    98.87100000000001,
    98.874,
    98.375,
    99.383,
    99.85800000000002,
    98.868,
    98.87100000000001,
    97.87,
    98.861,
    96.37699999999998,
    98.874,
    99.367,
    98.35999999999999,
    99.37,
    98.87100000000001,
    99.376,
    96.876,
    99.867,
    97.875,
    98.874,
    97.866,
    98.36800000000001,
    99.38,
    99.36500000000001,
    98.383,
    98.37599999999999,
    99.38,
    99.37899999999999,
    97.37499999999999,
    97.867,
    99.37100000000001,
    99.872,
    97.873,
    99.372,
    96.86800000000001,
    99.371,
    98.88499999999999,
    97.356,
    98.374,
    99.873,
    99.375,
    97.86600000000001,
    98.865,
    96.845,
    98.878,
    99.37199999999999,
    99.36800000000001,
    97.876,
    96.872,
    97.87100000000001,
    96.87199999999999,
    98.88,
    98.369,
    99.877,
    97.876,
    98.373,
    97.86399999999999,
    97.87100000000001,
    99.374,
    98.369,
    97.868,
    98.875,
    98.86999999999999,
    98.874,
    99.87100000000001,
    97.36500000000001,
    98.86800000000001,
    99.37100000000001,
    98.85900000000001,
    98.363,
    99.375,
    98.881,
    98.88,
    98.87,
    98.37,
    97.876,
    97.375,
    98.87599999999999,
    96.872,
    98.88,
    99.381,
    97.87100000000001,
    97.869,
    98.37,
    96.87100000000001,
    99.377,
    99.87899999999999,
    96.873,
    97.377,
    97.878,
    99.35000000000001,
    97.363,
    97.867,
    97.36,
    98.37100000000001,
    99.372,
    98.874,
    97.88,
    97.37899999999999,
    97.874,
    98.87,
    96.88,
    97.375,
    96.87499999999999,
    97.87,
    97.862,
    98.86800000000001,
    98.365,
    97.36500000000001,
    98.87299999999999,
    98.378,
    98.375,
    98.87499999999999,
    99.372,
    98.873,
    99.875,
    96.368,
    99.87100000000001,
    98.87100000000001,
    98.86800000000001,
    98.363,
    98.86500000000001,
    99.37199999999999,
    97.875,
    97.372,
    97.875,
    97.375,
    98.878,
    98.377,
    99.38199999999999,
    99.375,
    98.376,
    97.87899999999999,
    98.364,
    98.88,
    99.35999999999999,
    98.875,
    99.86699999999999,
    98.873,
    98.872,
    98.872,
    98.876,
    98.377,
    97.85799999999999,
    98.878,
    97.872,
    99.375,
    97.875,
    98.38,
    99.86800000000001,
    98.38,
    99.375,
    98.872,
    99.37100000000001,
    97.36999999999999,
    98.36999999999999,
    98.378,
    97.362,
    97.37100000000001,
    98.381,
    99.38,
    98.87899999999999,
    97.867,
    98.874,
    96.872,
    98.876,
    99.375,
    97.36500000000001,
    97.364,
    98.883,
    99.878,
    99.372,
    97.87899999999999,
    99.37100000000001,
    99.374,
    98.37199999999999,
    98.873,
    97.372,
    98.86800000000001,
    99.37,
    97.373,
    95.869,
    97.877,
    98.377,
    99.383,
    96.38,
    98.377,
    98.364,
    99.374,
    98.87199999999999,
    98.87199999999999,
    99.381,
    99.38,
    98.36600000000001,
    98.377,
    99.365,
    96.87,
    97.38,
    98.867,
    98.87599999999999,
    98.369,
    99.383,
    98.873,
    98.378,
    97.875,
    97.875,
    97.877,
    97.383,
    99.368,
    99.876,
    99.37,
    98.364,
    99.377,
    97.873,
    97.88199999999999,
    99.87199999999999,
    98.88199999999999,
    99.376,
    97.373,
    98.875,
    98.877,
    97.865,
    98.87100000000001,
    98.874,
    99.36600000000001,
    98.86800000000001,
    99.36800000000001,
    99.378,
    97.36800000000001,
    97.368,
    98.369,
    98.871,
    98.86500000000001,
    98.87100000000001,
    98.378,
    98.365,
    98.372,
    99.877,
    99.369,
    98.877,
    99.38199999999999,
    98.874,
    97.878,
    99.865,
    98.369,
    98.873,
    97.878,
    98.88,
    97.372,
    98.87100000000001,
    98.87199999999999,
    98.37899999999999,
    99.37899999999999,
    99.37100000000001,
    99.87100000000001,
    98.86800000000001,
    99.37599999999999,
    98.38499999999999,
    99.86200000000001,
    96.87899999999999,
    97.873,
    98.36999999999999,
    97.875,
    98.878,
    98.86699999999999,
    98.377,
    97.86999999999999,
    99.364,
    96.87100000000001,
    98.87499999999999,
    97.374,
    98.373,
    98.36800000000001,
    97.878,
    98.875,
    95.369,
    98.875,
    98.38,
    98.37499999999999,
    98.869,
    97.87100000000001,
    98.86800000000001,
    99.378,
    99.366,
    97.88199999999999,
    98.363,
    98.377,
    98.374,
    98.372,
    98.883,
    98.87,
    99.87,
    97.88199999999999,
    97.367,
    98.86699999999999,
    98.873,
    99.378,
    98.371,
    99.375,
    97.85499999999999,
    98.88,
    99.36,
    99.36699999999999,
    97.872,
    98.883,
    97.86999999999999,
    97.877,
    97.378,
    99.373,
    98.868,
    99.36699999999999,
    95.36299999999999,
    98.873,
    99.378,
    97.875,
    99.873,
    98.372,
    98.37899999999999,
    99.364,
    98.875,
    97.363,
    98.876,
    98.368,
    96.87,
    98.877,
    99.36699999999999,
    99.37,
    98.87,
    98.876,
    98.38,
    98.877,
    98.867,
    97.876,
    97.372,
    97.872,
    98.867,
    98.86699999999999,
    96.876,
    99.373,
    99.37100000000001,
    98.38,
    98.878,
    99.878,
    98.36800000000001,
    98.369,
    97.372,
    97.87,
    98.373,
    99.373,
    99.37100000000001,
    98.35600000000001,
    99.37100000000001,
    97.861,
    98.87100000000001,
    99.364,
    98.37100000000001,
    98.868,
    98.86999999999999,
    98.876,
    98.877,
    98.381,
    96.862,
    98.378,
    98.874,
    97.878,
    98.875,
    99.381,
    99.36299999999999,
    99.874,
    98.87100000000001,
    98.374,
    98.37899999999999
  ],