{
  "complexity": 1,
  "alpha": 0.1,
  "gamma": 0.85,
  "epsilon": 0.1,
  "extra_passages": 6,
  "avg_rewards": [
    -207.43299999999917,
    32.30799999999997,
    81.181,
    74.47300000000001,
    82.33799999999994,
    77.95599999999943,
    93.558,
    91.58699999999999,
    89.99399999999994,
    89.08999999999996,
    94.16100000000002,
    93.20199999999998,
    91.33299999999997,
    87.21400000000001,
    89.64900000000019,
    93.50299999999997,
    93.87300000000002,
    97.221,
    94.596,
    94.841,
    96.08399999999999,
    95.179,
    86.93600000000006,
    87.60200000000006,
    95.566,
    90.88299999999994,
    95.89799999999998,
    98.812,
    97.369,
    94.44300000000001,
    96.15600000000002,
    95.30600000000001,
    94.24100000000001,
    93.28999999999999,
    98.67699999999999,
    92.03699999999995,
    96.89,
    97.645,
    96.042,
    95.486,
    96.453,
    94.75799999999992,
    87.61899999999996,
    98.024,
    95.905,
    98.63000000000001,
    97.522,
    95.69199999999998,
    97.592,
    96.11800000000001,
    98.33,
    87.13499999999914,
    97.46,
    97.81199999999998,
    98.08999999999999,
    98.003,
    91.838,
    91.79100000000008,
    81.33999999999939,
    88.08599999999981,
    93.51999999999994,
    91.21000000000001,
    90.45400000000001,
    97.08999999999996,
    94.53499999999994,
    93.90299999999998,
    93.36099999999996,
    97.58400000000002,
    97.727,
    97.59500000000001,
    91.35,
    93.35599999999998,
    98.81200000000001,
    94.01099999999985,
    98.554,
    98.64599999999999,
    98.502,
    98.86999999999999,
    97.70599999999999,
    96.86700000000003,
    99.28900000000002,
    97.95900000000002,
    97.51,
    98.36100000000002,
    92.8550000000003,
    97.64399999999999,
    98.638,
    96.52899999999997,
    96.69499999999996,
    98.357,
    98.344,
    97.33500000000001,
    99.32199999999999,
    98.87100000000001,
    97.856,
    98.856,
    97.87199999999999,
    98.815,
    97.85499999999999,
    98.759,
    98.14500000000001,
    99.34700000000001,
    98.78999999999999,
    99.31699999999998,
    97.38399999999999,
    97.886,
    99.874,
    97.88199999999999,
    97.88199999999999,
    97.386,
    96.376,
    97.36600000000001,
    98.881,
    98.378,
    98.877,
    99.386,
    99.878,
    97.874,
    97.87100000000001,
    98.862,
    98.872,
    99.38,
    98.372,
    97.87899999999999,
    99.38,
    97.86699999999999,
    98.869,
    99.37299999999999,
    98.381,
    98.37899999999999,
    99.86999999999999,
    98.377,
    98.375,
    98.88300000000001,
    99.376,
    98.383,
    98.877,
    97.87899999999999,
    98.88,
    99.38,
    97.875,
    99.759,
    96.878,
    99.359,
    98.38,
    99.876,
    96.881,
    97.876,
    98.881,
    98.878,
    98.868,
    98.373,
    98.881,
    98.877,
    98.88,
    98.375,
    97.38,
    98.88,
    99.381,
    99.381,
    98.383,
    98.377,
    99.38,
    98.38199999999999,
    98.88499999999999,
    98.88499999999999,
    98.87899999999999,
    99.381,
    97.38,
    98.88,
    96.881,
    98.873,
    98.38199999999999,
    98.376,
    98.875,
    99.878,
    98.883,
    99.37899999999999,
    99.877,
    99.375,
    97.88,
    98.386,
    98.847,
    98.346,
    98.88199999999999,
    97.874,
    99.37899999999999,
    98.88300000000001,
    99.36300000000001,
    98.37899999999999,
    98.38199999999999,
    97.88,
    98.877,
    98.878,
    98.874,
    98.88199999999999,
    98.37100000000001,
    99.37899999999999,
    96.877,
    97.883,
    97.876,
    98.364,
    99.88,
    99.381,
    97.888,
    99.877,
    98.383,
    98.38199999999999,
    98.88199999999999,
    99.377,
    99.881,
    97.331,
    98.378,
    97.869,
    97.88699999999999,
    97.867,
    98.38399999999999,
    99.381,
    98.883,
    98.88,
    97.88399999999999,
    99.38199999999999,
    98.88,
    97.881,
    97.878,
    99.88,
    97.88199999999999,
    97.88699999999999,
    97.881,
    99.37899999999999,
    98.38699999999999,
    99.38499999999999,
    98.386,
    99.38199999999999,
    98.87899999999999,
    98.881,
    99.877,
    98.38,
    97.88199999999999,
    98.377,
    98.88199999999999,
    98.87100000000001,
    99.37,
    99.374,
    98.38,
    99.377,
    99.881,
    97.38199999999999,
    99.37899999999999,
    99.87899999999999,
    98.37899999999999,
    97.86800000000001,
    97.38699999999999,
    97.881,
    99.378,
    99.886,
    99.378,
    99.372,
    99.373,
    99.876,
    99.88300000000001,
    99.388,
    98.387,
    97.38399999999999,
    97.875,
    98.876,
    99.38199999999999,
    97.876,
    98.878,
    98.38300000000001,
    98.88,
    98.878,
    99.886,
    96.86300000000001,
    98.35300000000001,
    99.878,
    99.37100000000001,
    98.37899999999999,
    98.38,
    98.37100000000001,
    99.376,
    98.88399999999999,
    99.377,
    97.38,
    98.88399999999999,
    99.878,
    99.37100000000001,
    98.872,
    98.87899999999999,
    96.886,
    98.385,
    98.38399999999999,
    98.87899999999999,
    97.876,
    97.874,
    98.37,
    97.377,
    98.384,
    99.87899999999999,
    97.88199999999999,
    97.874,
    98.38199999999999,
    99.38399999999999,
    98.376,
    96.363,
    99.88399999999999,
    98.38399999999999,
    97.37,
    98.883,
    99.381,
    98.38199999999999,
    98.38300000000001,
    98.88,
    97.378,
    98.37800000000001,
    96.874,
    97.873,
    96.38,
    98.88,
    98.38,
    99.381,
    99.38199999999999,
    98.367,
    98.88199999999999,
    97.381,
    98.37499999999999,
    98.381,
    98.377,
    99.381,
    99.372,
    98.385,
    99.378,
    99.374,
    99.38399999999999,
    98.375,
    98.36800000000001,
    99.88499999999999,
    98.88199999999999,
    99.877,
    96.877,
    99.38399999999999,
    97.88199999999999,
    98.878,
    98.87100000000001,
    98.878,
    97.875,
    98.872,
    97.37899999999999,
    98.37899999999999,
    97.37599999999999,
    99.38199999999999,
    98.37100000000001,
    98.38199999999999,
    98.877,
    97.88499999999999,
    99.38399999999999,
    99.874,
    96.86800000000001,
    98.87,
    98.88199999999999,
    98.381,
    99.38399999999999,
    99.381,
    99.38,
    99.381,
    98.37899999999999,
    98.375,
    97.88,
    97.87899999999999,
    97.37,
    98.38199999999999,
    99.38,
    98.872,
    97.383,
    96.876,
    98.88,
    97.88399999999999,
    98.37,
    98.86999999999999,
    98.373,
    97.883,
    97.87899999999999,
    98.38399999999999,
    98.88499999999999,
    98.378,
    97.877,
    96.885,
    99.38199999999999,
    98.867,
    98.877,
    99.38,
    98.377,
    99.38,
    96.386,
    97.867,
    99.874,
    97.874,
    98.37199999999999,
    99.374,
    99.382,
    98.874,
    98.88,
    98.87899999999999,
    99.369,
    97.381,
    97.876,
    98.88199999999999,
    98.38,
    98.373,
    99.869,
    98.875,
    98.876,
    96.873,
    99.372,
    98.374,
    98.883,
    99.386,
    96.88,
    99.377,
    98.369,
    99.38199999999999,
    99.38399999999999,
    98.87899999999999,
    99.375,
    97.377,
    98.88,
    98.374,
    98.869,
    99.37899999999999,
    97.878,
    99.381,
    98.87,
    99.38,
    98.38199999999999,
    99.37199999999999,
    99.373,
    98.874,
    98.87100000000001,
    97.878,
    98.88,
    98.38,
    96.87100000000001,
    98.37,
    98.37100000000001,
    98.372,
    98.878,
    97.87599999999999,
    99.377,
    99.88199999999999,
    96.375,
    97.881,
    97.88199999999999,
    98.38399999999999,
    98.86200000000001,
    99.38199999999999,
    99.88399999999999,
    99.878,
    98.868,
    98.877,
    98.378,
    98.374,
    97.873,
    98.881,
    98.38499999999999,
    98.878,
    98.377,
    99.88399999999999,
    97.87899999999999,
    99.377,
    98.878,
    98.88,
    99.88199999999999,
    99.381,
    99.381,
    99.877,
    97.87899999999999,
    98.88,
    97.381,
    98.874,
    99.374,
    99.88,
