{
  "complexity": 12,
  "alpha": 0.2,
  "gamma": 0.95,
  "epsilon": 0.3,
  "extra_passages": 3,
  "avg_rewards": [
    -503.7449999999966,
    -231.19499999999704,
    -31.038999999999312,
    -79.20599999999843,
    -51.880999999998195,
    -113.08999999999773,
    37.067999999999714,
    -14.560999999999348,
    -87.65199999999825,
    40.75999999999995,
    22.24200000000095,
    38.64399999999997,
    -72.5049999999969,
    66.35499999999993,
    57.754999999999995,
    30.599000000000608,
    21.18199999999983,
    27.528000000000553,
    64.5919999999999,
    13.495000000000982,
    59.07999999999987,
    66.55899999999994,
    77.341,
    53.7780000000001,
    39.81800000000016,
    59.44499999999997,
    66.18499999999997,
    63.949000000000055,
    12.819000000002248,
    -89.73199999998539,
    -96.68299999999016,
    27.14500000000089,
    10.260000000006018,
    -45.64699999999259,
    -9.40399999999428,
    35.508000000000536,
    -5.024999999996827,
    28.282000000000714,
    72.72399999999968,
    24.59700000000304,
    69.43699999999993,
    31.511999999999937,
    -163.72199999998148,
    43.10699999999999,
    19.429000000001842,
    -19.087999999993812,
    65.29899999999964,
    27.08700000000085,
    58.57500000000003,
    42.9770000000002,
    33.03100000000041,
    62.05199999999994,
    -8.53799999999303,
    -199.323000000145,
    -143.65600000001945,
    -124.92699999998479,
    45.89000000000091,
    -168.9760000000581,
    75.90499999999983,
    78.51599999999999,
    44.02000000000296,
    83.44099999999997,
    90.96099999999998,
    79.61699999999992,
    66.16300000000021,
    36.3870000000036,
    9.065000000006412,
    30.354000000002543,
    89.307,
    84.43999999999998,
    67.0530000000003,
    82.65300000000002,
    82.383,
    79.33299999999993,
    70.44900000000072,
    88.185,
    64.64600000000054,
    34.67600000000421,
    83.70200000000003,
    81.71400000000006,
    79.72499999999991,
    83.04800000000002,
    77.65399999999983,
    84.33200000000005,
    77.15299999999999,
    91.34600000000002,
    12.15900000000618,
    90.035,
    78.38999999999983,
    51.33400000000146,
    24.16400000000463,
    93.229,
    90.641,
    86.45700000000001,
    91.24,
    94.25399999999999,
    89.175,
    89.673,
    86.67599999999999,
    94.709,
    91.591,
    69.99799999999975,
    89.14999999999999,
    72.02099999999994,
    74.5710000000001,
    84.43700000000001,
    89.27000000000001,
    81.024,
    78.7199999999994,
    86.10200000000006,
    71.0930000000002,
    69.3880000000002,
    89.48299999999999,
    85.93900000000004,
    89.753,
    82.651,
    84.42099999999996,
    90.771,
    87.63499999999999,
    94.23100000000001,
    83.20500000000001,
    88.785,
    91.602,
    90.08000000000001,
    86.763,
    91.239,
    91.745,
    94.75399999999999,
    91.274,
    90.70599999999999,
    89.05499999999999,
    89.233,
    86.68099999999998,
    89.282,
    87.76000000000002,
    85.76499999999999,
    83.438,
    86.725,
    92.249,
    86.40899999999999,
    82.465,
    87.157,
    87.93099999999997,
    91.272,
    86.42999999999998,
    85.38299999999997,
    88.74300000000001,
    67.83100000000016,
    92.232,
    89.53300000000002,
    90.22200000000001,
    91.762,
    90.45699999999997,
    91.21399999999998,
    87.62899999999999,
    91.75900000000001,
    88.657,
    86.82099999999994,
    87.13399999999999,
    90.144,
    90.69000000000001,
    87.605,
    84.07,
    85.74600000000001,
    87.60900000000001,
    91.25900000000001,
    95.773,
    87.657,
    88.22800000000001,
    93.76700000000001,
    84.37900000000005,
    84.76800000000001,
    90.46,
    90.10999999999999,
    87.865,
    85.77899999999997,
    88.28299999999999,
    88.249,
    90.171,
    90.71699999999998,
    85.673,
    89.674,
    83.696,
    91.09299999999999,
    87.19399999999999,
    87.77100000000002,
    90.70700000000002,
    86.785,
    92.295,
    88.28099999999999,
    92.80699999999999,
    90.71700000000001,
    87.77099999999999,
    93.28800000000001,
    85.23400000000001,
    82.958,
    86.232,
    88.282,
    92.296,
    91.794,
    85.249,
    90.272,
    92.274,
    86.75399999999999,
    89.74599999999998,
    91.78900000000002,
    84.25899999999999,
    87.76399999999998,
    86.248,
    83.30199999999999,
    91.27400000000002,
    90.26400000000001,
    92.30199999999999,
    89.281,
    88.293,
    65.93000000000016,
    87.79500000000003,
    88.79700000000001,
    89.26499999999999,
    88.807,
    88.79099999999998,
    90.284,
    89.794,
    85.77399999999997,
    91.285,
    94.269,
    89.786,
    88.272,
    89.261,
    86.785,
    87.27699999999999,
    91.282,
    91.78900000000002,
    92.26599999999999,
    88.258,
    91.77000000000001,
    89.773,
    86.3,
    87.767,
    87.286,
    85.27900000000001,
    91.3,
    88.27399999999997,
    92.297,
    88.77199999999999,
    85.77899999999997,
    90.801,
    93.282,
    82.78900000000002,
    90.79400000000001,
    86.76900000000002,
    87.28400000000002,
    92.292,
    89.295,
    88.782,
    86.275,
    91.27400000000003,
    90.31200000000001,
    91.26499999999999,
    91.297,
    88.303,
    92.797,
    89.28099999999999,
    85.292,
    89.79299999999998,
    88.796,
    92.26199999999999,
    88.77799999999999,
    88.28999999999999,
    89.787,
    81.771,
    85.237,
    88.78,
    93.279,
    93.795,
    90.29599999999999,
    86.29399999999998,
    90.29799999999999,
    92.78800000000001,
    91.79,
    89.28399999999999,
    86.78200000000001,
    88.28500000000001,
    91.28399999999999,
    88.78,
    90.27000000000001,
    87.79100000000001,
    92.27700000000002,
    90.797,
    92.28800000000001,
    92.28,
    90.304,
    89.29599999999998,
    87.785,
    91.796,
    88.776,
    86.778,
    90.307,
    87.78799999999998,
    92.261,
    91.28299999999999,
    94.804,
    93.29400000000001,
    89.797,
    88.79,
    86.80399999999999,
    90.287,
    91.305,
    91.78099999999998,
    88.78600000000002,
    92.304,
    90.28099999999999,
    90.25000000000001,
    85.75699999999999,
    90.809,
    92.792,
    86.299,
    90.29999999999998,
    92.271,
    92.277,
    92.28799999999998,
    90.788,
    82.79299999999999,
    90.29100000000001,
    95.30199999999999,
    89.79500000000002,
    88.788,
    91.291,
    92.78799999999998,
    85.773,
    86.78999999999999,
    92.311,
    94.285,
    88.295,
    88.252,
    89.808,
    89.77399999999999,
    88.79499999999999,
    90.28699999999999,
    89.783,
    93.79099999999998,
    94.268,
    89.29099999999998,
    90.78999999999999,
    89.787,
    93.8,
    91.762,
    92.79,
    92.78300000000002,
    91.272,
    88.784,
    90.28399999999999,
    92.29499999999999,
    93.301,
    92.28999999999999,
    88.277,
    89.29799999999997,
    93.79099999999998,
    89.288,
    90.264,
    90.78299999999999,
    92.78699999999999,
    90.263,
    91.28599999999999,
    84.78799999999998,
    90.29,
    83.272,
    91.28399999999999,
    92.78699999999999,
    83.788,
    89.80199999999998,
    89.79599999999999,
    90.796,
    81.28,
    87.77799999999999,
    92.81200000000001,
    88.765,
    89.792,
    87.30300000000001,
    89.276,
    89.80699999999999,
    92.27600000000001,
    91.293,
    94.303,
    90.77000000000001,
    88.29600000000002,
    88.296,
    91.25899999999999,
    90.296,
    88.299,
    87.79,
    91.297,
    89.28900000000002,
    94.309,
    89.302,
    90.79900000000002,
    92.28300000000002,
    87.803,
    87.26899999999999,
    89.799,
    91.77200000000002,
    92.811,
    91.781,
    88.797,
    90.296,
    89.775,
    88.77199999999998,
    91.781,
    91.285,
    92.27299999999998,
    87.275,
    90.273,
    87.275,
    90.295,
    89.80600000000001,
    91.76599999999999,
    90.30499999999999,
    90.30900000000001,
    91.80500000000002,
    88.76799999999999,
    94.792,
    88.27400000000002,
