{
  "complexity": 1,
  "alpha": 0.2,
  "gamma": 0.95,
  "epsilon": 0.1,
  "extra_passages": 2,
  "avg_rewards": [
    -41.5359999999999,
    80.862,
    87.23500000000003,
    88.88300000000002,
    90.94200000000001,
    93.77299999999998,
    90.60500000000005,
    96.88200000000002,
    94.71899999999995,
    99.70599999999999,
    99.20200000000001,
    97.672,
    99.41099999999999,
    98.29700000000003,
    99.422,
    99.42200000000001,
    98.421,
    99.91800000000003,
    98.42499999999998,
    98.72600000000003,
    98.88600000000004,
    99.91799999999999,
    99.92699999999999,
    96.42800000000003,
    99.424,
    96.91400000000002,
    99.422,
    99.92,
    99.42300000000003,
    97.91400000000002,
    99.927,
    99.424,
    98.92800000000003,
    99.42600000000002,
    99.922,
    98.424,
    97.919,
    98.91400000000002,
    97.92600000000002,
    99.907,
    98.91400000000003,
    98.42500000000001,
    98.91799999999998,
    99.423,
    98.92600000000002,
    99.413,
    98.92500000000003,
    98.924,
    99.92800000000003,
    99.42500000000003,
    98.925,
    99.42800000000003,
    98.42100000000002,
    98.425,
    98.42299999999999,
    99.404,
    99.92299999999999,
    97.91799999999999,
    99.415,
    98.91799999999999,
    99.90299999999999,
    98.421,
    99.92700000000002,
    99.917,
    98.92700000000002,
    98.42,
    98.922,
    98.42300000000002,
    98.41799999999999,
    98.422,
    97.416,
    97.92600000000002,
    99.91499999999999,
    98.92800000000003,
    99.92499999999998,
    99.91600000000001,
    97.921,
    98.92600000000002,
    98.41499999999999,
    98.928,
    98.429,
    99.923,
    96.928,
    99.92300000000003,
    96.92700000000002,
    98.92099999999999,
    98.922,
    98.92699999999999,
    99.417,
    98.406,
    98.41799999999998,
    99.41999999999999,
    99.922,
    98.92200000000001,
    98.417,
    98.41999999999999,
    99.925,
    99.42900000000002,
    99.42000000000003,
    99.41999999999999,
    99.429,
    98.424,
    99.421,
    99.419,
    98.922,
    98.42,
    98.426,
    98.926,
    99.92400000000002,
    99.925,
    98.425,
    97.422,
    98.42700000000002,
    99.42500000000001,
    98.92,
    98.923,
    99.425,
    99.918,
    99.41799999999999,
    98.92699999999999,
    99.424,
    97.92299999999999,
    97.924,
    98.915,
    98.926,
    98.41699999999999,
    98.926,
    99.92199999999998,
    99.424,
    99.92500000000001,
    98.92600000000002,
    99.921,
    97.922,
    98.926,
    99.42,
    99.92800000000003,
    98.42800000000003,
    99.42900000000002,
    98.42699999999999,
    99.923,
    98.426,
    99.424,
    98.926,
    99.42800000000003,
    99.41799999999999,
    98.922,
    99.421,
    99.42399999999999,
    99.42,
    99.422,
    98.42000000000003,
    99.924,
    98.92200000000003,
    98.42099999999998,
    98.92100000000002,
    96.924,
    98.92900000000002,
    99.423,
    99.42699999999999,
    99.42500000000003,
    98.92099999999998,
    97.91899999999998,
    99.424,
    99.918,
    99.923,
    99.92299999999997,
    99.42100000000002,
    99.92200000000001,
    98.92400000000002,
    99.41900000000001,
    98.91900000000001,
    97.41700000000002,
    97.92699999999999,
    99.92499999999998,
    99.927,
    98.42699999999999,
    99.92299999999997,
    98.428,
    98.924,
    99.91599999999998,
    99.42200000000003,
    98.41999999999999,
    99.92699999999999,
    99.93000000000002,
    98.422,
    99.92699999999999,
    98.926,
    97.425,
    99.924,
    99.42499999999998,
    99.42199999999998,
    97.922,
    99.422,
    99.421,
    98.923,
    98.922,
    99.42000000000002,
    98.41600000000001,
    99.92000000000003,
    99.426,
    98.42700000000002,
    98.91799999999999,
    98.91799999999998,
    99.41900000000001,
    99.42500000000001,
    98.42100000000002,
    99.426,
    98.429,
    98.92100000000002,
    99.421,
    98.929,
    99.922,
    99.42399999999999,
    99.92499999999998,
    99.42299999999999,
    98.42400000000002,
    98.92200000000003,
    98.92099999999999,
    99.425,
    98.91999999999999,
    98.424,
    99.41799999999998,
    98.42500000000003,
    97.926,
    99.422,
    99.415,
    99.424,
    98.418,
    98.421,
    99.424,
    99.92099999999999,
    98.924,
    99.42,
    99.422,
    98.92099999999998,
    99.421,
    99.92,
    99.426,
    98.422,
    97.41900000000001,
    99.426,
    99.421,
    99.428,
    98.92300000000002,
    97.92699999999999,
    98.423,
    99.926,
    98.422,
    98.417,
    99.90899999999999,
    99.42599999999999,
    98.42600000000002,
    99.922,
    96.91900000000001,
    97.925,
    99.41799999999999,
    98.911,
    98.91900000000001,
    98.923,
    97.923,
    98.91499999999999,
    98.918,
    99.925,
    98.42400000000002,
    98.92500000000003,
    97.92600000000002,
    99.92800000000003,
    98.92299999999999,
    99.924,
    97.917,
    99.928,
    98.423,
    99.91599999999998,
    98.92,
    99.92699999999999,
    99.923,
    98.92200000000001,
    98.922,
    99.92299999999999,
    99.42,
    98.91799999999999,
    99.42800000000003,
    98.42500000000003,
    99.91600000000003,
    99.42400000000002,
    99.928,
    99.42900000000002,
    99.421,
    98.92599999999999,
    98.423,
    99.426,
    99.421,
    98.91399999999999,
    99.42299999999997,
    98.92700000000002,
    98.927,
    98.91599999999998,
    98.42500000000003,
    98.922,
    98.92000000000002,
    97.923,
    98.92800000000003,
    98.91799999999998,
    98.92699999999999,
    99.41799999999998,
    99.407,
    99.41900000000001,
    98.42499999999998,
    99.42299999999999,
    98.92800000000003,
    98.922,
    99.423,
    98.918,
    98.92500000000003,
    99.91999999999999,
    98.41799999999999,
    99.93000000000002,
    99.41600000000001,
    99.922,
    98.422,
    99.92500000000001,
    99.42700000000002,
    98.925,
    99.42299999999997,
    97.922,
    98.425,
    97.923,
    98.425,
    99.425,
    99.91799999999999,
    99.43000000000002,
    99.417,
    98.92399999999999,
    98.42900000000002,
    99.92299999999999,
    99.921,
    99.923,
    98.927,
    99.41699999999999,
    99.42800000000003,
    98.42699999999999,
    98.92900000000002,
    99.42500000000001,
    99.92900000000002,
    99.425,
    98.897,
    99.42600000000002,
    98.425,
    97.923,
    99.425,
    99.922,
    99.424,
    98.42699999999999,
    97.925,
    98.91900000000001,
    98.92300000000003,
    99.424,
    99.41799999999999,
    99.424,
    98.918,
    99.42500000000001,
    99.923,
    99.41900000000001,
    99.91600000000001,
    97.925,
    99.426,
    99.92100000000002,
    99.92800000000003,
    99.42600000000002,
    97.926,
    98.922,
    96.92,
    98.427,
    98.92900000000002,
    99.924,
    98.92,
    99.425,
    99.42200000000001,
    98.92600000000002,
    99.422,
    97.91900000000001,
    98.423,
    98.91399999999999,
    99.921,
    98.922,
    99.91699999999999,
    98.922,
    98.921,
    99.425,
    99.922,
    98.91900000000001,
    98.925,
    99.419,
    99.419,
    99.92299999999999,
    98.423,
    98.92700000000002,
    98.41499999999999,
    99.426,
    99.425,
    98.925,
    99.422,
    99.418,
    98.422,
    98.42900000000002,
    99.42600000000002,
    99.424,
    99.92300000000002,
    98.917,
    99.92099999999999,
    98.918,
    99.922,
    97.925,
    97.92500000000003,
    99.924,
    98.925,
    99.924,
    98.41900000000001,
    99.92900000000002,
    99.41599999999998,
    99.421,
    98.42500000000001,
    99.426,
    99.42500000000001,
    99.423,
    99.92099999999999,
    98.92600000000002,
    98.91499999999999,
    97.92,
    99.92699999999999,
    98.925,
    99.418,
    99.424,
    99.423,
    98.424,
    98.421,
    99.423,
    99.417,
    99.42199999999998,
    99.41300000000001,
    98.91999999999999,
    98.91999999999999,
    97.91699999999999,
    98.42600000000002,
    98.922,
    99.92499999999998,
