{
  "complexity": 10,
  "alpha": 0.1,
  "gamma": 0.85,
  "epsilon": 0.2,
  "extra_passages": 5,
  "avg_rewards": [
    -517.083999999997,
    -269.36599999998816,
    -13.509999999999337,
    46.805999999999656,
    -3.340999999999082,
    -29.23099999999645,
    57.06100000000006,
    49.592999999999975,
    39.65100000000083,
    62.74999999999994,
    36.729000000000475,
    -12.14899999999791,
    55.800999999999775,
    56.96600000000044,
    65.8440000000001,
    70.00000000000003,
    57.09200000000017,
    43.04400000000105,
    29.039000000000918,
    73.18099999999997,
    23.74800000000128,
    64.19200000000008,
    56.5920000000012,
    58.50600000000041,
    76.5739999999999,
    43.603000000002055,
    92.50799999999998,
    82.64000000000003,
    61.236999999999966,
    52.65600000000061,
    69.23299999999954,
    71.42999999999982,
    28.749000000003765,
    75.4149999999996,
    84.80099999999999,
    62.07199999999942,
    71.36200000000004,
    62.121999999999616,
    17.23000000000298,
    74.25599999999997,
    51.99000000000137,
    -11.448999999986748,
    68.07399999999939,
    19.482000000000358,
    45.070000000000185,
    38.50800000000412,
    47.005000000001935,
    85.9209999999999,
    72.06799999999978,
    80.87099999999997,
    71.49699999999964,
    71.75899999999962,
    73.59900000000013,
    71.6409999999999,
    39.11900000000127,
    72.1689999999993,
    67.3689999999994,
    55.12399999999913,
    -7.2719999999826825,
    -2.109999999990903,
    43.461000000002876,
    66.40299999999988,
    72.7939999999999,
    62.139999999999205,
    54.553000000000694,
    61.92099999999999,
    61.079999999999146,
    77.04599999999985,
    57.99699999999963,
    65.89199999999994,
    64.81799999999959,
    76.82299999999927,
    80.59099999999992,
    76.87199999999997,
    88.3449999999999,
    77.62400000000011,
    74.45100000000005,
    2.486000000008562,
    75.23199999999983,
    2.2470000000162385,
    84.06699999999995,
    12.473000000010774,
    -12.709999999981257,
    -30.194999999979235,
    28.376000000001465,
    59.67400000000106,
    27.2220000000036,
    52.54000000000015,
    78.96499999999963,
    35.88700000000406,
    84.72099999999999,
    57.40400000000308,
    83.75299999999996,
    83.04599999999989,
    65.5160000000017,
    85.3409999999999,
    87.97399999999998,
    84.67299999999992,
    59.93300000000157,
    58.59000000000083,
    29.775000000006116,
    71.31899999999992,
    42.68600000000531,
    60.84400000000132,
    68.94200000000072,
    71.20500000000115,
    80.61799999999982,
    75.81999999999985,
    86.10200000000003,
    77.08400000000009,
    83.79700000000005,
    84.92799999999997,
    63.97800000000243,
    49.58100000000237,
    83.50199999999987,
    78.76599999999993,
    87.64999999999995,
    73.94599999999939,
    62.25300000000249,
    85.57399999999996,
    89.78999999999999,
    84.92600000000003,
    44.53100000000616,
    81.7090000000001,
    85.41099999999994,
    90.50100000000002,
    43.71800000000737,
    76.50899999999943,
    85.85299999999994,
    88.11999999999986,
    86.54000000000008,
    86.71199999999996,
    90.68699999999998,
    90.41399999999999,
    73.0660000000008,
    90.02999999999993,
    92.92199999999998,
    89.30300000000004,
    94.09899999999996,
    90.665,
    95.941,
    93.31700000000001,
    90.51199999999999,
    93.11299999999999,
    95.57700000000001,
    93.437,
    85.05299999999997,
    93.12400000000001,
    92.81499999999998,
    92.11699999999993,
    53.61000000000182,
    89.476,
    87.27800000000009,
    89.08000000000001,
    92.38200000000002,
    94.312,
    90.737,
    93.08,
    91.43599999999996,
    93.05000000000001,
    88.184,
    92.61,
    88.59899999999999,
    94.234,
    92.14400000000002,
    95.44199999999998,
    92.07099999999997,
    92.65399999999997,
    95.126,
    94.554,
    93.06299999999999,
    76.93100000000004,
    89.92899999999997,
    95.66699999999999,
    92.70600000000002,
    93.73299999999999,
    91.22200000000001,
    96.595,
    95.143,
    94.925,
    95.21600000000001,
    91.75399999999999,
    96.317,
    93.77300000000001,
    92.733,
    84.89600000000003,
    93.254,
    93.80799999999999,
    92.24299999999998,
    93.787,
    94.77799999999999,
    95.28099999999999,
    93.293,
    96.29,
    93.80799999999999,
    95.30600000000001,
    96.792,
    91.20300000000002,
    95.29700000000001,
    94.81,
    94.31500000000001,
    96.79799999999999,
    94.781,
    94.80700000000002,
    93.79300000000002,
    93.249,
    93.31000000000002,
    95.308,
    97.276,
    94.81599999999999,
    93.309,
    94.30300000000001,
    97.297,
    93.721,
    95.75200000000001,
    95.74799999999999,
    92.318,
    94.25200000000002,
    93.781,
    95.74999999999997,
    93.28299999999999,
    93.25599999999999,
    95.71099999999998,
    90.76,
    94.79,
    93.30700000000002,
    92.786,
    95.643,
    93.298,
    93.80300000000001,
    94.799,
    91.804,
    95.278,
    96.30300000000001,
    95.791,
    92.30199999999999,
    96.80700000000002,
    92.80499999999998,
    97.32300000000001,
    95.292,
    90.30699999999999,
    94.81700000000001,
    92.31200000000001,
    95.75600000000003,
    97.806,
    96.801,
    93.78900000000002,
    93.77400000000002,
    94.25000000000001,
    92.247,
    94.787,
    97.826,
    96.319,
    95.605,
    92.78,
    93.769,
    92.827,
    94.316,
    94.811,
    93.32600000000001,
    96.78900000000002,
    91.28800000000001,
    89.288,
    94.81099999999999,
    93.82800000000002,
    94.81800000000001,
    93.8,
    93.252,
    90.82400000000001,
    94.71900000000001,
    94.08900000000003,
    92.76700000000002,
    93.30300000000003,
    96.817,
    95.309,
    95.31,
    94.812,
    93.31300000000002,
    95.32800000000002,
    94.82400000000001,
    94.80600000000001,
    92.82100000000001,
    95.31500000000001,
    91.82400000000003,
    95.82200000000003,
    94.325,
    91.816,
    97.31800000000001,
    96.321,
    94.314,
    94.30800000000002,
    93.323,
    95.299,
    98.81899999999999,
    91.829,
    95.82300000000001,
    94.83100000000002,
    93.82400000000001,
    91.292,
    94.33400000000002,
    94.809,
    92.821,
    95.30999999999999,
    97.31200000000001,
    93.79899999999999,
    93.31300000000002,
    95.271,
    94.804,
    94.309,
    96.323,
    97.321,
    91.81800000000001,
    95.79299999999999,
    95.30600000000001,
    93.321,
    95.331,
    94.314,
    72.56700000000055,
    93.286,
    95.32700000000001,
    96.83500000000001,
    94.32500000000002,
    92.82100000000001,
    93.80300000000001,
    96.311,
    91.81099999999999,
    95.284,
    95.322,
    92.297,
    94.30799999999999,
    96.30700000000002,
    95.30500000000002,
    93.32300000000001,
    94.82000000000001,
    95.806,
    96.319,
    94.814,
    95.79299999999999,
    94.81500000000003,
    95.31600000000002,
    94.82000000000001,
    95.27400000000002,
    96.256,
    96.32300000000001,
    90.31700000000001,
    95.316,
    93.80499999999999,
    96.307,
    93.808,
    93.315,
    93.314,
    96.82000000000002,
    96.324,
    96.823,
    96.80499999999999,
    95.821,
    94.31300000000002,
    94.30700000000002,
    95.814,
    93.81,
    96.31800000000001,
    92.31299999999999,
    96.31400000000001,
    95.31700000000002,
    94.297,
    95.76000000000002,
    93.813,
    94.82600000000001,
    96.321,
    94.31199999999998,
    95.289,
    97.33000000000001,
    95.309,
    93.804,
    92.805,
    93.319,
    92.81900000000002,
    96.31400000000001,
    91.68,
    92.83000000000001,
    94.316,
    93.82200000000002,
    96.833,
    96.321,
    94.816,
    92.302,
    97.32300000000001,
    96.81199999999998,
    95.29499999999999,
    95.32100000000001,
    92.31500000000001,
    94.312,
    94.30699999999999,
    95.30199999999999,
    95.33000000000001,
    93.322,
