{
  "complexity": 6,
  "alpha": 0.1,
  "gamma": 0.95,
  "epsilon": 0.1,
  "extra_passages": 9,
  "avg_rewards": [
    -453.3469999999978,
    -24.6500000000003,
    38.63299999999971,
    50.26099999999984,
    65.97099999999985,
    73.56700000000002,
    78.75899999999959,
    77.55199999999999,
    63.734999999999786,
    70.68999999999969,
    85.76200000000003,
    74.77399999999989,
    81.15699999999985,
    79.02499999999995,
    81.30699999999973,
    90.07699999999997,
    92.77600000000001,
    85.08599999999998,
    60.87499999999968,
    56.05199999999995,
    66.6890000000001,
    91.988,
    72.85099999999981,
    88.10200000000005,
    91.57999999999998,
    65.47900000000232,
    82.18399999999961,
    83.2429999999999,
    89.82199999999997,
    81.869,
    91.84099999999998,
    81.59400000000014,
    86.27200000000002,
    92.011,
    78.67999999999975,
    86.43199999999993,
    93.64099999999999,
    65.08500000000359,
    89.01100000000001,
    93.663,
    90.034,
    94.08999999999999,
    93.67299999999999,
    91.732,
    90.24099999999996,
    95.747,
    86.92899999999995,
    94.46700000000001,
    94.735,
    96.10600000000001,
    94.19300000000001,
    91.29400000000001,
    91.42499999999993,
    82.33799999999987,
    91.261,
    95.36399999999999,
    97.49999999999999,
    96.75,
    94.388,
    95.94800000000001,
    93.79499999999999,
    98.372,
    92.66799999999998,
    98.93200000000002,
    92.85,
    85.96999999999957,
    92.29699999999998,
    95.89099999999999,
    96.23300000000002,
    95.25600000000001,
    98.57500000000002,
    92.76400000000001,
    90.72699999999996,
    95.26300000000002,
    96.999,
    93.14200000000001,
    98.01500000000001,
    96.56200000000001,
    94.489,
    94.58500000000001,
    96.28800000000001,
    96.682,
    93.80599999999998,
    94.36500000000001,
    91.37300000000002,
    96.581,
    94.14599999999999,
    94.537,
    98.33099999999999,
    96.45600000000002,
    95.97100000000002,
    92.62999999999985,
    98.05200000000002,
    97.09900000000002,
    96.445,
    96.447,
    97.121,
    97.629,
    97.74600000000001,
    98.24300000000001,
    95.588,
    99.088,
    94.165,
    94.64999999999999,
    97.403,
    96.667,
    91.09199999999997,
    94.07700000000001,
    96.42500000000003,
    95.01499999999984,
    97.51500000000003,
    97.651,
    94.99099999999984,
    98.50700000000002,
    97.47800000000001,
    93.89700000000012,
    94.17099999999998,
    98.24700000000001,
    94.32199999999997,
    97.76700000000001,
    98.815,
    97.747,
    98.641,
    98.27500000000002,
    96.66900000000001,
    96.98800000000003,
    95.03599999999999,
    93.24100000000001,
    96.776,
    96.57300000000001,
    96.732,
    96.97800000000002,
    97.08400000000002,
    99.26100000000001,
    98.70500000000001,
    97.211,
    97.15,
    97.60400000000001,
    98.74100000000001,
    96.221,
    96.47600000000001,
    97.22,
    96.751,
    97.28400000000002,
    93.69800000000001,
    98.63600000000002,
    98.693,
    96.81800000000001,
    97.77300000000001,
    95.264,
    99.08400000000002,
    97.80700000000002,
    98.828,
    98.71200000000002,
    96.23200000000001,
    96.54200000000002,
    97.805,
    97.69900000000001,
    99.30499999999999,
    97.22600000000001,
    97.12700000000002,
    96.20700000000001,
    98.717,
    99.775,
    97.30499999999999,
    97.29300000000002,
    99.30800000000002,
    97.76000000000002,
    97.299,
    97.80500000000002,
    98.32300000000001,
    96.78100000000002,
    96.70900000000003,
    98.762,
    95.27000000000001,
    98.33700000000002,
    98.80700000000002,
    98.796,
    96.333,
    98.829,
    97.82500000000002,
    98.33200000000002,
    98.83200000000002,
    99.83100000000002,
    99.328,
    96.32400000000001,
    98.32900000000002,
    98.828,
    96.82500000000002,
    98.827,
    98.32600000000002,
    98.33800000000001,
    98.33400000000002,
    97.825,
    99.333,
    97.83700000000002,
    97.83200000000001,
    96.33200000000001,
    97.33800000000001,
    97.83400000000002,
    98.836,
    98.33100000000002,
    97.83300000000001,
    98.837,
    97.83000000000001,
    98.83700000000002,
    98.72700000000002,
    97.33000000000001,
    99.33200000000002,
    97.33200000000002,
    97.328,
    97.32500000000002,
    97.33600000000003,
    97.32900000000001,
    97.82100000000001,
    97.83500000000001,
    98.34100000000001,
    99.33099999999999,
    97.33700000000002,
    97.83400000000002,
    98.817,
    97.824,
    98.33900000000003,
    95.81,
    98.33200000000002,
    96.823,
    97.83500000000002,
    97.33500000000001,
    99.33000000000001,
    96.83400000000002,
    96.82600000000001,
    99.331,
    97.33900000000001,
    96.33100000000002,
    97.32200000000002,
    96.826,
    95.83200000000002,
    98.834,
    97.83100000000002,
    96.831,
    97.83700000000002,
    99.33400000000002,
    96.822,
    98.83200000000002,
    99.337,
    97.83200000000001,
    98.826,
    94.833,
    98.832,
    97.33200000000002,
    97.83200000000002,
    97.33800000000001,
    96.32600000000001,
    96.314,
    97.83500000000001,
    99.836,
    98.325,
    94.821,
    99.33300000000001,
    97.33100000000002,
    98.826,
    98.83800000000002,
    97.83600000000001,
    98.83300000000001,
    96.82000000000001,
    98.82900000000002,
    98.321,
    98.836,
    98.334,
    98.33000000000001,
    99.33100000000002,
    97.33100000000002,
    97.83200000000001,
    97.82900000000002,
    96.83000000000001,
    98.325,
    97.32900000000002,
    97.32700000000003,
    96.83700000000002,
    99.33600000000001,
    96.33900000000001,
    98.824,
    97.332,
    99.33400000000002,
    97.82900000000002,
    98.82300000000001,
    97.83000000000001,
    97.831,
    96.328,
    97.83700000000002,
    98.83200000000001,
    95.32500000000002,
    99.333,
    97.81800000000001,
    97.33000000000001,
    98.82500000000002,
    97.33600000000003,
    98.83200000000001,
    98.83800000000001,
    97.32300000000001,
    97.83700000000002,
    95.824,
    98.33700000000002,
    98.83800000000002,
    99.33200000000001,
    96.314,
    98.33600000000001,
    98.316,
    95.84000000000002,
    98.83100000000002,
    96.831,
    97.83800000000001,
    96.82900000000001,
    97.33000000000001,
    98.83400000000002,
    98.33900000000001,
    97.83200000000001,
    96.82900000000001,
    97.328,
    98.331,
    99.33400000000002,
    96.83000000000001,
    96.828,
    96.336,
    97.83900000000001,
    97.83500000000001,
    99.34300000000002,
    95.81500000000001,
    96.83400000000002,
    98.33700000000002,
    96.31500000000001,
    98.32600000000001,
    95.32700000000001,
    98.83200000000001,
    98.81800000000001,
    95.83400000000002,
    98.33000000000001,
    97.33800000000002,
    97.82900000000002,
    97.33100000000002,
    96.31800000000001,
    95.82200000000002,
    98.33900000000001,
    97.33500000000001,
    97.83500000000001,
    98.83300000000001,
    98.33100000000002,
    98.33200000000002,
    97.83900000000001,
    99.83900000000001,
    97.33300000000001,
    99.33000000000001,
    97.33300000000001,
    97.831,
    98.33400000000002,
    98.83300000000001,
    98.34100000000001,
    98.33600000000001,
    98.836,
    98.83400000000002,
    98.82900000000001,
    97.33300000000001,
    98.33800000000001,
    97.82700000000001,
    99.32400000000001,
    99.33300000000001,
    98.83200000000002,
    95.83100000000002,
    98.83500000000001,
    96.32300000000001,
    98.83400000000002,
    96.327,
    99.32600000000001,
    98.33300000000001,
    96.83000000000001,
    99.33500000000001,
    98.84000000000002,
    99.82400000000001,
    97.33000000000001,
    97.33700000000002,
    98.32300000000001,
    97.82900000000001,
    97.83,
    96.33400000000002,
    98.33500000000001,
    97.33400000000002,
    98.328,
    98.836,
    97.83600000000003,
    98.84200000000001,
