{
  "complexity": 4,
  "alpha": 0.1,
  "gamma": 0.85,
  "epsilon": 0.1,
  "extra_passages": 3,
  "avg_rewards": [
    -236.52799999999894,
    35.619000000000725,
    48.895999999999695,
    67.41099999999999,
    51.113000000000675,
    44.448000000001194,
    72.53099999999955,
    75.80899999999997,
    86.28599999999983,
    78.3939999999996,
    78.23799999999987,
    86.664,
    30.07900000002129,
    -105.98899999994072,
    16.677000000011304,
    79.83400000000002,
    84.0509999999999,
    62.895999999999184,
    9.31300000002641,
    -62.580999999941774,
    -231.36100000113115,
    86.83,
    89.95700000000004,
    76.01699999999903,
    67.21399999999947,
    88.59999999999978,
    80.5940000000006,
    85.05099999999963,
    91.91100000000013,
    70.52200000000167,
    80.29399999999973,
    -6.93199999996276,
    90.89799999999997,
    79.69500000000042,
    93.82600000000001,
    91.54900000000004,
    64.96600000000177,
    71.8529999999991,
    94.578,
    94.48799999999999,
    90.32700000000025,
    81.77599999999993,
    92.52299999999998,
    91.06499999999997,
    93.75199999999992,
    82.44699999999825,
    73.46800000000427,
    88.07500000000049,
    95.50299999999999,
    96.97200000000002,
    96.59500000000001,
    92.75099999999998,
    93.88599999999987,
    97.84700000000001,
    94.18100000000003,
    93.74600000000001,
    94.47199999999991,
    98.22099999999999,
    97.086,
    96.212,
    97.42299999999999,
    96.71799999999988,
    97.69700000000002,
    96.315,
    97.725,
    96.11599999999993,
    93.83499999999995,
    98.965,
    96.37000000000002,
    97.077,
    94.06899999999987,
    97.261,
    98.71,
    97.864,
    98.16900000000001,
    97.86600000000001,
    97.784,
    97.87299999999999,
    98.835,
    96.81199999999998,
    98.36999999999999,
    97.381,
    98.817,
    98.862,
    97.344,
    98.801,
    97.32000000000001,
    97.29499999999999,
    98.291,
    98.327,
    96.32900000000001,
    99.338,
    97.383,
    98.381,
    98.876,
    97.87,
    97.88499999999999,
    96.85999999999999,
    97.872,
    95.881,
    97.383,
    97.37100000000001,
    99.381,
    99.87899999999999,
    98.386,
    97.367,
    99.38399999999999,
    97.38,
    96.883,
    99.375,
    97.383,
    98.38399999999999,
    97.375,
    95.881,
    97.883,
    96.376,
    98.37,
    96.847,
    98.375,
    98.38199999999999,
    98.88399999999999,
    98.378,
    98.38,
    97.88499999999999,
    99.38,
    97.88,
    98.386,
    96.88,
    98.38799999999999,
    97.38399999999999,
    99.376,
    97.38399999999999,
    95.88699999999999,
    97.868,
    96.383,
    97.883,
    98.886,
    97.877,
    96.372,
    98.38399999999999,
    98.87899999999999,
    98.38699999999999,
    98.88399999999999,
    98.884,
    96.381,
    98.385,
    96.87899999999999,
    97.881,
    97.86800000000001,
    98.875,
    99.38399999999999,
    97.88399999999999,
    97.87899999999999,
    99.376,
    96.38499999999999,
    96.886,
    98.88199999999999,
    96.38199999999999,
    98.878,
    98.381,
    97.852,
    98.376,
    98.88,
    96.381,
    97.87100000000001,
    97.886,
    98.881,
    99.381,
    98.878,
    96.87899999999999,
    98.88399999999999,
    99.378,
    97.88399999999999,
    96.878,
    97.877,
    98.37899999999999,
    96.86500000000001,
    98.381,
    97.38499999999999,
    97.384,
    97.878,
    99.38,
    97.38199999999999,
    99.38199999999999,
    97.383,
    96.883,
    97.376,
    99.386,
    98.87899999999999,
    96.876,
    98.88499999999999,
    96.88799999999999,
    98.88,
    95.86600000000001,
    98.876,
    98.38399999999999,
    99.381,
    96.86500000000001,
    97.88,
    99.378,
    97.89,
    96.875,
    97.381,
    98.377,
    98.874,
    98.874,
    99.377,
    98.378,
    98.875,
    97.886,
    98.377,
    99.878,
    98.386,
    98.886,
    96.383,
    98.881,
    97.886,
    98.37899999999999,
    97.874,
    97.87899999999999,
    99.37899999999999,
    98.88199999999999,
    96.38399999999999,
    97.38399999999999,
    97.876,
    97.37199999999999,
    98.884,
    97.377,
    96.878,
    96.88,
    95.881,
    97.38300000000001,
    98.876,
    98.884,
    99.381,
    98.38199999999999,
    96.88000000000001,
    98.87100000000001,
    95.38399999999999,
    99.36999999999999,
    95.88399999999999,
    97.877,
    99.378,
    98.86600000000001,
    98.38,
    97.88199999999999,
    97.37100000000001,
    98.37899999999999,
    96.383,
    96.875,
    96.881,
    98.38499999999999,
    99.369,
    98.881,
    97.87299999999999,
    99.378,
    96.877,
    98.87899999999999,
    97.88199999999999,
    97.374,
    98.32000000000001,
    96.87899999999999,
    97.381,
    97.88000000000001,
    97.881,
    98.37899999999999,
    97.879,
    99.378,
    97.86800000000001,
    98.378,
    96.376,
    98.369,
    99.383,
    98.875,
    98.87899999999999,
    97.376,
    98.887,
    99.88499999999999,
    96.87899999999999,
    98.883,
    97.878,
    97.875,
    98.385,
    98.881,
    98.88199999999999,
    98.366,
    94.38199999999999,
    96.378,
    95.872,
    98.382,
    96.376,
    97.37899999999999,
    98.88,
    98.877,
    96.87899999999999,
    97.88,
    97.378,
    98.881,
    96.373,
    97.383,
    97.877,
    97.38499999999999,
    96.877,
    96.876,
    98.873,
    96.88199999999999,
    97.88,
    97.88699999999999,
    96.87899999999999,
    96.381,
    97.87,
    96.878,
    98.38199999999999,
    99.376,
    97.874,
    98.377,
    98.87899999999999,
    74.68500000000253,
    97.869,
    97.87899999999999,
    99.376,
    96.88199999999999,
    98.88,
    99.373,
    95.87100000000001,
    96.37,
    99.88399999999999,
    98.375,
    98.38499999999999,
    97.37899999999999,
    99.378,
    97.883,
    97.37899999999999,
    98.878,
    98.888,
    96.87899999999999,
    99.377,
    98.88,
    98.374,
    96.376,
    95.87899999999999,
    97.877,
    96.87899999999999,
    95.88399999999999,
    97.88199999999999,
    98.372,
    96.37899999999999,
    97.374,
    98.38699999999999,
    97.382,
    95.879,
    98.383,
    98.375,
    98.377,
    98.38199999999999,
    96.373,
    97.874,
    97.88000000000001,
    98.37899999999999,
    98.372,
    99.878,
    97.878,
    98.883,
    99.37899999999999,
    99.381,
    98.88199999999999,
    98.878,
    97.38300000000001,
    98.382,
    96.875,
    96.878,
    98.373,
    95.878,
    98.881,
    98.38,
    96.877,
    97.381,
    98.872,
    99.36999999999999,
    97.87,
    96.878,
    97.883,
    97.39,
    99.384,
    96.883,
    96.87899999999999,
    96.88,
    96.38399999999999,
    98.386,
    97.877,
    98.875,
    97.87899999999999,
    97.88,
    97.88699999999999,
    96.872,
    99.378,
    98.381,
    98.37899999999999,
    95.377,
    98.37899999999999,
    97.38,
    99.36799999999998,
    98.878,
    98.36999999999999,
    98.376,
    96.88199999999999,
    98.37899999999999,
    97.376,
    98.381,
    98.37100000000001,
    98.376,
    98.375,
    98.37100000000001,
    99.883,
    97.385,
    97.368,
    97.87199999999999,
    98.877,
    97.88,
    99.886,
    98.38399999999999,
    97.88,
    99.38,
    96.88,
    97.374,
    97.37899999999999,
    98.388,
    98.38,
    97.876,
    98.38399999999999,
    99.38199999999999,
    97.877,
    97.881,
    99.87899999999999,
    99.374,
    97.862,
    97.378,
    96.88199999999999,
    99.387,
    97.376,
    99.378,
    99.375,
    98.38399999999999,
    98.87899999999999,
    97.883,
    99.878,
    97.876,
    98.388,
    97.878,
    99.364,
    98.38799999999999,
    96.88199999999999,
    98.881,
    97.38799999999999,
    97.885,
    98.883,
    97.876,
    97.882,
    97.88300000000001,
    96.88399999999999,
    97.38,
    98.383,
    99.375,
    98.88399999999999,
    97.88,
    98.88199999999999,
    96.38199999999999,
    96.374,
    98.38,
    98.38799999999999,
    99.36999999999999,
    98.38399999999999,
