{
  "complexity": 4,
  "alpha": 0.2,
  "gamma": 0.85,
  "epsilon": 0.1,
  "extra_passages": 11,
  "avg_rewards": [
    -509.7229999999974,
    -18.792999999996947,
    63.150000000000055,
    60.516999999999975,
    71.1129999999998,
    70.46,
    73.4599999999999,
    80.27099999999997,
    82.7950000000001,
    78.77399999999913,
    79.80199999999999,
    69.15099999999907,
    74.402,
    74.78699999999942,
    83.31699999999994,
    75.74899999999911,
    85.61299999999999,
    82.09199999999967,
    84.83600000000001,
    88.53199999999995,
    66.11800000000082,
    71.73899999999999,
    64.53200000000041,
    84.76599999999995,
    59.12599999999948,
    70.9740000000003,
    91.19799999999998,
    61.71100000000199,
    83.92499999999993,
    79.52399999999972,
    79.89300000000017,
    83.02900000000002,
    48.47900000000108,
    85.13299999999995,
    79.40700000000018,
    89.66899999999998,
    90.37299999999999,
    87.61999999999998,
    72.23699999999873,
    73.00999999999986,
    75.73599999999917,
    61.31100000000568,
    69.60199999999935,
    82.38399999999987,
    79.03899999999999,
    89.94199999999992,
    67.88799999999958,
    37.07500000001201,
    97.23799999999999,
    87.03599999999979,
    91.31199999999993,
    70.75200000000203,
    84.03500000000017,
    81.21899999999968,
    91.32000000000004,
    92.58399999999997,
    91.54200000000012,
    93.25699999999995,
    87.69599999999994,
    93.26599999999999,
    95.37800000000001,
    97.63000000000001,
    94.901,
    96.08499999999995,
    91.20400000000008,
    95.117,
    97.13700000000001,
    99.27900000000001,
    93.74000000000001,
    97.03200000000001,
    97.018,
    95.72400000000002,
    97.11600000000001,
    94.11099999999989,
    92.94000000000023,
    97.03700000000002,
    97.33099999999999,
    98.682,
    98.08100000000002,
    98.82900000000001,
    98.074,
    98.25500000000001,
    99.313,
    97.80799999999999,
    97.24700000000001,
    98.714,
    98.29300000000002,
    99.23600000000002,
    96.729,
    97.22300000000001,
    98.824,
    99.33600000000001,
    99.33099999999999,
    97.33200000000001,
    94.93000000000002,
    97.33900000000001,
    98.836,
    97.32900000000001,
    99.34300000000002,
    97.831,
    97.33500000000001,
    97.304,
    97.31700000000002,
    99.327,
    98.33700000000002,
    97.83400000000002,
    99.32900000000001,
    97.334,
    98.82700000000003,
    97.83200000000002,
    98.83900000000001,
    98.84200000000001,
    98.83200000000001,
    97.32500000000002,
    97.831,
    97.834,
    96.33700000000002,
    95.331,
    97.33100000000003,
    98.84100000000002,
    99.328,
    96.33,
    97.827,
    97.751,
    98.329,
    97.32900000000001,
    98.33900000000001,
    96.33700000000002,
    96.33200000000002,
    97.33200000000002,
    97.837,
    98.82199999999999,
    96.831,
    99.333,
    97.833,
    99.84000000000002,
    98.332,
    98.334,
    98.33400000000002,
    98.827,
    99.32499999999999,
    97.328,
    97.843,
    98.31800000000001,
    98.34100000000001,
    97.824,
    96.83500000000001,
    98.82500000000002,
    99.34200000000001,
    96.82900000000001,
    99.83900000000001,
    98.33600000000001,
    98.34,
    97.316,
    97.83500000000001,
    96.82900000000002,
    97.326,
    96.82900000000002,
    97.64500000000001,
    98.32900000000002,
    96.82800000000002,
    97.82299999999998,
    98.83200000000001,
    99.83500000000001,
    99.34100000000001,
    97.33100000000002,
    98.32700000000001,
    98.337,
    99.33900000000001,
    98.83200000000002,
    99.34000000000002,
    98.33900000000001,
    98.33800000000001,
    97.826,
    95.83600000000001,
    98.33700000000002,
    98.336,
    98.33600000000001,
    98.32800000000002,
    95.83000000000001,
    97.83700000000002,
    97.83900000000003,
    97.33700000000002,
    99.34400000000001,
    98.33900000000001,
    98.34100000000001,
    98.83600000000003,
    95.82400000000001,
    98.83000000000001,
    96.83400000000002,
    98.84100000000001,
    97.34600000000002,
    97.83099999999999,
    97.33600000000001,
    95.31800000000001,
    97.327,
    97.843,
    95.33100000000002,
    97.31500000000001,
    96.84,
    96.83500000000001,
    97.82600000000002,
    96.334,
    97.84800000000001,
    98.83,
    98.83500000000001,
    98.33500000000002,
    97.83500000000001,
    98.82800000000002,
    98.32700000000001,
    98.816,
    98.83300000000001,
    99.83900000000001,
    97.83700000000002,
    96.32000000000002,
    97.332,
    98.828,
    97.83200000000001,
    96.83600000000001,
    97.84200000000001,
    97.82500000000002,
    96.33000000000001,
    97.32900000000001,
    98.83800000000001,
    98.33800000000001,
    97.83900000000001,
    96.82700000000001,
    98.329,
    96.83500000000001,
    98.33600000000001,
    96.824,
    97.84200000000001,
    98.83100000000002,
    98.33100000000002,
    96.33500000000001,
    96.831,
    98.327,
    97.82300000000001,
    97.337,
    98.33400000000002,
    98.33900000000001,
    95.82900000000002,
    97.834,
    98.84,
    98.842,
    98.83600000000001,
    97.31699999999998,
    98.84,
    97.822,
    98.84100000000001,
    99.324,
    97.83000000000001,
    96.843,
    94.833,
    97.32300000000001,
    98.332,
    95.83900000000001,
    98.32700000000001,
    97.83500000000001,
    96.837,
    98.336,
    96.82600000000001,
    96.833,
    98.84100000000002,
    97.334,
    97.82300000000001,
    96.83,
    98.827,
    97.32900000000001,
    97.84100000000001,
    96.32700000000001,
    98.33200000000002,
    99.333,
    96.33600000000003,
    96.828,
    96.831,
    97.33800000000001,
    96.84200000000001,
    99.32900000000001,
    98.33700000000002,
    98.84200000000001,
    98.82500000000002,
    98.33099999999999,
    99.336,
    98.331,
    97.83900000000003,
    97.325,
    98.333,
    99.82800000000002,
    97.33300000000001,
    99.33600000000001,
    94.83500000000001,
    99.32800000000002,
    99.33800000000002,
    99.333,
    95.833,
    98.33900000000001,
    97.31700000000001,
    96.316,
    98.337,
    97.33800000000002,
    99.33600000000001,
    98.33900000000001,
    98.34600000000002,
    98.32200000000002,
    97.34100000000001,
    97.829,
    97.83200000000002,
    99.33000000000001,
    98.336,
    98.33400000000002,
    95.82800000000002,
    98.33900000000001,
    95.84100000000001,
    95.33200000000002,
    98.83500000000002,
    98.33400000000002,
    98.833,
    96.832,
    97.33700000000002,
    98.333,
    97.33500000000001,
    96.83800000000001,
    97.33500000000001,
    97.83,
    98.831,
    99.827,
    99.33400000000002,
    97.33600000000001,
    97.33800000000001,
    97.83100000000002,
    96.838,
    98.32700000000001,
    98.32800000000002,
    98.822,
    98.328,
    98.836,
    96.82500000000002,
    98.33000000000001,
    98.83600000000001,
    96.83800000000001,
    98.33500000000001,
    97.331,
    97.29600000000002,
    98.332,
    98.326,
    98.84200000000001,
    98.32900000000001,
    98.83600000000003,
    98.82900000000001,
    99.326,
    97.84400000000001,
    96.83200000000002,
    97.32500000000002,
    97.82500000000002,
    98.33900000000003,
    99.333,
    99.82800000000002,
    98.324,
    98.331,
    97.33700000000002,
    98.326,
    98.33300000000001,
    98.34200000000001,
    98.33900000000003,
    99.83800000000001,
    98.33700000000002,
    99.33400000000002,
    98.33200000000002,
    97.336,
    99.32700000000001,
    98.83800000000001,
    99.34100000000002,
    97.333,
    98.834,
    98.82300000000001,
    97.34200000000001,
    99.33500000000001,
    98.32000000000001,
    99.324,
    97.335,
    97.833,
    99.33700000000002,
    98.833,
    98.836,
    97.84100000000001,
    96.83200000000002,
    97.833,
    97.32800000000002,
    98.328,
    98.84300000000002,
    99.32900000000002,
    97.84300000000002,
    98.31400000000001,
    99.34200000000001,
