{
  "complexity": 4,
  "alpha": 0.3,
  "gamma": 0.85,
  "epsilon": 0.1,
  "extra_passages": 11,
  "avg_rewards": [
    -491.5259999999977,
    43.11400000000001,
    -10.717999999996499,
    49.99000000000136,
    31.19900000000053,
    70.91499999999999,
    61.437000000001284,
    73.32299999999984,
    83.43199999999987,
    55.17599999999992,
    74.6969999999997,
    56.267000000002966,
    74.3449999999998,
    80.059,
    73.41199999999894,
    77.17100000000003,
    67.67699999999974,
    56.954999999999565,
    71.25700000000003,
    60.5810000000011,
    84.82799999999995,
    65.39299999999962,
    57.22000000000359,
    77.59899999999972,
    66.60699999999939,
    86.87799999999999,
    95.95,
    42.227000000004104,
    73.01900000000103,
    77.58399999999928,
    81.75299999999997,
    82.238,
    88.50199999999974,
    88.51499999999992,
    94.83500000000001,
    76.30399999999939,
    89.65899999999992,
    87.74699999999974,
    91.00199999999998,
    85.28200000000001,
    96.96100000000001,
    85.72000000000033,
    95.164,
    92.04699999999994,
    94.82499999999999,
    95.348,
    95.69300000000001,
    95.83699999999997,
    92.223,
    96.034,
    90.6109999999998,
    85.82400000000008,
    96.35399999999996,
    96.81600000000002,
    96.58600000000003,
    94.93200000000002,
    94.289,
    95.915,
    98.191,
    98.644,
    99.21900000000002,
    98.18900000000002,
    97.18700000000001,
    96.189,
    98.64500000000001,
    98.71600000000002,
    96.20100000000002,
    95.55,
    96.661,
    98.26700000000002,
    97.256,
    96.70700000000001,
    75.83800000000197,
    90.32200000000016,
    94.78700000000002,
    98.75500000000002,
    96.26000000000002,
    98.296,
    95.81700000000001,
    95.24400000000001,
    97.80100000000002,
    98.80800000000002,
    98.81500000000003,
    96.822,
    97.74900000000001,
    98.04600000000002,
    99.302,
    97.81900000000002,
    91.813,
    93.70699999999994,
    97.29800000000002,
    95.807,
    98.31200000000001,
    94.80400000000002,
    94.311,
    97.316,
    95.68800000000002,
    96.49200000000002,
    97.29400000000001,
    97.30300000000001,
    95.30600000000001,
    98.774,
    96.82300000000001,
    97.319,
    97.31300000000002,
    98.319,
    98.33000000000001,
    96.32500000000002,
    98.32400000000001,
    98.80400000000002,
    99.31800000000003,
    99.269,
    98.316,
    97.32700000000001,
    96.306,
    99.331,
    97.825,
    95.804,
    97.32100000000001,
    97.82900000000001,
    95.83000000000001,
    95.74900000000002,
    99.31800000000001,
    98.32000000000002,
    97.82600000000001,
    98.27799999999999,
    96.31300000000002,
    98.83700000000002,
    96.82600000000001,
    96.82200000000002,
    97.822,
    96.77200000000002,
    96.28300000000002,
    98.675,
    95.25300000000001,
    98.816,
    96.251,
    98.32000000000002,
    98.82300000000001,
    98.32400000000001,
    99.32600000000001,
    99.711,
    97.83200000000002,
    98.314,
    96.815,
    99.82500000000002,
    97.83300000000001,
    98.309,
    97.329,
    97.32800000000002,
    98.266,
    99.32700000000001,
    97.81800000000001,
    96.819,
    97.32600000000001,
    98.32700000000001,
    97.828,
    99.314,
    98.82000000000001,
    97.32500000000002,
    96.814,
    97.31200000000001,
    99.33100000000002,
    97.83100000000002,
    98.822,
    98.833,
    96.81800000000001,
    99.311,
    97.329,
    98.32500000000002,
    98.825,
    97.819,
    96.32000000000001,
    96.82800000000002,
    97.31800000000001,
    96.75800000000001,
    98.33100000000002,
    98.316,
    97.82300000000001,
    97.82400000000001,
    95.81200000000001,
    98.81700000000001,
    98.319,
    96.83100000000002,
    98.31200000000001,
    98.32200000000002,
    96.44500000000002,
    96.31400000000001,
    98.296,
    98.314,
    96.824,
    99.32700000000001,
    98.32300000000001,
    96.828,
    98.33700000000002,
    97.30600000000001,
    99.32600000000001,
    99.31699999999998,
    99.328,
    97.828,
    96.328,
    97.82200000000003,
    99.83000000000001,
    98.331,
    97.83500000000001,
    98.32800000000002,
    98.81200000000003,
    97.33099999999999,
    97.82400000000001,
    97.82600000000001,
    97.32500000000002,
    97.32100000000001,
    99.31900000000002,
    98.31800000000001,
    99.32200000000002,
    98.82600000000001,
    98.82500000000002,
    97.82500000000002,
    95.808,
    96.324,
    97.31300000000002,
    97.81900000000002,
    98.82700000000003,
    97.81700000000002,
    97.828,
    98.83400000000002,
    98.82400000000003,
    99.31700000000001,
    99.31700000000001,
    98.316,
    97.32600000000002,
    96.32100000000003,
    98.795,
    98.32400000000001,
    98.82700000000003,
    96.33100000000002,
    96.82600000000002,
    98.325,
    99.33400000000002,
    96.32400000000001,
    97.31400000000001,
    98.82300000000001,
    98.32500000000002,
    96.82500000000002,
    97.32800000000002,
    96.83000000000001,
    98.32000000000001,
    98.82400000000001,
    98.82400000000001,
    98.821,
    98.81,
    99.81600000000002,
    99.83100000000002,
    97.327,
    97.81700000000001,
    98.32600000000002,
    99.32200000000002,
    99.327,
    99.31899999999999,
    97.82600000000001,
    98.32300000000001,
    98.81700000000001,
    97.321,
    98.82300000000001,
    98.81599999999999,
    98.32500000000002,
    98.81600000000002,
    98.32600000000001,
    99.33300000000001,
    97.81800000000001,
    98.321,
    97.32600000000002,
    99.82000000000001,
    97.31800000000001,
    98.81700000000001,
    97.821,
    96.809,
    98.331,
    98.33000000000001,
    98.32500000000002,
    97.811,
    98.81200000000003,
    98.319,
    98.33000000000001,
    98.33000000000001,
    97.82400000000001,
    98.81700000000001,
    99.32200000000002,
    98.821,
    98.32700000000001,
    98.328,
    97.82200000000002,
    98.30300000000001,
    97.822,
    96.32600000000001,
    98.82800000000002,
    98.32100000000001,
    98.32300000000001,
    95.31000000000002,
    97.82700000000001,
    97.819,
    99.321,
    96.32100000000003,
    97.819,
    98.33100000000002,
    94.83100000000002,
    97.798,
    95.82900000000001,
    98.31700000000001,
    97.31700000000001,
    98.826,
    96.84100000000001,
    98.83500000000001,
    98.83200000000002,
    99.311,
    97.833,
    97.291,
    97.32300000000001,
    99.31900000000002,
    97.822,
    97.82500000000002,
    98.827,
    97.33400000000002,
    97.32900000000001,
    99.32900000000002,
    98.33500000000001,
    98.827,
    97.82200000000002,
    98.82400000000003,
    98.83000000000001,
    99.33800000000001,
    98.82700000000001,
    96.828,
    99.32900000000001,
    97.83000000000001,
    98.27200000000002,
    97.33400000000002,
    99.33300000000001,
    98.83600000000001,
    99.32900000000001,
    97.828,
    97.828,
    98.319,
    97.802,
    98.324,
    98.325,
    98.336,
    98.329,
    96.831,
    98.83600000000001,
    97.33800000000001,
    99.83500000000001,
    98.82900000000001,
    97.32900000000002,
    95.821,
    97.832,
    99.33,
    99.325,
    97.82000000000002,
    98.32500000000002,
    97.82600000000002,
    97.336,
    97.329,
    99.834,
    98.32900000000001,
    97.82700000000001,
    97.837,
    96.32400000000003,
    99.333,
    98.324,
    98.32500000000002,
    97.83500000000001,
    97.82900000000001,
    96.326,
    98.828,
    99.267,
    96.82300000000001,
    99.32700000000001,
    98.83200000000001,
    96.33300000000001,
    98.82700000000001,
    99.32099999999998,
    98.33000000000001,
    97.81300000000002,
    98.82700000000003,
    96.82200000000002,
    97.33000000000001,
    96.32300000000001,
    97.33900000000001,
    97.32600000000001,
    98.81700000000002,
    99.33000000000001,
    97.82000000000001,
    96.831,
    97.336,
    98.33300000000001,
    99.334,
    99.334,
    98.33500000000001,
