{
  "complexity": 4,
  "alpha": 0.2,
  "gamma": 0.95,
  "epsilon": 0.1,
  "extra_passages": 11,
  "avg_rewards": [
    -432.16599999999806,
    -29.213999999999903,
    52.61899999999969,
    48.75999999999976,
    74.00300000000007,
    74.96999999999986,
    52.002000000000734,
    70.19500000000002,
    83.15399999999993,
    85.90599999999998,
    60.26500000000086,
    77.64800000000002,
    49.60900000000153,
    85.30899999999995,
    91.46499999999999,
    87.37599999999995,
    92.11099999999998,
    87.41999999999997,
    91.55800000000002,
    89.23999999999994,
    91.797,
    94.54299999999999,
    84.546,
    87.6529999999999,
    92.44300000000001,
    94.14799999999998,
    96.73299999999999,
    92.84,
    94.025,
    98.29999999999998,
    93.3,
    94.09400000000001,
    92.17999999999992,
    95.589,
    94.49800000000002,
    93.204,
    94.18199999999999,
    97.50200000000001,
    98.06000000000002,
    97.06200000000001,
    96.649,
    96.001,
    95.75500000000001,
    95.792,
    95.10600000000001,
    97.578,
    98.65700000000001,
    97.56800000000001,
    93.37300000000002,
    97.72600000000001,
    96.27100000000002,
    97.382,
    97.23200000000001,
    98.17800000000001,
    97.60200000000002,
    98.28400000000002,
    94.636,
    93.55300000000003,
    98.778,
    97.79900000000002,
    97.197,
    97.78800000000001,
    98.31900000000002,
    96.74000000000001,
    98.32400000000001,
    98.32200000000002,
    97.83200000000002,
    97.83600000000003,
    96.83099999999999,
    97.33800000000001,
    99.32500000000002,
    99.83900000000001,
    99.34200000000001,
    97.33400000000002,
    98.83500000000001,
    97.31800000000001,
    99.33500000000001,
    96.83000000000001,
    97.333,
    99.84400000000001,
    97.84400000000002,
    98.322,
    97.833,
    98.332,
    98.829,
    98.83500000000001,
    96.82400000000001,
    97.33000000000001,
    96.337,
    96.84100000000002,
    98.822,
    98.82900000000001,
    97.839,
    97.838,
    95.829,
    96.83500000000001,
    96.82900000000001,
    97.831,
    96.83400000000002,
    97.836,
    97.83400000000002,
    97.83000000000001,
    97.82100000000001,
    98.84200000000001,
    98.34400000000001,
    97.275,
    98.83700000000002,
    98.343,
    98.333,
    97.831,
    97.83500000000001,
    98.32700000000001,
    98.34200000000001,
    95.33300000000001,
    98.84300000000002,
    97.32900000000001,
    96.83800000000002,
    97.83400000000002,
    97.83400000000002,
    96.82200000000002,
    98.833,
    97.33900000000001,
    96.826,
    98.32900000000002,
    98.319,
    98.33800000000001,
    99.835,
    99.33600000000001,
    97.32600000000002,
    97.331,
    98.328,
    98.33100000000002,
    97.82300000000001,
    99.83400000000002,
    98.33600000000001,
    95.33100000000002,
    97.34,
    98.34400000000002,
    97.84100000000001,
    97.83700000000002,
    96.828,
    98.33200000000002,
    99.33400000000002,
    98.33800000000002,
    98.83400000000002,
    97.83700000000002,
    96.83000000000001,
    97.836,
    95.312,
    98.828,
    98.33400000000002,
    97.83700000000002,
    98.33500000000001,
    99.33600000000003,
    98.82300000000001,
    95.83900000000001,
    98.83000000000001,
    98.34100000000002,
    96.013,
    99.83400000000002,
    99.33700000000002,
    97.83800000000001,
    99.836,
    98.32400000000003,
    97.33000000000001,
    98.83900000000003,
    97.33800000000001,
    97.328,
    97.33000000000001,
    98.33200000000002,
    98.84100000000002,
    98.834,
    98.333,
    97.32700000000003,
    98.33500000000001,
    97.839,
    97.83600000000001,
    99.83500000000001,
    99.33700000000002,
    97.33900000000003,
    98.34,
    99.83399999999999,
    99.328,
    98.331,
    96.82900000000001,
    98.84500000000001,
    98.34,
    97.829,
    97.801,
    98.33800000000001,
    96.821,
    99.33700000000002,
    98.337,
    95.82700000000003,
    99.34100000000001,
    98.83300000000001,
    99.333,
    97.323,
    96.33400000000002,
    98.34000000000002,
    98.33400000000002,
    98.33500000000001,
    96.83100000000002,
    97.829,
    98.84000000000002,
    97.83,
    97.331,
    97.83500000000001,
    99.33700000000002,
    98.34,
    96.83400000000002,
    97.34200000000001,
    98.84100000000001,
    97.84200000000001,
    98.336,
    98.83800000000001,
    97.331,
    98.33700000000002,
    97.83200000000001,
    98.836,
    99.32700000000003,
    98.83800000000001,
    97.33200000000002,
    97.337,
    98.83100000000002,
    98.83300000000001,
    99.312,
    98.833,
    97.34100000000001,
    98.34,
    98.324,
    96.83000000000001,
    97.82900000000001,
    96.83500000000001,
    98.33000000000001,
    96.84400000000001,
    97.833,
    98.33300000000001,
    96.83900000000001,
    98.82200000000002,
    96.838,
    98.339,
    96.83900000000001,
    96.83200000000001,
    99.83399999999999,
    97.34200000000001,
    97.83600000000001,
    97.32600000000001,
    98.33399999999999,
    98.33600000000001,
    97.324,
    96.84,
    96.33200000000001,
    99.33200000000001,
    96.32900000000001,
    96.84,
    98.33900000000001,
    97.33500000000001,
    98.83600000000001,
    98.833,
    97.328,
    97.82700000000003,
    98.84200000000001,
    96.824,
    98.33800000000002,
    98.83000000000001,
    99.33400000000002,
    98.33300000000001,
    98.33800000000001,
    97.33500000000001,
    97.83700000000002,
    96.833,
    97.334,
    98.82700000000003,
    97.836,
    98.823,
    97.33500000000001,
    98.336,
    98.83900000000001,
    96.328,
    99.83500000000001,
    97.84300000000002,
    97.33000000000001,
    97.83500000000001,
    95.84,
    98.83700000000002,
    98.83200000000001,
    99.33200000000001,
    97.33700000000002,
    97.332,
    97.843,
    98.33800000000002,
    96.83800000000001,
    95.83000000000001,
    97.333,
    97.84,
    97.831,
    98.33900000000001,
    97.325,
    97.83700000000002,
    98.34500000000001,
    98.33800000000001,
    98.824,
    96.834,
    98.33500000000001,
    98.33600000000003,
    99.83500000000001,
    97.334,
    97.834,
    99.339,
    99.33900000000001,
    94.82300000000001,
    96.822,
    99.34100000000002,
    96.84300000000002,
    97.33400000000002,
    98.83500000000001,
    98.33500000000001,
    98.34000000000002,
    97.33500000000001,
    98.298,
    99.33700000000002,
    99.34200000000001,
    98.34,
    97.34100000000002,
    98.33500000000001,
    97.82400000000003,
    96.825,
    97.82700000000001,
    96.831,
    96.83200000000001,
    97.33100000000002,
    98.84200000000001,
    99.328,
    98.84,
    98.83300000000003,
    97.33900000000001,
    97.826,
    98.83700000000002,
    97.84,
    97.34200000000001,
    99.34000000000002,
    97.83800000000001,
    98.33500000000001,
    99.82700000000001,
    97.83399999999999,
    99.84500000000001,
    98.33600000000003,
    96.34,
    97.83500000000001,
    97.822,
    98.34300000000002,
    96.84300000000002,
    99.834,
    99.337,
    98.84500000000001,
    97.33600000000001,
    98.83800000000001,
    99.327,
    97.33500000000001,
    97.32900000000001,
    96.83600000000001,
    95.32300000000001,
    96.33400000000002,
    96.84,
    98.83200000000001,
    97.83900000000001,
    98.336,
    99.324,
    98.828,
    98.336,
    99.83500000000002,
    99.33500000000001,
    97.32800000000002,
    99.33100000000002,
    97.833,
    98.84700000000001,
    98.83900000000001,
    96.332,
    98.325,
    97.33800000000001,
    97.83600000000001,
    97.33700000000002,
    97.83500000000001,
    96.331,
    98.84400000000001,
    99.33400000000002,
    97.83600000000001,
    97.824,
    98.82300000000001,
    96.33400000000002,
    98.83900000000001,
    97.83600000000001,
    98.83200000000002,
    96.339,
    97.33700000000002,
    98.83500000000001,
    97.33200000000001,
    98.33300000000001,
    97.82900000000002,
    98.33700000000002,
