{
  "complexity": 9,
  "alpha": 0.3,
  "gamma": 0.9,
  "epsilon": 0.1,
  "extra_passages": 6,
  "avg_rewards": [
    -405.24899999999826,
    -172.9619999999806,
    26.938000000001125,
    -219.12499999993665,
    61.286,
    69.82999999999974,
    -42.65599999998417,
    14.109000000013515,
    86.75499999999992,
    40.47100000000588,
    79.47499999999978,
    61.406000000004425,
    63.17300000000165,
    40.778000000005626,
    78.32499999999992,
    73.40299999999999,
    79.85999999999996,
    -23.050999999986065,
    57.7479999999983,
    3.320000000007809,
    25.11000000001132,
    51.073000000003695,
    -141.8459999999861,
    87.772,
    93.807,
    71.99099999999862,
    57.51700000000485,
    53.88700000000499,
    -193.30200000031522,
    -310.87400000114184,
    64.88400000000235,
    -99.85899999995588,
    0.2280000000135672,
    -2.299999999978361,
    52.189000000000945,
    71.42299999999835,
    92.73700000000001,
    93.4369999999999,
    -21.321999999968785,
    90.42899999999993,
    77.86099999999938,
    93.85999999999999,
    99.082,
    82.96999999999913,
    88.67100000000002,
    30.74600000001294,
    94.58100000000002,
    95.26000000000002,
    95.91200000000002,
    99.10999999999999,
    97.96600000000001,
    95.035,
    97.186,
    96.21700000000001,
    95.53599999999997,
    67.45400000000498,
    87.77299999999983,
    98.63400000000001,
    98.238,
    96.00700000000002,
    95.427,
    96.97500000000001,
    92.46600000000001,
    98.33000000000001,
    96.314,
    96.29100000000001,
    99.33,
    98.83700000000002,
    97.834,
    97.33800000000001,
    98.84400000000001,
    96.33300000000001,
    97.333,
    96.84100000000001,
    97.83800000000002,
    97.83800000000002,
    95.83000000000001,
    98.82900000000001,
    95.33900000000003,
    97.822,
    98.33500000000001,
    98.324,
    97.83400000000002,
    98.33400000000002,
    98.33000000000001,
    98.84200000000001,
    97.33600000000001,
    97.836,
    96.83800000000001,
    96.34,
    98.84,
    96.82000000000001,
    93.83400000000002,
    99.33900000000001,
    97.34200000000001,
    96.82900000000001,
    97.33400000000002,
    94.83800000000001,
    97.333,
    97.83600000000001,
    97.34500000000001,
    96.33600000000001,
    97.83800000000001,
    96.82900000000002,
    98.34200000000001,
    93.45599999999992,
    97.33800000000001,
    96.82600000000001,
    97.332,
    96.834,
    97.33700000000002,
    98.83700000000002,
    99.329,
    96.82600000000001,
    98.83400000000002,
    96.327,
    96.843,
    97.83300000000001,
    97.816,
    97.81300000000002,
    99.33100000000002,
    97.33200000000002,
    97.83500000000001,
    98.337,
    97.33300000000001,
    97.83900000000001,
    97.83600000000001,
    99.83900000000001,
    95.825,
    98.33700000000002,
    97.83200000000002,
    97.83300000000001,
    96.83200000000002,
    98.815,
    98.34100000000001,
    96.33000000000001,
    98.84300000000002,
    98.34,
    98.33099999999999,
    95.807,
    97.33800000000001,
    97.334,
    98.338,
    98.834,
    98.33000000000001,
    96.84100000000001,
    97.32900000000002,
    96.33800000000001,
    96.83300000000001,
    96.836,
    98.339,
    98.32400000000001,
    97.34,
    97.33100000000002,
    97.32300000000001,
    97.83700000000002,
    96.33600000000001,
    96.82300000000001,
    98.83800000000001,
    96.83900000000001,
    96.32800000000002,
    98.343,
    96.34200000000001,
    96.82700000000001,
    97.334,
    97.337,
    98.33600000000001,
    97.329,
    98.82900000000001,
    98.33500000000001,
    93.32,
    97.34200000000001,
    98.34100000000002,
    96.34200000000001,
    97.329,
    97.834,
    97.83099999999999,
    97.33900000000001,
    96.32500000000002,
    97.34,
    97.83700000000002,
    96.83400000000002,
    98.33200000000002,
    97.831,
    97.32700000000001,
    95.846,
    98.84400000000002,
    97.34,
    96.33200000000001,
    97.33,
    95.828,
    97.327,
    98.33500000000001,
    98.33200000000001,
    99.32400000000001,
    97.83800000000001,
    93.83500000000001,
    97.82100000000001,
    98.336,
    98.331,
    97.32100000000001,
    97.32900000000001,
    96.83000000000001,
    97.83800000000001,
    98.33600000000001,
    96.84300000000002,
    97.339,
    97.816,
    97.34000000000002,
    98.819,
    96.34000000000002,
    95.83900000000001,
    97.33900000000001,
    98.33500000000001,
    97.32500000000002,
    98.83000000000001,
    95.33900000000001,
    96.83100000000002,
    96.82600000000001,
    97.83500000000001,
    98.328,
    97.33500000000002,
    95.82600000000001,
    99.34400000000002,
    96.84,
    98.33200000000002,
    97.339,
    98.334,
    96.83700000000002,
    94.834,
    96.83600000000001,
    95.83800000000001,
    96.33900000000003,
    97.83600000000001,
    96.83400000000002,
    97.33600000000001,
    97.34,
    93.83500000000001,
    96.32900000000002,
    96.33500000000001,
    97.824,
    96.325,
    98.33100000000002,
    95.84,
    98.83900000000001,
    97.34,
    97.33000000000001,
    98.32700000000001,
    98.83200000000001,
    94.31900000000002,
    99.811,
    96.834,
    98.33500000000001,
    98.333,
    98.33800000000001,
    97.83900000000001,
    97.32500000000002,
    98.333,
    96.33600000000003,
    97.83900000000001,
    96.33100000000002,
    95.33700000000002,
    96.83300000000001,
    97.32700000000001,
    97.81500000000001,
    97.33900000000003,
    98.32900000000001,
    97.82900000000001,
    96.32500000000002,
    98.83500000000001,
    97.33900000000001,
    99.832,
    97.326,
    97.83800000000001,
    98.34100000000001,
    98.843,
    96.83300000000001,
    98.84100000000001,
    98.33900000000001,
    99.33500000000001,
    97.829,
    97.83700000000002,
    95.32600000000001,
    98.33700000000002,
    96.33800000000002,
    97.83300000000001,
    93.84300000000002,
    95.82600000000001,
    96.32400000000001,
    96.83099999999999,
    97.33,
    95.83000000000001,
    96.83900000000001,
    96.331,
    98.325,
    97.84400000000001,
    99.33800000000002,
    97.33700000000002,
    97.83800000000001,
    99.33600000000001,
    97.83000000000001,
    95.83700000000002,
    97.333,
    95.83200000000001,
    97.82000000000001,
    95.84100000000001,
    96.82800000000002,
    96.834,
    97.33700000000002,
    98.82900000000001,
    96.33900000000001,
    98.34100000000001,
    97.84300000000002,
    97.35000000000001,
    96.82700000000003,
    96.84200000000001,
    96.33200000000002,
    97.82600000000002,
    95.83400000000002,
    97.84200000000001,
    97.83800000000001,
    97.33400000000002,
    97.838,
    99.324,
    95.83500000000001,
    97.83900000000001,
    96.842,
    98.333,
    98.33700000000002,
    98.33100000000002,
    98.328,
    95.82600000000001,
    97.338,
    97.33300000000001,
    96.33,
    95.84200000000001,
    98.84100000000002,
    94.83000000000001,
    97.83500000000001,
    98.33100000000002,
    95.833,
    98.32700000000003,
    99.32700000000001,
    98.34700000000001,
    98.33100000000002,
    96.831,
    92.31800000000001,
    97.33200000000002,
    98.32900000000002,
    97.32400000000003,
    98.34,
    97.32300000000001,
    96.831,
    96.83400000000002,
    96.32900000000001,
    99.33400000000002,
    97.83100000000002,
    98.818,
    96.84100000000001,
    95.82500000000002,
    98.32900000000001,
    97.34200000000001,
    97.82699999999997,
    98.33700000000002,
    96.31300000000002,
    95.83900000000001,
    94.328,
    99.34000000000002,
    99.333,
    95.82600000000001,
    96.84300000000002,
    97.83100000000002,
    97.83000000000001,
    98.83400000000002,
    96.834,
    98.83600000000001,
    96.32700000000003,
    98.83500000000001,
    94.83900000000001,
    96.33900000000003,
    95.82900000000001,
    98.83900000000001,
    96.83500000000001,
    98.836,
    96.328,
    97.825,
    98.83700000000002,
    97.836,
