{
  "complexity": 1,
  "alpha": 0.3,
  "gamma": 0.9,
  "epsilon": 0.3,
  "extra_passages": 14,
  "avg_rewards": [
    -407.2709999999977,
    -58.341999999999395,
    -45.315,
    -4.270999999998922,
    48.99499999999989,
    55.93999999999987,
    15.51900000000044,
    24.613000000000557,
    51.065999999999896,
    54.09099999999997,
    70.70899999999997,
    59.12499999999998,
    55.28799999999999,
    69.30899999999997,
    71.668,
    66.10699999999994,
    75.95999999999998,
    60.04099999999998,
    73.01,
    63.79499999999998,
    64.52299999999988,
    68.81199999999998,
    64.93199999999983,
    79.763,
    77.99399999999997,
    80.354,
    70.99400000000014,
    71.88699999999999,
    79.59299999999999,
    85.12100000000001,
    68.31500000000001,
    82.28999999999998,
    61.104999999999905,
    77.924,
    63.059000000000346,
    82.36500000000004,
    77.49299999999985,
    83.833,
    85.26000000000002,
    78.15899999999998,
    84.14099999999999,
    67.05699999999992,
    78.67499999999993,
    79.12600000000002,
    87.32000000000001,
    42.16100000000132,
    86.43299999999999,
    76.633,
    80.60600000000001,
    78.55699999999999,
    82.339,
    78.95999999999998,
    78.675,
    85.64199999999998,
    84.63599999999995,
    77.28200000000002,
    81.65500000000002,
    87.266,
    90.497,
    90.52199999999999,
    84.89800000000002,
    90.45200000000001,
    90.042,
    86.96399999999998,
    94.02000000000001,
    89.447,
    93.332,
    83.14599999999999,
    89.034,
    84.907,
    82.75099999999993,
    93.86399999999999,
    90.64200000000001,
    95.11000000000001,
    94.09199999999998,
    83.345,
    83.49300000000002,
    92.093,
    81.17199999999994,
    93.697,
    91.547,
    86.82500000000003,
    91.518,
    92.095,
    76.15600000000002,
    93.562,
    89.27899999999997,
    87.85200000000002,
    94.13300000000001,
    81.90499999999986,
    89.354,
    91.184,
    89.51299999999999,
    87.54800000000002,
    94.165,
    93.194,
    93.77199999999999,
    92.25500000000001,
    90.41999999999999,
    98.225,
    87.38100000000001,
    92.72500000000001,
    94.74499999999998,
    88.74300000000001,
    95.26,
    95.782,
    93.78,
    93.25699999999999,
    91.27300000000001,
    93.812,
    91.788,
    95.78599999999999,
    94.269,
    92.774,
    91.79599999999999,
    89.78200000000001,
    95.27600000000001,
    91.77700000000002,
    91.13199999999999,
    89.81499999999996,
    94.23899999999999,
    92.261,
    93.75600000000001,
    91.727,
    92.25699999999999,
    88.76000000000002,
    89.66300000000001,
    91.761,
    92.24700000000001,
    92.75899999999999,
    94.212,
    91.687,
    95.22100000000002,
    95.747,
    91.78699999999999,
    89.275,
    95.738,
    92.745,
    94.73000000000002,
    95.29899999999998,
    91.28100000000002,
    96.737,
    97.287,
    95.284,
    92.26399999999998,
    92.75,
    90.75899999999999,
    96.78399999999999,
    92.767,
    94.28999999999999,
    93.28500000000001,
    97.30300000000001,
    92.79499999999999,
    94.305,
    92.79499999999999,
    92.27899999999998,
    95.71000000000001,
    97.79400000000001,
    95.28599999999999,
    96.78299999999999,
    92.81699999999998,
    91.773,
    94.299,
    94.79500000000002,
    91.78099999999999,
    96.797,
    92.27400000000002,
    95.272,
    95.79899999999999,
    95.275,
    95.284,
    90.276,
    96.73999999999998,
    95.776,
    94.77799999999999,
    91.776,
    95.279,
    95.78999999999999,
    93.274,
    95.78399999999999,
    95.263,
    93.251,
    95.24000000000001,
    94.79299999999999,
    95.75800000000001,
    92.80299999999998,
    92.785,
    93.78,
    91.768,
    95.809,
    95.311,
    93.299,
    94.775,
    96.29299999999998,
    92.266,
    95.29899999999999,
    91.769,
    92.281,
    92.77400000000002,
    93.76500000000001,
    90.269,
    92.272,
    94.294,
    91.29499999999999,
    90.274,
    93.77299999999998,
    94.799,
    93.293,
    92.78099999999999,
    91.771,
    93.28200000000001,
    92.779,
    97.285,
    92.274,
    93.79400000000001,
    95.78,
    95.29799999999999,
    88.78,
    93.748,
    91.288,
    92.239,
    93.78299999999999,
    93.72600000000001,
    94.213,
    96.238,
    90.27600000000001,
    95.80100000000002,
    88.761,
    94.275,
    90.298,
    89.23499999999999,
    93.28200000000001,
    90.256,
    93.253,
    91.749,
    95.78200000000001,
    93.78699999999999,
    96.28500000000001,
    92.31200000000001,
    92.27000000000001,
    91.26499999999999,
    90.752,
    95.76199999999999,
    94.276,
    91.79599999999998,
    90.28900000000002,
    93.77200000000002,
    93.299,
    94.77000000000001,
    94.782,
    91.78599999999999,
    92.78900000000002,
    94.28699999999999,
    92.77099999999999,
    92.21799999999999,
    95.299,
    90.782,
    93.773,
    98.306,
    89.28899999999999,
    97.8,
    92.77900000000001,
    95.78999999999999,
    94.277,
    96.77399999999999,
    93.237,
    95.79599999999999,
    90.271,
    94.29,
    94.293,
    95.274,
    92.28399999999999,
    95.272,
    91.74,
    93.776,
    94.28,
    93.801,
    92.266,
    96.29,
    96.75300000000001,
    92.287,
    89.28,
    93.25,
    94.30699999999999,
    92.753,
    91.258,
    90.753,
    91.773,
    92.783,
    97.32000000000001,
    96.27199999999999,
    92.76200000000001,
    96.273,
    92.266,
    92.768,
    95.74000000000001,
    91.27799999999999,
    93.26500000000001,
    95.25200000000001,
    94.255,
    94.287,
    93.78200000000001,
    94.28,
    95.284,
    90.27900000000002,
    94.284,
    93.771,
    96.26400000000001,
    92.79799999999997,
    95.299,
    94.27599999999998,
    91.774,
    93.763,
    92.817,
    92.8,
    93.271,
    96.261,
    91.736,
    94.76699999999998,
    96.78900000000002,
    88.75099999999998,
    92.77200000000002,
    95.809,
    94.282,
    90.758,
    92.27799999999999,
    94.775,
    92.27699999999999,
    90.28999999999999,
    94.78799999999998,
    91.279,
    93.802,
    91.772,
    94.756,
    96.27000000000001,
    92.78300000000002,
    91.787,
    96.765,
    94.80400000000002,
    95.27899999999998,
    94.29699999999998,
    95.804,
    92.749,
    93.753,
    93.793,
    92.77500000000002,
    95.309,
    91.769,
    94.251,
    93.773,
    94.774,
    94.29400000000001,
    90.80199999999999,
    94.271,
    94.779,
    93.269,
    97.28099999999999,
    93.79299999999998,
    93.29200000000002,
    94.797,
    93.784,
    92.245,
    93.79199999999999,
    93.78599999999999,
    93.792,
    94.26199999999999,
    91.277,
    93.76500000000001,
    96.78599999999999,
    90.775,
    95.771,
    92.29100000000001,
    94.797,
    93.802,
    92.799,
    89.25699999999999,
    91.754,
    94.27000000000001,
    91.29100000000001,
    94.29400000000001,
    94.28200000000001,
    93.28599999999999,
    94.75399999999999,
    97.271,
    94.759,
    92.226,
    93.78200000000001,
    92.78800000000001,
    92.78999999999999,
    94.76899999999999,
    94.79199999999999,
    95.8,
    95.785,
    92.28299999999999,
    91.76700000000001,
    92.266,
    93.784,
    95.78699999999999,
    95.247,
    94.806,
    96.29100000000001,
    92.29299999999999,
    91.774,
    95.25899999999999,
    94.78199999999998,
    95.288,
    94.767,
    91.78099999999999,
    91.797,
    94.798,
    95.286,
    92.273,
    96.29800000000002,
    90.263,
    95.77200000000002,
    94.77000000000001,
    91.728,
    94.78399999999999,
    96.296,
    95.27499999999999,
    93.78399999999999,
    95.279,
    91.264,
    95.274,
    96.79799999999999,
    95.299,
    93.29099999999998,
    94.26100000000001,
    93.268,
    91.27000000000001,
    88.22800000000001,
    92.779,
    91.782,
    92.78,
    91.27499999999999,
    91.269,
    89.259,
    93.28899999999999,
    95.293,
    94.28699999999999,
    96.77599999999998,
    92.774,
    93.795,
