{
  "complexity": 2,
  "alpha": 0.1,
  "gamma": 0.95,
  "epsilon": 0.3,
  "extra_passages": 5,
  "avg_rewards": [
    -166.78599999999923,
    -22.681999999999867,
    35.504999999999676,
    58.89399999999999,
    42.65099999999991,
    77.61399999999999,
    77.91199999999992,
    82.91199999999998,
    69.39899999999999,
    55.747000000000014,
    73.41900000000001,
    78.68199999999999,
    69.21100000000003,
    73.32300000000001,
    81.24899999999998,
    70.13399999999993,
    88.518,
    87.655,
    81.08699999999999,
    80.35299999999997,
    90.636,
    84.31200000000001,
    78.68900000000002,
    85.48800000000001,
    81.85600000000008,
    93.50399999999999,
    93.223,
    87.429,
    85.41099999999999,
    83.27399999999997,
    85.553,
    89.656,
    92.13300000000001,
    89.19300000000001,
    91.68199999999999,
    85.599,
    87.21200000000002,
    85.02900000000002,
    90.70400000000001,
    93.60999999999999,
    90.508,
    93.197,
    91.98300000000002,
    87.684,
    90.112,
    89.613,
    92.319,
    90.04599999999999,
    88.99499999999998,
    92.23300000000002,
    91.48599999999998,
    90.45,
    84.991,
    88.64999999999999,
    93.626,
    90.21400000000001,
    87.10899999999998,
    90.692,
    87.63400000000001,
    90.759,
    92.175,
    95.186,
    94.28300000000002,
    91.13,
    90.269,
    90.16699999999999,
    94.768,
    90.26,
    93.141,
    90.50699999999998,
    91.024,
    92.23000000000002,
    95.72,
    92.525,
    95.726,
    94.23499999999999,
    94.78299999999999,
    95.336,
    92.968,
    95.676,
    93.78,
    93.825,
    90.615,
    91.21000000000001,
    91.723,
    96.23599999999999,
    93.76400000000001,
    97.245,
    93.71900000000001,
    90.49499999999998,
    95.66499999999999,
    91.249,
    97.32200000000002,
    91.30600000000001,
    94.81800000000001,
    94.311,
    93.81099999999999,
    94.31299999999999,
    94.299,
    95.794,
    95.305,
    92.285,
    95.84100000000001,
    95.82600000000001,
    91.831,
    95.825,
    95.35,
    94.273,
    92.314,
    96.802,
    92.807,
    93.803,
    95.311,
    93.248,
    93.811,
    92.80499999999999,
    93.302,
    93.804,
    93.25500000000001,
    97.308,
    94.81800000000001,
    93.31800000000001,
    95.33099999999999,
    93.345,
    93.86200000000001,
    90.29,
    94.83200000000001,
    95.80799999999999,
    95.8,
    98.81600000000002,
    95.81900000000002,
    94.345,
    93.34,
    93.33200000000002,
    97.33100000000002,
    95.3,
    93.82900000000001,
    93.30999999999999,
    92.329,
    91.802,
    94.85400000000001,
    95.34,
    90.33900000000001,
    92.315,
    96.821,
    94.824,
    93.85400000000001,
    92.33399999999997,
    90.321,
    95.34799999999998,
    93.84200000000001,
    91.84800000000001,
    95.355,
    93.84900000000002,
    94.85299999999998,
    95.35000000000001,
    93.82000000000001,
    96.338,
    95.35700000000001,
    91.833,
    97.855,
    91.84900000000002,
    95.339,
    94.34,
    92.343,
    96.85799999999999,
    94.85,
    97.344,
    89.849,
    92.846,
    92.851,
    94.325,
    94.33300000000001,
    94.36099999999999,
    92.331,
    94.366,
    95.318,
    94.828,
    95.353,
    93.84800000000001,
    90.342,
    93.84,
    94.839,
    95.843,
    96.34400000000002,
    95.833,
    95.352,
    89.836,
    93.34500000000001,
    94.845,
    96.85100000000001,
    92.85999999999999,
    94.34199999999998,
    94.84700000000001,
    95.34100000000001,
    94.86699999999999,
    96.355,
    94.35300000000001,
    95.845,
    93.82500000000002,
    96.335,
    96.333,
    95.34800000000001,
    94.849,
    97.353,
    92.833,
    93.84200000000001,
    95.841,
    95.362,
    95.85399999999998,
    94.346,
    94.82400000000001,
    95.35000000000001,
    92.84200000000001,
    93.36300000000001,
    94.339,
    92.83700000000002,
    97.341,
    96.35900000000001,
    95.85999999999999,
    97.337,
    96.33399999999999,
    91.821,
    88.332,
    96.852,
    94.33500000000001,
    93.838,
    92.81400000000001,
    93.32500000000002,
    90.35,
    97.343,
    96.35300000000001,
    96.34700000000001,
    94.35100000000001,
    95.855,
    94.839,
    95.348,
    93.856,
    93.846,
    95.33700000000002,
    95.346,
    94.337,
    96.357,
    95.353,
    97.348,
    96.34299999999999,
    95.841,
    93.326,
    93.352,
    94.848,
    92.85300000000001,
    94.84899999999999,
    95.84,
    90.33099999999999,
    97.345,
    94.35300000000001,
    92.84,
    95.314,
    93.852,
    95.324,
    90.357,
    95.855,
    94.827,
    96.832,
    92.856,
    95.32900000000002,
    95.336,
    97.85300000000002,
    93.333,
    94.34100000000001,
    91.84700000000001,
    91.35700000000001,
    94.33099999999999,
    90.789,
    93.846,
    93.32199999999997,
    94.34200000000001,
    91.857,
    95.34700000000001,
    96.36500000000001,
    98.34,
    94.84599999999999,
    97.34400000000001,
    93.333,
    95.343,
    94.854,
    96.85,
    95.34100000000001,
    95.85400000000001,
    94.352,
    95.852,
    94.35400000000001,
    91.83800000000001,
    95.34,
    96.852,
    97.84,
    92.85400000000001,
    96.366,
    94.33299999999998,
    93.84700000000001,
    96.364,
    93.81899999999999,
    95.351,
    95.839,
    96.833,
    94.81700000000001,
    94.864,
    95.82300000000001,
    91.79899999999999,
    91.85,
    93.339,
    93.84299999999999,
    98.35600000000001,
    93.845,
    93.33500000000001,
    94.86100000000002,
    95.35900000000001,
    94.831,
    94.84100000000001,
    96.362,
    93.345,
    94.355,
    95.85799999999999,
    95.837,
    95.34800000000001,
    91.346,
    93.34800000000001,
    95.349,
    94.345,
    96.327,
    94.83900000000001,
    93.852,
    92.84700000000001,
    96.84,
    96.83599999999998,
    96.33800000000001,
    96.34900000000002,
    95.36299999999999,
    94.83500000000001,
    96.357,
    92.338,
    91.34700000000001,
    94.355,
    96.34200000000001,
    94.846,
    95.83900000000001,
    92.83899999999998,
    95.845,
    92.828,
    91.34700000000001,
    94.36300000000001,
    91.843,
    88.56399999999998,
    94.34,
    94.348,
    96.834,
    93.828,
    95.364,
    95.845,
    94.844,
    95.843,
    96.33600000000001,
    92.319,
    92.34200000000001,
    93.84400000000001,
    95.849,
    94.852,
    93.833,
    93.86600000000001,
    95.86500000000001,
    96.34600000000002,
    93.86500000000001,
    94.842,
    97.84100000000001,
    95.361,
    96.35,
    96.33900000000001,
    94.35700000000001,
    96.329,
    94.337,
    95.32600000000001,
    98.33099999999999,
    96.35199999999999,
    88.33800000000001,
    94.33700000000002,
    95.82200000000002,
    95.854,
    94.84200000000001,
    95.355,
    95.85,
    97.36200000000001,
    91.32399999999998,
    95.852,
    91.364,
    94.81899999999999,
    92.352,
    93.844,
    95.346,
    94.843,
    95.83700000000002,
    96.333,
    93.82300000000001,
    93.343,
    98.351,
    94.351,
    94.357,
    93.83300000000001,
    93.87,
    97.364,
    95.83399999999999,
    97.35000000000001,
    95.858,
    94.361,
    95.84100000000002,
    93.83899999999998,
    94.818,
    95.83300000000001,
    96.325,
    93.33700000000002,
    92.83800000000001,
    90.351,
    92.84500000000001,
    94.33099999999999,
    94.356,
    97.84800000000001,
    95.841,
    95.341,
    95.34600000000002,
    95.34200000000001,
    94.35300000000001,
    95.84,
    91.84500000000001,
    89.833,
    93.81500000000001,
    96.84700000000001,
    95.34700000000001,
    95.849,
    92.853,
    94.85900000000001,
    96.85000000000001,
    94.353,
    93.84899999999999,
    94.33700000000002,
    95.329,
    94.349,
    95.83800000000001,
    95.348,
    94.86100000000002,
    95.34299999999999,
    95.84700000000001,
    93.34800000000001,
    94.34800000000001,
    95.33500000000001,
    94.349,
    95.343,
    93.855,
