{
  "complexity": 2,
  "alpha": 0.3,
  "gamma": 0.9,
  "epsilon": 0.2,
  "extra_passages": 5,
  "avg_rewards": [
    -222.47299999999896,
    26.01199999999987,
    47.95599999999977,
    43.988,
    58.90999999999991,
    80.03899999999985,
    82.88899999999997,
    84.02600000000004,
    84.13900000000001,
    70.55399999999973,
    77.51100000000002,
    72.66599999999978,
    82.82700000000001,
    84.42200000000007,
    70.50799999999984,
    78.91900000000005,
    86.72799999999998,
    89.417,
    80.09799999999996,
    90.112,
    88.76799999999999,
    92.67699999999999,
    91.129,
    84.77100000000003,
    92.63300000000001,
    85.48299999999999,
    86.79499999999993,
    89.95500000000001,
    93.69199999999998,
    93.69800000000001,
    95.33200000000001,
    94.755,
    91.67099999999999,
    94.93599999999999,
    93.23800000000001,
    96.81400000000001,
    97.368,
    96.153,
    90.30499999999998,
    97.3,
    93.69200000000002,
    94.53399999999999,
    93.479,
    94.72900000000001,
    94.15400000000001,
    96.824,
    97.826,
    96.278,
    96.845,
    94.855,
    96.863,
    96.37100000000001,
    97.864,
    97.362,
    98.369,
    96.847,
    98.87100000000001,
    94.86200000000001,
    94.33200000000001,
    97.35900000000001,
    96.85100000000001,
    94.838,
    98.86600000000001,
    95.843,
    94.86699999999999,
    95.337,
    93.848,
    93.873,
    97.362,
    97.369,
    97.85700000000001,
    97.86300000000001,
    96.36800000000001,
    95.34600000000002,
    96.86300000000001,
    96.857,
    97.36999999999999,
    93.36200000000001,
    98.87,
    96.86800000000001,
    96.36300000000001,
    96.355,
    97.373,
    95.85900000000001,
    98.368,
    95.37299999999999,
    94.858,
    96.86000000000001,
    96.87,
    93.831,
    95.36100000000002,
    95.354,
    96.86600000000001,
    95.36,
    94.365,
    96.84800000000001,
    96.342,
    95.83800000000001,
    97.86500000000001,
    95.855,
    96.35400000000001,
    96.362,
    96.364,
    95.369,
    99.37,
    98.876,
    94.85100000000001,
    93.866,
    96.381,
    96.376,
    95.873,
    96.375,
    95.872,
    94.865,
    94.356,
    98.877,
    95.863,
    96.347,
    98.35800000000002,
    96.34700000000001,
    95.85400000000001,
    92.86200000000001,
    98.372,
    96.37,
    96.84800000000001,
    95.33900000000001,
    96.858,
    95.84500000000001,
    95.35900000000001,
    96.862,
    97.35400000000001,
    94.372,
    97.373,
    96.859,
    95.865,
    95.85,
    95.36100000000002,
    97.85600000000001,
    92.863,
    94.36,
    96.35400000000001,
    96.348,
    97.37,
    95.355,
    97.36600000000001,
    98.845,
    95.358,
    97.861,
    95.861,
    96.872,
    98.866,
    96.35400000000001,
    96.878,
    96.358,
    95.869,
    95.35,
    96.349,
    94.35600000000001,
    94.37,
    97.867,
    96.36800000000001,
    93.85499999999999,
    96.858,
    95.839,
    96.361,
    96.86500000000001,
    94.357,
    95.374,
    96.864,
    95.359,
    95.35400000000001,
    94.374,
    97.86100000000002,
    97.87100000000001,
    95.87899999999999,
    95.848,
    97.869,
    98.37499999999999,
    96.355,
    94.35400000000001,
    97.86100000000002,
    99.376,
    97.372,
    96.878,
    97.37100000000001,
    97.364,
    96.862,
    95.865,
    95.86,
    95.36000000000001,
    96.37299999999999,
    98.36500000000001,
    97.86100000000002,
    94.36,
    96.86600000000001,
    97.351,
    96.36100000000002,
    94.86699999999999,
    94.868,
    97.875,
    96.35,
    97.857,
    96.36200000000001,
    96.357,
    96.85700000000001,
    96.348,
    93.883,
    97.86100000000002,
    96.35100000000001,
    96.85800000000002,
    96.85900000000001,
    96.85900000000001,
    96.364,
    93.369,
    96.36100000000002,
    99.36999999999999,
    96.85900000000001,
    98.862,
    96.36800000000001,
    90.851,
    96.85299999999998,
    98.357,
    95.85000000000001,
    95.361,
    97.857,
    97.365,
    94.857,
    97.356,
    97.35600000000001,
    95.851,
    97.374,
    98.86800000000001,
    95.858,
    97.874,
    98.363,
    96.35900000000001,
    95.874,
    96.86,
    97.869,
    96.872,
    96.35999999999999,
    97.858,
    97.374,
    93.37100000000001,
    95.36,
    93.34700000000001,
    98.372,
    96.87,
    97.873,
    97.361,
    95.35700000000001,
    98.369,
    95.85499999999999,
    95.869,
    95.86,
    96.35900000000001,
    96.846,
    97.86,
    96.85300000000001,
    97.867,
    97.37199999999999,
    93.35299999999998,
    94.367,
    95.85900000000001,
    95.358,
    98.84,
    95.866,
    94.36300000000001,
    97.345,
    96.355,
    98.87,
    96.875,
    97.373,
    94.85100000000001,
    95.364,
    97.84900000000002,
    95.855,
    95.84700000000001,
    95.86,
    96.85,
    96.873,
    92.863,
    96.84799999999998,
    97.35900000000001,
    93.869,
    96.37199999999999,
    94.368,
    99.368,
    94.351,
    96.36000000000001,
    95.875,
    94.378,
    95.363,
    96.863,
    96.85300000000001,
    96.348,
    96.87,
    98.86600000000001,
    94.36000000000001,
    97.364,
    96.362,
    96.36200000000001,
    96.376,
    95.863,
    94.864,
    97.358,
    95.37200000000001,
    98.36100000000002,
    95.873,
    97.377,
    98.876,
    94.362,
    97.364,
    97.366,
    95.858,
    97.36300000000001,
    95.85500000000002,
    97.355,
    96.352,
    95.86399999999999,
    97.372,
    95.86300000000001,
    96.35900000000001,
    95.87100000000001,
    96.863,
    94.372,
    96.364,
    97.36100000000002,
    96.872,
    95.37899999999999,
    98.866,
    98.86600000000001,
    94.863,
    95.364,
    97.869,
    97.867,
    97.863,
    96.364,
    95.355,
    96.86999999999999,
    94.36600000000001,
    97.861,
    97.857,
    96.36600000000001,
    96.85600000000001,
    97.36699999999999,
    96.376,
    96.36200000000001,
    98.36699999999999,
    94.865,
    97.875,
    96.864,
    95.853,
    93.358,
    96.86300000000001,
    95.35600000000001,
    96.348,
    93.33700000000002,
    96.368,
    96.875,
    96.87199999999999,
    94.864,
    96.36600000000001,
    95.86600000000001,
    95.359,
    96.35100000000001,
    97.369,
    96.864,
    96.869,
    97.878,
    95.87400000000001,
    96.372,
    96.363,
    94.364,
    97.85,
    96.37100000000001,
    95.361,
    97.36500000000001,
    97.362,
    98.36300000000001,
    98.36800000000001,
    94.35800000000002,
    96.37,
    96.35900000000001,
    96.36099999999999,
    95.36300000000001,
    96.362,
    95.86300000000001,
    97.364,
    95.344,
    95.375,
    96.369,
    97.352,
    96.86800000000001,
    95.361,
    97.875,
    97.865,
    96.861,
    96.352,
    95.36600000000001,
    99.36,
    96.36500000000001,
    93.33700000000002,
    96.852,
    96.34800000000001,
    95.84700000000001,
    95.86800000000001,
    90.35400000000001,
    95.861,
    97.858,
    98.87,
    97.864,
    96.85400000000001,
    93.873,
    97.858,
    95.36200000000001,
    96.85400000000001,
    96.86800000000001,
    96.86600000000001,
    95.867,
    97.369,
    96.858,
    97.86699999999999,
    96.87199999999999,
    97.358,
    97.35900000000001,
    94.861,
    93.36,
    95.87100000000001,
    94.36100000000002,
    97.377,
    96.88,
    95.86800000000001,
    93.86,
    96.869,
    96.36100000000002,
    98.864,
    95.872,
    97.362,
    98.845,
    97.35100000000001,
    96.86600000000001,
    94.849,
    98.358,
    96.861,
    95.86100000000002,
    97.86999999999999,
    97.357,
    98.87899999999999,
    96.865,
    95.864,
    96.362,
    97.355,
    99.35600000000001,
    95.361,
    97.363,
    98.863,
    94.85400000000001,
    97.367,
    92.834,
    98.85400000000001,
    97.84,
    96.858,
    95.364,
    97.367,
    93.85900000000001,
    97.35900000000001,
    95.85,
    97.36500000000001,
    97.36699999999999,
    96.864,
    97.373,
    94.869,
    95.86699999999999,
