{
  "complexity": 12,
  "alpha": 0.2,
  "gamma": 0.85,
  "epsilon": 0.2,
  "extra_passages": 3,
  "avg_rewards": [
    -520.0189999999968,
    -294.8259999999872,
    -35.58999999999807,
    -772.6480000012891,
    2.974000000002488,
    -89.91899999999208,
    -43.18999999999601,
    -82.297999999992,
    -130.90199999998816,
    -92.37299999998882,
    21.760000000000495,
    -34.08199999999353,
    77.39000000000001,
    67.77700000000002,
    -104.12899999997589,
    56.39400000000008,
    -18.76599999999359,
    15.668000000000593,
    73.22799999999988,
    -1630.7450000045073,
    -169.4429999999811,
    34.82699999999994,
    -188.6890000001122,
    -57.76599999998477,
    62.61199999999955,
    -11.33899999998945,
    -83.27099999998336,
    -128.24299999997652,
    -377.9850000004723,
    41.356000000002574,
    -29.549999999989456,
    -135.52299999996526,
    54.00500000000004,
    -34.97199999998429,
    76.59599999999983,
    68.90199999999919,
    54.51700000000143,
    42.98000000000078,
    -4.371999999989699,
    39.7400000000015,
    56.8390000000018,
    14.287000000010286,
    -19.574999999990318,
    -34.57399999999077,
    -973.1510000030903,
    -101.27699999997532,
    -222.26700000001648,
    -830.8070000012649,
    -347.95000000083485,
    -290.2140000004907,
    -728.0780000023803,
    22.178000000006342,
    42.06200000000168,
    40.53300000000102,
    -661.3930000020123,
    -1.8129999999946236,
    35.41400000000407,
    -24.928999999986196,
    20.825000000006316,
    71.62999999999944,
    -40.484999999986016,
    76.50000000000014,
    -24.262999999987098,
    78.46099999999991,
    43.20100000000146,
    -5.585999999984082,
    1.872000000012592,
    66.35100000000013,
    41.42600000000127,
    76.57099999999926,
    90.626,
    81.36600000000003,
    88.46500000000003,
    61.00700000000245,
    -1.5499999999864458,
    10.992000000011123,
    80.38799999999921,
    78.9319999999997,
    87.99699999999999,
    -597.5730000019557,
    63.441000000001836,
    87.04899999999995,
    91.011,
    90.44599999999998,
    91.324,
    87.936,
    93.10399999999996,
    90.11300000000001,
    88.25800000000008,
    92.85900000000001,
    93.088,
    88.114,
    90.00000000000007,
    93.812,
    95.70800000000001,
    93.36100000000002,
    89.05099999999992,
    89.756,
    91.84499999999998,
    91.08000000000001,
    89.43200000000007,
    84.77499999999978,
    95.148,
    91.40699999999997,
    94.24800000000002,
    95.28700000000002,
    96.25500000000001,
    90.72499999999995,
    93.147,
    88.48599999999993,
    92.771,
    93.111,
    88.84400000000001,
    93.76800000000001,
    94.78600000000002,
    95.28400000000002,
    94.23100000000001,
    90.29399999999995,
    92.47999999999999,
    91.627,
    92.18900000000001,
    94.74600000000002,
    92.567,
    86.763,
    92.98600000000002,
    95.38700000000001,
    94.077,
    94.17699999999999,
    90.71400000000001,
    86.08399999999997,
    94.38199999999999,
    92.69500000000001,
    92.24600000000001,
    85.704,
    91.03300000000002,
    94.173,
    92.04099999999998,
    93.174,
    86.555,
    94.29100000000001,
    94.23500000000001,
    92.236,
    95.66600000000001,
    89.01599999999999,
    89.651,
    91.259,
    -445.1080000013973,
    95.19399999999999,
    69.8800000000011,
    92.295,
    85.44500000000001,
    92.771,
    75.89800000000041,
    80.38399999999959,
    76.55899999999932,
    91.15799999999999,
    96.403,
    96.60700000000001,
    88.03200000000001,
    92.76200000000001,
    89.74799999999993,
    88.37,
    92.95900000000002,
    95.61300000000003,
    93.57600000000001,
    88.01600000000005,
    90.27799999999998,
    91.50400000000005,
    95.48100000000002,
    84.78199999999995,
    90.896,
    92.113,
    94.171,
    88.24699999999997,
    97.74300000000001,
    90.11600000000001,
    91.341,
    92.57699999999998,
    93.42499999999998,
    92.15199999999999,
    95.066,
    95.67699999999999,
    92.26899999999998,
    92.75900000000001,
    89.31,
    94.65,
    89.61500000000001,
    91.794,
    95.27600000000001,
    92.78099999999999,
    86.99299999999987,
    89.91700000000003,
    91.617,
    73.2150000000003,
    77.43100000000054,
    42.018000000006374,
    83.63199999999935,
    83.39999999999957,
    94.08900000000001,
    89.068,
    96.80999999999999,
    93.15000000000002,
    93.119,
    89.174,
    88.99500000000005,
    95.28399999999999,
    94.237,
    97.106,
    87.95900000000007,
    94.51600000000002,
    94.71200000000002,
    94.24899999999998,
    85.38999999999999,
    91.72699999999998,
    94.85700000000001,
    89.58199999999997,
    75.63299999999944,
    93.234,
    85.74099999999963,
    95.31399999999995,
    91.782,
    89.68999999999998,
    94.742,
    92.74000000000001,
    86.06299999999996,
    90.643,
    91.53799999999998,
    93.765,
    93.471,
    85.929,
    92.94799999999996,
    87.44400000000005,
    89.143,
    91.78700000000002,
    95.80999999999999,
    86.72600000000007,
    91.1789999999999,
    91.02799999999998,
    93.275,
    90.69899999999998,
    91.83700000000002,
    90.78799999999998,
    94.676,
    93.80600000000001,
    92.49100000000001,
    94.28800000000003,
    88.13199999999995,
    92.16199999999999,
    92.292,
    94.78900000000002,
    94.305,
    95.801,
    91.763,
    92.29100000000003,
    93.315,
    95.283,
    93.297,
    97.793,
    93.315,
    94.285,
    94.816,
    94.82400000000001,
    93.807,
    92.32900000000001,
    96.32400000000001,
    94.293,
    97.809,
    94.80300000000001,
    91.309,
    93.81300000000002,
    92.796,
    92.82300000000001,
    93.809,
    94.796,
    94.31700000000002,
    95.28800000000001,
    94.31500000000003,
    93.82500000000002,
    94.31400000000001,
    96.803,
    96.309,
    93.30000000000001,
    92.80199999999999,
    96.27700000000002,
    86.659,
    93.78700000000002,
    95.798,
    91.67000000000002,
    93.86600000000001,
    88.26399999999998,
    94.28399999999999,
    89.723,
    93.32100000000001,
    93.316,
    95.303,
    96.31200000000001,
    92.812,
    90.786,
    93.74999999999999,
    91.81300000000002,
    94.30800000000002,
    89.63899999999998,
    92.72,
    92.192,
    95.31400000000001,
    90.76500000000001,
    94.79400000000001,
    93.21200000000002,
    97.31300000000002,
    94.817,
    93.814,
    89.539,
    92.785,
    92.663,
    96.319,
    95.251,
    94.767,
    92.771,
    94.306,
    94.303,
    93.82000000000002,
    91.80500000000002,
    97.804,
    90.61200000000011,
    90.777,
    97.53000000000002,
    91.03,
    90.93399999999997,
    91.33399999999999,
    95.28,
    92.179,
    95.69200000000001,
    96.262,
    95.79100000000001,
    95.236,
    94.26200000000001,
    97.29300000000002,
    93.78800000000001,
    92.816,
    94.793,
    96.81600000000002,
    93.809,
    94.29299999999999,
    93.31500000000001,
    87.84799999999998,
    94.31300000000002,
    93.70700000000002,
    92.799,
    96.30900000000001,
    92.30900000000001,
    92.822,
    95.31200000000001,
    92.802,
    95.81500000000003,
    91.81300000000002,
    91.811,
    92.811,
    90.78600000000002,
    93.31199999999998,
    92.32800000000002,
    92.27099999999999,
    92.80199999999999,
    94.29800000000002,
    93.32300000000001,
    95.28500000000001,
    93.803,
    88.63199999999999,
    97.164,
    91.887,
    93.71900000000002,
    89.19999999999999,
    94.78200000000001,
    92.27900000000001,
    91.763,
    95.303,
    93.81299999999999,
    93.22599999999998,
    91.28100000000002,
    94.794,
    94.75500000000001,
    96.811,
    94.31300000000002,
    95.30399999999999,
    95.26100000000001,
    90.29199999999999,
    94.29499999999999,
    93.32000000000002,
    93.29,
    95.31400000000001,
    94.814,
    94.3,
    93.814,
    94.791,
    94.82300000000001,
    94.28200000000001,
    93.3,
    91.766,
    94.82800000000002,
