{
  "complexity": 9,
  "alpha": 0.3,
  "gamma": 0.9,
  "epsilon": 0.3,
  "extra_passages": 6,
  "avg_rewards": [
    -536.5579999999962,
    -165.96599999999754,
    -133.7839999999963,
    12.96900000000004,
    5.3059999999999,
    -143.66099999999605,
    12.092000000000473,
    48.211999999999854,
    35.30000000000017,
    -33.11699999999471,
    -182.1189999999896,
    34.932999999999865,
    47.307000000000144,
    35.141000000000545,
    -16.211999999998277,
    -470.3720000005991,
    -48.60699999999663,
    -29.57399999999796,
    52.06099999999992,
    49.684999999999874,
    76.12199999999999,
    -17.738999999997525,
    -61.70799999999194,
    35.329000000002196,
    47.655999999999906,
    62.11900000000001,
    22.74600000000226,
    -94.31599999999446,
    41.56300000000019,
    34.83800000000019,
    57.87699999999976,
    52.428999999999895,
    44.277000000000015,
    14.666000000001915,
    63.47799999999995,
    29.161000000001003,
    53.07199999999968,
    42.82200000000178,
    -97.07999999998852,
    73.38199999999998,
    51.07400000000142,
    65.54199999999985,
    69.5519999999999,
    36.98500000000067,
    44.335000000000804,
    58.21499999999985,
    75.32499999999982,
    -214.96700000009054,
    56.597000000000094,
    69.84499999999991,
    44.159000000000816,
    -387.6830000002727,
    44.961000000000936,
    56.57900000000027,
    79.36899999999993,
    79.02599999999994,
    82.167,
    70.95300000000013,
    12.52800000000279,
    -34.49799999999531,
    82.54,
    78.60399999999997,
    84.412,
    87.45,
    77.01899999999993,
    81.89,
    89.12899999999999,
    68.975,
    -185.8690000000583,
    -143.24100000000612,
    75.97299999999993,
    85.601,
    89.12299999999999,
    64.78900000000024,
    91.76499999999999,
    86.687,
    88.078,
    94.26199999999999,
    88.034,
    88.159,
    83.577,
    88.72399999999999,
    93.689,
    87.76599999999999,
    89.269,
    85.212,
    89.74199999999999,
    90.278,
    87.768,
    77.19399999999999,
    89.751,
    84.383,
    44.31400000000117,
    72.03500000000005,
    58.21700000000052,
    85.52,
    78.87699999999998,
    79.49099999999999,
    88.44600000000003,
    87.44300000000001,
    90.705,
    90.28300000000002,
    86.738,
    89.25300000000001,
    92.78500000000001,
    89.257,
    90.76799999999999,
    87.26900000000002,
    90.25900000000001,
    84.196,
    80.11999999999992,
    27.538000000001695,
    90.736,
    75.49499999999978,
    89.275,
    93.293,
    60.63400000000051,
    72.21800000000002,
    85.603,
    83.761,
    89.771,
    83.737,
    89.223,
    88.783,
    87.78,
    88.28099999999999,
    87.27199999999999,
    87.75999999999999,
    90.191,
    93.786,
    85.131,
    91.78100000000002,
    91.77399999999999,
    89.794,
    87.804,
    90.28,
    88.78299999999999,
    90.247,
    88.282,
    89.17800000000001,
    87.25099999999998,
    90.227,
    92.27600000000002,
    88.26699999999998,
    90.284,
    91.76599999999999,
    89.272,
    92.75200000000001,
    83.672,
    91.26700000000001,
    84.251,
    90.753,
    91.764,
    88.74800000000002,
    89.774,
    86.23499999999999,
    93.78,
    89.794,
    90.28199999999997,
    88.76100000000001,
    91.27799999999999,
    90.75399999999999,
    88.28899999999999,
    88.16499999999999,
    84.188,
    81.10400000000001,
    88.01599999999999,
    90.78200000000001,
    86.75999999999999,
    90.22600000000001,
    85.303,
    91.22999999999999,
    90.792,
    86.772,
    88.29199999999999,
    90.261,
    89.78800000000001,
    89.77000000000001,
    86.29299999999998,
    89.756,
    91.79100000000001,
    89.30199999999999,
    93.787,
    93.779,
    90.776,
    90.286,
    86.26899999999999,
    90.27300000000001,
    86.775,
    91.287,
    88.797,
    85.743,
    89.78,
    89.798,
    92.77100000000002,
    92.792,
    85.263,
    88.788,
    91.782,
    90.28999999999999,
    92.285,
    84.261,
    88.75899999999999,
    89.25900000000001,
    88.269,
    89.79100000000001,
    88.78999999999999,
    92.774,
    89.797,
    89.797,
    82.692,
    88.757,
    84.204,
    86.25099999999998,
    88.28899999999999,
    92.792,
    87.781,
    88.30000000000001,
    90.23499999999999,
    86.79299999999998,
    88.27,
    93.292,
    89.255,
    88.256,
    93.29899999999998,
    92.79399999999998,
    88.26700000000001,
    94.273,
    88.781,
    93.29499999999999,
    89.76299999999999,
    95.27700000000002,
    93.786,
    89.281,
    91.734,
    92.79799999999999,
    89.30499999999999,
    86.795,
    92.752,
    87.29000000000002,
    92.78899999999999,
    89.787,
    91.76100000000001,
    86.28999999999999,
    86.781,
    86.77600000000001,
    82.78500000000001,
    87.78699999999999,
    89.28099999999999,
    89.78399999999999,
    89.756,
    95.79499999999999,
    88.786,
    86.785,
    86.787,
    87.78299999999999,
    85.28099999999999,
    87.292,
    90.26900000000002,
    89.78699999999999,
    91.28900000000002,
    91.772,
    91.788,
    91.25899999999999,
    89.27799999999999,
    89.28,
    93.797,
    84.277,
    91.773,
    90.278,
    90.28299999999999,
    88.79400000000001,
    89.28200000000001,
    87.772,
    93.78299999999999,
    90.31299999999999,
    85.29099999999998,
    91.787,
    89.78400000000002,
    90.27900000000002,
    93.78300000000002,
    92.792,
    91.80099999999999,
    91.297,
    87.77000000000001,
    87.76599999999999,
    96.80700000000002,
    86.76299999999999,
    92.282,
    88.26599999999999,
    93.30000000000001,
    91.801,
    91.76899999999999,
    87.296,
    88.287,
    89.766,
    92.284,
    88.28300000000002,
    87.263,
    95.301,
    89.295,
    93.777,
    93.797,
    84.78100000000002,
    91.794,
    91.29299999999998,
    89.255,
    83.28400000000002,
    91.27499999999999,
    88.746,
    91.74000000000001,
    89.78,
    89.28200000000001,
    95.28299999999999,
    93.27400000000002,
    84.78399999999999,
    86.77599999999998,
    81.25299999999999,
    86.785,
    92.77799999999999,
    88.272,
    92.295,
    87.80499999999999,
    87.29,
    90.273,
    84.28600000000002,
    88.80399999999999,
    86.757,
    88.80100000000002,
    95.79899999999999,
    87.80099999999999,
    87.77,
    85.28299999999999,
    92.787,
    92.296,
    92.253,
    91.297,
    91.76499999999999,
    92.30100000000002,
    91.269,
    90.26400000000001,
    89.27799999999999,
    86.77099999999999,
    92.732,
    85.25,
    89.78999999999999,
    90.273,
    90.799,
    89.28200000000001,
    88.28199999999998,
    93.30399999999999,
    91.28699999999999,
    95.788,
    91.26500000000001,
    91.284,
    87.721,
    88.791,
    88.75899999999999,
    83.276,
    93.30600000000001,
    88.275,
    91.25899999999999,
    89.80000000000003,
    87.274,
    92.752,
    91.28699999999999,
    93.29400000000001,
    88.79599999999998,
    88.78,
    92.78699999999999,
    89.26700000000001,
    91.311,
    87.27699999999999,
    91.278,
    90.274,
    90.768,
    88.774,
    94.776,
    89.28699999999999,
    90.263,
    88.29100000000001,
    89.25,
    95.30300000000001,
    88.29500000000002,
    91.29800000000003,
    89.8,
    92.29299999999999,
    87.286,
    92.78699999999999,
    88.28900000000002,
    88.78399999999999,
    87.789,
    89.28299999999999,
    87.76500000000001,
    90.776,
    84.794,
    91.25899999999999,
    89.28999999999999,
    92.29,
    87.779,
    94.285,
    90.79100000000001,
    91.306,
    91.769,
    91.792,
    90.273,
    94.28800000000001,
    91.776,
    87.77000000000001,
    90.66,
    91.78299999999999,
    92.796,
    82.08799999999994,
    90.748,
    90.80100000000002,
    90.8,
    91.795,
    90.265,
    95.295,
    89.268,
    84.779,
    88.792,
    92.272,
    92.29499999999999,
    88.28299999999999,
    89.26,
    93.807,
    88.77100000000002,
    91.282,
    91.277,
    90.775,
    87.775,
    85.274,
