{
  "complexity": 2,
  "alpha": 0.1,
  "gamma": 0.95,
  "epsilon": 0.1,
  "extra_passages": 1,
  "avg_rewards": [
    -53.110999999999294,
    60.717,
    75.41099999999997,
    93.214,
    95.002,
    97.77899999999998,
    98.33599999999998,
    98.36300000000001,
    94.99699999999996,
    98.273,
    86.90199999999973,
    94.20700000000002,
    95.79199999999996,
    96.233,
    92.71199999999999,
    97.75200000000002,
    96.324,
    95.35299999999998,
    97.902,
    92.51300000000003,
    98.31200000000001,
    95.74,
    98.36300000000001,
    99.34100000000001,
    98.40299999999999,
    98.34899999999999,
    96.816,
    99.325,
    96.86800000000002,
    98.35499999999999,
    98.90800000000002,
    98.90899999999998,
    99.41000000000001,
    99.35900000000001,
    99.412,
    98.912,
    99.37999999999998,
    98.423,
    99.924,
    99.91999999999999,
    98.42,
    98.92500000000001,
    99.41899999999998,
    99.42700000000002,
    99.92699999999999,
    99.91899999999998,
    99.422,
    98.925,
    97.92700000000002,
    99.422,
    98.91799999999999,
    97.92,
    98.423,
    99.42099999999999,
    99.92699999999999,
    98.924,
    98.91700000000002,
    97.429,
    99.42900000000002,
    98.925,
    98.42099999999998,
    97.91799999999999,
    98.924,
    98.42600000000002,
    99.93000000000002,
    99.42499999999998,
    98.426,
    99.424,
    98.921,
    98.927,
    98.922,
    99.42300000000003,
    98.414,
    99.921,
    99.92500000000001,
    98.93000000000002,
    98.923,
    97.92299999999997,
    97.91100000000002,
    99.42,
    98.423,
    97.92300000000003,
    98.926,
    99.924,
    99.42700000000002,
    97.92699999999999,
    98.92,
    97.92900000000002,
    95.42500000000003,
    97.424,
    99.422,
    96.925,
    99.42700000000002,
    99.923,
    97.924,
    97.924,
    98.92600000000002,
    98.91900000000001,
    99.422,
    97.924,
    99.421,
    99.42000000000002,
    97.92800000000001,
    99.42300000000002,
    99.42099999999999,
    98.92800000000003,
    97.90599999999999,
    97.919,
    98.923,
    97.42700000000002,
    98.92600000000002,
    97.41900000000001,
    98.422,
    98.42700000000002,
    99.923,
    98.42700000000002,
    98.929,
    97.92500000000003,
    99.429,
    99.42699999999999,
    99.422,
    97.91999999999999,
    98.41900000000001,
    98.92400000000002,
    99.881,
    98.906,
    98.926,
    99.42,
    99.42599999999999,
    99.92400000000002,
    98.424,
    98.418,
    99.926,
    98.925,
    99.92,
    97.92300000000003,
    98.927,
    98.92399999999999,
    97.928,
    98.92399999999999,
    99.419,
    99.424,
    99.42,
    99.41999999999999,
    99.42200000000003,
    99.92500000000003,
    99.41799999999999,
    99.922,
    98.424,
    98.42099999999999,
    99.419,
    99.42099999999998,
    99.92299999999999,
    99.924,
    97.923,
    99.92499999999998,
    98.92699999999999,
    99.424,
    99.42800000000003,
    97.91000000000001,
    98.91999999999999,
    99.91799999999998,
    98.92500000000001,
    99.422,
    98.42299999999997,
    99.41699999999999,
    99.418,
    98.424,
    98.426,
    97.92699999999999,
    99.924,
    97.425,
    98.422,
    98.424,
    99.41699999999999,
    98.42400000000002,
    97.91299999999998,
    97.92499999999998,
    97.41299999999998,
    98.42099999999999,
    99.91999999999999,
    99.41499999999999,
    99.42000000000003,
    99.421,
    99.922,
    99.42599999999999,
    97.92600000000002,
    99.424,
    99.429,
    99.42299999999999,
    98.925,
    99.92300000000003,
    97.924,
    98.41399999999999,
    98.42700000000002,
    98.92400000000002,
    99.42200000000003,
    97.91900000000001,
    98.925,
    98.925,
    99.923,
    97.92600000000002,
    99.92500000000001,
    97.928,
    98.426,
    97.42299999999999,
    97.917,
    99.924,
    99.42099999999999,
    98.92600000000002,
    98.919,
    99.424,
    98.92200000000001,
    99.924,
    99.42699999999999,
    99.92699999999999,
    98.924,
    98.92300000000003,
    99.93000000000002,
    96.92600000000002,
    98.92699999999999,
    98.92699999999999,
    99.92699999999999,
    98.424,
    97.422,
    99.924,
    99.424,
    98.925,
    98.924,
    98.91999999999999,
    99.92399999999999,
    99.424,
    98.42500000000003,
    98.92299999999999,
    99.422,
    99.42399999999998,
    96.415,
    98.921,
    99.412,
    98.923,
    98.91900000000001,
    99.42000000000002,
    99.926,
    98.425,
    99.421,
    99.41400000000002,
    98.426,
    99.424,
    98.926,
    97.92699999999999,
    98.41799999999998,
    98.42600000000002,
    99.41600000000001,
    98.922,
    99.92700000000002,
    99.413,
    98.42900000000002,
    98.914,
    97.922,
    98.425,
    98.922,
    99.92299999999999,
    99.42699999999999,
    99.92100000000002,
    95.92200000000001,
    98.93000000000002,
    98.424,
    98.92199999999998,
    97.924,
    98.42699999999999,
    99.42499999999998,
    99.42199999999998,
    98.924,
    98.429,
    99.42699999999999,
    98.416,
    97.917,
    98.93000000000002,
    98.42699999999999,
    99.42699999999999,
    98.422,
    99.422,
    98.92,
    99.922,
    99.92,
    98.421,
    99.92100000000002,
    99.93000000000002,
    98.922,
    99.91899999999998,
    98.41799999999999,
    99.426,
    98.92,
    97.422,
    98.92099999999999,
    98.90599999999999,
    99.425,
    98.92600000000002,
    99.926,
    99.42900000000002,
    99.42700000000002,
    98.412,
    98.42599999999999,
    98.91599999999998,
    99.923,
    98.926,
    99.41900000000001,
    96.413,
    99.925,
    96.41599999999998,
    98.919,
    99.922,
    99.42,
    99.424,
    98.916,
    98.41699999999999,
    98.43000000000002,
    98.423,
    99.41899999999998,
    98.41799999999998,
    98.91799999999998,
    99.42699999999999,
    99.42300000000002,
    99.917,
    99.921,
    99.91799999999999,
    99.42100000000002,
    99.42400000000002,
    97.919,
    98.41900000000001,
    97.92100000000002,
    97.924,
    98.915,
    99.42,
    99.422,
    98.92600000000002,
    97.922,
    98.426,
    98.91900000000001,
    99.42,
    98.42600000000002,
    98.424,
    98.921,
    99.91500000000002,
    98.42400000000002,
    98.42700000000002,
    99.91900000000001,
    98.41600000000001,
    99.42499999999998,
    98.925,
    99.427,
    98.926,
    97.42599999999999,
    98.92200000000003,
    99.91599999999998,
    99.915,
    99.922,
    99.424,
    98.921,
    99.41999999999999,
    99.42700000000002,
    98.926,
    99.422,
    98.916,
    98.926,
    99.42700000000002,
    99.924,
    98.922,
    98.424,
    99.41400000000002,
    98.92499999999998,
    99.92299999999999,
    97.925,
    98.917,
    99.42300000000002,
    98.929,
    97.92499999999998,
    96.922,
    99.42800000000003,
    99.917,
    98.924,
    98.413,
    99.426,
    99.92500000000001,
    99.421,
    98.91900000000001,
    98.92200000000003,
    98.922,
    99.41900000000001,
    99.42500000000003,
    99.41799999999999,
    97.41999999999999,
    99.41900000000001,
    97.92299999999999,
    98.921,
    99.42400000000002,
    98.92000000000003,
    99.42500000000003,
    99.425,
    99.43000000000002,
    97.919,
    99.42500000000003,
    99.42500000000003,
    98.91699999999999,
    98.923,
    98.92,
    98.929,
    98.42600000000002,
    98.922,
    97.91899999999998,
    99.42500000000001,
    99.41600000000001,
    99.426,
    98.925,
    98.91600000000003,
    97.92500000000001,
    96.91999999999999,
    99.918,
    99.91199999999999,
    98.923,
    99.42199999999998,
    98.41699999999999,
    97.922,
    98.91800000000002,
    98.92800000000003,
    99.42499999999998,
    98.922,
    98.41900000000001,
    98.92199999999998,
    98.41700000000002,
    99.42700000000002,
    98.42700000000002,
    97.422,
    99.41400000000002,
    98.922,
    99.92600000000002,
    99.923,
    97.926,
    97.90599999999999,
    99.422,
    97.922,
    97.923,
