{
  "complexity": 0,
  "alpha": 0.1,
  "gamma": 0.9,
  "epsilon": 0.3,
  "extra_passages": 3,
  "avg_rewards": [
    -14.5490000000001,
    50.11399999999999,
    76.616,
    79.42099999999998,
    91.58800000000001,
    86.89000000000001,
    91.034,
    93.716,
    93.15,
    89.31000000000002,
    96.63999999999999,
    97.161,
    94.624,
    98.25199999999998,
    91.059,
    91.678,
    93.074,
    95.67699999999999,
    93.19800000000001,
    95.76,
    94.788,
    95.23499999999999,
    94.321,
    90.732,
    93.817,
    96.04100000000001,
    95.21,
    93.218,
    94.018,
    96.28999999999999,
    97.30799999999999,
    96.823,
    95.244,
    94.751,
    93.818,
    96.736,
    97.73300000000002,
    97.84599999999998,
    97.83000000000001,
    95.88799999999999,
    99.376,
    96.87299999999999,
    96.871,
    96.329,
    98.89099999999999,
    95.869,
    97.88699999999999,
    98.357,
    95.37199999999999,
    98.845,
    96.331,
    96.86599999999999,
    96.337,
    96.401,
    97.35700000000001,
    94.38300000000001,
    98.89000000000001,
    97.38199999999999,
    94.402,
    97.868,
    96.9,
    98.407,
    97.40700000000001,
    97.411,
    96.404,
    97.392,
    95.39799999999998,
    98.40599999999999,
    96.89699999999999,
    97.40899999999999,
    96.852,
    98.395,
    95.405,
    99.404,
    94.88699999999999,
    95.91,
    96.38499999999999,
    95.404,
    96.404,
    96.40299999999999,
    96.89200000000001,
    94.40400000000001,
    96.88899999999998,
    97.90099999999998,
    96.399,
    97.40700000000001,
    96.405,
    96.922,
    96.39299999999999,
    97.4,
    96.38699999999999,
    97.394,
    95.397,
    95.888,
    98.40799999999999,
    95.89299999999999,
    95.88900000000001,
    98.407,
    95.40199999999999,
    97.40700000000001,
    97.405,
    96.381,
    98.39699999999999,
    98.91099999999999,
    96.91299999999998,
    96.89899999999999,
    95.91000000000001,
    98.89299999999999,
    97.89099999999999,
    96.395,
    98.39999999999999,
    97.381,
    96.402,
    98.411,
    96.898,
    97.90099999999998,
    97.90299999999999,
    99.40099999999998,
    96.396,
    98.40700000000001,
    96.40599999999999,
    98.904,
    97.904,
    97.39099999999999,
    98.90799999999999,
    98.40299999999999,
    97.41,
    98.90599999999999,
    96.39699999999999,
    97.40599999999999,
    96.4,
    97.40599999999999,
    95.89099999999999,
    96.41599999999998,
    97.895,
    95.89000000000001,
    97.892,
    94.89599999999999,
    98.898,
    97.405,
    96.904,
    98.90899999999999,
    95.891,
    96.907,
    98.39900000000002,
    97.40799999999999,
    95.40899999999999,
    96.902,
    97.908,
    97.408,
    97.39599999999999,
    96.39599999999999,
    92.401,
    96.41399999999999,
    96.904,
    96.89199999999998,
    96.382,
    96.39099999999999,
    95.89499999999998,
    98.389,
    98.89099999999999,
    96.91099999999999,
    96.902,
    96.4,
    97.90299999999999,
    97.896,
    97.907,
    97.39099999999999,
    96.40599999999998,
    98.88199999999999,
    97.398,
    94.881,
    91.89699999999999,
    98.41199999999999,
    94.9,
    94.90799999999999,
    95.39,
    97.41399999999999,
    97.404,
    94.40599999999999,
    95.89199999999998,
    96.905,
    96.91,
    96.392,
    96.91099999999999,
    98.39399999999998,
    98.909,
    96.89999999999999,
    93.895,
    96.89599999999999,
    95.414,
    96.39899999999999,
    95.405,
    98.39599999999999,
    97.41,
    97.892,
    97.39900000000002,
    96.4,
    99.89600000000002,
    96.90400000000001,
    94.414,
    96.91299999999998,
    96.895,
    97.891,
    97.418,
    97.89599999999999,
    97.89699999999998,
    98.383,
    97.401,
    97.90799999999999,
    97.907,
    96.41399999999999,
    96.907,
    96.39899999999999,
    97.903,
    95.372,
    94.90899999999998,
    98.396,
    96.89899999999999,
    97.393,
    97.905,
    97.88899999999998,
    97.404,
    97.40599999999999,
    96.401,
    97.91,
    97.404,
    97.39700000000002,
    97.40399999999998,
    98.904,
    96.89000000000001,
    98.907,
    99.40899999999999,
    97.401,
    97.90299999999999,
    96.904,
    98.90499999999999,
    98.41299999999998,
    96.407,
    96.889,
    97.39399999999999,
    96.90799999999999,
    99.405,
    96.395,
    97.90699999999998,
    96.899,
    97.898,
    90.38899999999998,
    98.404,
    95.898,
    96.89899999999999,
    97.90699999999998,
    96.398,
    97.898,
    94.39599999999999,
    98.91299999999998,
    97.39899999999999,
    98.388,
    95.39399999999999,
    96.904,
    98.41,
    96.881,
    96.873,
    95.39900000000002,
    96.91,
    99.409,
    97.37599999999999,
    94.896,
    96.881,
    96.39299999999999,
    96.895,
    95.41400000000002,
    97.399,
    96.894,
    98.39899999999999,
    97.395,
    95.896,
    98.90499999999999,
    98.897,
    98.90599999999999,
    95.898,
    99.405,
    98.407,
    97.38699999999999,
    98.40299999999999,
    97.916,
    94.88699999999999,
    96.90299999999999,
    98.398,
    94.40899999999998,
    97.915,
    94.90599999999999,
    98.906,
    96.899,
    97.41,
    96.39699999999999,
    98.39999999999999,
    96.902,
    96.913,
    97.912,
    96.40899999999999,
    97.388,
    97.91199999999999,
    96.895,
    97.401,
    97.402,
    97.916,
    97.41,
    96.903,
    97.40999999999998,
    95.39299999999999,
    97.904,
    97.4,
    97.401,
    96.899,
    97.907,
    97.9,
    96.90799999999999,
    97.39399999999999,
    96.905,
    98.413,
    95.899,
    97.404,
    95.40599999999999,
    96.874,
    95.38399999999999,
    98.898,
    95.90099999999998,
    95.397,
    96.904,
    98.415,
    99.91399999999999,
    96.89199999999998,
    98.898,
    95.905,
    96.90099999999998,
    97.39999999999998,
    96.904,
    96.905,
    97.397,
    96.41,
    93.91,
    98.413,
    96.90799999999999,
    98.896,
    97.903,
    97.897,
    95.90499999999999,
    97.381,
    96.907,
    97.89500000000001,
    98.9,
    97.91199999999999,
    95.40899999999999,
    97.899,
    98.905,
    97.90299999999999,
    96.90800000000002,
    97.904,
    97.41199999999999,
    96.405,
    96.898,
    96.40299999999999,
    94.88700000000001,
    97.40599999999999,
    97.40200000000002,
    96.39200000000001,
    97.40099999999998,
    96.865,
    97.898,
    98.901,
    98.41999999999999,
    96.90299999999999,
    97.878,
    95.902,
    96.398,
    97.39299999999999,
    97.90599999999999,
    95.90799999999999,
    96.893,
    93.874,
    97.907,
    97.39500000000001,
    98.40900000000002,
    95.38799999999999,
    94.90599999999999,
    97.898,
    98.893,
    98.90099999999998,
    95.892,
    97.41099999999999,
    98.91499999999999,
    97.39899999999997,
    98.395,
    95.404,
    99.402,
    96.39999999999999,
    91.892,
    95.88999999999999,
    96.91299999999998,
    96.38999999999999,
    98.40600000000002,
    94.90399999999998,
    97.9,
    94.902,
    97.385,
    97.907,
    96.899,
    94.902,
    94.398,
    97.41299999999998,
    94.39599999999999,
    96.41600000000001,
    97.904,
    94.915,
    97.909,
    96.393,
    96.40599999999999,
    98.38499999999999,
    95.902,
    97.40400000000001,
    96.41,
    96.39099999999999,
    96.905,
    95.407,
    96.40299999999999,
    97.91099999999999,
    97.88399999999999,
    98.41600000000001,
    95.904,
    94.909,
    95.91399999999999,
    96.39200000000001,
    97.90199999999999,
    98.40299999999999,
    97.89800000000001,
    93.886,
    97.888,
    96.90299999999999,
    96.91099999999997,
    96.90699999999998,
    97.90899999999999,
    97.91499999999999,
    98.909,
    96.90599999999998,
    97.399,
    97.40900000000002,
    95.405,
    98.4,
    98.39999999999999,
    96.91399999999999,
    98.38499999999999,
    96.387,
    94.899,
    98.91600000000001,
    98.41499999999999,
    98.411,
    96.399,
    95.899,
