{
  "complexity": 2,
  "alpha": 0.3,
  "gamma": 0.85,
  "epsilon": 0.2,
  "extra_passages": 13,
  "avg_rewards": [
    -484.2969999999974,
    -11.223999999999908,
    61.72399999999995,
    44.46100000000013,
    67.17399999999994,
    50.76799999999965,
    63.822,
    39.44399999999981,
    45.004000000000204,
    -44.99999999999615,
    56.207000000000015,
    80.54500000000006,
    15.173000000000986,
    76.47399999999999,
    75.25699999999972,
    74.18399999999993,
    83.65200000000002,
    66.27699999999997,
    82.89700000000002,
    89.24199999999999,
    78.89799999999997,
    55.62700000000122,
    86.80599999999998,
    72.86700000000005,
    83.30700000000003,
    88.59,
    84.355,
    77.99800000000005,
    61.92300000000133,
    91.09299999999999,
    75.17599999999999,
    87.72800000000002,
    91.66199999999999,
    87.13500000000002,
    88.746,
    86.51899999999996,
    87.79599999999998,
    89.78699999999998,
    89.75399999999999,
    92.857,
    82.29300000000002,
    86.46400000000004,
    90.99600000000001,
    95.64500000000001,
    73.28099999999985,
    94.042,
    91.714,
    92.04300000000002,
    87.30999999999997,
    90.50999999999995,
    88.45600000000006,
    90.34999999999998,
    85.71399999999997,
    45.13600000000197,
    89.46999999999998,
    82.53499999999995,
    83.69900000000005,
    87.00900000000001,
    91.88300000000001,
    89.22100000000002,
    90.6,
    93.04100000000001,
    94.17399999999998,
    97.03300000000002,
    84.37599999999988,
    95.15,
    95.696,
    95.15400000000001,
    95.646,
    93.25200000000002,
    97.165,
    97.27799999999999,
    94.71200000000002,
    95.273,
    95.61399999999999,
    94.165,
    93.23499999999999,
    96.68299999999999,
    94.012,
    92.29999999999998,
    94.802,
    95.76400000000001,
    97.23,
    97.14,
    95.51599999999999,
    87.98600000000002,
    95.085,
    97.36000000000001,
    95.409,
    96.50900000000001,
    90.53200000000001,
    93.976,
    92.588,
    95.59400000000001,
    95.37200000000001,
    94.917,
    95.142,
    93.563,
    97.776,
    96.14099999999999,
    94.54400000000001,
    93.32000000000002,
    94.727,
    92.25200000000001,
    95.78099999999999,
    96.297,
    97.25,
    94.756,
    95.275,
    96.749,
    96.642,
    96.76500000000001,
    94.782,
    96.328,
    93.299,
    94.799,
    95.766,
    97.307,
    97.809,
    97.798,
    96.319,
    96.824,
    95.80300000000001,
    95.31900000000002,
    95.803,
    94.303,
    97.817,
    97.30999999999999,
    97.787,
    95.31700000000001,
    97.821,
    95.80500000000002,
    95.82200000000002,
    97.787,
    96.797,
    96.31499999999998,
    98.811,
    95.30999999999999,
    95.816,
    96.81300000000002,
    95.325,
    96.816,
    96.804,
    94.77600000000001,
    98.32200000000003,
    94.302,
    97.32300000000001,
    97.811,
    96.81,
    92.801,
    95.79599999999999,
    97.81800000000001,
    96.31800000000001,
    95.777,
    96.30499999999998,
    95.309,
    98.293,
    91.29899999999999,
    95.319,
    97.32000000000001,
    94.751,
    96.31800000000001,
    97.82700000000001,
    98.31299999999999,
    95.31600000000002,
    94.78,
    96.29100000000001,
    94.694,
    96.80800000000002,
    96.279,
    95.81800000000001,
    94.822,
    95.816,
    94.79100000000001,
    94.816,
    97.31300000000002,
    97.309,
    95.298,
    94.81699999999998,
    97.29600000000002,
    95.795,
    95.3,
    97.27900000000001,
    96.815,
    94.302,
    97.299,
    96.316,
    96.793,
    96.79,
    97.291,
    95.31800000000001,
    95.78200000000001,
    98.79400000000001,
    97.79100000000001,
    95.803,
    96.81800000000001,
    93.798,
    96.30500000000002,
    96.797,
    96.808,
    95.316,
    93.27000000000001,
    95.31900000000002,
    97.319,
    94.28299999999999,
    96.783,
    96.81400000000001,
    97.327,
    96.32400000000003,
    94.821,
    96.32199999999999,
    97.30600000000001,
    94.306,
    94.811,
    96.798,
    98.31599999999999,
    98.328,
    96.30799999999999,
    96.31800000000001,
    93.78300000000002,
    96.30799999999999,
    96.807,
    96.828,
    95.30400000000002,
    97.30999999999999,
    94.31099999999999,
    97.32000000000002,
    96.31599999999999,
    94.315,
    97.30600000000001,
    96.815,
    97.277,
    96.81200000000001,
    95.30600000000001,
    97.81000000000002,
    94.812,
    96.27400000000002,
    96.29,
    94.79400000000001,
    97.80900000000001,
    93.81800000000001,
    98.31799999999998,
    92.284,
    94.81300000000002,
    98.809,
    97.81200000000001,
    94.82399999999998,
    97.306,
    99.31500000000003,
    96.29599999999998,
    93.96399999999998,
    94.81700000000002,
    95.3,
    96.793,
    95.299,
    94.299,
    96.781,
    97.17600000000002,
    94.302,
    97.8,
    96.81499999999998,
    94.304,
    98.81500000000001,
    98.305,
    94.80700000000002,
    96.777,
    95.80699999999999,
    96.80600000000001,
    95.304,
    94.79799999999999,
    94.807,
    95.297,
    98.305,
    95.786,
    97.325,
    95.31500000000003,
    95.80000000000001,
    96.306,
    95.82300000000001,
    95.80499999999999,
    98.292,
    94.30699999999999,
    95.313,
    97.79699999999998,
    96.30300000000001,
    96.313,
    96.813,
    98.303,
    95.297,
    95.81400000000001,
    97.30999999999999,
    95.813,
    93.297,
    95.80300000000001,
    95.31000000000002,
    96.28299999999999,
    97.31400000000001,
    97.811,
    96.83200000000002,
    97.80199999999999,
    94.801,
    94.80100000000002,
    94.311,
    96.28900000000002,
    96.815,
    96.80799999999999,
    94.79100000000001,
    97.83000000000001,
    94.813,
    97.81300000000002,
    95.29399999999998,
    95.77799999999999,
    95.303,
    95.31099999999999,
    95.29700000000001,
    96.809,
    99.297,
    96.80499999999999,
    97.817,
    94.291,
    97.26899999999999,
    95.807,
    97.82400000000001,
    94.80400000000002,
    96.28899999999999,
    96.30900000000001,
    97.30799999999999,
    97.764,
    97.82300000000002,
    96.318,
    98.31599999999999,
    94.80300000000001,
    97.32000000000001,
    96.28699999999999,
    95.806,
    95.30799999999999,
    96.32600000000002,
    96.808,
    94.80900000000001,
    95.82700000000003,
    93.285,
    97.811,
    95.31200000000001,
    96.79100000000001,
    98.313,
    96.83000000000001,
    97.816,
    96.81300000000002,
    95.80199999999999,
    98.292,
    96.315,
    95.31000000000002,
    93.801,
    96.29100000000001,
    97.81,
    93.311,
    96.32600000000001,
    96.308,
    96.816,
    93.304,
    95.297,
    97.29799999999999,
    95.298,
    96.80999999999999,
    97.82200000000003,
    94.31700000000001,
    94.81299999999999,
    96.809,
    96.812,
    92.80999999999999,
    93.29500000000002,
    97.295,
    94.815,
    95.821,
    96.31800000000003,
    96.81400000000001,
    95.80799999999999,
    95.79499999999999,
    97.82600000000001,
    95.803,
    95.806,
    96.31500000000003,
    95.301,
    96.31500000000001,
    95.309,
    95.81300000000002,
    94.31,
    96.82200000000002,
    96.812,
    95.31400000000001,
    96.29600000000002,
    95.30499999999999,
    94.81700000000001,
    97.81699999999998,
    96.822,
    96.80099999999999,
    95.80600000000001,
    95.825,
    96.28999999999999,
    95.31800000000001,
    95.299,
    96.30699999999999,
    97.80699999999999,
    96.324,
    97.311,
    97.30499999999999,
    98.32600000000001,
    96.306,
    96.822,
    95.33500000000001,
    98.316,
    96.79900000000002,
    93.28300000000002,
    94.788,
    95.307,
    95.78400000000002,
    92.16,
    96.32000000000001,
    96.31800000000001,
    94.80800000000002,
    94.817,
    95.821,
    97.306,
    97.32,
    93.80799999999999,
    94.31800000000001,
    96.802,
    96.82300000000001,
    97.809,
    95.822,
    96.26900000000002,
    96.306,
    92.30900000000001,
