{
  "complexity": 6,
  "alpha": 0.2,
  "gamma": 0.85,
  "epsilon": 0.3,
  "extra_passages": 1,
  "avg_rewards": [
    -239.1609999999984,
    -69.26299999999786,
    -147.70399999999586,
    49.48699999999995,
    72.36399999999988,
    22.520000000000312,
    -69.1749999999976,
    72.517,
    -48.17099999999567,
    51.47600000000004,
    45.34100000000078,
    39.154000000001076,
    -170.1409999999883,
    28.474999999999984,
    42.597999999999914,
    60.85000000000016,
    -135.0749999999855,
    -240.0140000002515,
    17.032000000003563,
    67.06499999999993,
    76.20100000000002,
    36.102000000001915,
    -172.2159999999943,
    64.0009999999999,
    48.6629999999994,
    -53.39899999998913,
    -28.917999999995722,
    -6.415999999995938,
    64.46600000000078,
    69.06100000000065,
    27.06300000000225,
    83.28599999999992,
    69.54899999999998,
    76.98200000000001,
    86.12999999999998,
    77.32799999999945,
    88.47200000000001,
    57.431000000000196,
    -272.75400000034136,
    12.397000000005164,
    13.424000000005048,
    85.76500000000006,
    75.3600000000001,
    83.95400000000006,
    -224.6820000001967,
    61.54100000000142,
    -21.90899999999083,
    -45.51999999998791,
    52.01600000000161,
    30.728000000003398,
    16.119000000005077,
    61.886000000000344,
    86.59600000000002,
    41.81800000000094,
    3.569000000006554,
    56.27900000000174,
    83.32999999999998,
    89.26100000000004,
    69.79400000000041,
    84.69199999999981,
    59.89300000000118,
    84.62400000000007,
    82.60999999999963,
    85.11099999999982,
    83.92399999999991,
    90.275,
    94.25500000000002,
    92.07100000000001,
    93.319,
    5.21700000000767,
    38.96700000000362,
    80.6689999999998,
    31.10200000000458,
    83.11899999999972,
    94.308,
    91.79099999999994,
    93.749,
    91.79100000000001,
    93.161,
    91.37499999999997,
    94.147,
    94.337,
    89.43900000000001,
    82.48599999999965,
    85.11799999999998,
    76.74200000000027,
    78.28899999999999,
    64.5640000000007,
    91.525,
    91.20599999999999,
    95.117,
    89.23400000000001,
    94.846,
    89.621,
    89.52900000000002,
    81.799,
    95.31500000000001,
    87.76899999999999,
    94.34,
    92.81299999999999,
    95.293,
    82.18099999999987,
    88.76700000000002,
    85.5209999999999,
    89.58799999999995,
    86.80099999999972,
    94.311,
    92.245,
    93.23999999999998,
    94.19500000000001,
    92.166,
    86.63900000000001,
    84.09799999999976,
    88.96899999999997,
    91.838,
    81.03699999999972,
    86.72399999999989,
    86.31099999999985,
    93.50700000000002,
    74.40000000000029,
    80.19999999999993,
    78.3489999999999,
    83.46400000000003,
    81.34299999999982,
    91.824,
    92.822,
    94.58899999999998,
    94.31500000000001,
    88.91399999999997,
    88.99599999999998,
    88.088,
    92.52099999999999,
    85.94299999999996,
    94.646,
    90.91899999999998,
    91.81000000000002,
    93.25400000000002,
    82.11799999999987,
    92.32900000000001,
    96.80199999999999,
    96.84799999999998,
    94.244,
    93.79299999999998,
    93.319,
    91.05199999999998,
    84.87499999999997,
    92.32700000000001,
    95.50400000000002,
    93.045,
    91.69,
    90.16400000000002,
    67.46699999999977,
    90.81700000000002,
    93.82000000000001,
    96.326,
    91.32700000000001,
    91.82899999999998,
    92.356,
    92.345,
    93.851,
    90.817,
    91.324,
    93.352,
    95.84100000000001,
    93.33999999999999,
    94.84,
    95.34299999999999,
    94.845,
    90.81,
    94.35000000000001,
    87.793,
    90.35300000000001,
    93.30399999999999,
    92.82000000000002,
    90.813,
    93.82300000000001,
    92.76500000000001,
    91.29100000000001,
    93.786,
    94.33800000000001,
    89.81700000000001,
    92.277,
    90.812,
    95.846,
    92.34400000000001,
    93.29800000000002,
    94.866,
    95.33599999999998,
    93.34900000000002,
    93.343,
    90.83600000000001,
    95.339,
    89.81899999999999,
    91.85600000000001,
    92.29,
    93.841,
    92.83800000000001,
    92.83700000000002,
    93.321,
    94.328,
    91.745,
    94.864,
    92.345,
    90.34800000000003,
    94.32700000000001,
    90.337,
    94.827,
    92.841,
    87.33900000000001,
    95.353,
    95.345,
    95.331,
    90.314,
    93.81400000000001,
    94.825,
    92.84199999999998,
    90.82600000000001,
    92.32,
    91.76599999999999,
    92.333,
    94.835,
    92.811,
    94.297,
    94.27600000000001,
    94.848,
    98.35700000000001,
    90.85,
    90.861,
    93.33,
    93.84100000000001,
    90.333,
    91.84,
    93.34700000000001,
    94.83100000000002,
    90.29400000000001,
    90.321,
    92.338,
    91.30199999999999,
    95.846,
    92.33399999999999,
    94.84700000000001,
    93.85200000000002,
    89.82600000000001,
    95.332,
    89.574,
    93.8,
    90.352,
    94.86200000000001,
    96.343,
    95.837,
    94.34200000000001,
    93.833,
    94.35000000000001,
    93.33500000000001,
    96.348,
    93.342,
    95.33600000000001,
    90.322,
    95.823,
    95.315,
    93.834,
    88.822,
    92.341,
    89.83399999999997,
    91.818,
    92.83500000000001,
    96.36300000000001,
    91.848,
    91.332,
    94.845,
    94.848,
    93.81800000000001,
    92.836,
    96.32499999999999,
    93.81500000000003,
    88.32300000000001,
    93.863,
    92.83099999999999,
    92.34,
    88.326,
    90.81,
    96.857,
    90.848,
    91.816,
    95.34,
    93.35,
    89.32800000000002,
    96.346,
    90.827,
    94.85000000000001,
    90.311,
    91.843,
    92.344,
    95.341,
    93.82200000000002,
    94.348,
    92.325,
    89.33000000000001,
    94.29,
    94.347,
    93.821,
    92.8,
    92.341,
    92.345,
    94.314,
    93.824,
    95.86300000000001,
    93.336,
    94.316,
    95.299,
    95.834,
    94.329,
    93.345,
    92.30700000000002,
    94.343,
    92.852,
    94.83000000000001,
    93.336,
    95.33400000000002,
    94.848,
    89.848,
    92.34700000000001,
    93.848,
    92.33,
    91.83099999999999,
    94.351,
    91.352,
    90.343,
    88.821,
    94.841,
    94.85300000000001,
    92.34700000000001,
    92.341,
    91.354,
    92.822,
    94.28900000000002,
    91.34,
    97.356,
    95.33200000000001,
    93.85100000000001,
    93.845,
    92.84800000000001,
    96.339,
    93.83200000000002,
    92.846,
    91.82000000000001,
    92.852,
    93.86,
    94.85100000000001,
    93.852,
    93.841,
    93.363,
    95.85500000000002,
    92.82700000000001,
    94.848,
    97.361,
    94.83099999999999,
    93.85600000000001,
    89.834,
    96.333,
    96.845,
    93.84199999999998,
    91.331,
    95.84200000000001,
    92.34200000000001,
    94.334,
    95.33099999999999,
    91.85100000000001,
    94.838,
    93.839,
    94.351,
    90.337,
    92.822,
    91.35,
    92.348,
    95.34800000000001,
    96.34100000000001,
    95.344,
    94.35900000000001,
    94.82600000000001,
    94.84900000000002,
    92.828,
    90.83800000000001,
    95.353,
    95.836,
    90.84400000000002,
    94.33500000000001,
    92.34,
    95.35799999999999,
    92.838,
    90.838,
    90.841,
    92.84900000000002,
    94.34200000000001,
    93.852,
    95.347,
    91.824,
    92.84100000000001,
    91.826,
    94.351,
    93.326,
    94.348,
    96.345,
    94.337,
    93.854,
    88.34299999999999,
    93.352,
    94.338,
    87.81999999999998,
    93.369,
    95.34100000000001,
    93.33800000000001,
    93.351,
    92.849,
    95.339,
    94.353,
    92.838,
    94.797,
    95.351,
    90.33500000000001,
    93.33500000000001,
    95.341,
    95.81200000000001,
    93.33600000000001,
    87.81700000000001,
    97.824,
    93.32300000000001,
    90.81899999999999,
    93.353,
    89.34100000000001,
    94.85900000000001,
    93.34100000000001,
    90.335,
    92.84,
    93.351,
    -180.28500000013312,
    92.84200000000001,
    93.324,
    89.82800000000002,
