{
  "complexity": 8,
  "alpha": 0.1,
  "gamma": 0.85,
  "epsilon": 0.3,
  "extra_passages": 7,
  "avg_rewards": [
    -580.5989999999961,
    -220.5769999999943,
    -96.80899999999734,
    20.95399999999994,
    15.138000000000739,
    -14.212999999997084,
    -224.3039999999898,
    -60.73899999999617,
    -47.94599999999288,
    -5.487999999996651,
    10.81100000000026,
    58.57099999999993,
    10.099000000000416,
    11.056000000000338,
    -3.151999999998401,
    11.676000000000332,
    -1.7479999999993723,
    -47.53799999999457,
    27.94400000000018,
    -129.79399999998958,
    -130.10799999999026,
    -91.95599999999439,
    58.4199999999996,
    -0.042999999994398054,
    -6.054999999997072,
    -75.84299999998666,
    -8.516999999995281,
    60.255999999999894,
    -48.76499999999082,
    22.483000000000292,
    31.911000000002378,
    14.958000000002745,
    63.25899999999983,
    56.26500000000006,
    51.390999999999565,
    -44.677999999989716,
    32.708000000001164,
    58.372000000000085,
    -45.51799999999571,
    56.87199999999994,
    31.112000000001718,
    -51.26999999999064,
    21.02500000000107,
    4.565000000002979,
    12.209999999999983,
    -110.66899999998309,
    -12.620999999993126,
    40.12500000000027,
    57.281999999999904,
    -20.74999999999458,
    -46.09699999999653,
    -21.738999999997294,
    -8.626999999998956,
    30.506000000000558,
    -9.002999999995115,
    -23.76099999999729,
    24.194000000000436,
    -35.55999999999754,
    35.323000000001045,
    -20.87899999999528,
    60.551999999999715,
    -48.00199999999148,
    12.338000000001905,
    -270.4250000002967,
    -89.00799999998671,
    -0.08299999999759607,
    -41.79999999999119,
    -12.77399999999427,
    46.57499999999993,
    -181.0039999999785,
    -16.00599999999617,
    -4.194999999996549,
    -60.27099999999003,
    23.300000000001113,
    46.84999999999957,
    19.56600000000207,
    -75.27899999998874,
    -137.62999999998095,
    -38.52199999999438,
    18.627000000001043,
    15.023999999999967,
    -0.6479999999973046,
    31.225999999999182,
    -62.578999999988255,
    -48.37899999998889,
    -44.45699999999303,
    -95.47899999998616,
    31.112999999999708,
    -158.37899999998388,
    65.16799999999989,
    -11.598999999994428,
    39.21400000000169,
    -36.74299999999244,
    -31.614999999996705,
    -23.99799999999332,
    13.784000000002806,
    35.35499999999977,
    39.26200000000019,
    20.28100000000237,
    65.01699999999978,
    25.203000000000053,
    51.92700000000011,
    -41.610999999992295,
    32.55000000000284,
    57.27699999999987,
    64.19499999999972,
    65.11799999999961,
    -58.10999999998968,
    35.99700000000072,
    76.22399999999998,
    -8.293999999993968,
    6.38700000000304,
    -83.28499999998486,
    -202.2329999999726,
    4.707000000004984,
    -117.24599999998517,
    -102.43299999998449,
    39.43500000000042,
    23.300000000000743,
    -119.25899999998528,
    -38.217999999992266,
    -40.991999999990945,
    53.58199999999958,
    1.915000000002624,
    -60.42499999999001,
    4.384000000004034,
    -194.5990000000688,
    50.57,
    33.1660000000011,
    -10.630999999994383,
    -134.61699999997973,
    44.32899999999952,
    2.3810000000017424,
    -195.16499999997384,
    -52.72899999999053,
    39.39299999999956,
    -27.99699999999394,
    -29.978999999993185,
    -56.60999999998919,
    1.9810000000024275,
    -0.7669999999938127,
    15.717000000002063,
    51.251999999999406,
    -6.4529999999930014,
    24.677000000001225,
    19.81200000000309,
    25.873000000000268,
    25.713000000003227,
    -41.383999999994536,
    38.57200000000165,
    -15.41899999999173,
    -42.35299999998954,
    63.45700000000007,
    -6.417999999994483,
    60.910999999999696,
    42.59800000000128,
    9.001000000005249,
    67.60899999999955,
    23.44900000000228,
    -17.470999999996245,
    -49.70199999998998,
    25.3130000000044,
    42.53000000000024,
    -2.2439999999962152,
    27.402000000004627,
    45.044000000000196,
    -47.47699999999139,
    5.753000000005139,
    18.49100000000349,
    -35.71499999999168,
    -75.81999999998796,
    -54.48299999999072,
    16.487000000002503,
    85.31999999999995,
    47.762000000000995,
    47.08099999999962,
    47.43900000000161,
    -17.598999999994327,
    12.941000000002443,
    40.5220000000016,
    52.36700000000103,
    49.96299999999962,
    61.533999999999494,
    -99.27399999998099,
    8.880000000000184,
    56.4649999999996,
    48.317000000000476,
    51.145000000000095,
    49.5880000000007,
    44.1330000000019,
    75.73300000000009,
    -139.16499999997924,
    41.600000000001934,
    85.25999999999996,
    53.14099999999989,
    82.15999999999997,
    43.333000000000354,
    -44.12299999998824,
    60.01600000000038,
    39.67900000000119,
    46.796000000000035,
    51.311000000000206,
    76.80399999999999,
    -54.326999999987834,
    6.996000000005078,
    69.53699999999964,
    33.381000000002615,
    72.15099999999973,
    44.17000000000056,
    44.1980000000013,
    1.0570000000073534,
    75.87999999999995,
    -121.10599999997876,
    41.43100000000249,
    -79.44599999998454,
    71.10199999999999,
    60.64500000000012,
    57.970000000001036,
    70.56899999999992,
    43.602000000002,
    26.895000000005545,
    74.82599999999992,
    77.22800000000004,
    72.31199999999995,
    34.62200000000193,
    70.62199999999996,
    69.52800000000003,
    78.6979999999998,
    66.92599999999993,
    82.75399999999999,
    63.37499999999966,
    65.01200000000016,
    49.67299999999985,
    62.208999999999875,
    74.02399999999997,
    57.20200000000044,
    76.20799999999997,
    74.54400000000005,
    73.96000000000001,
    80.35099999999997,
    73.92899999999992,
    -23.630999999988823,
    -275.45800000042766,
    -26.961999999992166,
    -19.31199999999029,
    85.30699999999996,
    14.367000000005827,
    83.474,
    54.21500000000101,
    42.46800000000418,
    59.85100000000025,
    78.77100000000002,
    78.69699999999996,
    76.04599999999981,
    85.692,
    85.72999999999998,
    77.19099999999995,
    86.66099999999999,
    61.42700000000099,
    41.15000000000167,
    36.967000000002216,
    77.12200000000001,
    69.78299999999994,
    63.658000000000825,
    74.69599999999984,
    71.36199999999972,
    27.10700000000346,
    81.49800000000002,
    76.24899999999992,
    88.65,
    84.88399999999999,
    37.971000000002796,
    54.769000000001846,
    71.31499999999973,
    88.56200000000003,
    88.37500000000003,
    72.232,
    77.83599999999997,
    61.33000000000059,
    70.23600000000002,
    44.25300000000259,
    80.69799999999991,
    81.68499999999986,
    66.98600000000097,
    80.072,
    81.97799999999992,
    47.08900000000152,
    80.68799999999996,
    73.99599999999997,
    67.33699999999972,
    73.4549999999999,
    78.62400000000002,
    36.94700000000313,
    71.07999999999936,
    76.20799999999983,
    49.99800000000176,
    83.70799999999996,
    66.57100000000084,
    85.33800000000001,
    64.68899999999941,
    85.72500000000002,
    43.711000000000794,
    56.31400000000108,
    76.6579999999999,
    87.825,
    72.3219999999999,
    74.66599999999968,
    82.12700000000005,
    82.42000000000002,
    84.26,
    49.68200000000242,
    89.38499999999996,
    78.492,
    84.96700000000006,
    79.4649999999998,
    88.48399999999998,
    89.15799999999993,
    87.61600000000001,
    84.12599999999983,
    77.53299999999994,
    89.69500000000001,
    83.03999999999995,
    83.94999999999999,
    86.517,
    91.41300000000001,
    86.58,
    85.8770000000001,
    87.439,
    89.122,
    88.639,
    92.537,
    90.02399999999999,
    75.44299999999984,
    90.2,
    88.54599999999998,
    84.66500000000002,
    81.53399999999962,
    82.204,
    86.026,
    77.48800000000006,
    81.71700000000003,
    82.47400000000002,
    80.57500000000002,
