{
  "complexity": 4,
  "alpha": 0.1,
  "gamma": 0.95,
  "epsilon": 0.3,
  "extra_passages": 11,
  "avg_rewards": [
    -492.7189999999972,
    -57.587000000000025,
    -23.39399999999916,
    -33.5259999999992,
    -2.5089999999995194,
    34.656999999999854,
    20.308,
    39.73099999999984,
    43.62499999999989,
    2.431000000000418,
    70.83599999999998,
    65.56199999999998,
    52.487000000000215,
    70.76800000000001,
    72.915,
    62.11899999999988,
    60.334999999999695,
    38.572000000000784,
    65.82399999999984,
    70.53200000000001,
    77.59299999999998,
    73.42500000000001,
    72.259,
    59.24199999999981,
    76.83299999999998,
    75.34200000000001,
    75.97700000000002,
    63.82599999999993,
    82.61499999999998,
    73.29199999999994,
    68.567,
    57.522000000000006,
    88.82700000000001,
    80.38099999999996,
    63.212999999999965,
    64.48800000000004,
    83.404,
    61.72099999999996,
    88.29700000000003,
    80.227,
    73.964,
    84.732,
    79.55700000000002,
    80.655,
    83.922,
    81.52000000000001,
    76.19800000000001,
    84.31,
    83.89199999999998,
    74.95499999999996,
    73.17000000000004,
    80.57199999999997,
    80.433,
    89.447,
    79.935,
    74.744,
    75.641,
    87.795,
    79.43199999999999,
    79.205,
    85.33399999999997,
    81.149,
    78.91499999999998,
    84.82000000000001,
    90.88600000000004,
    87.513,
    86.75399999999998,
    86.89599999999999,
    88.27100000000002,
    88.418,
    89.443,
    81.814,
    90.42600000000002,
    87.567,
    83.361,
    84.39099999999996,
    87.833,
    83.88299999999998,
    84.75600000000004,
    83.97099999999999,
    71.33599999999997,
    88.249,
    89.42800000000001,
    76.51499999999996,
    83.785,
    91.356,
    81.126,
    86.36500000000001,
    87.91299999999998,
    87.026,
    86.15699999999997,
    91.881,
    91.55600000000001,
    91.59200000000001,
    78.76799999999997,
    90.47200000000001,
    79.54500000000002,
    89.08700000000002,
    88.544,
    87.701,
    87.92200000000001,
    91.624,
    96.18199999999999,
    85.253,
    88.27499999999998,
    81.76300000000012,
    90.357,
    89.62299999999999,
    89.34400000000001,
    86.648,
    93.42999999999999,
    89.382,
    88.49899999999998,
    91.63200000000002,
    89.582,
    89.973,
    85.815,
    90.292,
    94.438,
    89.87399999999997,
    91.892,
    94.09400000000001,
    88.076,
    84.857,
    80.987,
    86.022,
    92.941,
    89.82900000000005,
    81.90899999999982,
    81.99500000000003,
    91.57400000000001,
    81.812,
    88.16299999999998,
    90.48500000000001,
    90.91799999999999,
    87.26599999999999,
    92.12,
    77.76399999999975,
    72.33500000000024,
    86.709,
    87.569,
    91.224,
    89.02799999999999,
    87.09799999999998,
    89.176,
    91.678,
    95.732,
    89.17899999999999,
    93.06799999999998,
    89.008,
    91.67100000000002,
    90.65,
    91.59799999999998,
    90.70500000000001,
    91.151,
    91.728,
    95.54999999999998,
    90.656,
    93.226,
    86.81299999999997,
    91.113,
    89.68700000000001,
    86.54499999999999,
    91.16599999999998,
    87.12799999999999,
    90.59199999999998,
    90.559,
    90.58500000000001,
    93.604,
    90.59200000000001,
    93.04599999999999,
    91.669,
    88.699,
    89.695,
    89.221,
    92.728,
    93.718,
    89.749,
    93.749,
    91.278,
    94.17399999999999,
    93.21000000000001,
    93.184,
    93.155,
    94.77200000000002,
    87.252,
    91.179,
    94.756,
    91.26999999999998,
    95.74499999999998,
    94.29799999999999,
    94.292,
    94.227,
    93.25800000000001,
    90.777,
    91.745,
    95.27000000000001,
    93.745,
    92.779,
    93.28599999999999,
    94.76699999999998,
    97.758,
    87.704,
    92.77,
    90.78999999999999,
    92.79,
    91.787,
    92.263,
    92.776,
    89.79499999999999,
    92.75900000000001,
    91.256,
    94.745,
    89.29599999999999,
    92.8,
    90.768,
    91.75999999999999,
    91.79099999999998,
    93.257,
    95.762,
    94.726,
    93.29400000000001,
    93.28900000000002,
    92.71700000000001,
    94.28999999999999,
    97.26500000000001,
    92.75499999999997,
    88.683,
    93.163,
    91.28300000000002,
    93.76000000000002,
    87.722,
    93.77099999999999,
    95.263,
    90.215,
    95.30199999999999,
    91.25699999999999,
    91.75,
    94.764,
    95.26100000000001,
    92.26599999999999,
    91.779,
    91.27199999999999,
    93.27400000000002,
    91.799,
    92.795,
    89.27199999999999,
    92.21500000000002,
    91.285,
    93.28999999999999,
    94.773,
    94.81000000000002,
    94.29499999999999,
    88.77700000000002,
    95.303,
    92.81000000000002,
    96.78800000000001,
    93.29400000000001,
    91.773,
    88.785,
    95.292,
    96.279,
    95.795,
    91.24800000000002,
    92.294,
    91.77900000000001,
    94.80099999999999,
    91.78200000000001,
    91.81200000000001,
    94.76899999999999,
    94.209,
    91.69500000000001,
    89.75800000000001,
    93.76400000000001,
    92.739,
    94.271,
    92.758,
    92.771,
    91.79899999999999,
    94.275,
    95.311,
    86.80000000000003,
    95.816,
    94.80600000000001,
    91.801,
    96.304,
    96.29399999999998,
    93.769,
    92.78699999999999,
    94.27200000000002,
    94.78999999999999,
    97.303,
    95.773,
    92.79799999999999,
    95.80600000000001,
    92.28599999999999,
    91.79099999999998,
    87.81300000000002,
    93.78899999999999,
    93.78099999999999,
    94.30199999999999,
    90.27000000000001,
    93.78999999999999,
    94.78200000000001,
    94.28100000000002,
    92.297,
    90.279,
    90.295,
    91.79299999999998,
    94.787,
    92.769,
    90.8,
    92.78900000000002,
    95.264,
    92.778,
    94.30099999999999,
    92.28299999999999,
    92.803,
    92.281,
    90.305,
    91.767,
    95.279,
    94.305,
    91.307,
    97.301,
    90.27700000000002,
    93.299,
    92.30799999999998,
    93.28500000000001,
    90.787,
    92.291,
    91.771,
    91.282,
    91.772,
    95.27799999999999,
    93.76100000000001,
    91.29400000000001,
    93.28200000000001,
    90.757,
    95.29399999999998,
    90.295,
    95.279,
    92.78600000000002,
    94.28299999999999,
    94.28399999999999,
    92.30699999999999,
    93.80299999999997,
    92.287,
    91.78099999999999,
    92.797,
    93.784,
    94.277,
    91.27799999999999,
    90.794,
    94.81000000000002,
    96.79499999999999,
    91.78599999999999,
    95.81199999999998,
    93.29,
    90.30400000000002,
    93.28599999999999,
    93.28200000000001,
    95.80600000000001,
    92.29100000000001,
    95.301,
    94.30499999999999,
    93.28099999999999,
    89.296,
    94.78799999999998,
    93.30400000000002,
    94.80999999999999,
    92.29,
    91.282,
    89.796,
    93.25399999999999,
    86.237,
    92.76299999999999,
    92.78099999999999,
    92.77600000000002,
    95.282,
    91.287,
    92.29700000000001,
    93.80499999999999,
    90.28500000000001,
    93.28800000000001,
    93.269,
    94.779,
    92.786,
    90.29,
    89.58699999999999,
    95.79299999999999,
    90.801,
    95.29400000000001,
    93.304,
    95.787,
    91.779,
    92.80600000000001,
    92.773,
    92.274,
    93.30000000000001,
    91.31800000000001,
    93.27799999999999,
    93.278,
    93.785,
    93.79400000000001,
    94.78799999999998,
    94.315,
    92.78,
    92.30499999999998,
    91.796,
    95.296,
    94.79400000000001,
    93.293,
    88.292,
    91.29800000000002,
    93.28399999999999,
    89.808,
    89.28399999999999,
    91.775,
    91.78,
    93.74000000000002,
    95.80300000000001,
    89.79700000000001,
    95.28600000000003,
    92.78,
    92.75800000000001,
    92.309,
    94.78500000000001,
    92.77300000000001,
    87.287,
    93.29,
    94.282,
    95.786,
    94.74499999999999,
    91.293,
    91.301,
    93.795,
    93.301,
    90.267,
    95.28699999999999,
