{
  "complexity": 13,
  "alpha": 0.3,
  "gamma": 0.95,
  "epsilon": 0.1,
  "extra_passages": 2,
  "avg_rewards": [
    -552.8739999999914,
    3.8979999999999793,
    23.119000000002597,
    54.80800000000072,
    46.24099999999999,
    67.74099999999994,
    50.60899999999984,
    -77.2559999999942,
    19.510000000003853,
    74.70500000000015,
    51.3320000000081,
    85.30499999999992,
    92.66400000000002,
    -26.55599999998633,
    6.670000000020323,
    82.48800000000008,
    86.73400000000001,
    87.95699999999997,
    93.539,
    85.48500000000003,
    89.85099999999993,
    75.60499999999999,
    67.52800000000042,
    69.35100000000008,
    85.30299999999991,
    92.96699999999997,
    87.10500000000006,
    96.745,
    95.53099999999999,
    95.76400000000002,
    91.881,
    94.971,
    61.574000000003785,
    94.03599999999992,
    93.31599999999996,
    97.15599999999999,
    96.21600000000001,
    96.17499999999998,
    99.77699999999999,
    95.107,
    97.784,
    97.29,
    96.82,
    97.80199999999999,
    98.82799999999999,
    97.82000000000001,
    96.32300000000001,
    97.823,
    96.806,
    97.321,
    94.821,
    97.33099999999999,
    98.32,
    98.82300000000001,
    97.26000000000002,
    97.821,
    98.311,
    96.27499999999999,
    96.82,
    97.32399999999998,
    97.82499999999999,
    95.997,
    97.318,
    97.825,
    96.82300000000001,
    97.815,
    96.319,
    98.827,
    96.827,
    93.822,
    96.30499999999999,
    95.818,
    95.828,
    96.32299999999998,
    96.82199999999999,
    98.328,
    97.321,
    97.82300000000001,
    97.83099999999999,
    93.656,
    97.32499999999999,
    96.808,
    96.82699999999998,
    98.33,
    95.82300000000001,
    96.321,
    98.33,
    96.327,
    97.319,
    96.818,
    98.829,
    96.32000000000001,
    97.821,
    95.826,
    97.309,
    95.291,
    95.80999999999999,
    96.822,
    98.321,
    96.829,
    98.319,
    99.332,
    96.821,
    96.81500000000001,
    97.32899999999998,
    98.32300000000001,
    95.82199999999999,
    95.76,
    97.326,
    97.327,
    98.32300000000001,
    96.826,
    95.32,
    97.824,
    98.327,
    98.32099999999998,
    98.309,
    95.815,
    97.816,
    97.321,
    98.329,
    95.827,
    95.80600000000001,
    97.324,
    97.31300000000002,
    98.31499999999998,
    96.82799999999999,
    99.318,
    96.82300000000001,
    97.81300000000002,
    97.812,
    99.31300000000002,
    95.818,
    93.32000000000001,
    97.819,
    96.313,
    98.817,
    97.826,
    94.80299999999998,
    96.314,
    95.31299999999999,
    95.82000000000001,
    93.312,
    96.28099999999999,
    94.81200000000001,
    97.828,
    98.32199999999999,
    94.329,
    98.824,
    95.82500000000002,
    97.825,
    97.32300000000001,
    98.80600000000001,
    97.32699999999998,
    98.81800000000001,
    96.818,
    95.832,
    97.32599999999998,
    96.32699999999998,
    95.63399999999999,
    96.818,
    96.83,
    97.321,
    97.32300000000001,
    96.814,
    98.31200000000001,
    96.328,
    97.825,
    98.321,
    98.81700000000001,
    95.313,
    97.81700000000001,
    96.81500000000001,
    99.31599999999999,
    97.328,
    94.317,
    98.335,
    97.829,
    98.829,
    97.33,
    97.827,
    98.322,
    94.80799999999999,
    97.829,
    97.815,
    94.31800000000001,
    97.82300000000001,
    96.822,
    95.833,
    98.32499999999999,
    98.32000000000001,
    97.32199999999999,
    96.828,
    95.829,
    97.324,
    94.32000000000001,
    96.81500000000001,
    97.32300000000001,
    97.31800000000001,
    94.332,
    99.327,
    97.326,
    97.83099999999999,
    97.82300000000001,
    95.825,
    56.595000000002436,
    95.316,
    97.31800000000001,
    97.805,
    92.282,
    94.31800000000001,
    93.82300000000001,
    94.817,
    96.826,
    97.321,
    93.825,
    96.325,
    96.319,
    97.32,
    98.32799999999997,
    98.816,
    99.309,
    97.324,
    97.33,
    94.809,
    96.32300000000001,
    98.32799999999999,
    98.32,
    96.82300000000001,
    98.321,
    94.821,
    97.297,
    97.81899999999999,
    96.33199999999998,
    95.309,
    93.81899999999999,
    94.82000000000001,
    97.322,
    93.817,
    97.321,
    98.82699999999998,
    97.828,
    98.326,
    95.324,
    97.31500000000001,
    96.309,
    97.33,
    97.819,
    95.81199999999998,
    96.825,
    97.329,
    96.325,
    96.32399999999998,
    95.824,
    98.826,
    98.82499999999999,
    98.327,
    95.82699999999998,
    93.71099999999998,
    97.825,
    95.815,
    97.32300000000001,
    95.828,
    97.33,
    97.822,
    97.809,
    96.32000000000001,
    96.811,
    97.816,
    95.326,
    95.821,
    95.824,
    97.312,
    97.809,
    97.326,
    97.80999999999999,
    96.33,
    97.80699999999997,
    95.807,
    98.324,
    98.829,
    98.322,
    96.828,
    94.827,
    98.31299999999999,
    98.82399999999998,
    98.323,
    96.325,
    96.828,
    96.828,
    97.81500000000001,
    99.329,
    97.816,
    96.825,
    98.824,
    96.321,
    98.332,
    97.821,
    97.82300000000001,
    97.31700000000001,
    98.31899999999999,
    97.29799999999999,
    95.827,
    96.32199999999999,
    95.82,
    94.311,
    97.316,
    97.31899999999999,
    96.828,
    97.316,
    96.827,
    99.321,
    95.81899999999999,
    94.31899999999999,
    97.825,
    98.823,
    96.325,
    94.318,
    91.57800000000003,
    94.806,
    97.28699999999999,
    96.314,
    96.30499999999999,
    98.821,
    98.818,
    97.818,
    96.82499999999997,
    96.322,
    97.82699999999998,
    96.80900000000001,
    96.32000000000001,
    96.799,
    97.81899999999999,
    96.822,
    97.325,
    95.82199999999999,
    96.803,
    96.829,
    97.824,
    96.31799999999998,
    98.825,
    95.314,
    97.827,
    97.81799999999998,
    98.327,
    99.316,
    96.32199999999999,
    97.827,
    96.33099999999999,
    95.329,
    97.823,
    99.322,
    98.32300000000001,
    95.82300000000001,
    98.328,
    98.325,
    97.822,
    96.322,
    93.82300000000001,
    99.31500000000001,
    96.31799999999998,
    96.82699999999998,
    94.31300000000002,
    98.826,
    96.323,
    98.82000000000001,
    98.321,
    96.319,
    98.829,
    95.33,
    94.804,
    95.822,
    98.31799999999998,
    96.818,
    96.827,
    96.821,
    95.32000000000001,
    97.808,
    99.32,
    97.814,
    96.81700000000001,
    96.31500000000001,
    97.321,
    96.328,
    97.826,
    97.31899999999999,
    98.318,
    98.33,
    94.826,
    98.82399999999998,
    98.826,
    98.33,
    98.80799999999999,
    97.329,
    99.32499999999999,
    96.83,
    97.315,
    96.33399999999999,
    97.81700000000001,
    99.324,
    97.32000000000001,
    96.81199999999998,
    97.326,
    98.818,
    96.824,
    98.32699999999998,
    98.81899999999999,
    98.815,
    98.816,
    98.318,
    97.31300000000002,
    94.31700000000001,
    97.324,
    97.31400000000001,
    97.329,
    97.829,
    95.81300000000002,
    97.329,
    95.81099999999999,
    97.809,
    96.81700000000001,
    96.826,
    96.813,
    99.32199999999999,
    98.826,
    97.32199999999999,
    96.321,
    96.32300000000001,
    97.326,
    97.315,
    97.31499999999998,
    96.324,
    97.31000000000002,
    97.821,
    96.82000000000001,
    96.822,
    94.811,
    97.819,
    97.825,
    98.829,
    95.321,
    96.32300000000001,
    96.824,
    98.333,
    97.31599999999999,
    96.329,
    99.317,
    97.325,
    98.32499999999997,
    97.81899999999999,
    95.325,
    97.813,
    94.833,
    96.82399999999998,
    95.823,
    96.309,
    97.829,
    98.322,
    96.33099999999999,
    97.31899999999999,
    98.812,
    96.321,
    97.32300000000001,
    97.821,
    97.819,
    98.817,
    96.322,
    97.81799999999998,
    95.309,
    98.817,
    97.828,
    97.81999999999998,
    98.81,
    96.81500000000001,
    95.825,
    97.319,
    96.33099999999999,
    96.31300000000002,
