{
  "complexity": 6,
  "alpha": 0.2,
  "gamma": 0.85,
  "epsilon": 0.1,
  "extra_passages": 1,
  "avg_rewards": [
    -246.29499999999683,
    -67.72799999998583,
    14.267000000002572,
    21.607000000005325,
    30.286000000005696,
    -27.468999999972176,
    62.75100000000073,
    85.88299999999995,
    -34.0499999999711,
    23.26300000000681,
    79.39000000000001,
    84.25500000000001,
    58.34400000000123,
    86.88599999999997,
    54.800000000009184,
    30.357000000012583,
    28.917000000018742,
    86.43100000000007,
    60.14200000000035,
    83.52000000000014,
    88.82500000000016,
    72.6899999999999,
    91.75299999999996,
    51.65600000000588,
    92.03300000000002,
    93.21100000000004,
    93.17099999999994,
    91.69100000000003,
    87.08200000000004,
    82.77499999999989,
    95.583,
    96.922,
    97.019,
    89.54399999999994,
    91.91500000000022,
    96.53900000000002,
    95.35300000000001,
    88.76000000000002,
    96.351,
    96.764,
    98.267,
    97.292,
    98.30699999999999,
    98.852,
    82.35499999999968,
    96.82600000000001,
    88.46800000000003,
    85.1519999999997,
    95.301,
    95.815,
    97.853,
    96.77799999999999,
    84.63399999999929,
    86.26299999999951,
    94.48300000000005,
    96.40899999999999,
    97.13199999999998,
    93.08499999999992,
    94.477,
    82.56899999999905,
    97.82,
    95.825,
    97.322,
    98.80499999999999,
    97.305,
    97.807,
    96.835,
    96.76200000000001,
    98.28,
    96.771,
    98.864,
    97.35199999999999,
    96.85799999999999,
    98.356,
    96.862,
    97.36,
    97.863,
    98.355,
    97.356,
    98.35799999999999,
    96.36099999999999,
    98.357,
    96.863,
    98.863,
    98.85,
    97.85300000000001,
    97.352,
    95.85799999999999,
    97.31400000000001,
    98.361,
    97.36,
    98.36099999999999,
    98.356,
    98.865,
    97.35999999999999,
    97.364,
    97.86099999999999,
    98.35,
    98.361,
    98.356,
    97.348,
    98.869,
    97.857,
    96.861,
    98.858,
    96.866,
    96.357,
    95.856,
    98.351,
    97.356,
    98.364,
    97.85900000000001,
    95.862,
    97.851,
    96.854,
    98.356,
    94.857,
    95.36,
    97.861,
    99.363,
    96.36,
    96.864,
    98.356,
    99.368,
    96.352,
    97.864,
    94.35999999999999,
    95.36,
    97.854,
    95.85900000000001,
    97.853,
    97.851,
    96.864,
    97.85900000000001,
    97.35,
    97.866,
    97.357,
    95.864,
    97.861,
    96.859,
    96.85799999999999,
    97.865,
    96.358,
    96.858,
    96.848,
    95.862,
    96.866,
    99.356,
    97.35499999999999,
    97.365,
    98.857,
    97.846,
    96.864,
    98.85799999999999,
    95.362,
    98.365,
    96.863,
    97.36,
    97.854,
    96.86,
    96.864,
    97.362,
    96.86699999999999,
    97.857,
    96.356,
    99.352,
    96.852,
    95.852,
    97.863,
    96.859,
    98.359,
    95.842,
    95.351,
    97.853,
    97.865,
    97.357,
    98.361,
    96.859,
    98.86,
    98.856,
    97.85499999999999,
    96.866,
    95.363,
    96.84700000000001,
    98.85499999999999,
    98.862,
    96.35,
    97.861,
    98.35400000000001,
    97.857,
    98.35999999999999,
    97.864,
    95.862,
    98.86,
    97.352,
    97.86099999999999,
    98.85499999999999,
    96.856,
    97.85,
    99.364,
    96.357,
    97.34899999999999,
    97.86099999999999,
    97.364,
    96.362,
    96.354,
    97.846,
    96.866,
    98.856,
    98.36,
    96.862,
    98.357,
    98.85499999999999,
    98.864,
    98.36699999999999,
    97.856,
    97.362,
    97.361,
    96.85999999999999,
    98.35900000000001,
    95.851,
    97.349,
    97.86299999999999,
    98.359,
    98.34400000000001,
    98.364,
    97.354,
    96.85999999999999,
    96.35999999999999,
    99.353,
    97.84299999999999,
    95.86299999999999,
    98.364,
    99.353,
    96.852,
    98.853,
    96.36099999999999,
    97.852,
    96.85299999999998,
    97.35499999999999,
    97.83699999999999,
    99.362,
    96.348,
    95.361,
    96.863,
    97.36299999999999,
    97.84599999999999,
    95.85,
    98.35799999999999,
    96.849,
    98.36399999999999,
    96.843,
    96.859,
    98.849,
    96.856,
    98.856,
    99.35,
    98.851,
    97.85600000000001,
    97.357,
    97.855,
    96.864,
    96.36099999999999,
    97.357,
    97.356,
    99.358,
    98.352,
    98.863,
    95.85300000000001,
    97.351,
    98.863,
    98.846,
    97.86,
    98.357,
    97.86299999999999,
    98.356,
    98.864,
    96.856,
    98.854,
    96.859,
    99.364,
    94.868,
    97.359,
    98.36099999999999,
    96.856,
    96.863,
    97.363,
    96.857,
    98.85799999999999,
    96.351,
    99.36,
    95.35400000000001,
    97.361,
    98.35300000000001,
    97.85900000000001,
    96.85799999999999,
    96.362,
    97.361,
    96.857,
    98.853,
    98.363,
    98.363,
    96.361,
    96.853,
    98.866,
    97.84200000000001,
    97.363,
    97.863,
    97.361,
    98.86499999999998,
    96.857,
    98.364,
    97.86,
    97.35799999999999,
    99.35600000000001,
    95.858,
    99.362,
    97.851,
    95.36,
    97.85600000000001,
    95.357,
    98.85499999999999,
    95.34099999999998,
    97.363,
    97.86,
    98.86,
    97.36,
    98.351,
    97.856,
    96.356,
    97.86,
    96.85300000000001,
    97.857,
    98.35600000000001,
    95.85999999999999,
    98.366,
    99.849,
    98.862,
    98.86699999999999,
    98.36099999999999,
    96.864,
    96.35499999999999,
    97.364,
    97.365,
    97.358,
    96.862,
    97.863,
    96.31899999999999,
    98.856,
    98.35900000000001,
    98.859,
    95.86300000000001,
    99.364,
    96.85900000000001,
    97.362,
    98.859,
    98.356,
    97.858,
    99.358,
    98.362,
    98.85,
    96.85999999999999,
    96.352,
    98.36,
    98.34400000000001,
    97.357,
    97.861,
    96.862,
    98.364,
    95.865,
    97.36099999999999,
    94.85499999999999,
    97.361,
    98.352,
    98.359,
    96.349,
    97.361,
    96.357,
    96.35499999999999,
    97.863,
    99.365,
    96.362,
    98.35499999999999,
    97.863,
    98.864,
    97.85400000000001,
    97.354,
    97.357,
    97.859,
    98.35799999999999,
    98.361,
    98.364,
    98.865,
    98.36699999999999,
    96.857,
    96.861,
    97.86,
    98.865,
    97.85499999999999,
    96.862,
    98.86099999999999,
    98.363,
    96.86,
    97.862,
    97.85499999999999,
    98.863,
    97.86,
    99.368,
    97.35299999999998,
    97.35799999999999,
    95.859,
    96.85300000000001,
    99.363,
    97.357,
    98.869,
    95.85799999999999,
    97.847,
    96.36099999999999,
    98.36099999999999,
    97.851,
    96.351,
    98.35900000000001,
    97.859,
    98.366,
    96.85900000000001,
    97.856,
    97.356,
    95.364,
    97.359,
    96.36099999999999,
    98.365,
    98.85799999999999,
    98.845,
    98.852,
    98.862,
    97.86099999999999,
    97.345,
    99.359,
    97.85099999999998,
    97.853,
    98.36699999999999,
    96.363,
    98.35999999999999,
    98.352,
    96.85799999999999,
    96.346,
    99.356,
    95.349,
    97.854,
    98.35999999999999,
    96.361,
    99.362,
    95.35999999999999,
    97.865,
    97.861,
    98.858,
    96.361,
    97.35799999999999,
    97.34700000000001,
    98.35499999999999,
    97.86299999999999,
    97.856,
    96.359,
    97.366,
    97.86,
    98.364,
    95.84100000000001,
    98.858,
    97.85400000000001,
    99.85,
    98.35799999999999,
    98.354,
    97.85799999999999,
    95.85999999999999,
    96.862,
    96.862,
    98.363,
    97.356,
    97.35999999999999,
    95.362,
    95.36,
    97.851,
    98.354,
    98.35600000000001,
    98.85900000000001,
    96.86,
    97.85,
    98.35600000000001,
    95.856,
    97.859,
    98.862,
    98.34400000000001,
    96.862,
    97.85499999999999,
    95.356,
    97.86,
    96.857,
    98.359,
    99.369,
    96.35999999999999
  ],