{
  "complexity": 5,
  "alpha": 0.2,
  "gamma": 0.95,
  "epsilon": 0.2,
  "extra_passages": 10,
  "avg_rewards": [
    -494.1379999999971,
    -54.697999999999226,
    -1.7909999999992046,
    -61.01199999999526,
    32.61600000000041,
    54.30999999999987,
    -0.3139999999992824,
    13.11500000000179,
    -10.458999999997548,
    50.41399999999961,
    61.28499999999982,
    60.068000000000005,
    55.87999999999975,
    41.8809999999998,
    75.16399999999989,
    57.33500000000022,
    75.94599999999994,
    70.83999999999978,
    67.51599999999956,
    70.91199999999989,
    89.43200000000002,
    69.92099999999985,
    68.77799999999999,
    78.636,
    70.32899999999977,
    81.59900000000002,
    84.62799999999999,
    56.23399999999915,
    83.02499999999998,
    81.28999999999999,
    88.79500000000002,
    80.51499999999996,
    87.29699999999998,
    77.36099999999996,
    85.46999999999998,
    86.60600000000001,
    88.29400000000001,
    92.531,
    90.051,
    88.012,
    91.029,
    91.98100000000002,
    91.96600000000001,
    81.09400000000007,
    89.707,
    80.719,
    90.42599999999999,
    92.138,
    81.21399999999959,
    81.71899999999991,
    87.55499999999995,
    84.398,
    90.50099999999999,
    92.413,
    80.98699999999937,
    90.838,
    88.89300000000006,
    92.51100000000001,
    88.97200000000001,
    85.11400000000008,
    85.64699999999988,
    90.60999999999999,
    93.058,
    93.82699999999998,
    82.83299999999974,
    90.49600000000001,
    65.86100000000016,
    92.164,
    93.83200000000002,
    90.91,
    88.148,
    93.52699999999999,
    92.86100000000002,
    82.8729999999994,
    89.83399999999999,
    89.376,
    95.51100000000001,
    94.542,
    93.45399999999998,
    94.58500000000001,
    92.81699999999995,
    88.97000000000003,
    93.35400000000001,
    94.66199999999999,
    93.037,
    93.296,
    92.668,
    95.78600000000002,
    91.78299999999999,
    95.309,
    93.774,
    93.82400000000001,
    96.248,
    94.30299999999998,
    93.305,
    97.315,
    94.299,
    96.296,
    96.828,
    95.32400000000001,
    96.305,
    96.813,
    94.76200000000001,
    94.816,
    96.31600000000003,
    93.82400000000001,
    97.82300000000001,
    98.311,
    96.306,
    93.81099999999999,
    92.824,
    94.301,
    95.80799999999999,
    97.308,
    96.81099999999999,
    93.79199999999999,
    89.82100000000001,
    96.328,
    91.221,
    96.806,
    95.82500000000002,
    96.311,
    96.80900000000001,
    96.81800000000003,
    95.31900000000002,
    92.81900000000002,
    96.325,
    95.32100000000001,
    95.826,
    94.816,
    94.81199999999998,
    92.81900000000002,
    94.31500000000001,
    92.82900000000002,
    97.30300000000001,
    94.306,
    97.31299999999999,
    94.308,
    93.309,
    93.81499999999998,
    97.317,
    96.81800000000001,
    95.299,
    96.80799999999999,
    95.82800000000002,
    96.82900000000001,
    94.819,
    94.81300000000002,
    97.328,
    96.307,
    94.81400000000001,
    93.817,
    96.316,
    96.81000000000002,
    95.32400000000001,
    94.32200000000002,
    95.82200000000002,
    94.80600000000001,
    96.329,
    94.31700000000002,
    93.30499999999999,
    97.811,
    94.81500000000001,
    95.82000000000001,
    95.313,
    92.797,
    92.82900000000002,
    95.299,
    94.313,
    96.812,
    94.331,
    96.31300000000002,
    93.329,
    95.27400000000002,
    93.822,
    94.29499999999999,
    95.31899999999999,
    98.31500000000003,
    96.807,
    91.58800000000002,
    93.305,
    94.319,
    95.80699999999999,
    92.30699999999999,
    93.80199999999999,
    98.32000000000001,
    93.31500000000001,
    94.81800000000001,
    95.30000000000001,
    95.813,
    96.813,
    97.322,
    96.31700000000001,
    92.79399999999998,
    95.826,
    92.82500000000002,
    97.32600000000001,
    94.304,
    94.81800000000001,
    95.311,
    93.80999999999999,
    94.321,
    93.81700000000001,
    95.31300000000002,
    93.30499999999999,
    94.809,
    95.81799999999998,
    95.311,
    94.80600000000001,
    94.81899999999999,
    94.82800000000002,
    96.816,
    94.79800000000002,
    92.82900000000002,
    96.32600000000002,
    94.811,
    93.80100000000002,
    93.31700000000001,
    97.81700000000002,
    94.309,
    93.316,
    98.32,
    94.32000000000001,
    94.31700000000001,
    93.81899999999999,
    96.30699999999999,
    94.316,
    96.826,
    96.325,
    96.324,
    96.306,
    94.816,
    95.807,
    98.315,
    96.32100000000003,
    96.325,
    93.81000000000002,
    95.80900000000001,
    93.83200000000001,
    96.80799999999999,
    95.805,
    97.31500000000003,
    91.31400000000001,
    94.31700000000002,
    93.80600000000001,
    96.81800000000001,
    97.31200000000001,
    95.309,
    94.32000000000001,
    93.8,
    92.801,
    97.31200000000001,
    96.81700000000001,
    96.30600000000001,
    95.32500000000002,
    93.827,
    95.814,
    97.319,
    98.33500000000001,
    93.311,
    93.80300000000001,
    95.81700000000001,
    95.317,
    95.811,
    95.831,
    96.311,
    95.81300000000002,
    94.825,
    97.32500000000002,
    94.312,
    93.812,
    97.32100000000001,
    95.32300000000001,
    92.29800000000002,
    92.816,
    95.816,
    93.31200000000001,
    97.31500000000001,
    96.817,
    95.815,
    97.31500000000001,
    93.821,
    96.30499999999999,
    91.31799999999998,
    96.82300000000001,
    95.302,
    94.80799999999999,
    90.809,
    94.32000000000001,
    94.831,
    93.816,
    95.81000000000002,
    95.796,
    92.81500000000001,
    95.81300000000002,
    93.822,
    94.314,
    93.813,
    94.797,
    96.32000000000001,
    97.81599999999999,
    93.31400000000002,
    95.31500000000001,
    96.81299999999999,
    95.818,
    95.327,
    93.816,
    93.29100000000001,
    95.304,
    94.304,
    95.808,
    96.292,
    95.805,
    97.80699999999999,
    96.308,
    96.817,
    97.322,
    93.799,
    98.3,
    97.82500000000002,
    92.80600000000001,
    92.80199999999999,
    94.81400000000001,
    93.304,
    94.815,
    93.80599999999998,
    96.816,
    95.302,
    95.78899999999999,
    96.80300000000001,
    97.30699999999999,
    94.309,
    95.31,
    95.331,
    95.82100000000001,
    93.315,
    96.31800000000001,
    93.31500000000001,
    97.31700000000001,
    95.81900000000002,
    96.31900000000002,
    95.81300000000002,
    97.80600000000001,
    93.80600000000001,
    95.81300000000002,
    95.312,
    94.81400000000001,
    95.816,
    97.80799999999999,
    93.30199999999999,
    94.332,
    96.32000000000001,
    93.81499999999998,
    94.82,
    95.83000000000001,
    94.81200000000001,
    94.80799999999999,
    95.30199999999999,
    96.31300000000002,
    96.82300000000001,
    95.30600000000001,
    93.304,
    97.299,
    91.30699999999999,
    94.808,
    95.31999999999998,
    94.824,
    95.32400000000001,
    96.82300000000001,
    94.30900000000001,
    94.30899999999998,
    95.79800000000002,
    96.31800000000001,
    96.315,
    95.30199999999999,
    96.82500000000002,
    94.804,
    93.817,
    96.30300000000001,
    95.309,
    96.801,
    95.81,
    93.30499999999999,
    94.82800000000002,
    94.814,
    95.322,
    96.81899999999999,
    94.802,
    94.315,
    95.31300000000002,
    94.30499999999998,
    93.81200000000001,
    93.82000000000001,
    90.31300000000002,
    91.81200000000001,
    92.82000000000001,
    93.30200000000002,
    92.821,
    93.82300000000001,
    96.81099999999999,
    96.30199999999998,
    96.823,
    95.32700000000001,
    95.81699999999998,
    98.321,
    94.305,
    98.311,
    93.80000000000003,
    95.305,
    93.799,
    96.32600000000001,
    95.816,
    94.31700000000002,
    91.81800000000001,
    94.32200000000002,
    92.803,
    93.31700000000001,
    92.30600000000001,
    93.79799999999999,
    94.28999999999999,
    93.82500000000002,
    97.809,
