{
  "complexity": 12,
  "alpha": 0.3,
  "gamma": 0.9,
  "epsilon": 0.3,
  "extra_passages": 3,
  "avg_rewards": [
    -465.99799999999675,
    -312.7549999999945,
    -57.553999999998915,
    -165.4269999999953,
    -2178.4980000032997,
    -278.1610000000994,
    -205.46599999999208,
    -25.525999999997687,
    -4005.7029999900296,
    20.19100000000082,
    21.269000000000347,
    -8.786999999998644,
    -115.34499999999029,
    -102.65999999998807,
    -645.1390000006498,
    -72.22099999999551,
    -58.86199999999614,
    -949.8240000010252,
    -114.83899999999562,
    -796.9010000009573,
    -413.5740000000186,
    -5637.026000012524,
    -323.4260000001656,
    -5627.39700002099,
    -188.10299999998284,
    -124.40999999998901,
    15.728000000002094,
    -2927.667999988214,
    -911.2600000009821,
    -1632.1850000024829,
    40.685000000000116,
    39.44900000000008,
    -80.92499999999107,
    -553.0720000002905,
    23.585000000002186,
    -7.187999999996158,
    -130.06699999998574,
    -11.93599999999757,
    -167.26499999998435,
    69.91300000000003,
    -58.07199999999146,
    24.813000000003044,
    47.47299999999992,
    -197.03300000012263,
    9.476000000002703,
    83.20100000000001,
    56.9590000000008,
    -77.20899999998909,
    48.99400000000075,
    39.25700000000172,
    66.94200000000001,
    -95.25899999998869,
    35.7930000000001,
    52.86900000000063,
    82.63899999999994,
    -144.94200000003067,
    -4.145999999994733,
    44.489000000001745,
    76.56299999999997,
    79.72499999999997,
    70.62400000000028,
    52.44400000000047,
    -159.40000000006876,
    -354.5870000004415,
    1.7680000000060687,
    85.705,
    10.718000000004874,
    90.204,
    -40.783999999989895,
    86.65799999999999,
    88.76399999999998,
    70.93399999999991,
    77.47799999999978,
    18.9350000000049,
    56.77400000000087,
    83.37799999999999,
    -57.23099999999145,
    86.42500000000003,
    -43.16299999999025,
    -30.827999999991476,
    -65.45999999998828,
    2.3880000000064485,
    83.446,
    -810.1630000013083,
    87.09400000000002,
    81.83399999999999,
    -355.2470000003485,
    63.108000000000615,
    54.65700000000179,
    79.419,
    3.467000000005352,
    -17.476999999993645,
    37.52100000000327,
    -59.176999999987046,
    85.65799999999999,
    58.483000000002065,
    88.10199999999999,
    77.58399999999989,
    86.684,
    81.91999999999999,
    82.16000000000007,
    86.97100000000003,
    72.51799999999997,
    88.66799999999999,
    68.46500000000032,
    86.77600000000002,
    63.36900000000077,
    88.624,
    89.59599999999999,
    79.25899999999993,
    92.62599999999999,
    89.179,
    88.08200000000001,
    84.73299999999999,
    89.699,
    82.67699999999999,
    89.011,
    87.08200000000001,
    85.65799999999999,
    83.19499999999998,
    77.46299999999998,
    80.1609999999998,
    85.195,
    89.25299999999999,
    85.93100000000001,
    82.653,
    90.256,
    91.245,
    87.098,
    80.76999999999987,
    85.01600000000006,
    87.635,
    85.391,
    89.26500000000001,
    88.675,
    92.238,
    93.285,
    83.91100000000003,
    89.256,
    90.66500000000002,
    84.04100000000001,
    73.33999999999983,
    64.2540000000009,
    80.15599999999988,
    88.879,
    87.75699999999999,
    83.27200000000002,
    84.89499999999997,
    90.23800000000001,
    94.287,
    84.35899999999988,
    88.683,
    88.447,
    86.66499999999998,
    91.16399999999999,
    90.25200000000001,
    86.316,
    89.77000000000002,
    91.26599999999999,
    83.231,
    90.10200000000002,
    89.61599999999999,
    86.28599999999999,
    89.734,
    90.732,
    88.769,
    86.76699999999998,
    86.273,
    90.753,
    91.281,
    86.455,
    88.65599999999999,
    90.293,
    88.24699999999999,
    89.78599999999999,
    86.745,
    92.67699999999999,
    91.76700000000001,
    87.248,
    89.24799999999998,
    90.662,
    84.60000000000001,
    86.582,
    88.203,
    51.32300000000173,
    84.213,
    88.142,
    86.53200000000001,
    86.765,
    89.22999999999999,
    89.64099999999999,
    87.74699999999999,
    90.768,
    86.753,
    89.29299999999998,
    87.235,
    86.75,
    88.803,
    90.772,
    86.72999999999999,
    89.25800000000001,
    90.27799999999999,
    88.758,
    93.28800000000001,
    86.74599999999998,
    88.289,
    88.796,
    90.28399999999999,
    88.27,
    94.23599999999999,
    86.23600000000002,
    85.549,
    88.657,
    91.28299999999999,
    88.71199999999999,
    90.775,
    91.699,
    86.76499999999999,
    92.749,
    91.784,
    79.35799999999995,
    89.247,
    86.751,
    89.255,
    88.732,
    87.59000000000003,
    89.26599999999999,
    90.769,
    85.237,
    89.78099999999999,
    89.28399999999998,
    90.307,
    90.78399999999999,
    84.249,
    68.38200000000067,
    81.8459999999998,
    85.78200000000001,
    83.31700000000002,
    84.40799999999999,
    77.57899999999987,
    90.292,
    89.23,
    89.756,
    91.28399999999999,
    88.25300000000001,
    86.74199999999999,
    90.163,
    87.249,
    91.223,
    89.664,
    87.78000000000002,
    91.276,
    89.785,
    93.773,
    91.77300000000001,
    88.283,
    89.10799999999998,
    92.753,
    94.741,
    90.72,
    92.76100000000001,
    87.71400000000001,
    83.76700000000001,
    84.77999999999999,
    89.76700000000001,
    90.79299999999999,
    90.271,
    86.771,
    91.205,
    92.241,
    87.26899999999998,
    90.274,
    87.777,
    88.289,
    88.799,
    88.76500000000001,
    91.78899999999999,
    87.28999999999999,
    90.775,
    -839.0540000013525,
    89.29399999999998,
    88.27799999999999,
    89.28000000000002,
    92.29299999999999,
    89.77000000000001,
    85.27700000000002,
    90.78799999999998,
    89.303,
    89.78800000000001,
    92.79599999999998,
    90.301,
    85.76899999999999,
    91.284,
    90.78799999999998,
    88.79100000000001,
    90.813,
    88.773,
    90.262,
    84.242,
    94.745,
    84.764,
    92.265,
    89.27900000000001,
    86.10100000000003,
    88.77400000000002,
    90.726,
    88.27700000000002,
    89.76199999999999,
    86.75500000000001,
    85.785,
    87.768,
    85.75800000000001,
    87.254,
    91.79599999999999,
    92.268,
    91.799,
    88.28,
    89.78099999999999,
    91.79400000000001,
    88.78500000000001,
    85.779,
    89.803,
    91.758,
    89.798,
    90.794,
    92.785,
    88.73999999999998,
    92.78900000000002,
    91.784,
    91.285,
    89.786,
    95.281,
    91.28399999999999,
    90.27899999999998,
    85.78099999999999,
    89.269,
    91.78600000000002,
    90.31700000000001,
    87.79100000000001,
    87.25699999999998,
    88.782,
    88.765,
    88.765,
    91.28399999999999,
    90.814,
    88.787,
    89.80000000000001,
    91.79099999999998,
    86.24600000000001,
    88.793,
    91.747,
    90.77799999999999,
    85.753,
    89.27000000000001,
    85.274,
    84.266,
    86.76599999999999,
    86.29700000000001,
    93.30100000000002,
    88.76500000000001,
    90.292,
    89.78,
    93.78400000000002,
    87.299,
    91.27799999999999,
    86.784,
    89.273,
    90.79499999999999,
    71.42500000000014,
    86.285,
    89.29400000000001,
    88.775,
    82.672,
    89.261,
    88.251,
    90.278,
    91.78800000000001,
    86.255,
    93.78000000000002,
    91.28200000000001,
    89.76199999999999,
    86.269,
    89.29299999999998,
    88.76199999999999,
    89.80799999999999,
    92.80199999999999,
    92.28899999999999,
    86.28200000000001,
    88.253,
    94.155,
    86.702,
    85.76000000000002,
    90.731,
    93.3,
    87.29100000000001,
    87.29100000000001,
    93.28400000000002,
    84.774,
    89.283,
    85.74999999999997,
    90.743,
    87.792,
    85.785,
    93.769,
    90.8,
    91.30199999999999,
    90.27000000000001,
    89.285,
    87.258,
    89.75899999999999,
    90.28399999999999,
    82.22999999999999,
    88.719,
    84.888,
    91.751,
