{
  "complexity": 6,
  "alpha": 0.3,
  "gamma": 0.9,
  "epsilon": 0.1,
  "extra_passages": 1,
  "avg_rewards": [
    -238.90399999999673,
    -66.70799999999538,
    52.268999999999764,
    -66.50399999997923,
    65.68500000000003,
    84.78899999999994,
    75.65999999999946,
    91.65899999999996,
    -19.685999999980996,
    79.15499999999996,
    -75.68699999996724,
    -30.95899999997018,
    26.919000000013625,
    18.704000000015036,
    90.82399999999997,
    61.466000000002985,
    90.79299999999985,
    23.255000000019912,
    92.94500000000002,
    93.456,
    -17.81199999996839,
    73.54300000000129,
    95.444,
    88.80799999999998,
    90.37100000000008,
    93.68200000000003,
    94.5749999999999,
    93.37900000000003,
    94.08999999999995,
    91.55300000000014,
    96.711,
    95.267,
    97.76500000000001,
    97.235,
    95.34599999999999,
    96.82000000000001,
    97.276,
    95.787,
    95.775,
    95.339,
    96.31800000000001,
    96.861,
    95.854,
    96.36,
    97.244,
    95.86,
    97.858,
    97.35900000000001,
    97.862,
    97.35900000000001,
    96.851,
    96.843,
    96.358,
    97.85999999999999,
    97.86,
    98.357,
    94.861,
    98.362,
    97.86600000000001,
    99.356,
    95.855,
    95.864,
    98.355,
    98.363,
    96.35900000000001,
    98.35600000000001,
    97.35900000000001,
    98.857,
    95.849,
    98.35800000000002,
    98.357,
    96.861,
    98.357,
    98.858,
    96.85100000000001,
    89.24499999999992,
    96.365,
    98.85300000000001,
    95.855,
    99.361,
    97.35999999999999,
    97.361,
    98.85799999999999,
    95.357,
    99.341,
    99.355,
    97.35100000000001,
    97.354,
    99.34299999999999,
    98.357,
    97.848,
    96.357,
    98.351,
    98.358,
    98.36300000000001,
    97.362,
    95.35900000000001,
    95.86299999999999,
    99.868,
    96.866,
    99.849,
    98.862,
    96.859,
    96.86300000000001,
    98.351,
    98.85900000000001,
    97.35300000000001,
    98.858,
    98.35300000000001,
    98.35,
    98.35199999999999,
    95.86299999999999,
    99.35300000000001,
    97.863,
    97.862,
    97.861,
    97.861,
    97.361,
    97.35999999999999,
    98.364,
    97.86,
    97.862,
    97.86,
    98.36500000000001,
    98.365,
    97.85300000000001,
    96.865,
    99.357,
    97.857,
    97.858,
    98.85,
    98.365,
    95.35499999999999,
    96.355,
    98.35600000000001,
    94.35199999999999,
    98.356,
    97.358,
    94.35300000000001,
    98.858,
    99.351,
    97.85699999999999,
    97.852,
    99.358,
    98.361,
    97.85900000000001,
    96.858,
    96.859,
    96.847,
    95.357,
    99.36099999999999,
    95.861,
    99.858,
    95.36,
    98.861,
    96.36300000000001,
    98.357,
    96.369,
    97.35499999999999,
    97.86,
    95.35499999999999,
    97.36,
    98.359,
    97.358,
    97.839,
    97.33900000000001,
    98.36,
    97.852,
    94.362,
    98.355,
    97.36500000000001,
    98.35600000000001,
    97.353,
    96.35,
    97.364,
    96.86,
    98.86600000000001,
    98.85900000000001,
    98.35399999999998,
    95.863,
    98.863,
    97.35100000000001,
    96.846,
    96.35400000000001,
    96.863,
    95.85400000000001,
    99.35600000000001,
    98.364,
    98.85,
    95.35900000000001,
    96.858,
    98.858,
    98.35100000000001,
    97.851,
    97.35900000000001,
    98.856,
    95.35799999999999,
    96.35799999999999,
    98.35600000000001,
    96.35499999999999,
    98.352,
    97.86500000000001,
    99.361,
    98.35599999999998,
    98.35799999999999,
    96.861,
    96.35600000000001,
    97.843,
    97.86300000000001,
    96.35900000000001,
    98.35900000000001,
    97.358,
    98.35900000000001,
    95.85600000000001,
    97.361,
    95.36699999999999,
    95.84400000000001,
    98.363,
    97.85699999999999,
    96.854,
    97.86,
    96.85900000000001,
    96.857,
    95.854,
    97.85299999999998,
    98.362,
    95.852,
    96.863,
    95.857,
    98.85600000000001,
    95.85499999999999,
    96.35900000000001,
    97.35,
    97.864,
    96.352,
    97.35799999999999,
    97.357,
    96.862,
    97.857,
    95.355,
    98.85300000000001,
    97.35900000000001,
    97.366,
    97.354,
    99.36299999999999,
    98.363,
    98.85600000000001,
    96.362,
    98.86000000000001,
    97.863,
    97.35999999999999,
    96.35299999999998,
    97.35900000000001,
    96.36,
    97.357,
    98.35099999999998,
    92.86299999999999,
    96.863,
    97.85999999999999,
    96.84700000000001,
    96.865,
    96.35300000000001,
    97.844,
    96.857,
    95.862,
    97.363,
    98.35600000000001,
    98.359,
    98.358,
    97.351,
    96.858,
    99.361,
    98.362,
    95.363,
    97.84700000000001,
    97.358,
    97.35600000000001,
    96.35999999999999,
    97.348,
    95.348,
    96.854,
    97.35499999999999,
    99.855,
    95.865,
    98.852,
    97.35400000000001,
    95.35900000000001,
    97.35900000000001,
    98.855,
    97.361,
    98.857,
    98.357,
    99.365,
    97.361,
    96.85900000000001,
    97.361,
    98.866,
    99.361,
    97.853,
    96.85300000000001,
    97.35799999999999,
    98.357,
    95.862,
    97.356,
    95.853,
    97.855,
    97.863,
    95.66000000000001,
    95.366,
    97.85599999999998,
    95.858,
    96.359,
    96.36,
    99.36,
    95.34600000000002,
    96.35499999999999,
    96.85300000000001,
    99.358,
    98.85600000000001,
    96.86500000000001,
    97.84700000000001,
    98.352,
    96.852,
    98.85100000000001,
    98.862,
    98.864,
    95.851,
    97.358,
    94.85299999999998,
    98.866,
    97.86300000000001,
    96.854,
    97.361,
    96.854,
    98.862,
    98.862,
    98.857,
    98.858,
    96.84400000000001,
    95.856,
    97.35,
    97.351,
    99.363,
    97.35499999999999,
    97.86500000000001,
    96.34799999999998,
    96.85499999999999,
    97.348,
    97.358,
    96.346,
    98.86299999999999,
    98.85,
    96.35900000000001,
    98.35499999999999,
    97.868,
    98.357,
    97.855,
    96.851,
    97.849,
    96.85400000000001,
    96.85999999999999,
    98.35100000000001,
    97.34800000000001,
    97.35799999999999,
    98.362,
    97.855,
    98.363,
    96.85400000000001,
    95.36,
    96.852,
    97.85799999999999,
    96.85999999999999,
    98.85900000000001,
    96.86300000000001,
    97.864,
    97.85499999999999,
    97.355,
    98.354,
    97.85900000000001,
    98.84299999999999,
    97.856,
    97.856,
    96.86600000000001,
    98.357,
    98.84100000000001,
    97.866,
    93.35499999999999,
    96.86,
    97.85600000000001,
    95.85600000000001,
    97.35400000000001,
    95.858,
    98.84899999999999,
    98.858,
    97.863,
    98.35900000000001,
    99.352,
    97.356,
    97.857,
    97.35799999999999,
    97.349,
    98.35799999999999,
    97.35199999999999,
    97.35900000000001,
    97.862,
    96.861,
    97.858,
    96.352,
    97.856,
    97.352,
    96.365,
    98.856,
    95.845,
    98.355,
    94.86800000000001,
    98.357,
    96.362,
    95.35099999999998,
    96.85900000000001,
    96.85,
    95.84700000000001,
    97.85900000000001,
    97.35699999999999,
    98.864,
    99.34700000000001,
    96.864,
    95.851,
    97.852,
    94.864,
    99.341,
    97.85499999999999,
    97.862,
    95.364,
    97.362,
    95.85400000000001,
    98.358,
    98.85300000000001,
    97.35499999999999,
    95.363,
    96.84599999999999,
    95.35600000000001,
    97.35100000000001,
    97.863,
    97.851,
    98.85900000000001,
    97.351,
    98.85600000000001,
    95.36100000000002,
    97.35400000000001,
    97.358,
    97.855,
    99.356,
    97.85000000000001,
    95.366,
    99.86000000000001,
    98.36300000000001,
    97.361,
    97.355,
    97.34099999999998,
    99.367,
    96.861,
    97.84700000000001,
    98.364,
    96.852,
    97.35499999999999,
    98.86,
    98.36,
    97.85600000000001,
    95.361,
    97.85400000000001,
    98.862,
    97.35400000000001,
    97.354,
    97.357,
