{
  "complexity": 0,
  "alpha": 0.2,
  "gamma": 0.9,
  "epsilon": 0.3,
  "extra_passages": 7,
  "avg_rewards": [
    -167.3049999999993,
    12.419000000000041,
    9.47100000000035,
    74.61099999999998,
    64.03999999999999,
    53.0709999999999,
    64.24099999999994,
    69.348,
    73.17399999999984,
    93.059,
    78.66999999999999,
    81.48199999999999,
    78.04299999999994,
    89.00000000000001,
    82.77400000000003,
    81.12400000000001,
    91.05699999999999,
    90.11300000000001,
    82.69899999999998,
    81.37100000000002,
    85.82600000000002,
    87.35399999999998,
    74.17599999999996,
    82.27799999999999,
    84.88399999999999,
    89.40100000000001,
    92.012,
    89.48100000000001,
    89.19099999999999,
    87.40100000000001,
    95.57900000000001,
    92.616,
    88.074,
    89.59200000000001,
    92.44399999999999,
    94.252,
    83.10399999999993,
    94.68499999999999,
    92.506,
    93.71000000000001,
    81.27700000000002,
    91.60600000000001,
    92.39699999999999,
    93.799,
    90.32600000000001,
    91.078,
    94.79600000000002,
    95.19800000000001,
    93.718,
    90.811,
    94.83400000000002,
    94.80300000000001,
    94.268,
    97.311,
    93.22800000000001,
    91.777,
    95.274,
    92.751,
    93.75500000000002,
    91.733,
    94.66900000000001,
    93.76500000000001,
    95.241,
    96.326,
    90.767,
    94.83500000000001,
    92.837,
    93.31599999999999,
    96.834,
    96.34400000000001,
    95.81199999999998,
    94.347,
    94.827,
    95.34700000000001,
    97.31500000000001,
    95.32900000000001,
    96.337,
    93.34800000000001,
    92.83800000000001,
    95.314,
    95.846,
    94.26599999999999,
    95.833,
    96.32199999999999,
    93.313,
    97.354,
    94.33,
    91.30900000000001,
    95.356,
    95.339,
    94.33900000000001,
    94.34,
    95.35,
    97.33500000000001,
    92.34700000000001,
    95.85400000000001,
    96.85400000000001,
    95.338,
    95.857,
    95.857,
    92.84700000000001,
    95.85000000000001,
    95.363,
    92.312,
    96.338,
    93.34900000000002,
    93.32699999999998,
    93.825,
    93.85400000000001,
    95.345,
    94.858,
    94.85700000000001,
    95.83800000000001,
    95.85100000000001,
    96.349,
    93.34300000000002,
    93.82100000000001,
    96.346,
    95.843,
    94.34200000000001,
    95.34900000000002,
    92.84900000000002,
    95.36300000000001,
    95.83400000000002,
    95.84500000000001,
    92.83200000000002,
    93.82200000000002,
    96.35300000000001,
    94.343,
    97.35799999999999,
    92.85900000000001,
    96.33500000000001,
    96.34100000000001,
    94.351,
    96.328,
    96.333,
    93.352,
    95.34800000000001,
    92.33900000000001,
    94.34800000000001,
    96.36,
    95.36200000000001,
    91.68199999999999,
    96.852,
    96.32300000000001,
    96.84200000000001,
    94.828,
    92.329,
    95.84200000000001,
    95.33900000000001,
    99.855,
    96.363,
    94.34300000000002,
    94.36200000000001,
    92.349,
    97.36300000000001,
    95.36500000000001,
    94.32900000000001,
    94.361,
    95.85000000000002,
    94.354,
    94.85300000000001,
    94.85900000000001,
    93.345,
    95.325,
    92.83600000000001,
    94.825,
    96.851,
    92.83200000000001,
    94.35300000000001,
    96.35000000000001,
    95.82300000000001,
    94.81700000000001,
    94.323,
    95.328,
    93.357,
    91.83000000000001,
    95.842,
    95.84400000000001,
    91.836,
    95.857,
    93.839,
    95.857,
    96.84800000000001,
    95.245,
    93.33900000000001,
    96.338,
    96.83399999999999,
    95.86,
    93.348,
    94.846,
    93.848,
    96.851,
    93.82499999999999,
    94.32200000000002,
    96.355,
    98.351,
    96.352,
    98.343,
    96.34200000000001,
    95.834,
    99.363,
    94.85800000000002,
    94.852,
    96.32199999999999,
    92.82700000000001,
    91.849,
    91.82500000000002,
    92.846,
    93.837,
    95.347,
    95.35,
    93.839,
    99.821,
    96.35499999999999,
    93.355,
    94.33500000000001,
    94.84,
    91.333,
    90.33600000000001,
    96.32000000000001,
    94.31800000000001,
    96.351,
    96.84500000000001,
    94.33699999999999,
    95.35400000000001,
    94.849,
    94.345,
    96.845,
    97.852,
    95.853,
    88.322,
    93.345,
    96.85,
    97.854,
    96.85600000000001,
    95.33100000000002,
    94.83000000000001,
    95.34,
    97.845,
    95.826,
    94.35300000000001,
    94.331,
    97.841,
    95.355,
    93.859,
    94.351,
    89.83400000000002,
    95.851,
    97.86600000000001,
    95.849,
    89.85,
    94.35,
    93.34899999999999,
    97.86500000000001,
    95.869,
    96.361,
    93.85499999999999,
    95.848,
    94.849,
    93.84600000000002,
    92.81500000000001,
    93.81099999999999,
    94.845,
    94.343,
    94.84500000000001,
    94.84600000000002,
    95.331,
    91.83600000000001,
    92.85799999999999,
    94.829,
    94.85400000000001,
    95.336,
    95.34400000000001,
    95.858,
    95.33900000000001,
    93.83100000000002,
    95.84899999999999,
    95.825,
    95.35,
    95.342,
    95.336,
    91.84799999999998,
    92.832,
    94.31099999999999,
    94.86000000000001,
    95.349,
    95.84700000000001,
    95.33699999999999,
    94.33900000000001,
    94.357,
    90.34599999999999,
    95.866,
    94.846,
    95.321,
    94.837,
    97.335,
    93.33500000000001,
    93.333,
    94.33699999999999,
    94.85900000000001,
    95.33900000000001,
    97.85300000000001,
    94.348,
    92.84200000000001,
    93.85300000000001,
    97.86,
    91.337,
    93.852,
    94.84,
    94.84,
    95.35,
    94.846,
    92.346,
    94.35100000000001,
    95.85600000000002,
    93.34799999999998,
    96.345,
    94.349,
    94.33200000000001,
    96.336,
    92.85600000000001,
    97.35499999999999,
    97.329,
    92.85600000000001,
    97.34200000000001,
    96.33800000000001,
    96.85900000000001,
    92.33199999999998,
    93.829,
    93.324,
    96.333,
    94.85,
    92.854,
    92.859,
    93.848,
    95.34799999999998,
    97.364,
    97.333,
    94.318,
    93.849,
    96.85800000000002,
    89.83800000000001,
    94.352,
    96.334,
    97.33699999999999,
    96.852,
    93.343,
    96.86,
    96.33499999999998,
    97.83399999999999,
    98.34900000000002,
    96.85300000000001,
    94.34700000000001,
    93.35400000000001,
    97.35300000000002,
    93.34400000000001,
    95.33700000000002,
    96.33099999999999,
    95.84200000000001,
    94.84200000000001,
    94.35400000000001,
    92.81199999999998,
    90.32900000000001,
    94.348,
    93.84400000000001,
    96.34500000000001,
    94.826,
    97.342,
    95.34200000000001,
    97.83600000000001,
    95.84300000000002,
    96.82900000000002,
    96.327,
    93.85499999999999,
    96.34299999999999,
    97.35900000000001,
    92.84,
    95.358,
    91.32900000000001,
    96.341,
    94.353,
    94.34400000000001,
    96.351,
    93.332,
    94.842,
    94.33599999999998,
    94.351,
    96.364,
    95.836,
    95.848,
    93.84,
    95.85400000000001,
    96.346,
    95.36000000000001,
    95.35,
    96.328,
    91.281,
    93.85,
    95.83200000000001,
    97.342,
    93.34600000000002,
    95.33500000000001,
    94.85000000000001,
    92.826,
    93.33,
    92.33600000000001,
    95.355,
    95.35400000000001,
    93.36000000000001,
    94.84900000000002,
    95.827,
    96.853,
    95.338,
    95.84599999999999,
    95.32600000000001,
    92.81300000000002,
    96.84200000000001,
    96.34,
    94.346,
    93.343,
    94.354,
    94.833,
    93.836,
    93.841,
    94.839,
    94.33200000000001,
    97.834,
    93.34300000000002,
    97.843,
    95.86699999999999,
    90.84600000000002,
    93.82199999999999,
    96.839,
    94.328,
    93.83300000000001,
    93.35400000000001,
    96.35900000000001,
    95.852,
    92.34400000000001,
    96.85300000000002,
    98.34,
    95.857,
    93.345,
    96.34500000000001,
    94.35,
    97.351,
