{
  "complexity": 7,
  "alpha": 0.1,
  "gamma": 0.95,
  "epsilon": 0.3,
  "extra_passages": 0,
  "avg_rewards": [
    -377.0579999999948,
    -55.52299999999963,
    50.24799999999998,
    -27.913999999998783,
    17.949000000000588,
    -21.385999999997736,
    36.44300000000071,
    29.39500000000059,
    32.0929999999998,
    52.92399999999984,
    85.42399999999999,
    38.691000000000884,
    79.09799999999998,
    62.23100000000028,
    55.81600000000069,
    69.25899999999976,
    83.83899999999997,
    82.30999999999999,
    -9.959999999992755,
    55.43900000000033,
    79.29200000000002,
    77.41199999999989,
    68.177,
    50.18300000000023,
    70.16599999999998,
    82.46199999999995,
    48.54100000000144,
    81.24499999999996,
    67.88899999999974,
    -83.64999999998403,
    83.23999999999995,
    13.884000000006443,
    82.74699999999999,
    85.45399999999998,
    38.30100000000334,
    -24.837999999995105,
    12.50300000000293,
    47.40400000000212,
    82.16099999999997,
    75.60400000000001,
    84.95400000000001,
    85.39,
    86.67799999999995,
    82.86099999999999,
    82.46600000000001,
    71.27299999999984,
    89.77100000000002,
    73.93299999999991,
    89.871,
    85.92099999999998,
    84.69199999999995,
    84.704,
    61.13400000000097,
    75.0409999999997,
    81.16800000000003,
    82.83399999999997,
    82.27000000000001,
    87.48799999999996,
    74.002,
    80.84299999999986,
    90.23,
    87.872,
    76.4319999999999,
    90.07300000000001,
    87.34799999999997,
    70.72299999999997,
    42.71700000000258,
    74.14099999999972,
    83.88099999999991,
    81.05400000000006,
    56.11900000000249,
    57.301000000001,
    78.70299999999978,
    68.63400000000038,
    85.79099999999998,
    50.951000000001656,
    46.196000000002115,
    85.431,
    90.79899999999999,
    86.179,
    90.66299999999998,
    91.001,
    91.27900000000001,
    77.58699999999997,
    82.54799999999989,
    93.186,
    88.88299999999997,
    92.25,
    88.689,
    87.545,
    87.67000000000004,
    89.99899999999998,
    89.27499999999999,
    90.598,
    90.65800000000002,
    91.28,
    91.25500000000001,
    91.80199999999999,
    93.44799999999995,
    92.148,
    89.68099999999998,
    86.728,
    93.23100000000001,
    88.616,
    92.725,
    91.73100000000001,
    93.10300000000001,
    81.834,
    89.65,
    88.716,
    85.25700000000002,
    83.597,
    76.18399999999954,
    87.84900000000002,
    82.66400000000004,
    79.03999999999989,
    88.824,
    92.253,
    88.807,
    87.53700000000003,
    84.98200000000001,
    93.23800000000001,
    86.21100000000001,
    92.799,
    88.98599999999999,
    93.982,
    87.659,
    91.345,
    91.20700000000001,
    92.118,
    90.26400000000001,
    92.68100000000001,
    91.738,
    86.87300000000003,
    87.726,
    91.264,
    90.804,
    88.145,
    90.319,
    95.319,
    93.24300000000001,
    88.36800000000005,
    92.773,
    91.248,
    89.56000000000002,
    92.567,
    93.32000000000001,
    93.332,
    93.33400000000002,
    92.267,
    90.8,
    91.81,
    94.345,
    91.338,
    92.82500000000002,
    86.34,
    90.836,
    91.337,
    88.33200000000001,
    92.346,
    85.50299999999991,
    89.302,
    89.75800000000001,
    85.711,
    83.86700000000003,
    87.191,
    92.812,
    91.27900000000001,
    92.68400000000001,
    90.18900000000001,
    93.82300000000001,
    88.315,
    95.34200000000001,
    92.843,
    91.31,
    96.333,
    93.796,
    89.33900000000001,
    85.31500000000001,
    94.33400000000002,
    92.33,
    90.33600000000001,
    93.851,
    94.858,
    91.33600000000001,
    92.85799999999999,
    91.846,
    87.33800000000001,
    92.34100000000002,
    89.83500000000001,
    96.33,
    89.33099999999999,
    91.345,
    91.83200000000001,
    93.82600000000001,
    93.34200000000001,
    92.341,
    92.84400000000001,
    94.334,
    92.33400000000002,
    94.34299999999999,
    92.83900000000001,
    91.34200000000001,
    94.333,
    90.83800000000001,
    92.345,
    92.34,
    92.82899999999998,
    89.83200000000001,
    90.84900000000002,
    93.836,
    90.331,
    92.85,
    90.82700000000001,
    96.338,
    95.84900000000002,
    91.346,
    90.83500000000001,
    90.354,
    90.849,
    92.322,
    93.84400000000001,
    92.83900000000001,
    93.839,
    92.82000000000001,
    95.328,
    92.854,
    87.324,
    93.33700000000002,
    93.35100000000001,
    92.339,
    92.85100000000001,
    92.852,
    91.858,
    90.33600000000001,
    89.33699999999999,
    93.33600000000001,
    93.349,
    89.83599999999998,
    91.34800000000001,
    93.33000000000001,
    97.35,
    92.342,
    94.84200000000001,
    92.83500000000001,
    94.313,
    95.33800000000001,
    92.815,
    94.816,
    87.83000000000001,
    94.83500000000001,
    90.85300000000001,
    93.355,
    92.857,
    90.32399999999998,
    91.32999999999998,
    90.325,
    91.83200000000002,
    94.84,
    91.345,
    93.33500000000001,
    91.842,
    91.31900000000002,
    89.328,
    77.68899999999998,
    93.34,
    92.33500000000001,
    92.343,
    90.83200000000002,
    96.328,
    91.84200000000001,
    91.82900000000001,
    96.35100000000001,
    88.35,
    89.828,
    90.33399999999999,
    92.84200000000001,
    87.30100000000002,
    92.32900000000001,
    93.829,
    95.32400000000001,
    93.83600000000001,
    86.324,
    88.85300000000001,
    90.816,
    89.836,
    94.34,
    93.83200000000001,
    87.831,
    94.34100000000001,
    91.831,
    91.32900000000001,
    93.831,
    91.843,
    91.34200000000001,
    93.828,
    92.825,
    92.83900000000001,
    93.337,
    94.34000000000002,
    90.82699999999998,
    91.836,
    88.843,
    93.846,
    93.833,
    91.815,
    87.838,
    88.34299999999999,
    92.854,
    94.85300000000001,
    91.834,
    89.833,
    89.31800000000001,
    91.33,
    91.83500000000001,
    90.853,
    93.30600000000001,
    91.821,
    89.279,
    92.357,
    94.34800000000001,
    93.83999999999999,
    92.82700000000001,
    89.82399999999998,
    93.338,
    88.33,
    89.35400000000001,
    87.845,
    98.338,
    91.35,
    92.334,
    92.83500000000001,
    88.81300000000002,
    92.326,
    95.33300000000001,
    92.853,
    88.83099999999999,
    91.85,
    88.852,
    92.34,
    90.32900000000001,
    91.81000000000002,
    93.34200000000001,
    93.33399999999999,
    90.84200000000001,
    91.33000000000001,
    91.34100000000001,
    92.337,
    91.819,
    93.333,
    90.339,
    92.85300000000001,
    92.83599999999998,
    93.33399999999999,
    91.80600000000001,
    92.85900000000001,
    92.35499999999999,
    89.33099999999999,
    88.825,
    91.345,
    89.82300000000001,
    92.322,
    90.34,
    89.828,
    91.839,
    92.336,
    95.35600000000001,
    91.328,
    92.85300000000001,
    88.837,
    93.86,
    90.345,
    93.852,
    94.838,
    92.342,
    92.835,
    91.82700000000001,
    93.82800000000002,
    93.32199999999999,
    93.338,
    94.331,
    93.835,
    92.328,
    90.85,
    93.84299999999999,
    90.83500000000001,
    92.826,
    94.33900000000001,
    93.85300000000001,
    93.32300000000001,
    95.34200000000001,
    90.82499999999999,
    92.84,
    91.84100000000001,
    91.319,
    92.34,
    86.295,
    89.832,
    89.836,
    92.851,
    90.83900000000001,
    93.349,
    92.324,
    90.321,
    91.35,
    93.85900000000001,
    92.83599999999998,
    92.324,
    93.34200000000001,
    92.844,
    92.82000000000001,
    93.821,
    94.346,
    92.34400000000001,
    91.338,
    91.34,
    86.83700000000002,
    92.35100000000001,
    92.35300000000001,
    93.83899999999998,
    91.83900000000001,
    94.84200000000001,
    92.336,
    91.82300000000001,
    93.83500000000001,
    92.33900000000001,
    94.34,
    95.854,
    88.843,
    90.82700000000001,
    90.83099999999999,
    89.852,
    92.34299999999999,
    91.34,
