{
  "complexity": 6,
  "alpha": 0.3,
  "gamma": 0.95,
  "epsilon": 0.3,
  "extra_passages": 1,
  "avg_rewards": [
    -231.33599999999873,
    -113.94199999999746,
    -49.578999999999056,
    -25.901999999999315,
    14.224000000000064,
    61.59999999999998,
    49.746999999999844,
    -2.3169999999992412,
    65.60500000000027,
    56.43000000000027,
    86.89200000000001,
    85.55599999999998,
    68.23400000000005,
    76.78299999999999,
    80.478,
    75.36099999999996,
    85.64299999999999,
    72.16999999999999,
    76.43599999999998,
    66.40299999999989,
    84.202,
    89.645,
    73.30099999999985,
    87.566,
    86.51,
    82.96700000000004,
    90.007,
    77.30299999999988,
    72.62300000000069,
    82.179,
    93.69899999999998,
    92.275,
    92.79700000000003,
    95.341,
    87.274,
    87.157,
    88.314,
    93.34299999999999,
    92.31899999999999,
    89.33600000000001,
    91.83200000000001,
    86.84599999999999,
    91.79200000000002,
    93.84100000000001,
    94.33200000000001,
    91.32400000000001,
    92.857,
    91.858,
    92.84700000000001,
    96.346,
    88.322,
    91.83800000000001,
    93.35700000000001,
    94.32000000000001,
    90.345,
    91.85900000000001,
    90.84299999999999,
    91.84599999999999,
    89.816,
    89.83600000000003,
    92.337,
    93.34200000000001,
    93.80700000000002,
    91.84200000000001,
    92.83399999999999,
    90.85000000000001,
    95.342,
    94.338,
    92.34400000000001,
    91.32399999999998,
    90.34,
    95.337,
    90.319,
    92.336,
    95.33099999999999,
    93.333,
    91.345,
    91.83899999999998,
    88.32,
    93.34,
    93.365,
    88.35,
    93.33200000000002,
    90.85300000000001,
    94.853,
    91.316,
    88.83699999999999,
    90.838,
    91.825,
    93.825,
    90.818,
    91.84599999999999,
    93.85700000000001,
    93.841,
    88.85000000000001,
    91.85,
    90.339,
    89.845,
    90.85,
    89.85,
    90.846,
    91.343,
    89.85300000000001,
    92.339,
    89.328,
    89.332,
    90.845,
    86.80500000000002,
    92.82500000000002,
    91.355,
    89.33600000000001,
    89.328,
    88.329,
    92.84200000000001,
    94.34700000000001,
    91.313,
    91.84700000000001,
    92.841,
    90.84800000000001,
    91.80799999999999,
    93.84400000000001,
    93.344,
    90.32300000000001,
    96.342,
    92.837,
    93.82900000000001,
    86.82900000000001,
    93.836,
    96.32600000000001,
    93.85300000000001,
    93.84800000000001,
    91.853,
    94.358,
    93.838,
    87.83200000000001,
    91.31500000000001,
    93.33099999999999,
    91.336,
    96.84700000000001,
    93.36,
    93.33800000000001,
    93.83600000000001,
    94.33399999999999,
    90.82200000000002,
    86.83200000000001,
    93.34,
    93.34599999999999,
    93.358,
    92.33500000000001,
    92.83700000000002,
    93.343,
    94.842,
    94.846,
    92.32500000000002,
    91.84,
    90.822,
    93.84400000000002,
    93.346,
    93.309,
    93.85600000000001,
    94.343,
    89.35300000000001,
    90.84200000000001,
    93.852,
    89.831,
    92.811,
    95.352,
    92.342,
    93.35900000000001,
    90.33200000000001,
    88.84,
    92.336,
    92.34400000000001,
    87.84,
    93.329,
    93.33900000000001,
    93.32700000000001,
    92.84,
    91.855,
    94.34100000000001,
    94.861,
    93.32700000000001,
    86.826,
    94.36500000000001,
    92.33999999999999,
    92.836,
    91.847,
    90.831,
    88.852,
    90.33900000000001,
    93.34300000000002,
    89.82700000000001,
    91.341,
    91.84400000000001,
    94.841,
    91.34400000000002,
    92.32,
    92.85000000000001,
    90.836,
    93.814,
    89.846,
    92.84299999999999,
    95.84,
    91.336,
    88.351,
    92.34600000000002,
    91.852,
    92.814,
    87.337,
    93.83500000000001,
    94.35,
    91.34600000000002,
    95.35800000000002,
    88.313,
    90.85300000000001,
    92.35600000000001,
    94.857,
    92.34299999999999,
    92.84100000000001,
    94.348,
    94.34400000000001,
    91.815,
    94.35,
    92.84600000000002,
    92.82300000000001,
    93.364,
    88.855,
    93.839,
    94.34400000000001,
    95.342,
    87.82900000000001,
    94.336,
    93.322,
    88.334,
    91.82600000000001,
    90.817,
    90.33399999999999,
    92.84200000000001,
    94.851,
    92.328,
    88.348,
    93.34799999999998,
    93.32900000000002,
    92.85,
    93.82700000000001,
    94.856,
    94.30999999999999,
    93.82300000000001,
    91.843,
    92.832,
    93.86500000000001,
    89.33500000000001,
    94.338,
    90.829,
    88.847,
    92.33200000000001,
    89.816,
    93.821,
    91.852,
    90.34200000000001,
    92.857,
    93.84200000000001,
    95.838,
    90.84600000000002,
    92.829,
    93.82700000000001,
    93.83899999999998,
    88.348,
    93.352,
    94.83500000000001,
    92.33900000000001,
    93.35600000000001,
    95.858,
    93.33999999999999,
    89.346,
    92.312,
    91.33200000000001,
    93.84900000000002,
    90.342,
    94.83700000000002,
    90.803,
    93.831,
    91.34100000000001,
    93.334,
    91.343,
    91.341,
    91.34400000000001,
    90.841,
    93.34800000000001,
    91.843,
    90.32300000000001,
    89.338,
    94.84200000000001,
    94.34,
    89.327,
    90.827,
    94.831,
    89.327,
    89.83200000000001,
    90.32500000000002,
    88.838,
    94.342,
    90.834,
    93.824,
    91.831,
    93.30199999999999,
    94.349,
    93.83900000000001,
    92.35300000000001,
    91.337,
    90.35400000000001,
    90.34700000000001,
    86.82900000000001,
    92.84099999999998,
    92.345,
    95.35300000000001,
    93.326,
    93.83900000000001,
    94.85400000000001,
    95.358,
    94.84000000000002,
    90.338,
    92.838,
    90.84800000000001,
    90.84800000000001,
    90.33599999999998,
    91.83099999999999,
    96.34900000000002,
    90.84400000000001,
    92.84700000000001,
    91.321,
    93.85400000000001,
    97.357,
    90.85299999999998,
    89.858,
    88.34,
    89.795,
    91.35600000000002,
    94.86100000000002,
    94.86300000000001,
    91.84400000000001,
    91.33700000000002,
    93.362,
    95.336,
    88.827,
    88.84400000000001,
    94.84200000000001,
    94.33800000000001,
    93.84700000000001,
    93.343,
    93.84599999999999,
    92.31800000000001,
    91.83500000000001,
    94.341,
    95.343,
    90.34900000000002,
    91.34200000000001,
    93.345,
    96.338,
    91.342,
    95.36100000000002,
    95.85400000000001,
    93.85400000000001,
    92.346,
    95.34700000000001,
    89.83399999999999,
    91.824,
    94.345,
    95.85199999999999,
    95.84200000000001,
    96.843,
    90.827,
    89.83599999999998,
    93.346,
    94.34099999999998,
    90.843,
    90.33099999999999,
    92.322,
    89.83500000000001,
    93.358,
    91.33600000000001,
    89.32500000000002,
    89.831,
    91.34799999999998,
    92.86300000000001,
    90.363,
    90.82,
    93.35900000000001,
    90.33300000000001,
    89.846,
    91.349,
    90.83399999999999,
    92.832,
    92.84700000000001,
    93.338,
    92.339,
    94.849,
    90.348,
    90.847,
    91.841,
    95.34,
    88.311,
    91.315,
    92.829,
    92.314,
    88.33899999999998,
    91.35300000000001,
    91.857,
    91.33900000000001,
    93.326,
    89.852,
    91.843,
    91.849,
    93.84800000000001,
    94.34299999999999,
    94.318,
    93.32900000000001,
    92.85500000000002,
    90.336,
    92.35800000000002,
    94.85400000000001,
    93.84400000000001,
    95.343,
    90.33299999999998,
    93.84700000000001,
    90.84,
    92.33000000000001,
    92.86099999999999,
    92.32899999999998,
    95.33900000000001,
    95.855,
    90.334,
    92.846,
    92.857,
    89.35300000000001,
    93.33200000000001,
    87.85100000000001,
    93.34000000000002,
    94.352,
    91.34299999999999,
    93.837,
    89.32400000000001,
    90.337,
    90.831,
    94.325,
    93.849,
    94.321,
    88.33200000000001,
    93.322,
    95.83500000000001,
    93.342,
