{
  "complexity": 7,
  "alpha": 0.1,
  "gamma": 0.95,
  "epsilon": 0.1,
  "extra_passages": 0,
  "avg_rewards": [
    -209.27799999999917,
    -64.7339999999991,
    13.222000000008089,
    43.085999999999956,
    46.14800000000103,
    65.43700000000001,
    82.92500000000003,
    92.749,
    83.75400000000006,
    91.49999999999999,
    77.22999999999988,
    95.63900000000001,
    88.30300000000003,
    98.01800000000001,
    90.06100000000002,
    94.101,
    51.843000000005915,
    91.08299999999996,
    95.65100000000001,
    80.36100000000062,
    98.56400000000001,
    97.3,
    91.851,
    92.67299999999999,
    93.40399999999998,
    97.532,
    92.049,
    85.54399999999956,
    -81.05499999992763,
    96.815,
    97.04499999999999,
    83.28899999999886,
    50.358000000010115,
    95.74199999999999,
    97.293,
    92.58000000000001,
    96.76599999999999,
    96.71400000000001,
    97.788,
    96.82699999999998,
    99.87100000000001,
    98.36,
    97.8,
    97.759,
    96.78800000000001,
    96.332,
    96.78099999999999,
    96.73100000000001,
    96.714,
    97.86699999999999,
    97.176,
    96.873,
    99.38,
    98.878,
    96.365,
    98.354,
    98.371,
    97.845,
    97.883,
    98.87100000000001,
    98.365,
    95.88,
    97.87,
    98.38199999999999,
    97.378,
    95.878,
    97.88000000000001,
    98.37299999999999,
    98.377,
    96.38399999999999,
    96.88199999999999,
    97.385,
    97.883,
    97.88399999999999,
    98.372,
    98.386,
    99.375,
    98.88399999999999,
    98.885,
    97.375,
    96.375,
    98.37499999999999,
    95.873,
    97.88399999999999,
    98.38199999999999,
    95.878,
    97.381,
    98.385,
    98.878,
    98.38,
    96.876,
    98.374,
    97.37599999999999,
    98.878,
    98.88399999999999,
    98.878,
    99.877,
    98.868,
    99.377,
    96.378,
    98.88399999999999,
    99.38199999999999,
    96.877,
    98.376,
    97.878,
    96.87100000000001,
    97.38399999999999,
    96.876,
    97.87899999999999,
    97.883,
    98.371,
    97.378,
    98.372,
    96.37100000000001,
    98.87899999999999,
    98.381,
    99.39,
    99.38199999999999,
    96.36999999999999,
    97.88,
    98.38399999999999,
    96.87899999999999,
    97.373,
    97.38399999999999,
    97.883,
    98.883,
    98.381,
    96.886,
    98.87899999999999,
    98.384,
    96.38,
    98.87799999999999,
    98.87899999999999,
    97.876,
    99.877,
    97.884,
    97.38,
    99.37899999999999,
    98.377,
    96.88000000000001,
    97.87899999999999,
    98.37899999999999,
    98.376,
    97.883,
    96.87899999999999,
    97.88,
    99.378,
    97.38300000000001,
    84.65700000000018,
    96.876,
    98.381,
    97.885,
    97.386,
    98.375,
    88.84799999999998,
    96.886,
    99.87899999999999,
    96.877,
    97.886,
    98.381,
    98.88199999999999,
    98.38199999999999,
    95.877,
    96.88499999999999,
    96.38199999999999,
    99.883,
    96.88,
    98.883,
    98.872,
    97.389,
    98.886,
    98.383,
    96.876,
    99.385,
    97.382,
    99.368,
    99.88199999999999,
    96.87499999999999,
    98.36800000000001,
    96.377,
    97.88,
    98.88399999999999,
    97.378,
    98.881,
    99.868,
    97.882,
    97.372,
    98.374,
    96.88,
    98.376,
    95.875,
    98.385,
    96.88,
    97.88499999999999,
    98.383,
    97.378,
    97.88,
    98.877,
    96.381,
    99.38199999999999,
    98.875,
    97.374,
    97.87100000000001,
    97.88,
    96.876,
    96.877,
    97.376,
    97.376,
    98.381,
    97.378,
    97.378,
    97.88,
    98.887,
    97.876,
    97.875,
    98.883,
    96.878,
    97.884,
    98.375,
    98.88,
    96.37699999999998,
    93.377,
    98.376,
    98.375,
    98.381,
    98.38199999999999,
    97.878,
    98.869,
    97.87999999999998,
    98.381,
    96.376,
    98.876,
    98.881,
    97.877,
    98.378,
    97.88399999999999,
    98.38199999999999,
    96.875,
    98.88399999999999,
    98.384,
    95.873,
    97.38,
    98.88199999999999,
    97.875,
    99.376,
    99.882,
    98.876,
    97.88399999999999,
    96.88,
    97.375,
    97.38399999999999,
    98.381,
    97.381,
    97.883,
    97.88,
    99.38399999999999,
    97.877,
    97.37899999999999,
    99.38399999999999,
    98.883,
    97.378,
    97.38399999999999,
    97.381,
    99.374,
    96.88,
    97.88300000000001,
    98.878,
    93.87100000000001,
    98.377,
    96.877,
    98.388,
    97.873,
    98.878,
    98.88,
    98.88,
    92.21200000000002,
    98.376,
    97.38699999999999,
    99.88199999999999,
    96.869,
    97.746,
    98.376,
    97.881,
    99.377,
    95.88199999999999,
    97.383,
    98.87899999999999,
    95.88,
    99.369,
    95.88499999999999,
    98.88199999999999,
    97.365,
    98.378,
    99.376,
    98.38399999999999,
    99.377,
    98.374,
    97.376,
    97.877,
    98.88499999999999,
    97.383,
    99.88499999999999,
    97.377,
    95.878,
    96.877,
    98.386,
    97.874,
    98.378,
    97.872,
    97.88699999999999,
    98.877,
    97.878,
    99.377,
    97.38199999999999,
    97.383,
    97.877,
    97.378,
    98.881,
    97.374,
    96.886,
    99.38399999999999,
    98.381,
    98.881,
    99.374,
    98.37899999999999,
    97.87,
    98.383,
    98.335,
    99.381,
    97.88,
    98.88300000000001,
    98.88,
    97.88399999999999,
    96.886,
    98.378,
    98.37899999999999,
    97.88,
    98.381,
    97.88199999999999,
    98.364,
    97.388,
    99.38399999999999,
    97.88399999999999,
    98.383,
    98.373,
    99.378,
    98.381,
    97.88199999999999,
    97.88199999999999,
    97.375,
    98.88,
    98.875,
    97.377,
    96.883,
    98.377,
    98.37100000000001,
    98.877,
    97.38199999999999,
    96.38199999999999,
    99.874,
    97.878,
    95.875,
    99.88399999999999,
    97.877,
    98.88699999999999,
    97.88199999999999,
    97.88,
    98.388,
    98.874,
    97.38199999999999,
    98.883,
    98.37899999999999,
    98.87899999999999,
    98.88199999999999,
    99.38,
    96.377,
    96.868,
    98.383,
    98.87599999999999,
    97.381,
    97.38499999999999,
    97.88,
    97.88,
    99.385,
    98.381,
    96.38,
    97.875,
    97.378,
    97.381,
    98.886,
    98.37899999999999,
    97.378,
    99.381,
    98.37899999999999,
    98.38199999999999,
    97.375,
    99.385,
    97.88699999999999,
    99.87899999999999,
    97.87899999999999,
    96.88199999999999,
    98.378,
    96.876,
    96.88,
    97.87899999999999,
    99.38199999999999,
    97.37100000000001,
    98.377,
    97.383,
    98.375,
    97.372,
    98.888,
    97.874,
    97.38799999999999,
    95.38399999999999,
    95.88399999999999,
    98.883,
    98.883,
    99.376,
    98.883,
    99.38699999999999,
    96.881,
    97.888,
    97.88,
    97.38199999999999,
    98.375,
    96.88399999999999,
    99.377,
    96.38,
    98.38199999999999,
    97.88300000000001,
    98.38,
    99.377,
    98.377,
    97.88199999999999,
    97.36300000000001,
    97.88399999999999,
    95.37100000000001,
    98.37499999999999,
    97.38199999999999,
    98.381,
    96.377,
    98.36800000000001,
    97.373,
    98.88,
    99.883,
    97.876,
    97.868,
    97.38099999999999,
    99.38499999999999,
    97.381,
    97.373,
    97.88399999999999,
    98.877,
    96.38199999999999,
    97.372,
    97.87899999999999,
    95.878,
    96.38399999999999,
    97.88399999999999,
    98.877,
    98.88,
    98.876,
    96.38,
    98.873,
    98.888,
    97.886,
    98.37899999999999,
    97.88,
    97.877,
    97.88199999999999,
    98.88499999999999,
    97.374,
    98.881,
    99.38399999999999,
    98.886,
    98.88899999999998,
    97.38,
    96.883,
    97.37899999999999,
    99.39,
    97.38499999999999,
    98.37899999999999,
    97.87899999999999,
    96.874,
    96.886,
    98.88,
    98.86800000000001,
    97.883,
    97.88199999999999,
    98.87100000000001,
    98.88,
    98.38199999999999,
    96.883,
    99.388,
    96.87899999999999,
