{
  "complexity": 14,
  "alpha": 0.2,
  "gamma": 0.85,
  "epsilon": 0.2,
  "extra_passages": 1,
  "avg_rewards": [
    -622.5269999999949,
    -156.24099999999424,
    -249.21399999998607,
    -62.25099999999456,
    20.099000000002036,
    -169.06199999999,
    38.35100000000009,
    -56.92999999999729,
    -6.8539999999981465,
    -172.9409999999823,
    -98.88899999998829,
    25.05399999999986,
    -926.6830000009635,
    -393.037999999961,
    59.68999999999998,
    -327.77200000019974,
    48.4639999999991,
    -51.578999999995304,
    -28.06199999999575,
    -196.08199999997476,
    -3.3289999999976856,
    29.268000000001585,
    13.202000000001723,
    -34.54399999999402,
    -113.6629999999827,
    67.31600000000012,
    63.01900000000005,
    67.79299999999986,
    -23.08199999998445,
    -129.02799999996765,
    -206.84100000021937,
    44.63799999999995,
    -17.41099999999426,
    33.52200000000438,
    26.93999999999887,
    53.64199999999987,
    67.06799999999961,
    8.211000000002286,
    10.4400000000024,
    26.874000000001587,
    50.65200000000141,
    69.84099999999997,
    41.86200000000006,
    38.34900000000134,
    -352.2560000002089,
    -2231.8629999936106,
    -1912.229999999372,
    -2.7729999999972335,
    38.64400000000018,
    -18.569999999991108,
    81.70899999999988,
    84.9470000000001,
    71.88600000000086,
    84.09400000000002,
    64.98900000000116,
    5.451000000006873,
    24.252000000004774,
    -118.83899999996977,
    22.962000000006608,
    75.62299999999995,
    35.89600000000502,
    17.428000000007557,
    73.61699999999941,
    4.2590000000023975,
    71.75399999999988,
    83.40300000000002,
    72.39899999999979,
    81.74099999999996,
    69.76199999999969,
    -112.8959999999699,
    89.613,
    89.09600000000003,
    64.87099999999991,
    -42.561999999979164,
    -63.85499999998201,
    30.224000000003674,
    -144.4230000000192,
    46.19500000000179,
    -105.55199999996887,
    -7.984999999990199,
    -145.72700000004335,
    24.316000000004696,
    67.56899999999982,
    17.30000000000522,
    65.46400000000102,
    -22.721999999991766,
    -36.23199999999004,
    -24.232999999990792,
    68.59499999999983,
    -58.93799999998896,
    88.838,
    86.892,
    74.78199999999939,
    74.71399999999957,
    79.66699999999989,
    83.00199999999992,
    89.16499999999999,
    89.14200000000001,
    82.944,
    89.61099999999996,
    88.74399999999996,
    67.12700000000063,
    78.4719999999998,
    83.60099999999998,
    77.93299999999996,
    84.54699999999995,
    82.66700000000003,
    84.13800000000006,
    85.975,
    76.67399999999971,
    85.37299999999993,
    69.61600000000058,
    88.79500000000003,
    78.64500000000004,
    86.14799999999998,
    83.04499999999997,
    85.518,
    87.38800000000008,
    80.50699999999975,
    93.21700000000001,
    86.43300000000004,
    84.74699999999982,
    94.52599999999998,
    83.99099999999999,
    84.28299999999997,
    93.94099999999999,
    89.61500000000001,
    87.42600000000003,
    92.265,
    94.76100000000001,
    87.18900000000001,
    91.56199999999998,
    86.12799999999997,
    70.61700000000042,
    95.173,
    85.17299999999992,
    91.66900000000001,
    87.34199999999996,
    88.94600000000003,
    71.2240000000003,
    31.081000000003865,
    69.10900000000082,
    91.71000000000001,
    87.542,
    92.69800000000001,
    89.092,
    90.92099999999996,
    94.14599999999999,
    88.548,
    89.07899999999998,
    87.55800000000004,
    89.64500000000001,
    89.386,
    92.284,
    94.98600000000002,
    87.60100000000001,
    92.21900000000001,
    90.73300000000002,
    90.769,
    92.23600000000002,
    93.29700000000001,
    92.24299999999997,
    95.78799999999998,
    93.811,
    85.20600000000002,
    93.29100000000001,
    96.793,
    91.51300000000002,
    92.30399999999999,
    93.03200000000001,
    92.03699999999999,
    85.44100000000002,
    92.61599999999997,
    88.633,
    92.56499999999998,
    88.46299999999995,
    93.52300000000001,
    94.24800000000003,
    77.4610000000001,
    92.215,
    93.26000000000002,
    92.70600000000002,
    81.71699999999983,
    90.46100000000004,
    91.83999999999995,
    93.29500000000002,
    -46.62399999998873,
    88.97999999999999,
    89.83500000000004,
    92.78399999999999,
    94.04499999999999,
    93.62599999999999,
    91.68299999999999,
    86.13399999999999,
    89.854,
    93.256,
    90.21900000000001,
    90.03199999999995,
    91.80300000000001,
    95.64100000000002,
    92.578,
    93.728,
    83.39999999999978,
    89.22800000000004,
    90.06800000000001,
    88.62300000000002,
    88.22800000000004,
    85.45400000000004,
    88.66099999999999,
    91.28999999999999,
    94.30699999999999,
    94.81400000000001,
    88.23999999999998,
    92.77900000000001,
    91.21700000000001,
    92.74600000000001,
    88.07000000000002,
    91.686,
    88.78399999999999,
    94.689,
    90.515,
    87.49500000000003,
    91.20200000000001,
    87.44899999999993,
    88.974,
    89.391,
    92.717,
    82.53399999999982,
    86.73899999999995,
    94.256,
    90.76500000000001,
    91.29500000000002,
    85.38599999999994,
    91.19800000000001,
    85.17399999999999,
    90.42899999999997,
    93.199,
    91.174,
    88.649,
    88.58299999999994,
    88.547,
    91.20599999999999,
    89.20500000000001,
    91.172,
    92.781,
    90.727,
    91.257,
    93.77400000000002,
    89.74900000000001,
    94.76200000000001,
    94.297,
    95.28799999999998,
    94.273,
    93.224,
    92.233,
    93.22400000000002,
    94.303,
    92.77000000000001,
    95.72500000000001,
    91.29100000000001,
    89.77400000000002,
    94.741,
    91.75900000000001,
    89.95800000000001,
    89.758,
    93.235,
    93.73300000000002,
    90.803,
    72.58000000000013,
    92.706,
    91.75800000000001,
    92.691,
    90.765,
    95.786,
    84.48199999999997,
    94.778,
    91.76400000000001,
    92.757,
    94.24300000000001,
    95.292,
    93.25300000000001,
    95.809,
    94.311,
    89.794,
    91.304,
    96.31199999999998,
    94.27700000000002,
    93.757,
    91.284,
    93.28300000000002,
    93.244,
    88.74000000000001,
    89.227,
    88.26600000000002,
    94.31000000000002,
    93.77900000000002,
    92.814,
    92.81000000000002,
    86.77199999999998,
    87.623,
    93.797,
    90.763,
    70.53600000000048,
    83.37899999999986,
    87.69300000000007,
    90.20399999999998,
    80.65999999999956,
    83.2409999999999,
    79.46999999999993,
    92.63199999999999,
    91.25800000000001,
    95.31300000000002,
    92.79100000000001,
    87.272,
    84.82699999999984,
    90.66000000000001,
    94.19000000000001,
    93.242,
    93.275,
    78.29099999999997,
    86.109,
    92.798,
    93.299,
    92.77700000000002,
    93.78900000000002,
    93.784,
    95.30600000000001,
    92.78500000000001,
    94.301,
    95.28200000000001,
    94.27900000000001,
    92.716,
    93.75500000000002,
    92.199,
    79.00899999999987,
    92.22500000000001,
    88.239,
    90.808,
    90.75200000000001,
    90.78200000000001,
    91.05700000000003,
    95.26800000000001,
    94.80100000000002,
    92.73700000000001,
    93.801,
    96.30499999999999,
    90.29500000000003,
    92.78,
    95.81900000000002,
    94.81800000000001,
    91.296,
    91.296,
    92.81200000000001,
    94.32000000000002,
    89.265,
    90.811,
    94.30300000000001,
    93.324,
    92.79800000000002,
    92.792,
    93.79800000000003,
    90.81000000000002,
    92.294,
    92.806,
    95.81200000000001,
    95.297,
    91.78800000000001,
    90.80300000000003,
    94.79200000000002,
    92.765,
    92.792,
    91.757,
    93.78599999999999,
    92.79299999999999,
    96.80799999999999,
    93.812,
    90.16799999999998,
    90.22300000000001,
    88.788,
    92.72,
    89.68799999999999,
    93.75800000000001,
    93.28499999999998,
    95.77799999999999,
    94.261,
