{
  "complexity": 6,
  "alpha": 0.1,
  "gamma": 0.9,
  "epsilon": 0.1,
  "extra_passages": 1,
  "avg_rewards": [
    -240.4839999999982,
    -9.603999999995988,
    -1.8949999999941156,
    -24.072999999972684,
    76.99499999999998,
    69.17000000000021,
    50.36100000000226,
    56.465000000003286,
    88.462,
    70.13900000000002,
    82.36900000000028,
    -15.672999999984825,
    22.416000000005592,
    41.48800000000689,
    89.11199999999997,
    87.42399999999985,
    92.74899999999994,
    75.88199999999927,
    82.9179999999994,
    81.42700000000008,
    -56.50399999994379,
    78.23500000000035,
    79.85700000000004,
    73.17899999999983,
    68.56900000000171,
    84.60899999999987,
    31.506000000015376,
    82.09600000000023,
    80.91999999999993,
    88.65000000000005,
    80.37699999999909,
    92.01500000000001,
    90.3049999999998,
    91.75899999999987,
    87.25799999999967,
    77.7159999999993,
    84.39800000000002,
    81.15299999999989,
    76.06299999999945,
    65.62700000000063,
    -14.68099999995901,
    80.9889999999984,
    77.85999999999854,
    92.78799999999991,
    85.72399999999978,
    2.9460000000287323,
    89.46599999999997,
    94.49699999999997,
    93.96699999999996,
    89.28699999999996,
    91.05500000000005,
    92.1579999999999,
    76.5320000000024,
    92.89300000000003,
    92.01600000000002,
    82.2259999999998,
    90.98999999999992,
    84.85800000000022,
    92.68799999999996,
    58.22800000001016,
    58.15200000001194,
    31.114000000022145,
    94.26000000000002,
    88.91100000000014,
    79.64599999999905,
    94.67599999999995,
    81.40699999999919,
    95.41499999999986,
    95.95299999999993,
    86.56999999999968,
    84.30299999999988,
    37.72300000000989,
    55.911000000011164,
    37.871000000020956,
    34.863000000022325,
    -9.866999999959564,
    74.07500000000138,
    95.52700000000002,
    23.98100000002172,
    97.632,
    91.2780000000001,
    93.772,
    90.42100000000005,
    96.23600000000002,
    90.6849999999999,
    97.356,
    95.02400000000002,
    94.1629999999999,
    94.45899999999992,
    96.554,
    93.09600000000003,
    87.42899999999975,
    96.94399999999989,
    96.80199999999999,
    94.96400000000001,
    92.72600000000001,
    96.54099999999998,
    95.60199999999996,
    98.84700000000001,
    98.712,
    97.819,
    95.751,
    97.83000000000001,
    98.191,
    97.28599999999999,
    96.228,
    98.851,
    97.231,
    97.362,
    97.312,
    96.259,
    98.372,
    96.36699999999999,
    97.364,
    98.86800000000001,
    96.366,
    97.858,
    99.364,
    97.873,
    98.875,
    97.361,
    95.867,
    96.367,
    97.864,
    97.363,
    96.867,
    98.367,
    98.857,
    97.87,
    97.869,
    98.864,
    98.876,
    99.36500000000001,
    97.364,
    99.37,
    99.36699999999999,
    98.37100000000001,
    97.86300000000001,
    98.36800000000001,
    95.869,
    97.367,
    98.87100000000001,
    97.863,
    98.872,
    97.861,
    97.367,
    98.35999999999999,
    97.873,
    97.36499999999998,
    97.875,
    97.36800000000001,
    96.86399999999999,
    96.86800000000001,
    95.36600000000001,
    99.353,
    99.365,
    98.373,
    95.871,
    96.86999999999999,
    98.85600000000001,
    98.35999999999999,
    97.364,
    98.854,
    98.863,
    97.36800000000001,
    96.869,
    98.366,
    98.86600000000001,
    99.36500000000001,
    98.37,
    99.364,
    98.36100000000002,
    98.864,
    95.365,
    97.376,
    96.85999999999999,
    99.864,
    98.372,
    96.87100000000001,
    98.364,
    97.869,
    98.869,
    98.369,
    98.86599999999999,
    99.37,
    97.86600000000001,
    97.357,
    97.863,
    99.86999999999999,
    97.87100000000001,
    99.35900000000001,
    96.86800000000001,
    98.36500000000001,
    98.87100000000001,
    97.87,
    97.372,
    98.367,
    98.36300000000001,
    97.86699999999999,
    98.368,
    98.367,
    97.863,
    95.85300000000001,
    98.868,
    96.362,
    98.86800000000001,
    97.37199999999999,
    95.352,
    98.86600000000001,
    98.37,
    97.865,
    96.373,
    97.372,
    96.872,
    97.36800000000001,
    97.86800000000001,
    98.367,
    96.86699999999999,
    98.86800000000001,
    97.36200000000001,
    96.876,
    96.36300000000001,
    97.87,
    99.864,
    97.865,
    99.865,
    98.873,
    95.87,
    97.369,
    97.876,
    98.36,
    97.866,
    96.87,
    98.86300000000001,
    97.87100000000001,
    97.37100000000001,
    97.86600000000001,
    99.86699999999999,
    97.37100000000001,
    98.871,
    97.872,
    97.87,
    97.872,
    99.364,
    98.361,
    97.869,
    97.865,
    95.864,
    98.86399999999999,
    98.86800000000001,
    97.37100000000001,
    98.874,
    97.874,
    97.853,
    95.87,
    97.367,
    98.866,
    96.866,
    98.361,
    99.36099999999999,
    98.857,
    95.37,
    97.868,
    99.867,
    98.35999999999999,
    99.375,
    96.869,
    98.363,
    99.375,
    98.86500000000001,
    97.87199999999999,
    96.86800000000001,
    97.36999999999999,
    98.37,
    97.867,
    98.36800000000001,
    98.869,
    97.36,
    97.873,
    98.374,
    98.37,
    96.36999999999999,
    93.86800000000001,
    97.362,
    97.863,
    98.87,
    99.37100000000001,
    98.867,
    97.87199999999999,
    97.37,
    97.36800000000001,
    97.86800000000001,
    99.37,
    96.36600000000001,
    96.865,
    97.36500000000001,
    98.366,
    98.867,
    98.869,
    97.86699999999999,
    97.36500000000001,
    96.87100000000001,
    99.374,
    97.362,
    97.369,
    98.864,
    96.861,
    99.351,
    97.37100000000001,
    96.85600000000001,
    98.369,
    99.367,
    98.867,
    98.375,
    98.86699999999999,
    96.857,
    99.36699999999999,
    98.374,
    98.364,
    99.36399999999999,
    98.358,
    98.372,
    98.367,
    98.87100000000001,
    99.358,
    98.35900000000001,
    98.355,
    96.36600000000001,
    96.86699999999999,
    99.362,
    95.86300000000001,
    98.86500000000001,
    98.376,
    96.864,
    98.87,
    96.87100000000001,
    98.863,
    98.37100000000001,
    96.371,
    96.865,
    97.87100000000001,
    97.87,
    99.372,
    98.86800000000001,
    99.367,
    95.861,
    97.867,
    96.36999999999999,
    98.87100000000001,
    99.35900000000001,
    97.859,
    96.368,
    98.36500000000001,
    98.868,
    96.869,
    98.361,
    99.361,
    97.866,
    99.372,
    98.364,
    98.374,
    99.374,
    99.87,
    97.372,
    99.36800000000001,
    94.863,
    97.867,
    99.36099999999999,
    98.861,
    97.869,
    97.375,
    99.374,
    97.368,
    96.37,
    94.863,
    96.363,
    98.36600000000001,
    97.364,
    98.36,
    97.35100000000001,
    99.372,
    98.85900000000001,
    98.87,
    98.356,
    97.86800000000001,
    97.36999999999999,
    96.36299999999999,
    97.369,
    98.86800000000001,
    99.36,
    96.85800000000002,
    97.867,
    98.36600000000001,
    97.86,
    98.36499999999998,
    98.37100000000001,
    96.86500000000001,
    97.874,
    98.37100000000001,
    95.866,
    98.36,
    96.87100000000001,
    98.86200000000001,
    97.877,
    98.86600000000001,
    98.36800000000001,
    96.374,
    95.858,
    98.863,
    99.36699999999999,
    98.364,
    99.372,
    96.869,
    98.86,
    97.36800000000001,
    97.362,
    96.86500000000001,
    97.36600000000001,
    97.86100000000002,
    97.86600000000001,
    98.87100000000001,
    98.374,
    95.35900000000001,
    98.363,
    97.358,
    97.369,
    98.868,
    97.861,
    97.862,
    96.85499999999999,
    97.868,
    97.87,
    96.869,
    97.86600000000001,
    98.86699999999999,
    98.363,
    97.87100000000001,
    97.36,
    97.36800000000001,
    96.365,
    97.373,
    97.862,
    98.872,
    96.87,
    96.37,
    97.364,
    98.867,
    98.362,
    98.373,
    98.865,
    98.36800000000001,
    98.874,
    99.87100000000001,
    95.86999999999999,
    97.36399999999999,
    96.87,
