{
  "complexity": 6,
  "alpha": 0.3,
  "gamma": 0.9,
  "epsilon": 0.2,
  "extra_passages": 9,
  "avg_rewards": [
    -476.5379999999976,
    -43.6179999999996,
    -71.49099999999729,
    9.840000000000108,
    -185.26699999998763,
    47.28900000000074,
    59.566999999999595,
    58.29399999999971,
    56.44099999999977,
    66.04799999999989,
    71.46,
    73.25199999999998,
    63.501999999999896,
    87.497,
    62.87599999999979,
    68.61600000000004,
    47.51700000000173,
    84.59499999999998,
    76.80900000000003,
    46.93700000000071,
    82.75299999999996,
    74.58999999999986,
    54.093000000000224,
    0.9660000000070014,
    51.279000000000146,
    8.056000000003232,
    2.3560000000008388,
    68.7110000000008,
    77.20199999999994,
    94.43700000000001,
    67.56899999999965,
    85.32599999999994,
    39.23200000000099,
    81.57400000000007,
    83.40200000000006,
    88.02899999999998,
    70.1679999999999,
    87.85099999999997,
    92.85600000000001,
    92.63500000000002,
    92.59600000000002,
    82.873,
    86.17299999999997,
    91.767,
    86.45699999999997,
    88.12999999999997,
    50.41800000000206,
    89.01200000000001,
    89.16300000000001,
    84.58299999999996,
    98.28400000000002,
    91.76100000000001,
    92.46799999999999,
    90.873,
    92.36,
    87.62700000000004,
    94.252,
    94.19599999999998,
    93.20700000000002,
    94.24300000000001,
    96.162,
    95.80199999999999,
    98.295,
    97.781,
    94.77800000000002,
    96.82100000000001,
    96.30499999999999,
    95.28299999999999,
    93.31400000000001,
    96.802,
    93.30700000000002,
    95.814,
    95.29499999999999,
    96.31300000000002,
    93.04299999999999,
    96.82200000000002,
    98.314,
    93.311,
    94.802,
    96.825,
    94.80900000000001,
    94.809,
    93.795,
    95.31200000000001,
    95.79400000000001,
    96.31,
    96.31900000000002,
    95.32000000000001,
    93.80499999999999,
    97.321,
    95.80600000000001,
    94.81,
    94.311,
    94.815,
    94.31300000000002,
    91.28200000000001,
    95.311,
    93.29799999999999,
    95.317,
    93.80500000000002,
    95.81900000000002,
    93.793,
    93.759,
    94.309,
    97.82400000000001,
    95.817,
    93.80799999999999,
    89.823,
    95.80399999999999,
    95.33100000000002,
    96.821,
    94.816,
    97.8,
    95.304,
    97.822,
    97.30700000000002,
    92.319,
    93.811,
    94.29699999999998,
    95.80300000000003,
    96.79099999999998,
    94.296,
    96.31700000000001,
    94.30600000000001,
    96.811,
    91.814,
    92.81299999999999,
    96.315,
    94.69699999999999,
    94.81,
    96.31700000000001,
    95.314,
    97.81099999999999,
    92.31200000000001,
    96.821,
    93.31000000000002,
    93.02899999999997,
    98.328,
    94.79699999999998,
    96.32300000000001,
    94.29999999999998,
    96.307,
    97.309,
    94.30600000000001,
    94.306,
    96.328,
    95.808,
    96.801,
    92.822,
    96.82000000000001,
    96.31700000000002,
    95.83500000000001,
    94.81299999999997,
    95.328,
    95.815,
    95.81700000000001,
    95.797,
    94.81400000000001,
    93.79199999999999,
    95.79799999999997,
    95.78800000000001,
    97.80800000000002,
    97.31500000000003,
    93.309,
    96.787,
    94.31200000000001,
    96.79199999999999,
    95.31800000000001,
    95.81999999999998,
    98.321,
    98.295,
    94.322,
    96.30199999999999,
    95.282,
    96.31800000000001,
    94.826,
    97.31400000000001,
    98.80699999999999,
    93.82000000000002,
    95.80199999999999,
    95.308,
    94.31700000000001,
    95.31899999999999,
    95.296,
    93.299,
    94.816,
    98.792,
    98.30199999999999,
    96.286,
    96.312,
    95.80899999999998,
    97.29400000000001,
    97.30699999999999,
    96.80199999999999,
    97.31300000000002,
    92.81500000000001,
    94.774,
    96.79499999999999,
    97.31099999999999,
    92.808,
    97.325,
    95.80900000000001,
    92.326,
    96.80799999999999,
    95.32300000000001,
    95.308,
    93.821,
    92.295,
    94.81500000000001,
    96.31899999999999,
    97.29599999999998,
    93.80499999999999,
    93.807,
    59.24400000000279,
    96.824,
    97.32800000000002,
    97.819,
    94.297,
    97.31700000000001,
    94.81500000000001,
    95.81499999999998,
    95.80499999999999,
    92.79700000000001,
    93.804,
    97.32900000000002,
    97.32300000000001,
    93.81300000000002,
    95.319,
    95.30600000000001,
    93.81599999999999,
    96.316,
    94.82000000000001,
    97.32000000000001,
    94.314,
    97.31899999999999,
    94.30599999999998,
    96.314,
    94.80699999999999,
    93.314,
    96.821,
    95.80499999999999,
    94.31499999999998,
    97.32400000000003,
    94.307,
    93.795,
    92.809,
    96.80799999999999,
    95.804,
    94.82200000000002,
    95.285,
    93.29500000000002,
    96.79599999999998,
    95.305,
    94.31400000000001,
    97.30000000000003,
    95.32000000000001,
    96.81,
    94.32000000000001,
    96.82800000000002,
    97.31500000000003,
    94.79400000000001,
    94.796,
    95.304,
    94.315,
    94.312,
    96.796,
    91.68500000000002,
    97.81899999999999,
    94.807,
    94.321,
    94.31500000000001,
    97.306,
    98.81499999999998,
    94.81900000000002,
    95.316,
    95.323,
    93.821,
    95.80799999999999,
    96.309,
    94.80800000000002,
    96.304,
    92.32400000000003,
    94.309,
    96.30000000000001,
    94.81400000000001,
    94.811,
    94.30400000000002,
    97.304,
    92.79700000000001,
    96.82900000000001,
    93.30600000000001,
    98.82300000000001,
    93.313,
    95.79799999999999,
    94.313,
    95.80399999999999,
    94.822,
    95.79099999999998,
    95.3,
    96.808,
    97.79400000000001,
    95.816,
    94.82300000000001,
    96.303,
    95.80799999999999,
    96.81300000000002,
    96.822,
    96.31600000000002,
    96.32400000000003,
    96.804,
    95.315,
    94.818,
    96.809,
    95.796,
    95.30599999999998,
    95.311,
    93.77600000000001,
    98.82400000000001,
    97.328,
    95.316,
    95.817,
    96.301,
    98.328,
    96.81100000000002,
    97.32300000000001,
    96.80400000000002,
    91.83000000000001,
    96.80499999999999,
    99.312,
    96.32900000000001,
    97.32300000000001,
    94.31800000000001,
    94.8,
    94.80499999999999,
    95.796,
    92.817,
    98.311,
    96.30699999999999,
    93.819,
    96.32100000000001,
    96.80999999999999,
    94.814,
    92.30199999999999,
    96.31000000000002,
    93.31,
    94.309,
    93.81000000000002,
    92.78899999999999,
    94.812,
    95.322,
    96.32600000000001,
    96.297,
    95.32399999999998,
    96.324,
    96.295,
    95.314,
    95.799,
    98.308,
    95.813,
    96.802,
    95.808,
    97.811,
    94.816,
    98.27300000000001,
    98.314,
    95.80500000000002,
    94.29500000000002,
    96.31,
    93.822,
    95.815,
    97.80500000000002,
    95.80100000000002,
    96.304,
    94.32100000000001,
    94.79899999999999,
    98.311,
    95.319,
    95.82700000000001,
    94.31700000000001,
    95.79800000000002,
    97.31200000000001,
    94.806,
    96.80699999999999,
    97.306,
    96.80800000000002,
    94.81199999999998,
    93.80600000000001,
    94.819,
    93.821,
    94.319,
    94.822,
    96.33200000000001,
    95.315,
    94.30900000000001,
    99.31199999999998,
    96.31400000000001,
    97.30600000000001,
    98.31000000000002,
    94.32600000000002,
    95.31299999999999,
    97.30099999999999,
    97.817,
    95.79799999999999,
    97.82000000000002,
    95.309,
    93.779,
    94.83300000000001,
    94.31400000000001,
    93.82200000000002,
    94.299,
    95.311,
    96.304,
    93.785,
    96.30499999999999,
    95.812,
    95.299,
    94.31200000000001,
    95.80399999999997,
    95.316,
    94.312,
    92.27599999999998,
    97.821,
    95.799,
    96.297,
    96.806,
    95.3,
    96.327,
    95.806,
    92.31499999999998,
    93.293,
    95.81500000000001,
