{
  "complexity": 13,
  "alpha": 0.3,
  "gamma": 0.9,
  "epsilon": 0.2,
  "extra_passages": 2,
  "avg_rewards": [
    -818.1859999999767,
    -157.85199999999458,
    -80.11499999999386,
    -116.96199999999583,
    -92.8799999999888,
    -35.5039999999955,
    -606.1780000014138,
    -47.07599999999344,
    -182.59599999999554,
    -210.0539999999678,
    -168.20000000001755,
    -1181.5960000034654,
    73.537,
    3.2270000000015258,
    -216.14999999997357,
    2.5200000000035927,
    -52.198999999992296,
    -6.580999999997377,
    38.02900000000094,
    71.90000000000002,
    -6.177999999993813,
    17.610000000003232,
    -179.97399999998726,
    46.83000000000086,
    22.895000000004952,
    -8.665999999988468,
    16.752000000002433,
    -73.88399999998782,
    37.48199999999976,
    -2373.084999990184,
    -326.76200000058145,
    -17.65299999999291,
    -50.664999999984126,
    -38.65599999999017,
    12.952000000004139,
    -509.6850000012358,
    -221.48100000000855,
    -61.67099999997872,
    87.11200000000005,
    2.0010000000081805,
    -6.747999999988549,
    -108.76099999997253,
    -65.165999999982,
    -587.0220000007945,
    -49.03399999998648,
    87.71,
    84.17299999999997,
    73.37499999999977,
    -156.90199999997694,
    -23.349999999985936,
    -20.73099999998892,
    83.41100000000003,
    78.2809999999997,
    10.687000000010768,
    83.02399999999986,
    72.23699999999961,
    25.594000000002183,
    76.09899999999996,
    86.92699999999998,
    88.69299999999996,
    76.11500000000039,
    85.64499999999998,
    86.58700000000003,
    92.698,
    81.01399999999985,
    70.11499999999985,
    81.37400000000002,
    70.69099999999898,
    61.32399999999998,
    62.35700000000118,
    91.55899999999997,
    87.26399999999998,
    87.3140000000001,
    78.54600000000025,
    91.69099999999999,
    85.70200000000003,
    86.45500000000001,
    88.77699999999999,
    84.80499999999998,
    -22.701999999993195,
    82.50199999999988,
    91.702,
    92.184,
    78.68900000000006,
    89.109,
    92.92099999999996,
    89.02900000000002,
    87.66599999999998,
    90.703,
    91.668,
    92.28500000000001,
    91.71200000000002,
    78.61599999999994,
    90.23500000000001,
    88.78099999999995,
    94.24200000000002,
    87.44300000000003,
    86.33699999999997,
    94.68800000000002,
    95.28099999999999,
    85.06200000000004,
    93.723,
    93.286,
    92.78599999999999,
    95.285,
    90.20200000000001,
    80.93899999999972,
    87.35800000000005,
    92.72900000000001,
    94.78299999999999,
    97.27700000000002,
    92.57899999999998,
    87.51099999999983,
    95.225,
    86.95700000000002,
    89.293,
    89.46200000000003,
    92.18799999999999,
    86.72900000000001,
    93.77099999999999,
    94.69099999999999,
    94.70700000000001,
    91.77099999999999,
    93.80699999999999,
    91.787,
    92.78600000000002,
    89.774,
    93.20000000000002,
    93.739,
    93.27700000000002,
    93.256,
    93.00699999999998,
    94.28999999999999,
    95.29499999999999,
    90.76899999999998,
    89.78500000000001,
    92.776,
    93.28200000000001,
    93.267,
    93.781,
    86.708,
    90.203,
    92.28200000000001,
    93.768,
    91.26000000000002,
    93.28600000000002,
    95.297,
    92.78999999999999,
    94.802,
    93.297,
    94.793,
    94.30400000000002,
    88.25899999999999,
    95.795,
    95.796,
    96.796,
    95.30000000000001,
    92.78,
    94.29600000000002,
    92.276,
    94.775,
    94.28699999999999,
    91.295,
    95.287,
    96.30300000000001,
    90.29499999999999,
    94.787,
    91.79800000000002,
    94.78900000000002,
    92.78400000000002,
    93.273,
    95.285,
    94.29400000000001,
    92.811,
    94.288,
    96.269,
    95.79100000000001,
    93.29400000000001,
    90.30600000000001,
    90.806,
    96.266,
    95.791,
    94.298,
    96.28699999999999,
    90.717,
    95.285,
    96.297,
    95.28600000000002,
    92.28300000000002,
    90.292,
    92.29,
    92.79099999999998,
    95.772,
    91.29899999999999,
    92.791,
    87.796,
    93.79599999999999,
    94.28999999999999,
    92.79400000000001,
    89.311,
    94.78600000000002,
    94.77900000000001,
    94.28400000000002,
    93.29499999999999,
    92.30199999999999,
    95.311,
    95.28099999999998,
    92.29899999999999,
    95.28600000000002,
    96.279,
    92.788,
    95.28599999999999,
    93.77799999999999,
    98.293,
    92.79399999999998,
    93.279,
    95.298,
    95.782,
    92.28500000000001,
    91.785,
    93.288,
    91.803,
    93.27899999999998,
    90.785,
    94.795,
    92.793,
    94.79200000000002,
    94.80300000000001,
    94.297,
    91.76199999999999,
    90.79400000000001,
    91.266,
    92.795,
    91.30300000000003,
    94.299,
    89.78600000000002,
    91.78200000000001,
    91.28600000000002,
    94.29299999999999,
    96.801,
    95.29400000000001,
    94.28,
    93.79400000000001,
    96.27899999999997,
    94.797,
    93.76899999999999,
    89.28000000000002,
    95.277,
    93.27999999999997,
    93.784,
    96.802,
    93.27799999999999,
    91.29000000000002,
    96.79399999999998,
    92.78600000000002,
    93.30600000000001,
    93.78699999999999,
    94.785,
    92.79100000000001,
    95.769,
    93.298,
    93.776,
    95.79600000000002,
    91.741,
    93.30800000000002,
    93.71700000000001,
    92.79299999999999,
    91.779,
    94.312,
    94.81300000000002,
    95.78,
    92.773,
    92.773,
    94.29299999999998,
    94.30699999999999,
    94.78200000000001,
    92.8,
    96.30100000000002,
    93.782,
    94.788,
    95.288,
    95.78500000000001,
    93.29099999999998,
    94.294,
    95.30999999999999,
    93.28600000000002,
    92.31000000000002,
    93.284,
    94.29400000000001,
    95.29700000000001,
    95.29499999999999,
    94.29200000000002,
    90.62100000000001,
    90.78599999999999,
    93.791,
    90.796,
    91.78699999999999,
    94.29399999999998,
    92.274,
    94.289,
    97.313,
    92.30600000000001,
    94.23100000000002,
    92.756,
    93.28600000000002,
    91.28800000000001,
    94.291,
    96.289,
    94.775,
    93.29100000000001,
    95.811,
    94.256,
    93.28900000000002,
    94.27900000000001,
    96.78,
    92.71700000000001,
    93.77400000000002,
    94.79800000000002,
    94.29500000000002,
    93.787,
    90.29300000000002,
    93.765,
    93.8,
    97.28300000000002,
    92.294,
    95.268,
    95.80600000000001,
    96.793,
    96.796,
    93.79499999999999,
    94.284,
    96.80999999999999,
    94.28600000000002,
    94.31000000000002,
    95.28800000000003,
    94.28500000000001,
    96.787,
    93.29200000000002,
    88.79299999999999,
    94.76699999999998,
    91.27699999999999,
    92.285,
    89.80099999999999,
    94.79100000000001,
    95.799,
    93.29399999999998,
    93.78,
    95.31099999999999,
    97.29899999999999,
    91.285,
    91.78899999999999,
    96.27599999999998,
    92.296,
    96.298,
    93.292,
    94.80100000000002,
    95.81099999999999,
    91.80200000000002,
    92.28799999999998,
    94.28599999999999,
    93.79599999999999,
    91.788,
    93.275,
    95.781,
    92.79000000000002,
    95.783,
    93.298,
    96.80199999999999,
    90.78900000000002,
    95.283,
    90.30300000000003,
    93.287,
    93.25399999999999,
    94.28300000000002,
    94.286,
    92.79,
    95.80200000000002,
    94.786,
    95.299,
    91.28,
    92.30999999999999,
    93.791,
    91.78299999999999,
    90.78999999999999,
    96.785,
    89.80699999999999,
    96.287,
    93.26100000000001,
    92.272,
    96.796,
    92.797,
    89.773,
    94.266,
    92.286,
    94.26899999999999,
    98.28200000000001,
    95.78099999999998,
    90.785,
    92.786,
    89.28200000000001,
    92.78,
    91.796,
    94.217,
    95.30800000000002,
    95.29399999999998,
    92.797,
    94.28599999999999,
    93.28600000000002,
    94.289,
    96.288,
    96.783,
    94.274,
    92.281,
    92.78299999999999,
