{
  "complexity": 2,
  "alpha": 0.1,
  "gamma": 0.85,
  "epsilon": 0.1,
  "extra_passages": 13,
  "avg_rewards": [
    -474.5859999999977,
    -6.049999999999551,
    64.83299999999988,
    65.54699999999988,
    43.719000000000015,
    70.16899999999994,
    85.25699999999996,
    89.05199999999998,
    77.33799999999971,
    69.95999999999992,
    79.01500000000021,
    80.374,
    82.05999999999996,
    81.42600000000004,
    81.384999999999,
    85.81000000000002,
    84.88999999999996,
    80.35999999999997,
    84.18199999999993,
    74.37599999999996,
    77.27999999999932,
    91.02799999999999,
    91.443,
    91.68299999999996,
    89.02499999999993,
    90.35099999999997,
    91.998,
    89.02199999999999,
    92.38199999999992,
    77.58899999999899,
    74.18599999999977,
    83.62500000000003,
    78.66099999999982,
    90.09099999999997,
    74.1659999999988,
    94.17599999999999,
    88.34999999999995,
    68.66600000000342,
    84.37899999999999,
    79.10500000000003,
    68.96700000000162,
    94.88,
    86.958,
    94.605,
    85.48099999999991,
    89.205,
    92.21099999999988,
    94.349,
    90.04099999999997,
    91.37700000000002,
    86.38399999999997,
    85.26599999999992,
    79.44300000000064,
    91.13500000000022,
    84.77300000000011,
    85.41899999999995,
    91.10399999999996,
    97.27900000000001,
    94.36800000000002,
    89.65599999999985,
    94.54399999999994,
    92.28599999999994,
    94.896,
    95.15,
    96.75,
    96.60700000000001,
    95.95799999999998,
    94.44099999999992,
    89.75599999999997,
    96.754,
    92.48499999999999,
    92.49799999999983,
    97.118,
    97.115,
    97.70500000000001,
    94.186,
    94.19299999999997,
    98.291,
    89.47900000000001,
    95.62200000000004,
    98.57300000000001,
    96.569,
    95.222,
    98.759,
    97.20400000000001,
    94.35499999999985,
    96.756,
    95.86599999999999,
    97.08900000000003,
    97.284,
    95.245,
    98.35400000000001,
    94.73000000000002,
    99.04500000000002,
    96.586,
    98.04100000000001,
    96.50500000000002,
    95.95199999999998,
    93.564,
    98.84700000000001,
    93.73799999999997,
    96.485,
    98.10600000000002,
    97.553,
    92.38000000000008,
    98.05199999999999,
    88.02399999999986,
    93.78300000000002,
    96.837,
    97.398,
    97.33500000000001,
    98.01700000000001,
    98.626,
    97.958,
    96.623,
    97.98800000000001,
    97.562,
    97.156,
    94.84599999999996,
    96.95599999999999,
    98.17,
    95.78500000000001,
    97.01299999999999,
    90.42700000000002,
    97.19400000000002,
    93.69800000000001,
    97.143,
    98.168,
    96.99499999999999,
    97.613,
    98.57700000000001,
    98.26100000000001,
    98.23,
    96.24800000000002,
    98.196,
    98.002,
    98.63899999999998,
    98.235,
    98.225,
    98.20700000000001,
    96.80199999999999,
    98.722,
    98.751,
    98.80500000000002,
    98.78600000000002,
    97.73700000000001,
    99.29600000000002,
    97.31700000000001,
    98.83,
    99.32700000000001,
    98.32900000000002,
    98.28600000000002,
    98.83000000000001,
    99.83100000000002,
    97.20800000000001,
    97.821,
    98.328,
    98.32900000000001,
    98.32600000000001,
    98.792,
    99.29,
    99.32700000000003,
    98.79400000000001,
    98.34,
    98.83099999999999,
    98.33200000000001,
    97.83400000000002,
    98.32700000000001,
    96.833,
    99.345,
    98.34400000000002,
    97.84,
    98.33700000000002,
    98.816,
    97.325,
    99.84,
    95.67600000000002,
    99.83000000000001,
    95.24900000000002,
    96.83200000000001,
    98.83400000000002,
    98.33400000000002,
    98.838,
    98.83700000000002,
    98.83800000000001,
    96.83099999999999,
    97.84100000000001,
    98.34,
    98.33300000000001,
    99.33000000000001,
    99.83699999999999,
    98.827,
    97.82600000000001,
    98.343,
    98.34300000000002,
    97.833,
    99.328,
    99.324,
    97.32,
    97.33400000000003,
    97.34000000000002,
    97.835,
    95.33400000000002,
    97.837,
    98.84,
    97.33900000000001,
    99.835,
    97.833,
    99.83500000000001,
    97.83800000000001,
    97.83200000000002,
    99.316,
    97.829,
    98.33100000000002,
    97.84300000000002,
    97.34000000000002,
    97.34400000000002,
    98.321,
    96.83900000000003,
    98.30799999999999,
    99.33399999999999,
    97.84100000000002,
    98.33700000000002,
    97.843,
    97.833,
    96.83000000000001,
    99.83900000000001,
    99.83500000000001,
    98.33800000000001,
    97.833,
    97.81800000000001,
    95.32900000000002,
    98.836,
    99.303,
    98.77900000000001,
    98.83700000000002,
    96.82700000000001,
    98.837,
    96.81400000000001,
    98.33,
    97.82700000000001,
    97.33900000000001,
    98.34,
    99.34400000000002,
    96.317,
    98.81200000000001,
    97.83400000000002,
    99.33300000000001,
    97.70900000000002,
    98.755,
    97.823,
    97.32300000000001,
    98.33800000000001,
    98.83300000000001,
    99.328,
    97.825,
    99.322,
    98.834,
    97.82400000000001,
    96.34100000000001,
    99.33000000000001,
    97.33000000000001,
    98.83300000000001,
    98.33100000000002,
    97.82900000000001,
    98.34100000000001,
    99.34200000000001,
    97.32000000000001,
    97.32300000000001,
    97.66000000000001,
    97.34100000000001,
    98.834,
    98.83700000000002,
    99.338,
    97.83600000000001,
    98.32900000000001,
    98.83800000000001,
    97.331,
    96.31500000000001,
    97.83600000000001,
    98.82700000000003,
    99.33400000000002,
    96.55799999999998,
    97.82900000000002,
    98.328,
    98.32700000000003,
    99.33300000000001,
    97.33500000000001,
    96.83800000000001,
    98.328,
    97.34300000000002,
    97.34300000000002,
    98.328,
    99.84100000000002,
    99.33300000000001,
    98.83000000000001,
    97.333,
    98.33900000000003,
    96.84,
    98.84,
    97.33100000000002,
    98.84000000000002,
    97.82600000000001,
    97.83500000000001,
    98.84000000000002,
    99.824,
    97.83500000000001,
    98.33500000000001,
    98.30600000000001,
    98.339,
    97.74800000000002,
    99.831,
    98.33900000000001,
    97.84100000000001,
    97.831,
    98.82800000000002,
    97.33400000000003,
    99.32900000000001,
    95.828,
    98.84000000000002,
    97.312,
    97.337,
    97.31300000000002,
    98.287,
    98.34,
    99.32900000000002,
    96.324,
    98.328,
    99.84100000000001,
    97.83400000000002,
    97.33600000000001,
    99.32500000000002,
    99.33000000000001,
    98.32600000000001,
    97.829,
    99.325,
    98.82700000000003,
    98.82300000000001,
    98.825,
    97.83500000000002,
    98.32800000000002,
    98.33800000000001,
    99.28100000000002,
    98.84100000000001,
    99.33700000000002,
    98.838,
    98.329,
    98.33700000000002,
    97.83599999999998,
    98.836,
    98.843,
    99.33400000000002,
    97.33200000000002,
    97.32500000000002,
    97.84,
    97.83700000000002,
    97.833,
    99.314,
    98.83700000000002,
    99.31400000000001,
    99.831,
    97.33000000000001,
    97.32700000000003,
    99.83900000000001,
    97.82400000000001,
    98.28600000000003,
    98.84100000000001,
    97.333,
    96.82600000000001,
    98.33200000000002,
    98.33600000000001,
    98.83700000000002,
    97.83500000000001,
    98.33400000000002,
    96.83200000000001,
    99.33600000000001,
    99.34200000000001,
    97.83500000000001,
    97.83500000000002,
    98.34200000000001,
    99.31799999999998,
    98.83200000000002,
    98.82700000000003,
    98.818,
    97.33600000000001,
    98.33200000000002,
    98.34,
    96.828,
    97.83900000000001,
    98.82600000000001,
    98.83200000000001,
    98.32900000000002,
    99.33700000000002,
    98.33400000000002,
    98.33300000000001,
    98.84,
    98.83399999999999,
    99.338,
    98.324,
    98.839,
    96.80499999999999,
    94.57799999999993,
    99.83300000000001,
    97.328,
