{
  "complexity": 0,
  "alpha": 0.2,
  "gamma": 0.9,
  "epsilon": 0.2,
  "extra_passages": 15,
  "avg_rewards": [
    -393.3819999999979,
    -57.68299999999946,
    25.534000000000624,
    48.05699999999963,
    -6.788999999999399,
    41.18499999999983,
    62.06299999999995,
    66.22800000000001,
    62.37700000000009,
    64.36499999999997,
    68.69499999999996,
    44.419000000000565,
    75.59599999999996,
    80.53799999999997,
    80.03600000000002,
    68.99100000000001,
    72.59799999999997,
    72.67299999999982,
    82.65199999999996,
    79.527,
    73.10899999999965,
    84.37999999999998,
    91.907,
    85.248,
    87.108,
    80.30199999999999,
    74.2389999999998,
    85.27100000000004,
    82.82800000000006,
    84.04099999999998,
    86.84300000000005,
    80.85999999999994,
    74.43199999999989,
    84.81299999999997,
    85.367,
    81.61899999999997,
    85.63899999999998,
    86.56499999999998,
    89.25299999999999,
    92.559,
    87.91799999999999,
    62.213000000000555,
    83.26799999999999,
    70.22399999999979,
    76.12499999999997,
    79.29799999999993,
    84.02499999999998,
    84.47800000000012,
    85.71899999999994,
    81.4419999999998,
    93.47200000000001,
    88.12700000000001,
    88.91099999999993,
    84.07499999999999,
    93.24100000000003,
    94.063,
    89.41700000000006,
    93.39200000000001,
    90.50999999999996,
    92.00199999999998,
    89.35199999999993,
    93.58200000000001,
    89.714,
    90.11100000000002,
    84.77800000000002,
    90.85699999999999,
    92.944,
    91.14099999999996,
    91.24600000000005,
    92.141,
    92.06399999999996,
    93.762,
    98.171,
    95.46100000000001,
    94.40900000000002,
    96.001,
    88.44400000000014,
    92.98300000000002,
    98.167,
    94.61100000000002,
    96.02000000000001,
    96.57899999999998,
    91.51799999999997,
    95.12800000000001,
    92.71699999999998,
    92.869,
    95.67099999999999,
    88.65599999999995,
    87.51400000000001,
    89.82799999999992,
    95.45899999999999,
    95.984,
    86.95800000000001,
    92.01000000000002,
    95.80600000000001,
    90.65599999999999,
    96.094,
    87.06799999999961,
    93.023,
    94.56700000000001,
    94.193,
    92.674,
    95.23800000000001,
    86.071,
    93.614,
    93.18799999999997,
    96.223,
    96.665,
    95.14799999999995,
    95.09700000000002,
    95.28299999999999,
    96.759,
    96.028,
    94.124,
    93.21200000000002,
    95.23200000000001,
    96.689,
    96.763,
    94.71599999999998,
    91.238,
    97.267,
    99.28900000000002,
    95.31300000000002,
    96.774,
    95.813,
    97.74700000000001,
    97.31,
    94.815,
    96.32900000000002,
    95.726,
    94.275,
    94.303,
    93.74100000000001,
    96.811,
    96.811,
    97.31800000000001,
    98.308,
    94.80699999999999,
    97.312,
    98.30199999999999,
    97.321,
    98.31,
    97.318,
    97.28699999999999,
    96.79500000000002,
    93.825,
    96.29999999999998,
    93.81200000000001,
    94.821,
    95.82600000000001,
    96.31,
    94.309,
    97.326,
    97.301,
    97.306,
    94.757,
    95.30900000000001,
    92.252,
    97.309,
    97.32100000000001,
    94.304,
    94.28699999999999,
    95.309,
    95.299,
    98.32400000000001,
    95.824,
    95.307,
    95.814,
    96.80099999999997,
    96.808,
    97.31,
    96.296,
    98.316,
    95.311,
    97.31300000000002,
    94.816,
    93.28200000000001,
    94.79699999999998,
    97.81900000000002,
    94.83400000000002,
    96.82700000000003,
    96.79800000000002,
    97.324,
    96.33099999999999,
    97.816,
    98.78299999999999,
    98.32000000000002,
    98.32300000000002,
    97.814,
    95.30700000000002,
    95.312,
    97.31800000000001,
    96.304,
    97.80199999999999,
    97.307,
    96.29499999999999,
    93.80000000000001,
    96.31500000000001,
    94.817,
    93.29400000000001,
    96.30499999999999,
    96.80800000000002,
    97.30999999999999,
    95.306,
    94.80199999999999,
    97.82300000000001,
    94.82199999999999,
    95.814,
    97.811,
    94.32700000000003,
    95.307,
    89.312,
    97.291,
    95.30499999999999,
    95.81300000000002,
    93.31800000000001,
    95.315,
    94.806,
    96.803,
    96.80300000000001,
    96.80599999999998,
    96.32700000000001,
    97.314,
    96.31300000000002,
    95.304,
    96.313,
    95.32000000000001,
    98.30799999999999,
    95.812,
    97.314,
    96.787,
    95.30800000000002,
    94.81900000000002,
    95.314,
    96.30900000000001,
    97.818,
    96.821,
    94.31000000000002,
    95.82300000000001,
    95.31300000000002,
    93.81500000000001,
    96.819,
    98.821,
    93.80500000000002,
    96.319,
    94.82000000000002,
    98.81799999999998,
    96.821,
    95.80799999999999,
    95.81500000000001,
    91.80999999999999,
    95.79299999999998,
    96.8,
    95.315,
    97.81800000000001,
    97.81200000000001,
    98.31899999999999,
    95.318,
    92.80799999999999,
    96.79999999999998,
    97.33100000000002,
    94.80699999999999,
    95.737,
    95.80199999999999,
    95.79800000000002,
    93.30600000000003,
    97.80999999999999,
    94.81,
    96.821,
    96.81500000000001,
    95.311,
    95.813,
    97.824,
    94.31500000000001,
    97.31500000000001,
    96.792,
    95.80499999999998,
    96.78899999999999,
    97.30799999999999,
    94.811,
    93.796,
    97.319,
    97.316,
    95.81700000000001,
    97.82500000000002,
    97.81099999999999,
    97.304,
    94.316,
    96.80999999999999,
    94.28599999999999,
    96.80300000000003,
    98.31500000000001,
    96.82700000000001,
    96.28899999999999,
    97.8,
    94.82399999999998,
    95.31400000000001,
    97.30699999999999,
    96.814,
    94.29600000000002,
    96.81,
    97.83100000000002,
    92.303,
    93.8,
    96.29499999999999,
    97.83600000000001,
    95.31299999999999,
    94.811,
    94.31300000000002,
    98.81200000000001,
    96.34100000000001,
    98.30499999999999,
    96.803,
    94.79499999999999,
    95.81499999999998,
    93.80700000000002,
    95.804,
    94.803,
    95.81700000000001,
    95.816,
    97.818,
    99.31,
    95.316,
    97.322,
    95.81799999999998,
    96.328,
    96.33600000000001,
    96.32200000000002,
    99.83600000000001,
    95.803,
    95.32800000000002,
    92.30499999999999,
    96.30999999999999,
    96.32900000000001,
    95.32000000000001,
    94.82500000000002,
    95.814,
    97.824,
    98.32199999999999,
    96.29799999999999,
    94.808,
    99.30700000000002,
    97.30300000000001,
    98.311,
    97.826,
    98.819,
    96.309,
    95.32000000000002,
    97.803,
    94.81700000000002,
    95.311,
    97.816,
    98.319,
    95.804,
    93.797,
    96.816,
    98.32900000000001,
    95.81000000000002,
    96.304,
    97.307,
    93.31200000000001,
    95.82400000000003,
    94.30499999999999,
    95.292,
    95.30400000000002,
    97.799,
    97.80799999999999,
    97.824,
    96.32400000000001,
    97.32700000000001,
    95.81400000000001,
    98.31700000000002,
    97.82600000000001,
    95.8,
    95.804,
    98.30800000000002,
    95.319,
    97.31,
    96.82300000000001,
    94.313,
    94.80600000000001,
    93.80500000000002,
    97.824,
    94.81900000000002,
    98.30799999999999,
    96.30499999999998,
    97.80699999999999,
    94.28,
    93.301,
    94.31,
    95.81500000000001,
    95.824,
    97.823,
    97.81800000000001,
    95.32899999999998,
    95.319,
    95.81400000000001,
    96.31200000000001,
    95.316,
    97.30100000000002,
    95.30900000000001,
    97.30100000000002,
    95.80099999999999,
    97.825,
    95.31599999999999,
    93.81800000000001,
    93.81599999999999,
    94.81500000000001,
    96.31199999999998,
    97.325,
    96.80399999999999,
    97.31399999999998,
    95.31700000000001,
    92.291,
    98.799,
    96.812,
    97.321,
    95.828,
    97.315,
    93.297,
    96.321,
    95.315,
    95.804,
    94.321,
    94.824,
    97.82000000000001,
