{
  "complexity": 8,
  "alpha": 0.3,
  "gamma": 0.9,
  "epsilon": 0.1,
  "extra_passages": 7,
  "avg_rewards": [
    -521.482999999987,
    -40.74199999999887,
    42.46600000000001,
    -56.589999999982,
    -211.15200000034437,
    78.23400000000015,
    63.46600000000011,
    71.53199999999991,
    65.56500000000098,
    91.95599999999993,
    27.483000000002686,
    -252.68000000083217,
    -145.52899999995816,
    42.40799999999884,
    -130.21199999994005,
    62.92599999999832,
    81.96399999999996,
    17.776000000018893,
    12.894000000021418,
    64.41899999999946,
    82.44299999999994,
    78.67600000000002,
    64.92200000000183,
    88.04299999999992,
    17.087000000009176,
    36.31500000000683,
    65.65399999999914,
    78.5129999999997,
    78.36099999999905,
    72.85000000000035,
    90.10900000000002,
    92.0,
    94.66099999999994,
    89.8750000000001,
    92.51099999999997,
    94.34800000000001,
    91.58999999999983,
    92.54400000000031,
    91.186,
    94.71000000000001,
    95.696,
    95.82100000000001,
    93.1,
    96.75499999999998,
    96.65699999999997,
    95.67900000000002,
    96.97200000000001,
    92.90099999999998,
    91.39499999999998,
    98.26500000000001,
    85.51299999999928,
    98.583,
    93.88399999999999,
    97.97700000000002,
    96.12900000000002,
    96.54200000000002,
    95.72200000000001,
    92.29799999999994,
    96.25600000000001,
    96.82500000000002,
    98.816,
    97.83500000000001,
    99.33200000000002,
    96.34400000000002,
    98.83600000000003,
    95.34200000000001,
    97.84100000000001,
    97.82700000000003,
    95.83700000000002,
    97.832,
    96.33,
    99.325,
    97.33400000000003,
    97.843,
    96.81300000000002,
    96.34400000000001,
    96.83800000000001,
    97.833,
    98.26500000000001,
    97.84400000000001,
    98.83200000000002,
    96.33700000000002,
    98.33700000000002,
    97.34,
    96.83200000000002,
    97.831,
    97.84,
    98.34,
    96.34100000000001,
    96.82800000000002,
    98.824,
    94.83100000000002,
    99.33500000000001,
    97.34100000000001,
    98.33099999999999,
    95.83800000000001,
    97.833,
    99.345,
    98.34100000000001,
    97.838,
    96.827,
    98.333,
    97.83900000000001,
    96.34100000000001,
    97.83900000000001,
    98.34,
    98.84500000000001,
    96.825,
    98.84200000000001,
    98.333,
    98.331,
    97.34100000000001,
    98.83,
    98.33900000000001,
    98.33300000000001,
    97.337,
    98.34,
    98.84,
    98.83599999999998,
    99.83099999999999,
    95.83200000000002,
    96.33300000000001,
    96.81899999999999,
    95.83200000000002,
    98.342,
    97.83800000000001,
    99.83800000000001,
    98.83200000000002,
    96.83900000000001,
    97.33400000000002,
    95.83600000000001,
    98.831,
    97.836,
    96.34000000000002,
    98.83099999999999,
    99.334,
    97.82300000000001,
    98.33200000000002,
    97.83000000000001,
    96.83500000000001,
    98.33900000000001,
    98.33600000000001,
    98.34200000000001,
    98.83500000000001,
    95.84200000000001,
    98.33100000000002,
    99.316,
    97.321,
    96.82400000000001,
    98.83400000000002,
    95.33400000000002,
    97.34000000000002,
    97.33700000000002,
    96.33200000000002,
    98.84,
    97.33099999999999,
    97.824,
    98.33000000000001,
    96.83099999999999,
    97.33500000000001,
    98.321,
    95.84100000000002,
    98.32900000000001,
    97.325,
    98.831,
    96.33800000000001,
    98.33600000000001,
    98.34600000000002,
    94.83000000000001,
    96.822,
    97.33400000000002,
    98.84,
    98.32000000000001,
    96.83500000000001,
    97.33400000000002,
    96.834,
    97.33300000000001,
    98.333,
    96.823,
    95.33800000000001,
    97.82900000000002,
    97.328,
    97.33500000000002,
    97.828,
    96.82900000000001,
    95.836,
    98.83700000000002,
    99.34200000000001,
    93.83600000000001,
    97.83099999999999,
    94.84,
    98.33500000000001,
    94.84300000000002,
    99.34200000000001,
    99.33600000000001,
    98.33800000000001,
    98.82500000000002,
    98.332,
    96.33900000000003,
    94.34200000000001,
    98.326,
    96.825,
    97.79299999999999,
    98.34000000000002,
    96.819,
    95.82500000000002,
    98.327,
    97.828,
    98.32700000000001,
    99.34100000000001,
    97.32900000000001,
    96.82900000000002,
    97.33800000000002,
    98.334,
    98.33400000000002,
    96.83400000000002,
    98.334,
    97.33200000000002,
    96.33300000000001,
    96.82700000000003,
    98.821,
    98.32900000000001,
    97.836,
    96.33300000000001,
    97.833,
    96.83600000000001,
    97.831,
    99.33600000000001,
    97.83700000000002,
    98.84400000000002,
    97.84,
    97.33500000000001,
    99.33500000000001,
    95.833,
    98.836,
    98.336,
    97.33500000000001,
    96.33700000000002,
    95.83400000000002,
    98.833,
    94.83000000000001,
    99.324,
    97.83900000000001,
    97.33400000000002,
    96.33300000000001,
    98.32900000000002,
    96.843,
    96.83600000000001,
    99.32900000000002,
    97.33700000000002,
    97.331,
    98.33200000000002,
    98.83500000000001,
    97.83800000000002,
    98.33600000000001,
    98.83200000000001,
    99.33500000000001,
    97.32300000000001,
    98.33300000000001,
    95.83800000000002,
    98.33800000000001,
    97.82900000000002,
    94.83500000000001,
    96.83500000000001,
    97.34,
    98.33700000000002,
    97.83700000000002,
    98.83600000000001,
    96.83400000000002,
    97.34400000000002,
    97.828,
    96.83000000000001,
    96.84,
    97.83700000000002,
    96.837,
    96.833,
    95.331,
    99.818,
    98.34200000000001,
    96.84100000000002,
    97.822,
    96.82600000000001,
    98.33800000000001,
    96.84200000000001,
    98.836,
    98.33599999999998,
    95.32100000000003,
    96.34100000000001,
    96.84200000000001,
    97.83900000000001,
    98.334,
    96.82900000000002,
    98.327,
    97.33500000000001,
    98.34,
    98.83600000000001,
    98.84100000000001,
    99.333,
    97.33200000000001,
    97.83000000000001,
    98.83700000000002,
    97.83800000000002,
    98.834,
    96.83800000000001,
    99.343,
    95.806,
    97.83900000000003,
    95.33800000000001,
    97.32900000000001,
    97.82900000000002,
    98.835,
    96.83200000000001,
    97.83400000000002,
    99.33500000000001,
    97.84,
    97.84100000000001,
    98.83700000000002,
    96.83700000000002,
    97.84,
    98.34200000000001,
    98.33399999999999,
    98.32200000000002,
    94.83,
    98.33099999999999,
    93.313,
    95.32300000000001,
    97.83200000000001,
    96.83500000000001,
    95.33400000000002,
    97.83700000000002,
    96.826,
    98.33,
    96.83000000000001,
    97.33500000000001,
    98.32800000000002,
    98.33400000000002,
    99.33500000000001,
    97.83700000000002,
    96.34300000000002,
    99.33800000000001,
    98.34100000000001,
    97.33800000000001,
    96.33600000000001,
    97.82900000000001,
    96.331,
    98.83000000000001,
    98.33900000000001,
    97.83200000000001,
    98.84400000000001,
    98.33600000000001,
    97.84,
    97.32200000000002,
    98.34400000000002,
    98.84200000000001,
    97.829,
    97.83200000000001,
    97.817,
    96.33200000000001,
    99.33900000000001,
    96.328,
    97.343,
    95.839,
    96.82700000000001,
    91.831,
    97.32500000000002,
    95.33,
    98.333,
    94.84,
    98.84000000000002,
    98.34100000000002,
    97.84400000000002,
    99.324,
    98.83700000000002,
    97.83600000000001,
    97.837,
    98.33900000000003,
    96.83900000000001,
    95.331,
    98.845,
    96.33400000000002,
    97.83400000000002,
    96.34,
    96.839,
    95.84,
    98.338,
    98.33700000000002,
    97.83600000000003,
    98.33800000000001,
    98.333,
    98.337,
    96.83700000000002,
    97.83400000000002,
    98.83500000000001,
    97.83099999999999,
    97.82500000000002,
    95.34100000000001,
    97.82500000000002,
