{
  "complexity": 8,
  "alpha": 0.2,
  "gamma": 0.95,
  "epsilon": 0.1,
  "extra_passages": 7,
  "avg_rewards": [
    -514.4989999999976,
    -16.719999999997384,
    15.410000000001196,
    46.69900000000156,
    60.197000000000116,
    62.92199999999993,
    57.711,
    67.32699999999969,
    76.11300000000001,
    79.15199999999979,
    47.55599999999849,
    87.05699999999997,
    89.13599999999998,
    78.92599999999993,
    66.67500000000157,
    44.585000000003966,
    76.74199999999999,
    78.30800000000005,
    62.6839999999995,
    94.33099999999999,
    86.79199999999975,
    90.615,
    89.18700000000013,
    87.103,
    94.96399999999998,
    94.79,
    38.17000000001103,
    90.381,
    92.60499999999999,
    84.35999999999976,
    87.07700000000008,
    83.94099999999926,
    98.288,
    88.93900000000004,
    92.74700000000004,
    97.295,
    89.67000000000003,
    95.36300000000003,
    97.51100000000001,
    91.825,
    92.832,
    94.59600000000002,
    89.3919999999999,
    95.63199999999999,
    97.90400000000002,
    97.71099999999998,
    99.07700000000003,
    97.09199999999998,
    95.04999999999997,
    98.565,
    96.11600000000001,
    96.72900000000001,
    97.30199999999999,
    97.087,
    95.67100000000002,
    98.275,
    98.283,
    98.83,
    96.81200000000001,
    97.32300000000001,
    97.821,
    96.34200000000001,
    97.83600000000001,
    98.32700000000001,
    98.838,
    98.33500000000001,
    96.829,
    97.33600000000001,
    98.33700000000002,
    97.837,
    98.807,
    98.33500000000001,
    96.83300000000001,
    95.83700000000002,
    98.83900000000001,
    97.82900000000001,
    97.34000000000002,
    96.842,
    98.833,
    98.845,
    97.331,
    96.84,
    98.837,
    97.34000000000002,
    96.33900000000001,
    97.83800000000002,
    97.33200000000001,
    97.321,
    97.84200000000001,
    97.33000000000001,
    96.832,
    96.34500000000001,
    97.34500000000001,
    98.83800000000001,
    97.833,
    95.287,
    95.82699999999998,
    97.84,
    96.333,
    96.32900000000001,
    97.826,
    97.328,
    97.33900000000001,
    98.328,
    99.34400000000001,
    97.83800000000001,
    99.33600000000001,
    97.84200000000001,
    98.82800000000002,
    97.33200000000001,
    98.83800000000002,
    98.83800000000001,
    97.834,
    98.33100000000002,
    96.83800000000001,
    97.828,
    98.34000000000002,
    95.34300000000002,
    96.83800000000001,
    97.843,
    97.33700000000002,
    98.33800000000001,
    99.33199999999998,
    95.84400000000001,
    98.33300000000001,
    94.83400000000002,
    96.32700000000001,
    96.33000000000001,
    97.334,
    98.826,
    96.83400000000002,
    96.83500000000001,
    97.34200000000001,
    98.32900000000002,
    98.83000000000001,
    99.343,
    97.33500000000001,
    98.33100000000003,
    96.82000000000001,
    95.83500000000001,
    97.83600000000001,
    95.826,
    97.834,
    98.83099999999999,
    96.83500000000001,
    98.34100000000001,
    98.34500000000001,
    97.84600000000002,
    95.822,
    99.33200000000002,
    97.33000000000001,
    97.33300000000001,
    97.336,
    97.83800000000001,
    97.33099999999999,
    98.33400000000003,
    98.83900000000003,
    97.829,
    95.32500000000002,
    97.82800000000002,
    96.33000000000001,
    97.336,
    96.34200000000001,
    97.343,
    98.33500000000001,
    96.83500000000001,
    97.34200000000001,
    98.32500000000002,
    98.33800000000002,
    97.83800000000001,
    95.33200000000002,
    96.836,
    97.831,
    98.339,
    97.84,
    96.33900000000001,
    96.833,
    97.84100000000001,
    94.837,
    98.83600000000001,
    96.84,
    96.822,
    99.316,
    94.83200000000002,
    97.334,
    97.84300000000002,
    97.33800000000001,
    97.336,
    95.83500000000001,
    96.828,
    97.33500000000001,
    97.82900000000002,
    98.83,
    97.334,
    96.337,
    96.837,
    97.34300000000002,
    98.345,
    97.34400000000001,
    97.327,
    97.34,
    98.33900000000001,
    96.83800000000001,
    96.83800000000001,
    97.83300000000001,
    97.83400000000002,
    97.32100000000001,
    97.339,
    97.33200000000001,
    99.334,
    99.32900000000001,
    97.33000000000001,
    98.82500000000002,
    96.831,
    97.328,
    98.33500000000001,
    98.33200000000001,
    95.33600000000001,
    96.83500000000001,
    96.33500000000001,
    97.326,
    98.33900000000001,
    96.82300000000002,
    97.336,
    97.82900000000002,
    96.33800000000001,
    98.831,
    97.828,
    97.33600000000001,
    96.84200000000001,
    98.33900000000001,
    98.83400000000002,
    96.33500000000001,
    97.33000000000001,
    98.34100000000002,
    95.83700000000002,
    97.78400000000002,
    96.84400000000001,
    96.833,
    97.84300000000002,
    97.33700000000002,
    97.33500000000001,
    98.33800000000002,
    98.34600000000002,
    98.83200000000002,
    95.33200000000002,
    96.33200000000001,
    96.328,
    97.32900000000002,
    98.82500000000002,
    98.832,
    98.34200000000001,
    95.83700000000002,
    96.33700000000002,
    98.321,
    98.83800000000001,
    93.82700000000001,
    96.82499999999999,
    98.826,
    98.83200000000002,
    99.33900000000001,
    98.33900000000001,
    95.83200000000002,
    96.33800000000001,
    98.84100000000001,
    98.345,
    97.82700000000001,
    97.33300000000001,
    96.33900000000001,
    97.33600000000001,
    96.331,
    97.83,
    96.334,
    97.84200000000001,
    97.83000000000001,
    96.84200000000001,
    97.843,
    95.32300000000001,
    97.33700000000002,
    99.337,
    98.33200000000002,
    97.83800000000001,
    99.33200000000001,
    94.83500000000001,
    98.32600000000001,
    97.81300000000002,
    97.828,
    98.33000000000001,
    96.32000000000002,
    96.84100000000001,
    96.83900000000001,
    97.827,
    99.843,
    97.33000000000001,
    98.33699999999999,
    97.34,
    99.33600000000001,
    97.84,
    97.84400000000002,
    98.83100000000002,
    97.33900000000001,
    96.333,
    95.84100000000002,
    98.84200000000001,
    92.33000000000001,
    95.33200000000002,
    96.338,
    98.84100000000001,
    97.83500000000001,
    98.33700000000002,
    98.32900000000001,
    97.34900000000002,
    95.82400000000001,
    95.84400000000001,
    96.83700000000002,
    97.84000000000002,
    94.32700000000001,
    98.32399999999998,
    97.33800000000001,
    96.33400000000002,
    97.83800000000002,
    97.84400000000002,
    97.83400000000002,
    95.33400000000002,
    97.333,
    98.328,
    98.337,
    98.333,
    97.831,
    96.34100000000001,
    97.83300000000001,
    96.82200000000002,
    97.83200000000001,
    98.343,
    97.339,
    95.833,
    98.336,
    97.33,
    98.83600000000003,
    96.33900000000001,
    96.83500000000001,
    96.33500000000001,
    95.83200000000002,
    97.833,
    97.33700000000002,
    97.83800000000001,
    96.84400000000001,
    97.83400000000002,
    98.33400000000003,
    98.33200000000002,
    98.84100000000001,
    94.821,
    96.83200000000002,
    98.34200000000001,
    98.822,
    94.846,
    97.33500000000001,
    98.33200000000001,
    97.33800000000001,
    98.34100000000002,
    97.84100000000001,
    97.83000000000001,
    96.33300000000001,
    97.333,
    97.83700000000002,
    94.831,
    95.837,
    96.33200000000001,
    97.32600000000002,
    97.825,
    98.82900000000002,
    97.82800000000002,
    94.84400000000001,
    98.827,
    96.32700000000001,
    97.32000000000002,
    97.33500000000001,
    96.336,
    96.833,
    99.33200000000002,
    97.32500000000002,
    97.83900000000001,
    96.33300000000001,
    96.33600000000001,
    97.33500000000001,
    97.828,
    97.83900000000001,
    98.83100000000002,
    99.34500000000001,
    96.82199999999999,
    96.83600000000001,
    96.33300000000001,
    96.833,
    98.346,
    95.82700000000001,
    94.829,
    97.83500000000001,
    95.82000000000001,
    93.831,
