{
  "complexity": 0,
  "alpha": 0.2,
  "gamma": 0.9,
  "epsilon": 0.2,
  "extra_passages": 3,
  "avg_rewards": [
    -32.48999999999992,
    66.73099999999997,
    82.83499999999998,
    93.557,
    95.584,
    93.523,
    93.624,
    90.89599999999999,
    91.383,
    96.09599999999999,
    92.689,
    92.21200000000002,
    97.66999999999999,
    93.16900000000001,
    96.80499999999999,
    97.25900000000001,
    97.89400000000002,
    97.368,
    97.81099999999999,
    97.393,
    98.35999999999999,
    99.40599999999999,
    98.89500000000001,
    96.86799999999998,
    97.92100000000002,
    96.894,
    98.9,
    98.40999999999998,
    99.408,
    99.41900000000001,
    97.91,
    97.89800000000001,
    97.39699999999999,
    96.393,
    99.90599999999999,
    98.418,
    96.906,
    98.91299999999998,
    99.90799999999999,
    98.411,
    98.42,
    98.91,
    97.901,
    98.91499999999999,
    99.418,
    97.92200000000001,
    98.42099999999998,
    98.40400000000002,
    98.91799999999999,
    97.412,
    97.39399999999998,
    98.89899999999999,
    99.417,
    97.41100000000002,
    97.41600000000001,
    99.41499999999999,
    98.91499999999999,
    98.91799999999999,
    98.905,
    98.41999999999999,
    97.91899999999998,
    97.91600000000003,
    98.41999999999999,
    98.41199999999998,
    98.907,
    98.41600000000001,
    98.91399999999999,
    97.905,
    98.40700000000001,
    96.91400000000002,
    98.91900000000003,
    97.399,
    99.91999999999999,
    99.41,
    97.918,
    97.91499999999999,
    97.91400000000002,
    96.907,
    98.91,
    99.90700000000001,
    97.91600000000001,
    97.41,
    95.912,
    97.90599999999999,
    97.921,
    98.90099999999998,
    98.91499999999999,
    99.414,
    97.412,
    97.92399999999999,
    97.41,
    98.42100000000002,
    97.917,
    99.91,
    99.412,
    99.90499999999999,
    98.41499999999999,
    98.91299999999998,
    98.407,
    99.414,
    98.91199999999999,
    98.41,
    98.40499999999999,
    96.40299999999999,
    98.91099999999999,
    98.41199999999999,
    96.91199999999999,
    96.91599999999998,
    97.40899999999999,
    96.91099999999997,
    98.412,
    97.911,
    99.416,
    97.41799999999999,
    99.39,
    98.41699999999999,
    98.90299999999999,
    99.42,
    99.41299999999998,
    98.922,
    98.41299999999998,
    98.41399999999997,
    98.41599999999998,
    97.41499999999999,
    99.91999999999999,
    96.911,
    98.40899999999999,
    97.91399999999999,
    98.914,
    99.40800000000002,
    97.921,
    97.91199999999999,
    97.91300000000001,
    98.91900000000001,
    99.414,
    97.911,
    97.91,
    99.41,
    97.907,
    97.42,
    96.92000000000003,
    98.41599999999998,
    97.417,
    98.914,
    97.40599999999998,
    98.407,
    97.41299999999998,
    97.41099999999999,
    98.917,
    97.91000000000001,
    99.41899999999998,
    99.411,
    98.905,
    96.89099999999999,
    97.41,
    98.412,
    96.91099999999999,
    97.91400000000002,
    98.90899999999999,
    97.914,
    98.401,
    97.90899999999998,
    97.91499999999999,
    99.91300000000003,
    99.414,
    97.423,
    99.91,
    98.408,
    97.40299999999999,
    98.922,
    97.90799999999999,
    97.91400000000002,
    98.41600000000001,
    98.921,
    98.918,
    96.921,
    97.417,
    96.90900000000002,
    97.868,
    97.912,
    96.905,
    96.909,
    98.91,
    98.91199999999999,
    98.90700000000002,
    98.41199999999999,
    98.413,
    98.40899999999999,
    99.40400000000002,
    98.91499999999999,
    98.912,
    99.41899999999998,
    97.412,
    99.90599999999999,
    98.41100000000003,
    98.412,
    98.914,
    96.908,
    98.91300000000001,
    97.413,
    98.91899999999998,
    96.90899999999999,
    95.908,
    98.92300000000003,
    99.916,
    99.399,
    98.402,
    99.42699999999999,
    98.39999999999999,
    99.414,
    98.90799999999999,
    97.901,
    97.906,
    98.91099999999999,
    98.407,
    96.423,
    97.89599999999999,
    97.422,
    98.41199999999999,
    98.907,
    96.41600000000001,
    97.916,
    99.41400000000002,
    97.90299999999999,
    97.411,
    97.41699999999999,
    98.41600000000001,
    97.911,
    96.91900000000001,
    99.421,
    98.402,
    99.91399999999999,
    97.407,
    98.91100000000002,
    98.42099999999999,
    98.90599999999999,
    96.906,
    98.416,
    98.917,
    97.40899999999999,
    97.41799999999998,
    98.894,
    97.917,
    98.41199999999999,
    99.90599999999998,
    99.41499999999999,
    98.41299999999998,
    99.915,
    98.91199999999999,
    98.414,
    98.40299999999999,
    98.41,
    97.91,
    97.41699999999999,
    98.911,
    97.91099999999997,
    98.41300000000001,
    98.90599999999999,
    97.393,
    98.42300000000002,
    98.41000000000001,
    98.411,
    96.918,
    99.907,
    97.403,
    98.41900000000001,
    98.907,
    98.92,
    98.912,
    96.363,
    98.41499999999999,
    97.89399999999999,
    99.41399999999999,
    97.412,
    97.40899999999999,
    98.91799999999998,
    99.41899999999998,
    97.40100000000001,
    96.91299999999998,
    98.91399999999997,
    97.41899999999998,
    98.917,
    97.898,
    99.41799999999998,
    99.403,
    98.90799999999999,
    97.41099999999999,
    96.905,
    98.40799999999999,
    97.41799999999998,
    97.91400000000002,
    96.401,
    98.41799999999999,
    98.41499999999999,
    98.417,
    96.79,
    98.918,
    99.41999999999999,
    98.41600000000001,
    98.40699999999998,
    98.406,
    98.91299999999998,
    99.421,
    98.914,
    99.41199999999999,
    98.914,
    96.89899999999999,
    97.915,
    99.42399999999998,
    96.41499999999999,
    98.413,
    96.90799999999999,
    98.41099999999999,
    98.91899999999998,
    97.917,
    99.914,
    99.412,
    99.91799999999999,
    97.39999999999999,
    99.913,
    98.917,
    98.917,
    99.41199999999999,
    98.41,
    97.91299999999998,
    99.41299999999998,
    98.91299999999998,
    97.41499999999999,
    98.92399999999999,
    99.41399999999999,
    98.42299999999999,
    99.90799999999999,
    98.41699999999999,
    98.921,
    99.913,
    98.92400000000002,
    98.421,
    98.412,
    99.422,
    98.917,
    98.91499999999999,
    99.407,
    94.40599999999999,
    97.918,
    97.41399999999999,
    98.41399999999999,
    98.41099999999999,
    98.89699999999999,
    99.421,
    97.89899999999999,
    97.908,
    96.405,
    96.41199999999999,
    98.90899999999998,
    95.91799999999998,
    98.417,
    97.914,
    98.411,
    96.918,
    98.91499999999999,
    99.406,
    98.42000000000002,
    96.908,
    97.42299999999999,
    98.411,
    98.91399999999999,
    97.912,
    96.41399999999999,
    99.409,
    98.409,
    98.91000000000001,
    98.90699999999998,
    97.40599999999998,
    99.421,
    99.404,
    99.41,
    99.418,
    97.386,
    97.90899999999999,
    98.91999999999999,
    98.91300000000001,
    96.41900000000001,
    98.90099999999998,
    98.91999999999999,
    98.90900000000002,
    98.41099999999999,
    98.416,
    97.92199999999998,
    98.91,
    96.914,
    98.90899999999999,
    97.91099999999999,
    97.40799999999999,
    97.90799999999999,
    97.91599999999998,
    98.41299999999998,
    98.41600000000001,
    99.413,
    97.419,
    99.41399999999999,
    99.912,
    99.41999999999999,
    99.40299999999999,
    98.92,
    99.91499999999999,
    99.405,
    97.914,
    96.90900000000002,
    98.92200000000003,
    99.911,
    98.40299999999999,
    98.41499999999999,
    99.40899999999999,
    98.92,
    97.41599999999998,
    97.92099999999998,
    97.40799999999999,
    99.92000000000002,
    99.42,
    97.40899999999998,
    97.42000000000002,
    98.917,
    97.41799999999999,
    98.913,
    98.91099999999999,
    99.917,
    98.41499999999999,
    97.421,
    98.417,
    98.407,
    98.91,
    98.91900000000001,
    98.905,
    98.907,
    98.907,
    98.91999999999999,
