{
  "complexity": 3,
  "alpha": 0.1,
  "gamma": 0.95,
  "epsilon": 0.2,
  "extra_passages": 12,
  "avg_rewards": [
    -466.44999999999726,
    -77.37999999999866,
    -18.122999999999553,
    54.29599999999989,
    60.374000000000066,
    6.247999999999891,
    48.83600000000045,
    43.4799999999996,
    55.47699999999982,
    64.91899999999995,
    35.531000000000994,
    52.20199999999993,
    83.56100000000005,
    84.00099999999998,
    28.601000000001722,
    67.97699999999963,
    82.654,
    81.308,
    74.312,
    81.68699999999998,
    66.4389999999999,
    78.21899999999997,
    80.906,
    86.205,
    68.00499999999994,
    82.439,
    84.98499999999999,
    80.10300000000001,
    71.79099999999997,
    81.361,
    89.75399999999999,
    89.509,
    69.36299999999984,
    90.922,
    79.34299999999999,
    88.235,
    90.78800000000001,
    83.91100000000003,
    89.90399999999998,
    92.73800000000001,
    91.38199999999998,
    86.865,
    88.31099999999999,
    83.32400000000004,
    87.27599999999997,
    88.876,
    86.316,
    72.6580000000001,
    94.88899999999998,
    89.31899999999999,
    90.34799999999998,
    89.768,
    91.722,
    94.344,
    93.386,
    72.58199999999991,
    91.718,
    92.86,
    85.59899999999998,
    94.473,
    87.35299999999998,
    91.50899999999996,
    83.86099999999999,
    90.89599999999999,
    88.47299999999998,
    90.54800000000002,
    85.80799999999999,
    91.112,
    91.372,
    90.811,
    88.00799999999998,
    88.50399999999999,
    95.386,
    88.89899999999994,
    89.487,
    93.925,
    91.838,
    75.001,
    91.352,
    86.58399999999997,
    92.31400000000001,
    87.75899999999999,
    94.44200000000001,
    94.43100000000001,
    90.529,
    90.117,
    85.76700000000002,
    92.92799999999997,
    93.30100000000002,
    89.058,
    85.62799999999996,
    92.77300000000002,
    82.924,
    89.379,
    92.478,
    86.26899999999992,
    83.49499999999998,
    90.0539999999999,
    90.37899999999996,
    89.559,
    89.51300000000002,
    92.67799999999997,
    92.06799999999994,
    89.281,
    94.31300000000002,
    89.50500000000002,
    93.732,
    91.77099999999999,
    92.189,
    90.525,
    89.112,
    92.266,
    92.35100000000001,
    96.61099999999999,
    96.59500000000001,
    93.20500000000001,
    95.773,
    96.018,
    95.47800000000002,
    92.39900000000002,
    90.80000000000001,
    93.578,
    95.613,
    94.421,
    91.864,
    94.899,
    95.04799999999999,
    92.704,
    93.578,
    91.34400000000002,
    93.657,
    95.686,
    93.26200000000001,
    91.44800000000001,
    92.53099999999999,
    94.078,
    95.62299999999999,
    95.102,
    94.96400000000003,
    95.71899999999998,
    92.66,
    93.08600000000001,
    96.609,
    95.715,
    94.9,
    94.86800000000001,
    95.26800000000001,
    91.09299999999999,
    95.12300000000002,
    93.27699999999997,
    94.122,
    94.28100000000002,
    94.26400000000001,
    97.04700000000001,
    93.137,
    92.20100000000001,
    96.74699999999999,
    94.272,
    97.814,
    92.047,
    96.296,
    91.792,
    92.282,
    98.784,
    94.28,
    95.284,
    96.28900000000002,
    95.307,
    93.05299999999998,
    94.31700000000001,
    92.809,
    95.275,
    95.319,
    97.30600000000001,
    93.319,
    93.32300000000001,
    93.81900000000002,
    89.289,
    93.803,
    93.81000000000002,
    94.797,
    94.767,
    95.31,
    95.298,
    92.16000000000001,
    96.28200000000001,
    95.819,
    93.79100000000001,
    96.82200000000002,
    93.30900000000001,
    95.81,
    95.28200000000001,
    94.276,
    94.81400000000001,
    97.30499999999999,
    96.81500000000001,
    95.239,
    94.78100000000002,
    95.29500000000002,
    94.768,
    95.83400000000002,
    93.81499999999998,
    91.81099999999999,
    96.821,
    94.816,
    95.321,
    97.304,
    96.81599999999999,
    97.80499999999999,
    96.81499999999998,
    96.30999999999999,
    97.824,
    97.80699999999999,
    95.312,
    96.31200000000001,
    92.81299999999999,
    94.799,
    95.30700000000002,
    97.31700000000001,
    94.815,
    93.821,
    94.82700000000001,
    94.795,
    98.312,
    95.292,
    95.81900000000002,
    94.31,
    96.296,
    96.32400000000001,
    94.821,
    96.82000000000002,
    93.32900000000001,
    96.31500000000001,
    95.82900000000002,
    95.80799999999999,
    97.29100000000001,
    95.772,
    94.303,
    94.316,
    95.327,
    96.315,
    93.81300000000002,
    94.80499999999999,
    91.304,
    97.31700000000001,
    96.309,
    93.825,
    95.815,
    95.31900000000002,
    93.3,
    96.33000000000001,
    93.82600000000001,
    94.31800000000001,
    95.82500000000002,
    94.81800000000001,
    90.302,
    96.327,
    91.799,
    94.33300000000001,
    98.31299999999999,
    93.299,
    97.32700000000001,
    93.23500000000001,
    95.82300000000002,
    94.81700000000001,
    95.32300000000001,
    95.81800000000001,
    93.811,
    94.31700000000001,
    92.31500000000003,
    95.32600000000001,
    94.324,
    93.312,
    91.32100000000001,
    97.315,
    96.82700000000001,
    94.311,
    95.31400000000001,
    94.82000000000001,
    93.834,
    97.31000000000002,
    96.32,
    93.813,
    93.82700000000001,
    95.31800000000003,
    95.812,
    96.32800000000002,
    97.311,
    94.80800000000002,
    96.308,
    93.80600000000001,
    94.804,
    93.827,
    93.82000000000002,
    98.31300000000002,
    97.31500000000001,
    95.32100000000001,
    96.818,
    94.31700000000001,
    93.30300000000001,
    96.82400000000003,
    94.31700000000001,
    96.32100000000001,
    95.82799999999999,
    97.32100000000001,
    93.30699999999999,
    94.81800000000001,
    95.328,
    95.31899999999999,
    95.301,
    93.808,
    95.815,
    95.311,
    94.80499999999999,
    92.804,
    94.315,
    95.30900000000001,
    94.314,
    94.32200000000002,
    95.821,
    95.819,
    95.33800000000001,
    95.33300000000001,
    95.831,
    91.815,
    95.811,
    94.81700000000001,
    95.812,
    95.81,
    96.82600000000002,
    92.824,
    96.31700000000001,
    94.808,
    95.80499999999999,
    96.31500000000001,
    95.31,
    93.80499999999999,
    94.826,
    96.32300000000001,
    93.807,
    96.305,
    93.31899999999999,
    95.32300000000001,
    96.816,
    94.81500000000001,
    94.828,
    92.80400000000002,
    96.309,
    94.801,
    94.80499999999999,
    95.82300000000002,
    96.81900000000002,
    91.816,
    95.81400000000001,
    95.30199999999999,
    95.325,
    97.3,
    97.313,
    94.308,
    90.311,
    94.80000000000001,
    95.30700000000002,
    96.83,
    96.315,
    94.28600000000002,
    93.81400000000001,
    96.803,
    90.80600000000001,
    95.81500000000003,
    94.816,
    95.314,
    92.81400000000001,
    94.805,
    95.31700000000001,
    96.82300000000001,
    95.31800000000001,
    95.32300000000001,
    93.293,
    94.812,
    95.81300000000002,
    93.82600000000002,
    93.30400000000002,
    95.82400000000001,
    96.80999999999999,
    96.80499999999999,
    94.816,
    93.796,
    96.31400000000001,
    94.321,
    94.804,
    95.32300000000001,
    97.31500000000001,
    95.304,
    97.31699999999998,
    95.30499999999999,
    95.82000000000001,
    93.81700000000001,
    93.83400000000002,
    96.324,
    95.326,
    95.828,
    95.808,
    97.32200000000002,
    93.82900000000001,
    96.81199999999998,
    96.79999999999998,
    95.82400000000001,
    97.79899999999999,
    92.32700000000001,
    93.293,
    93.82700000000001,
    92.81500000000001,
    93.30800000000002,
    94.814,
    97.812,
    98.31899999999999,
    93.80700000000002,
    94.31500000000001,
    96.819,
    93.83300000000001,
    97.834,
    98.32300000000001,
    95.30400000000002,
    95.81899999999999,
    94.80800000000002,
    94.31,
    95.322,
    95.825,
    94.30799999999999,
    95.30100000000002,
    96.816,
    98.309,
    95.813,
