{
  "complexity": 7,
  "alpha": 0.2,
  "gamma": 0.95,
  "epsilon": 0.2,
  "extra_passages": 8,
  "avg_rewards": [
    -534.9599999999964,
    -128.1609999999944,
    -20.768999999999885,
    -54.367999999995575,
    28.485000000000422,
    38.707000000000406,
    21.407000000001414,
    -78.84499999998941,
    65.2979999999998,
    56.652999999999885,
    66.11499999999975,
    55.79800000000046,
    61.83299999999967,
    66.64499999999957,
    79.13299999999994,
    62.66199999999985,
    51.80400000000012,
    66.66199999999975,
    72.83399999999992,
    72.96699999999998,
    87.816,
    78.19499999999991,
    86.681,
    76.75999999999935,
    40.13000000000094,
    72.62299999999958,
    87.33400000000002,
    65.59099999999992,
    86.08399999999997,
    92.69600000000001,
    79.87000000000002,
    78.30700000000006,
    59.55999999999973,
    21.319000000005047,
    50.93000000000127,
    79.739,
    88.51300000000003,
    83.68600000000005,
    22.528000000008877,
    89.822,
    87.82399999999998,
    89.881,
    90.063,
    79.969,
    88.352,
    87.76499999999996,
    78.36699999999978,
    80.36400000000005,
    90.87499999999994,
    85.70900000000015,
    91.40799999999993,
    71.43300000000025,
    81.32599999999994,
    92.35100000000001,
    89.268,
    89.876,
    92.82900000000001,
    91.34399999999997,
    90.111,
    92.168,
    93.10699999999999,
    90.28400000000002,
    90.174,
    96.988,
    90.573,
    96.251,
    88.17500000000008,
    91.052,
    92.984,
    95.62300000000002,
    94.749,
    95.772,
    91.244,
    91.25000000000004,
    96.255,
    93.01399999999998,
    94.71199999999999,
    93.107,
    91.69899999999998,
    93.288,
    95.206,
    93.703,
    93.802,
    95.27099999999999,
    96.75299999999999,
    92.79,
    93.26200000000001,
    94.779,
    94.758,
    96.309,
    96.74900000000001,
    92.43599999999995,
    93.72,
    94.24300000000001,
    94.19900000000001,
    96.306,
    94.285,
    95.78800000000001,
    95.82200000000002,
    94.297,
    93.78,
    95.279,
    97.29200000000002,
    95.72900000000001,
    96.78099999999999,
    95.77800000000002,
    97.27900000000001,
    96.303,
    97.307,
    94.79600000000002,
    93.804,
    95.30300000000001,
    95.80800000000002,
    95.8,
    97.30500000000002,
    92.80900000000001,
    95.30799999999999,
    96.3,
    93.29500000000002,
    97.287,
    96.78200000000001,
    93.79899999999999,
    92.81800000000001,
    90.796,
    97.299,
    95.299,
    94.27700000000002,
    96.806,
    93.809,
    94.28200000000001,
    92.80899999999998,
    93.79,
    95.30199999999999,
    97.319,
    92.8,
    95.299,
    96.30700000000002,
    95.28099999999999,
    94.79100000000001,
    95.311,
    91.8,
    95.287,
    95.30100000000002,
    95.792,
    96.796,
    93.812,
    95.799,
    96.79599999999999,
    93.294,
    97.80600000000001,
    95.30299999999998,
    95.28900000000002,
    94.812,
    93.807,
    94.795,
    94.28899999999999,
    95.28099999999998,
    96.779,
    93.782,
    94.801,
    94.29,
    96.30900000000001,
    94.29099999999998,
    97.30199999999999,
    95.808,
    96.30700000000002,
    95.308,
    94.30300000000001,
    96.82000000000001,
    97.809,
    97.29500000000002,
    95.79900000000002,
    96.801,
    97.304,
    96.30600000000001,
    90.799,
    96.78699999999999,
    93.299,
    96.30300000000003,
    96.30199999999999,
    94.308,
    95.795,
    96.80100000000002,
    97.282,
    94.79400000000001,
    93.788,
    93.28999999999999,
    97.30900000000001,
    94.80600000000001,
    94.299,
    94.295,
    93.79100000000001,
    98.305,
    96.31099999999999,
    92.783,
    94.8,
    94.803,
    95.30500000000002,
    93.75200000000001,
    95.27499999999999,
    93.78999999999999,
    94.79700000000003,
    92.791,
    94.79800000000002,
    97.80000000000001,
    90.79899999999999,
    92.28,
    91.285,
    96.30100000000002,
    96.292,
    89.804,
    93.787,
    96.304,
    96.81200000000001,
    95.80500000000002,
    93.298,
    93.29700000000001,
    96.3,
    94.789,
    95.30300000000001,
    94.30100000000002,
    92.28800000000001,
    97.804,
    97.30100000000002,
    94.301,
    97.816,
    93.297,
    93.29399999999998,
    94.28899999999999,
    93.28400000000002,
    95.80100000000002,
    98.309,
    93.306,
    97.304,
    93.80199999999999,
    95.29800000000002,
    94.80100000000002,
    92.80600000000001,
    95.804,
    97.28400000000002,
    92.806,
    94.28099999999999,
    96.804,
    96.79299999999999,
    95.297,
    95.80799999999999,
    94.80600000000001,
    95.304,
    94.315,
    95.81,
    94.298,
    96.307,
    96.293,
    94.292,
    95.30600000000001,
    95.31400000000001,
    95.81000000000002,
    94.292,
    97.307,
    94.301,
    95.80499999999999,
    94.776,
    93.802,
    92.79499999999999,
    94.28899999999999,
    93.78300000000002,
    97.28799999999998,
    94.304,
    91.822,
    95.288,
    93.29999999999998,
    95.309,
    95.807,
    95.792,
    96.80499999999999,
    94.29400000000001,
    93.29899999999999,
    93.299,
    93.80199999999999,
    93.796,
    94.80300000000001,
    92.28100000000002,
    97.78799999999998,
    97.31700000000001,
    94.796,
    96.316,
    95.28999999999999,
    93.30600000000001,
    98.312,
    97.794,
    94.292,
    97.30699999999999,
    96.27900000000001,
    96.304,
    95.792,
    97.28999999999999,
    95.816,
    95.317,
    96.761,
    95.3,
    96.79100000000001,
    93.78600000000002,
    93.80499999999999,
    92.81099999999999,
    94.253,
    95.805,
    95.3,
    94.29099999999998,
    95.804,
    96.81400000000001,
    95.316,
    93.784,
    94.80900000000001,
    97.29599999999999,
    95.81199999999998,
    93.79400000000001,
    97.292,
    92.27499999999999,
    95.298,
    91.30100000000002,
    96.80699999999999,
    93.787,
    93.78,
    95.79799999999999,
    96.303,
    92.78800000000001,
    96.316,
    92.781,
    93.80600000000001,
    94.809,
    96.309,
    95.305,
    95.799,
    96.79,
    93.769,
    93.295,
    93.31,
    94.802,
    94.298,
    93.297,
    96.79299999999999,
    93.28599999999999,
    93.30300000000001,
    91.288,
    93.80600000000001,
    95.79400000000001,
    95.303,
    93.804,
    95.79899999999999,
    94.797,
    95.78999999999999,
    96.28899999999999,
    96.30900000000001,
    95.296,
    95.28999999999999,
    96.30699999999999,
    93.292,
    93.802,
    96.319,
    97.801,
    95.285,
    95.30699999999999,
    93.297,
    96.308,
    94.80400000000002,
    96.79400000000001,
    93.782,
    95.321,
    95.30099999999999,
    93.809,
    92.28599999999999,
    94.79100000000001,
    94.78200000000001,
    95.32000000000001,
    97.315,
    91.796,
    94.31200000000001,
    91.80600000000001,
    96.801,
    95.29100000000001,
    97.312,
    94.30000000000001,
    95.802,
    97.31,
    93.80199999999999,
    91.787,
    93.28300000000002,
    94.78999999999999,
    93.798,
    95.314,
    90.71599999999998,
    97.29,
    94.78699999999999,
    94.806,
    91.79899999999999,
    95.8,
    96.292,
    98.287,
    95.799,
    96.795,
    93.80199999999999,
    95.298,
    90.814,
    94.29400000000001,
    95.288,
    92.72900000000001,
    94.79400000000001,
    96.30499999999999,
    97.304,
    96.288,
    93.296,
    95.31800000000001,
    93.799,
    91.79400000000001,
    94.79100000000001,
    96.30699999999999,
    96.298,
    94.803,
    95.293,
    95.792,
    93.801,
    96.785,
    95.814,
    95.797,
    95.29599999999998,
    92.79100000000001,
    95.782,
    94.796,
    93.79100000000001,
    95.78700000000002,
    96.31700000000001,
    96.287,
    97.312,
    94.28600000000002,
    95.30199999999999,
    95.30199999999999,
    97.292,
    94.298,
    95.29700000000001,
    96.78900000000002,
    97.299,
    94.28999999999999,
    97.30799999999999,
    94.285,
    93.79100000000001,
    92.28999999999999,
