{
  "complexity": 5,
  "alpha": 0.3,
  "gamma": 0.85,
  "epsilon": 0.2,
  "extra_passages": 2,
  "avg_rewards": [
    -261.30199999999644,
    -35.775999999999456,
    -49.26299999999126,
    45.25100000000012,
    -110.86299999998758,
    -41.45899999999731,
    -201.12199999997134,
    -33.822999999989875,
    23.725000000002968,
    37.03700000000201,
    42.40399999999933,
    64.28400000000042,
    64.81199999999981,
    80.20499999999996,
    92.625,
    76.48100000000001,
    90.77200000000002,
    65.35999999999956,
    83.04999999999988,
    81.67700000000006,
    87.25899999999997,
    91.683,
    89.32300000000001,
    82.57500000000012,
    88.028,
    61.88000000000041,
    72.56800000000015,
    85.44399999999993,
    66.61000000000047,
    81.11700000000008,
    70.12800000000061,
    36.27900000000411,
    89.55500000000004,
    83.82299999999972,
    82.7689999999999,
    89.30199999999999,
    92.143,
    92.943,
    95.77200000000002,
    92.268,
    94.78100000000002,
    94.813,
    96.25899999999999,
    95.845,
    97.36,
    96.848,
    95.812,
    96.371,
    96.869,
    97.36,
    93.828,
    96.251,
    95.85499999999999,
    95.852,
    96.351,
    91.358,
    96.35900000000001,
    96.35300000000001,
    97.354,
    95.354,
    95.85900000000001,
    95.873,
    95.361,
    96.854,
    94.36999999999999,
    95.868,
    95.86099999999999,
    96.861,
    97.86300000000001,
    96.36099999999999,
    97.862,
    97.863,
    98.365,
    96.361,
    94.372,
    96.36,
    94.35300000000001,
    96.367,
    97.357,
    74.6170000000001,
    94.802,
    94.85900000000001,
    91.34400000000001,
    93.85799999999999,
    95.34400000000001,
    93.34700000000001,
    97.86800000000001,
    95.869,
    95.365,
    96.86,
    96.36,
    96.34700000000001,
    96.36,
    97.36999999999999,
    96.365,
    96.35800000000002,
    94.34599999999999,
    95.867,
    96.357,
    97.874,
    96.862,
    98.869,
    90.839,
    98.364,
    95.85100000000001,
    93.33399999999999,
    96.85400000000001,
    95.84700000000001,
    93.85099999999998,
    99.356,
    97.351,
    96.363,
    95.85,
    95.86100000000002,
    95.864,
    96.36600000000001,
    95.85400000000001,
    96.869,
    98.858,
    97.869,
    95.85100000000001,
    95.36699999999999,
    96.35000000000001,
    95.35400000000001,
    96.343,
    96.35000000000001,
    95.85400000000001,
    96.34599999999999,
    95.357,
    96.866,
    98.854,
    96.35399999999998,
    95.848,
    97.34900000000002,
    92.863,
    95.86100000000002,
    93.857,
    94.86600000000001,
    94.35900000000001,
    96.862,
    96.372,
    94.863,
    94.864,
    95.866,
    96.35600000000001,
    97.349,
    95.863,
    93.871,
    95.352,
    97.37,
    94.343,
    93.82700000000001,
    95.862,
    94.866,
    97.85900000000001,
    94.361,
    97.36500000000001,
    95.862,
    97.354,
    93.333,
    93.30199999999999,
    93.865,
    94.862,
    97.348,
    94.33700000000002,
    96.869,
    94.85499999999999,
    95.362,
    96.85400000000001,
    96.338,
    97.85500000000002,
    96.85000000000001,
    99.35400000000001,
    97.36999999999999,
    95.856,
    95.35,
    97.36200000000001,
    97.35900000000001,
    96.34200000000001,
    95.861,
    95.86,
    94.85299999999998,
    98.361,
    96.85100000000001,
    95.361,
    85.63299999999994,
    95.362,
    95.857,
    95.347,
    94.352,
    97.365,
    94.864,
    95.361,
    95.35000000000001,
    97.865,
    96.361,
    98.36699999999999,
    93.873,
    96.357,
    94.861,
    94.84700000000001,
    97.347,
    95.36100000000002,
    94.858,
    97.32500000000002,
    95.36300000000001,
    96.35799999999999,
    96.857,
    95.863,
    95.85699999999999,
    95.86500000000001,
    97.35900000000001,
    95.86100000000002,
    94.846,
    94.852,
    96.861,
    94.842,
    96.351,
    97.36800000000001,
    93.86600000000001,
    97.369,
    98.363,
    95.848,
    92.364,
    97.355,
    97.857,
    95.355,
    94.85100000000001,
    93.848,
    96.867,
    94.351,
    95.358,
    94.356,
    92.85600000000001,
    95.856,
    94.362,
    95.363,
    96.35400000000001,
    93.36200000000001,
    94.36800000000001,
    95.84400000000001,
    96.861,
    95.864,
    97.358,
    97.863,
    95.859,
    96.363,
    95.86999999999999,
    97.876,
    94.857,
    92.364,
    95.852,
    94.86,
    92.854,
    97.862,
    94.869,
    97.874,
    95.848,
    95.35300000000001,
    96.842,
    96.36000000000001,
    97.354,
    96.36300000000001,
    95.854,
    96.352,
    95.35900000000001,
    97.37,
    96.865,
    95.35900000000001,
    96.348,
    95.86300000000001,
    96.365,
    95.864,
    95.858,
    92.856,
    97.868,
    96.85799999999999,
    96.364,
    95.853,
    97.357,
    93.86500000000001,
    97.864,
    94.365,
    95.872,
    95.34899999999999,
    96.84700000000001,
    97.374,
    97.372,
    95.363,
    96.357,
    96.36,
    96.34800000000001,
    95.366,
    95.85499999999999,
    95.851,
    96.36800000000001,
    94.84500000000001,
    93.85400000000001,
    95.849,
    94.853,
    96.85900000000001,
    95.367,
    96.868,
    95.87,
    95.353,
    95.357,
    96.86299999999999,
    97.84800000000001,
    93.84700000000001,
    94.867,
    94.277,
    93.84700000000001,
    96.858,
    95.36,
    96.858,
    96.361,
    95.35900000000001,
    94.862,
    96.867,
    93.848,
    96.345,
    96.85999999999999,
    94.86600000000001,
    97.864,
    93.84700000000001,
    96.346,
    92.855,
    96.361,
    96.36800000000001,
    95.35300000000001,
    97.866,
    96.375,
    96.85400000000001,
    97.36800000000001,
    96.36800000000001,
    97.86600000000001,
    97.853,
    95.35600000000001,
    92.357,
    96.873,
    93.867,
    95.377,
    97.357,
    94.358,
    97.364,
    96.871,
    97.35499999999999,
    94.353,
    96.853,
    97.864,
    98.364,
    95.833,
    95.863,
    94.35499999999999,
    98.364,
    91.36200000000001,
    97.36800000000001,
    96.364,
    96.854,
    94.86500000000001,
    97.35300000000001,
    97.86500000000001,
    93.36600000000001,
    97.83500000000001,
    95.85999999999999,
    96.367,
    96.364,
    95.86200000000001,
    96.865,
    96.36200000000001,
    95.851,
    96.864,
    97.863,
    96.853,
    94.355,
    93.858,
    94.322,
    94.84400000000001,
    95.361,
    93.35999999999999,
    96.87199999999999,
    96.34800000000001,
    96.35600000000001,
    97.361,
    94.86,
    93.353,
    94.865,
    97.357,
    96.85,
    95.366,
    91.33699999999999,
    98.36,
    96.36500000000001,
    97.35300000000001,
    94.857,
    98.869,
    92.862,
    97.363,
    96.864,
    91.34,
    96.355,
    96.854,
    95.864,
    95.85900000000001,
    93.85100000000001,
    95.363,
    97.354,
    97.853,
    94.864,
    92.328,
    97.86,
    94.85400000000001,
    92.856,
    95.374,
    96.362,
    94.355,
    96.363,
    94.33900000000001,
    93.852,
    97.349,
    96.357,
    96.843,
    96.355,
    93.35499999999999,
    97.355,
    95.86800000000001,
    97.85600000000002,
    97.36200000000001,
    95.86200000000001,
    97.86,
    95.85000000000001,
    93.852,
    96.869,
    96.261,
    96.374,
    93.34700000000001,
    94.87,
    96.35100000000001,
    95.362,
    95.364,
    95.87100000000001,
    97.362,
    97.378,
    96.361,
    96.863,
    95.369,
    96.36000000000001,
    97.86,
    96.362,
    95.375,
    97.363,
    98.365,
    97.877,
    97.35799999999999,
    94.86600000000001,
    95.35400000000001,
    95.85400000000001,
    96.864,
    96.85900000000001,
    95.34700000000001,
    98.365,
    95.846,
    95.344,
    96.85999999999999,
    97.373,
    92.34899999999999,
    95.36800000000001,
    94.86800000000001,
    93.35499999999999,
    94.861,
    96.863,
    95.85700000000001,
    94.357,
    94.862,
    94.35999999999999,
    96.35800000000002,
    97.35900000000001,
    96.351,
    96.37,
    96.354,
