{
  "complexity": 5,
  "alpha": 0.3,
  "gamma": 0.95,
  "epsilon": 0.1,
  "extra_passages": 2,
  "avg_rewards": [
    -231.5749999999985,
    -13.291999999998216,
    52.755999999999474,
    67.58999999999999,
    81.67199999999998,
    84.38400000000014,
    80.00999999999945,
    80.95700000000002,
    78.34900000000005,
    83.97999999999999,
    71.80499999999925,
    89.275,
    94.39299999999997,
    94.12000000000002,
    95.473,
    93.09499999999998,
    93.86799999999998,
    87.22400000000017,
    91.84200000000007,
    97.14,
    93.95799999999997,
    95.71399999999991,
    82.98299999999956,
    94.74499999999999,
    96.25399999999999,
    97.785,
    98.328,
    97.35299999999998,
    95.631,
    92.01799999999999,
    98.854,
    98.373,
    99.34599999999999,
    98.87899999999999,
    97.869,
    96.363,
    97.37,
    98.376,
    98.86800000000001,
    98.365,
    98.374,
    97.35600000000001,
    98.86999999999999,
    98.875,
    97.36600000000001,
    97.374,
    98.85900000000001,
    97.36299999999999,
    97.36600000000001,
    99.368,
    97.844,
    98.377,
    97.373,
    97.87899999999999,
    97.869,
    98.377,
    99.865,
    99.86999999999999,
    97.873,
    98.37599999999999,
    98.37100000000001,
    96.86600000000001,
    98.36999999999999,
    98.875,
    99.37,
    98.342,
    98.367,
    97.371,
    97.874,
    96.76599999999999,
    98.87499999999999,
    98.873,
    98.362,
    98.36899999999999,
    97.84299999999999,
    98.364,
    98.836,
    97.37100000000001,
    98.35799999999999,
    96.376,
    97.88,
    98.86500000000001,
    96.87,
    98.376,
    96.871,
    97.88,
    99.374,
    97.87100000000001,
    97.378,
    97.374,
    98.876,
    98.866,
    98.378,
    96.873,
    98.37599999999999,
    99.878,
    99.375,
    97.372,
    97.37299999999999,
    99.86300000000001,
    98.378,
    96.37899999999999,
    96.866,
    96.37100000000001,
    98.377,
    98.88000000000001,
    99.877,
    97.87,
    98.378,
    97.366,
    98.332,
    98.872,
    97.875,
    98.38199999999999,
    91.99300000000004,
    97.868,
    97.88,
    97.877,
    99.873,
    97.87100000000001,
    98.87899999999999,
    97.876,
    98.372,
    97.88,
    98.872,
    98.881,
    98.372,
    99.374,
    97.874,
    98.38,
    96.374,
    98.375,
    96.878,
    99.38,
    98.878,
    97.869,
    96.876,
    96.876,
    97.872,
    96.88399999999999,
    95.874,
    97.369,
    97.87899999999999,
    99.38399999999999,
    97.87100000000001,
    97.873,
    99.373,
    95.36,
    98.88,
    97.87899999999999,
    98.87899999999999,
    98.373,
    97.85600000000001,
    96.36699999999999,
    98.881,
    98.375,
    99.369,
    97.88399999999999,
    98.378,
    97.87100000000001,
    97.878,
    96.883,
    97.866,
    98.375,
    98.37100000000001,
    99.36600000000001,
    96.85,
    96.869,
    99.377,
    98.375,
    98.363,
    99.878,
    98.366,
    98.372,
    98.358,
    97.364,
    91.378,
    98.37199999999999,
    96.862,
    97.872,
    98.87899999999999,
    99.877,
    98.875,
    98.37899999999999,
    98.875,
    95.876,
    97.377,
    97.875,
    98.37899999999999,
    97.87,
    96.864,
    96.872,
    96.372,
    99.381,
    98.37100000000001,
    98.376,
    98.88399999999999,
    95.873,
    97.38,
    96.877,
    97.36500000000001,
    97.378,
    98.377,
    98.37100000000001,
    96.381,
    96.36600000000001,
    97.365,
    96.377,
    98.874,
    98.875,
    99.372,
    97.868,
    98.37,
    97.375,
    97.874,
    97.876,
    95.861,
    93.8,
    96.877,
    98.35999999999999,
    97.36499999999998,
    95.86200000000001,
    98.877,
    98.374,
    98.875,
    99.37899999999999,
    98.37100000000001,
    98.369,
    99.36999999999999,
    95.875,
    98.874,
    96.872,
    98.373,
    96.377,
    98.362,
    98.36699999999999,
    95.87899999999999,
    99.372,
    98.372,
    98.87100000000001,
    98.376,
    98.375,
    99.37899999999999,
    98.36699999999999,
    97.378,
    98.874,
    99.874,
    97.86300000000001,
    98.375,
    95.373,
    98.87899999999999,
    96.867,
    97.372,
    97.86999999999999,
    98.36699999999999,
    98.869,
    98.874,
    96.366,
    99.36600000000001,
    97.88,
    98.375,
    97.88199999999999,
    99.874,
    97.373,
    98.36499999999998,
    97.878,
    98.37100000000001,
    97.37899999999999,
    99.377,
    98.377,
    99.87,
    97.362,
    98.873,
    97.38199999999999,
    99.375,
    98.881,
    98.872,
    98.877,
    97.874,
    96.372,
    97.36500000000001,
    98.36800000000001,
    98.869,
    98.365,
    96.88399999999999,
    99.374,
    96.869,
    98.877,
    99.372,
    96.372,
    98.37299999999999,
    98.375,
    99.36200000000001,
    97.86699999999999,
    98.877,
    99.36300000000001,
    97.365,
    97.377,
    97.376,
    98.369,
    98.377,
    98.364,
    99.37199999999999,
    98.873,
    97.878,
    98.364,
    98.874,
    98.372,
    98.373,
    98.373,
    98.87100000000001,
    98.377,
    98.377,
    96.85699999999999,
    97.867,
    97.373,
    99.36699999999999,
    96.88199999999999,
    97.854,
    97.377,
    99.87,
    96.372,
    98.38,
    98.36600000000001,
    98.372,
    97.874,
    98.87100000000001,
    96.362,
    97.873,
    98.376,
    98.86999999999999,
    99.375,
    97.36499999999998,
    97.377,
    97.881,
    96.877,
    96.376,
    98.87899999999999,
    98.362,
    98.86600000000001,
    96.867,
    98.874,
    97.872,
    99.373,
    97.873,
    96.87899999999999,
    98.36699999999999,
    97.362,
    98.375,
    98.377,
    98.881,
    98.38,
    97.369,
    96.872,
    97.376,
    98.37100000000001,
    99.37899999999999,
    98.86699999999999,
    96.878,
    98.874,
    97.867,
    97.374,
    99.386,
    98.372,
    99.872,
    97.877,
    95.374,
    99.88199999999999,
    98.37,
    98.872,
    98.373,
    97.37299999999999,
    99.378,
    98.375,
    98.361,
    97.36699999999999,
    96.375,
    96.36099999999999,
    97.368,
    99.371,
    99.37499999999999,
    98.87199999999999,
    98.869,
    98.372,
    98.862,
    97.374,
    96.357,
    96.349,
    98.87,
    97.877,
    96.866,
    98.86800000000001,
    99.875,
    98.36099999999999,
    95.36800000000001,
    98.358,
    97.873,
    98.877,
    98.877,
    98.38,
    98.378,
    99.378,
    99.377,
    98.36600000000001,
    98.373,
    98.86800000000001,
    97.375,
    99.877,
    99.377,
    98.37,
    98.376,
    94.864,
    98.878,
    98.377,
    97.87100000000001,
    97.378,
    99.381,
    99.37899999999999,
    98.377,
    98.87199999999999,
    98.369,
    97.374,
    97.87199999999999,
    98.873,
    98.874,
    97.871,
    97.37,
    99.88199999999999,
    98.37199999999999,
    98.874,
    98.874,
    97.874,
    97.876,
    99.378,
    98.374,
    98.374,
    96.361,
    97.37,
    96.375,
    99.36999999999999,
    97.87,
    98.869,
    97.86699999999999,
    99.36999999999999,
    97.878,
    99.876,
    99.374,
    98.38300000000001,
    99.874,
    98.36500000000001,
    97.358,
    98.878,
    98.36999999999999,
    99.88,
    98.87899999999999,
    96.373,
    95.876,
    98.35799999999999,
    98.873,
    97.86600000000001,
    97.869,
    99.377,
    97.872,
    99.369,
    99.36600000000001,
    96.376,
    97.87199999999999,
    97.877,
    98.88,
    98.369,
    96.877,
    97.873,
    99.374,
    96.37199999999999,
    96.88199999999999,
    97.875,
    98.877,
    97.869,
    96.371,
    98.872,
    97.86800000000001,
    97.869,
    97.874,
    98.362,
    96.876,
    98.88,
    96.866,
    98.356,
    97.35300000000001,
    94.36699999999999,
    98.369,
    99.873,
    98.878,
    98.375,
    98.368,
    99.374,
    97.878,
    99.378,
    97.877,
    98.373
  ],