{
  "complexity": 3,
  "alpha": 0.1,
  "gamma": 0.9,
  "epsilon": 0.2,
  "extra_passages": 12,
  "avg_rewards": [
    -458.5019999999977,
    -40.57199999999993,
    -0.8779999999996676,
    35.340000000000636,
    34.752999999999915,
    52.406999999999655,
    53.31599999999999,
    54.11299999999991,
    64.34799999999994,
    54.86699999999995,
    77.19900000000004,
    59.64799999999982,
    60.52799999999962,
    73.57299999999996,
    69.47799999999992,
    60.70300000000009,
    77.12499999999989,
    60.16200000000002,
    66.90499999999994,
    72.63399999999999,
    74.47399999999989,
    86.0759999999999,
    82.37800000000003,
    86.706,
    84.23099999999997,
    67.35999999999983,
    88.058,
    89.00599999999999,
    51.689999999999586,
    83.06699999999998,
    85.90599999999998,
    85.546,
    88.52799999999999,
    83.59099999999994,
    79.91799999999992,
    78.48399999999991,
    84.09999999999994,
    87.68199999999999,
    83.30799999999996,
    72.53799999999993,
    77.76599999999982,
    87.46899999999998,
    86.90799999999999,
    80.43800000000013,
    85.46399999999997,
    93.99199999999999,
    91.697,
    92.10100000000001,
    89.144,
    74.222,
    86.05899999999998,
    83.40199999999997,
    64.64200000000011,
    92.911,
    79.96699999999997,
    86.37299999999999,
    84.55,
    89.83099999999999,
    86.38199999999998,
    93.697,
    78.38500000000006,
    90.456,
    63.9339999999998,
    76.08000000000004,
    88.375,
    86.27299999999998,
    79.43499999999997,
    80.33499999999944,
    86.29900000000006,
    70.77699999999987,
    93.59,
    90.37900000000002,
    79.42499999999987,
    86.80300000000001,
    86.75000000000003,
    83.43699999999993,
    85.67099999999996,
    73.24899999999973,
    85.48600000000008,
    69.34599999999992,
    88.998,
    90.525,
    85.368,
    79.71799999999955,
    86.23099999999998,
    87.066,
    86.37100000000001,
    91.31599999999996,
    85.27000000000001,
    89.33200000000001,
    95.917,
    86.47999999999999,
    84.0959999999999,
    85.98499999999997,
    93.30499999999999,
    88.34899999999998,
    85.16800000000003,
    89.76699999999998,
    91.83499999999998,
    88.30100000000002,
    88.81500000000003,
    85.85500000000006,
    77.60799999999995,
    72.69799999999991,
    84.11499999999997,
    86.06299999999996,
    90.265,
    92.183,
    90.71700000000004,
    84.78199999999998,
    91.57199999999999,
    87.27499999999995,
    93.07100000000001,
    87.18199999999999,
    89.71799999999995,
    82.17099999999985,
    83.99799999999996,
    82.3830000000001,
    90.92800000000005,
    86.66400000000002,
    89.85899999999998,
    86.84699999999995,
    90.73799999999997,
    90.12000000000003,
    94.268,
    92.08599999999991,
    94.49399999999996,
    92.754,
    93.99999999999999,
    93.82000000000001,
    93.203,
    91.271,
    92.679,
    94.35600000000001,
    92.326,
    93.20000000000002,
    90.55499999999999,
    94.428,
    90.44199999999995,
    93.748,
    95.38,
    92.357,
    94.329,
    88.05699999999996,
    87.46000000000002,
    92.9179999999999,
    88.95299999999999,
    97.083,
    95.603,
    93.30599999999998,
    91.069,
    85.74399999999997,
    94.894,
    97.636,
    91.21700000000001,
    93.037,
    96.49300000000001,
    90.52599999999993,
    86.348,
    92.79099999999997,
    91.30299999999998,
    92.58699999999992,
    96.08200000000001,
    91.465,
    93.256,
    89.86299999999999,
    91.934,
    91.87699999999998,
    87.71300000000002,
    82.0509999999999,
    91.28099999999999,
    92.11899999999994,
    86.31300000000002,
    87.17099999999996,
    89.639,
    93.987,
    91.84,
    92.131,
    94.54799999999999,
    94.95999999999998,
    90.29299999999996,
    96.28900000000002,
    95.03500000000001,
    93.32,
    92.43999999999996,
    94.45199999999994,
    94.031,
    84.61299999999969,
    86.79099999999977,
    94.395,
    94.45299999999999,
    91.95,
    89.59399999999998,
    93.881,
    94.20599999999999,
    96.64299999999999,
    98.17899999999999,
    96.20000000000002,
    96.148,
    97.05199999999999,
    92.709,
    94.563,
    93.65199999999997,
    96.454,
    95.626,
    95.04799999999999,
    89.89599999999999,
    96.723,
    93.10100000000001,
    94.114,
    95.619,
    97.16299999999998,
    97.668,
    97.42300000000002,
    95.67999999999999,
    91.24699999999999,
    93.79199999999999,
    93.97400000000002,
    96.00099999999999,
    95.261,
    93.74199999999999,
    94.58099999999999,
    93.379,
    94.17900000000002,
    96.197,
    97.212,
    95.775,
    95.788,
    92.268,
    94.244,
    94.71300000000001,
    92.76899999999998,
    94.679,
    97.294,
    96.30400000000002,
    95.735,
    98.759,
    96.74900000000001,
    95.805,
    92.313,
    96.30900000000001,
    94.306,
    95.80300000000001,
    95.818,
    96.30000000000001,
    96.814,
    97.3,
    96.812,
    93.263,
    97.789,
    95.81500000000001,
    94.801,
    97.794,
    92.247,
    97.30800000000002,
    95.303,
    95.78999999999999,
    94.81099999999999,
    94.3,
    97.301,
    93.81400000000001,
    95.309,
    96.30999999999999,
    97.317,
    96.816,
    95.321,
    95.761,
    96.808,
    94.322,
    95.8,
    96.309,
    95.797,
    95.81500000000003,
    93.81200000000003,
    96.316,
    97.289,
    96.793,
    96.80000000000001,
    94.824,
    95.319,
    95.814,
    97.80699999999997,
    95.80199999999999,
    96.822,
    97.304,
    95.28,
    94.315,
    97.81200000000001,
    93.81500000000001,
    97.31500000000001,
    94.308,
    94.31800000000001,
    95.82000000000001,
    95.82199999999999,
    96.298,
    96.301,
    95.311,
    95.797,
    96.796,
    93.80699999999999,
    98.307,
    94.302,
    95.295,
    95.82300000000001,
    96.81799999999998,
    94.816,
    95.323,
    97.313,
    95.78999999999999,
    96.806,
    94.316,
    97.82200000000002,
    97.314,
    96.81,
    95.31199999999998,
    95.304,
    96.31700000000001,
    96.82400000000001,
    97.31,
    97.23899999999999,
    95.827,
    96.81,
    98.31800000000001,
    95.812,
    97.80300000000001,
    94.81700000000001,
    94.29999999999998,
    92.80600000000001,
    96.31599999999999,
    97.30299999999998,
    93.81299999999999,
    94.826,
    97.31500000000001,
    91.804,
    97.31700000000001,
    92.30199999999999,
    94.80799999999999,
    93.81200000000001,
    94.822,
    98.29299999999999,
    96.80699999999999,
    94.29499999999999,
    94.32000000000001,
    94.809,
    96.30699999999999,
    95.814,
    96.822,
    95.313,
    97.316,
    94.30800000000002,
    92.791,
    95.80999999999999,
    96.21600000000001,
    94.30800000000002,
    96.312,
    95.818,
    96.314,
    95.298,
    98.82300000000001,
    97.30999999999999,
    94.78999999999999,
    95.82200000000002,
    92.803,
    94.809,
    95.79100000000001,
    93.80500000000002,
    94.31,
    97.80900000000001,
    95.29999999999998,
    95.28800000000001,
    93.799,
    97.31900000000002,
    96.323,
    97.322,
    95.803,
    95.31600000000002,
    96.8,
    93.81500000000001,
    95.281,
    97.317,
    97.30900000000001,
    97.313,
    96.31400000000001,
    96.319,
    97.29499999999999,
    95.784,
    95.31800000000001,
    95.311,
    91.3,
    96.32,
    95.31599999999999,
    94.80000000000001,
    98.31600000000002,
    96.80499999999999,
    94.30499999999999,
    95.29999999999998,
    97.81200000000001,
    98.321,
    93.79599999999998,
    94.81799999999998,
    97.302,
    95.311,
    94.81200000000001,
    95.80800000000002,
    93.801,
    95.30199999999999,
    96.284,
    97.31800000000001,
    92.815,
    95.813,
    95.31400000000001,
    93.80800000000002,
    97.32000000000001,
    95.801,
    95.807,
    95.82400000000001,
    96.807,
    96.314,
    94.80300000000001,
    94.32499999999999,
    96.297,
    94.318,
    96.81300000000002,
    96.316,
