{
  "complexity": 10,
  "alpha": 0.3,
  "gamma": 0.95,
  "epsilon": 0.3,
  "extra_passages": 5,
  "avg_rewards": [
    -584.6689999999961,
    -165.40699999999683,
    -101.526999999998,
    7.976000000000194,
    -33.7309999999986,
    -78.10099999999696,
    -14.81999999999889,
    54.88200000000008,
    -49.01699999999728,
    56.88399999999997,
    -18.394999999996024,
    53.54199999999984,
    51.00200000000001,
    51.759999999999955,
    10.934000000001763,
    22.663000000000682,
    22.089000000000627,
    26.39900000000074,
    22.937999999999924,
    0.40700000000121006,
    13.10000000000058,
    47.63700000000043,
    -21.39399999999577,
    66.75399999999995,
    45.170000000000265,
    35.463999999999835,
    40.797000000000274,
    29.504000000000882,
    78.68499999999999,
    43.940000000001355,
    66.67399999999991,
    60.345999999999755,
    71.17499999999991,
    79.44600000000001,
    80.12299999999996,
    87.42600000000002,
    46.13500000000111,
    55.59300000000017,
    67.18599999999961,
    62.50999999999992,
    31.700000000000443,
    21.77000000000354,
    32.7060000000008,
    32.104000000001726,
    89.95000000000002,
    74.87199999999999,
    83.07200000000003,
    86.758,
    67.45599999999996,
    60.670000000000115,
    42.57800000000198,
    79.94800000000001,
    78.74999999999997,
    83.576,
    85.78400000000002,
    -320.3740000003511,
    70.21199999999997,
    80.43100000000005,
    68.72999999999996,
    84.10400000000001,
    81.38699999999999,
    87.012,
    81.50200000000004,
    90.082,
    81.348,
    88.98700000000001,
    74.35199999999982,
    90.16299999999998,
    85.70700000000001,
    90.272,
    88.68499999999999,
    87.18199999999999,
    81.45,
    84.07700000000001,
    86.356,
    85.55699999999999,
    86.60300000000001,
    80.26500000000004,
    87.17999999999999,
    76.65799999999989,
    83.59500000000003,
    87.234,
    46.39200000000237,
    79.551,
    91.77799999999999,
    84.78500000000001,
    87.24199999999999,
    88.13400000000001,
    82.129,
    87.222,
    88.69800000000001,
    90.793,
    89.77799999999999,
    87.755,
    91.785,
    87.77899999999998,
    92.813,
    90.30199999999999,
    91.25900000000001,
    91.315,
    94.28799999999998,
    91.286,
    93.29400000000001,
    88.30100000000002,
    94.28,
    87.81300000000002,
    80.05799999999995,
    88.78,
    88.239,
    86.81,
    85.787,
    92.30899999999998,
    88.276,
    84.77799999999999,
    91.277,
    91.32000000000001,
    89.804,
    91.31299999999999,
    94.79100000000001,
    86.25699999999999,
    80.78699999999999,
    85.755,
    87.801,
    94.295,
    93.78800000000001,
    89.795,
    88.276,
    89.80800000000002,
    87.286,
    90.80199999999999,
    86.792,
    87.75699999999999,
    87.797,
    92.304,
    -308.58300000036405,
    81.27099999999999,
    92.286,
    91.297,
    90.79299999999999,
    87.78099999999999,
    91.284,
    90.286,
    93.79599999999999,
    92.821,
    93.814,
    94.30600000000001,
    92.81,
    89.314,
    89.304,
    91.78699999999999,
    89.28299999999999,
    92.28699999999999,
    84.792,
    87.287,
    91.79799999999999,
    81.765,
    89.29599999999999,
    92.79400000000001,
    89.181,
    88.75699999999999,
    90.78099999999999,
    90.318,
    92.289,
    87.796,
    90.80299999999998,
    88.299,
    90.78799999999998,
    89.304,
    83.79800000000002,
    87.281,
    91.76499999999999,
    86.25699999999999,
    93.78899999999999,
    89.78899999999999,
    92.28899999999999,
    89.785,
    91.789,
    93.27799999999999,
    86.29400000000001,
    85.27799999999999,
    90.30499999999999,
    94.299,
    91.8,
    91.28599999999999,
    88.729,
    90.76100000000001,
    85.26199999999999,
    89.8,
    81.27199999999999,
    84.279,
    95.296,
    87.274,
    91.786,
    89.292,
    90.28099999999999,
    89.285,
    88.79299999999999,
    90.77700000000002,
    88.776,
    90.29499999999999,
    90.77799999999998,
    87.272,
    91.296,
    90.78999999999999,
    88.74999999999999,
    93.301,
    88.78299999999999,
    81.758,
    86.79100000000001,
    83.767,
    93.275,
    87.77399999999999,
    92.783,
    90.77799999999999,
    96.30199999999999,
    91.292,
    92.79599999999999,
    91.811,
    91.78999999999999,
    92.8,
    88.309,
    89.30799999999999,
    86.281,
    90.775,
    82.28399999999999,
    86.784,
    91.29400000000001,
    93.32000000000001,
    91.284,
    91.8,
    89.77699999999999,
    88.793,
    85.774,
    86.25300000000001,
    86.27400000000002,
    90.786,
    90.30100000000002,
    91.27400000000002,
    82.28500000000001,
    92.785,
    91.768,
    95.268,
    87.30900000000001,
    92.797,
    90.27599999999998,
    82.252,
    91.75999999999999,
    92.771,
    91.28099999999999,
    91.29599999999999,
    89.249,
    84.262,
    85.794,
    91.78399999999999,
    92.311,
    85.75499999999998,
    89.75999999999999,
    87.28,
    86.25300000000001,
    91.31800000000001,
    87.78599999999999,
    91.30099999999997,
    91.288,
    89.78099999999999,
    87.283,
    93.28099999999998,
    88.251,
    90.23799999999999,
    90.311,
    88.81199999999998,
    90.277,
    87.28799999999998,
    88.303,
    93.28899999999999,
    88.311,
    91.795,
    89.801,
    91.31199999999998,
    90.807,
    88.299,
    88.29299999999999,
    88.296,
    93.28900000000002,
    90.28900000000002,
    90.28,
    90.28599999999999,
    87.301,
    92.307,
    97.286,
    89.28899999999999,
    86.79499999999999,
    84.77399999999999,
    88.79800000000002,
    87.261,
    89.787,
    83.78099999999999,
    83.787,
    89.27399999999999,
    93.276,
    87.77199999999999,
    90.292,
    90.283,
    89.78,
    84.795,
    90.277,
    88.283,
    90.784,
    89.791,
    87.272,
    94.29400000000001,
    90.29400000000001,
    92.79,
    91.77599999999998,
    91.28999999999999,
    94.28099999999999,
    86.78,
    88.283,
    88.273,
    88.28399999999999,
    86.26699999999998,
    93.27699999999999,
    88.25099999999999,
    85.28800000000001,
    89.78999999999999,
    87.792,
    83.75800000000001,
    89.79299999999998,
    86.28399999999999,
    91.79499999999999,
    82.75399999999999,
    91.771,
    91.284,
    90.30999999999999,
    87.29400000000001,
    87.80499999999999,
    96.31200000000001,
    91.78,
    89.297,
    92.79499999999999,
    89.28399999999999,
    92.315,
    87.289,
    90.318,
    91.776,
    88.316,
    94.80499999999999,
    89.79900000000002,
    92.26599999999999,
    88.78399999999999,
    89.791,
    87.28900000000002,
    85.76699999999998,
    91.29600000000002,
    91.268,
    91.79700000000001,
    89.295,
    95.319,
    87.799,
    91.28699999999999,
    86.22299999999998,
    85.78599999999999,
    92.80499999999999,
    92.791,
    89.27900000000001,
    89.791,
    89.801,
    88.77000000000001,
    87.29499999999999,
    82.78200000000001,
    90.315,
    87.8,
    83.795,
    91.78599999999999,
    88.774,
    89.80999999999999,
    90.796,
    87.778,
    87.78999999999999,
    91.28900000000002,
    88.79400000000001,
    91.79600000000002,
    89.791,
    87.317,
    86.30199999999999,
    86.28200000000001,
    90.79199999999999,
    91.27900000000001,
    94.78200000000001,
    91.287,
    91.796,
    86.75899999999999,
    89.252,
    87.809,
    92.78400000000002,
    90.79299999999998,
    81.299,
    87.24900000000001,
    92.81100000000002,
    88.28800000000001,
    87.786,
    90.29999999999998,
    87.28600000000002,
    93.26299999999999,
    91.788,
    82.75500000000001,
    93.782,
    86.299,
    92.78800000000001,
    90.78900000000002,
    86.78600000000002,
    88.767,
    88.798,
    92.761,
    87.28299999999999,
    87.28399999999999,
    92.288,
    85.275,
    96.311,
    87.78,
    89.304,
    88.797,
    93.286,
    87.26,
    89.268,
    87.775,
    85.769,
    92.30300000000003,
    89.79199999999999,
