{
  "complexity": 6,
  "alpha": 0.3,
  "gamma": 0.95,
  "epsilon": 0.3,
  "extra_passages": 9,
  "avg_rewards": [
    -494.26399999999757,
    -87.03599999999932,
    -2.77899999999986,
    -46.6539999999991,
    20.743000000000173,
    32.353000000000144,
    9.284000000000209,
    -24.231999999998884,
    22.579000000000406,
    53.31600000000005,
    35.62000000000005,
    61.74499999999999,
    61.761999999999944,
    58.87399999999993,
    45.35300000000022,
    24.509000000000594,
    59.16699999999986,
    62.86899999999988,
    77.09700000000004,
    34.21300000000036,
    62.062999999999946,
    44.16499999999979,
    55.90699999999998,
    75.24499999999975,
    49.07099999999982,
    75.24800000000002,
    50.86999999999992,
    11.761000000001442,
    48.985000000000085,
    80.91300000000001,
    66.57599999999994,
    50.904000000000025,
    65.41499999999988,
    65.943,
    77.38899999999994,
    80.64700000000002,
    70.13799999999979,
    81.47099999999999,
    86.48000000000005,
    80.797,
    63.93500000000048,
    83.00299999999999,
    52.13000000000064,
    80.601,
    31.10200000000274,
    86.20099999999996,
    80.85100000000001,
    77.37199999999997,
    71.12899999999965,
    81.91799999999998,
    67.83500000000076,
    91.096,
    78.743,
    79.902,
    89.426,
    83.256,
    67.70499999999991,
    83.579,
    81.78999999999999,
    91.192,
    86.131,
    91.71300000000001,
    86.119,
    88.72900000000001,
    85.81699999999998,
    82.608,
    73.22699999999975,
    85.447,
    88.57700000000001,
    82.613,
    90.747,
    86.75300000000001,
    82.15400000000002,
    86.22900000000001,
    91.177,
    87.761,
    89.76599999999999,
    89.73499999999999,
    87.19500000000001,
    87.74299999999998,
    88.733,
    88.73999999999998,
    86.69,
    89.78299999999999,
    86.67,
    85.187,
    88.72200000000001,
    89.24199999999999,
    87.19,
    87.73599999999999,
    90.19500000000001,
    89.146,
    84.22900000000001,
    85.20100000000001,
    86.747,
    91.272,
    89.76499999999999,
    92.77600000000001,
    90.731,
    82.75,
    88.763,
    90.277,
    91.15700000000001,
    85.74399999999999,
    87.74600000000001,
    88.24999999999997,
    90.744,
    91.776,
    89.73500000000001,
    91.22999999999999,
    91.236,
    92.25699999999999,
    89.243,
    91.77900000000001,
    94.276,
    91.792,
    87.27099999999999,
    91.277,
    91.27399999999999,
    94.78,
    91.264,
    89.75600000000001,
    93.78900000000002,
    97.276,
    92.273,
    89.784,
    92.27600000000001,
    89.28999999999999,
    88.24699999999999,
    95.789,
    84.247,
    91.25899999999999,
    92.25800000000001,
    88.739,
    95.78600000000002,
    91.77199999999999,
    85.262,
    95.273,
    88.76700000000001,
    86.752,
    89.268,
    90.75800000000001,
    95.285,
    86.27799999999999,
    91.77100000000002,
    89.25000000000001,
    90.274,
    91.758,
    87.773,
    90.73099999999998,
    93.78200000000001,
    95.25300000000001,
    92.269,
    92.78999999999999,
    91.78600000000002,
    89.24900000000001,
    91.276,
    93.275,
    90.269,
    92.77100000000002,
    91.254,
    86.778,
    91.26199999999999,
    86.248,
    85.756,
    90.747,
    92.28200000000001,
    91.771,
    90.278,
    91.772,
    89.266,
    90.80000000000001,
    92.77499999999999,
    91.777,
    91.277,
    91.744,
    90.277,
    88.273,
    88.76399999999998,
    90.77699999999999,
    91.249,
    91.26399999999998,
    91.748,
    88.75899999999999,
    93.77799999999999,
    91.76700000000001,
    93.77400000000002,
    88.276,
    89.74600000000001,
    91.287,
    89.756,
    89.258,
    89.256,
    90.75800000000001,
    90.76399999999998,
    86.268,
    89.27799999999999,
    86.27000000000001,
    93.285,
    90.782,
    90.264,
    86.766,
    90.28099999999999,
    92.77199999999999,
    89.769,
    88.76800000000001,
    88.77600000000002,
    87.776,
    91.765,
    88.26699999999998,
    91.799,
    85.78400000000002,
    90.78900000000002,
    91.778,
    90.26499999999999,
    86.73700000000001,
    85.245,
    91.75,
    92.297,
    91.76500000000001,
    91.756,
    92.804,
    87.772,
    87.242,
    92.26899999999999,
    90.787,
    89.27700000000002,
    89.256,
    91.29100000000001,
    87.282,
    84.74599999999998,
    91.77700000000002,
    91.284,
    88.28200000000001,
    86.29400000000001,
    86.772,
    91.764,
    93.27300000000001,
    88.77399999999999,
    89.758,
    88.28,
    89.26500000000001,
    91.75699999999999,
    89.772,
    86.75,
    87.789,
    90.273,
    85.758,
    93.806,
    96.28299999999999,
    91.28,
    91.26500000000001,
    85.763,
    89.776,
    88.27599999999998,
    93.77600000000001,
    94.74499999999999,
    89.268,
    92.26599999999999,
    85.26399999999998,
    91.26599999999999,
    86.276,
    87.23799999999999,
    88.268,
    90.785,
    89.28899999999999,
    90.75,
    93.792,
    95.761,
    89.27199999999999,
    88.76199999999999,
    90.78500000000001,
    90.75800000000001,
    91.77799999999999,
    85.75700000000002,
    89.777,
    90.283,
    86.74800000000002,
    91.26599999999999,
    86.27,
    90.28399999999999,
    90.789,
    86.234,
    89.757,
    87.72999999999999,
    88.767,
    91.75899999999999,
    88.275,
    89.79299999999998,
    91.275,
    90.28,
    87.26799999999999,
    88.75899999999999,
    90.747,
    86.728,
    87.249,
    90.78200000000001,
    91.79099999999998,
    87.73299999999999,
    91.759,
    85.768,
    92.296,
    88.22100000000002,
    88.269,
    93.766,
    92.749,
    92.75500000000001,
    91.758,
    87.786,
    91.25500000000001,
    89.284,
    87.778,
    91.73499999999999,
    91.25999999999999,
    89.28599999999999,
    91.798,
    87.779,
    85.76599999999999,
    94.80199999999999,
    89.25000000000001,
    93.283,
    89.273,
    88.252,
    87.266,
    90.772,
    88.772,
    88.78699999999999,
    88.76599999999999,
    92.253,
    90.77900000000001,
    92.78599999999999,
    92.797,
    94.273,
    92.23700000000001,
    87.276,
    86.768,
    89.75600000000001,
    88.232,
    89.258,
    89.793,
    86.756,
    91.24300000000002,
    85.727,
    89.25899999999999,
    86.703,
    90.777,
    92.277,
    89.759,
    85.24900000000001,
    90.27799999999999,
    92.26000000000002,
    90.276,
    90.28399999999999,
    96.26500000000001,
    87.274,
    91.785,
    91.23800000000001,
    89.26400000000001,
    94.275,
    90.28299999999999,
    91.775,
    90.284,
    88.734,
    91.273,
    92.80699999999999,
    88.761,
    87.79799999999999,
    88.287,
    88.76,
    94.75800000000001,
    93.269,
    89.748,
    88.263,
    90.29400000000001,
    89.25800000000001,
    89.274,
    89.28,
    92.292,
    89.278,
    89.78,
    92.273,
    91.776,
    93.793,
    90.75699999999999,
    90.733,
    89.71099999999998,
    86.768,
    86.23800000000001,
    89.757,
    89.749,
    89.77399999999999,
    92.27700000000002,
    91.26199999999999,
    92.248,
    88.774,
    91.269,
    88.756,
    87.28,
    85.23299999999999,
    90.79400000000001,
    91.25699999999999,
    89.769,
    90.77300000000001,
    90.276,
    91.81199999999998,
    82.742,
    87.76699999999998,
    87.785,
    90.78599999999999,
    91.27200000000002,
    87.77600000000001,
    93.76299999999999,
    89.29099999999998,
    90.779,
    89.76500000000001,
    93.27000000000001,
    88.26400000000001,
    91.30199999999999,
    87.25899999999999,
    91.28400000000002,
    88.79699999999998,
    89.756,
    90.271,
    90.74999999999999,
    92.74699999999999,
    92.28699999999999,
    90.31000000000002,
    89.773,
    93.759,
    87.76,
    91.786,
    94.79299999999999,
    93.291,
    92.28999999999999,
    91.275,
    82.76500000000001,
    91.776,
    89.8,
    91.78999999999999,
    92.789,
    90.768,
    88.27099999999999,
    88.78200000000001,
    92.27599999999998,
