{
  "complexity": 2,
  "alpha": 0.1,
  "gamma": 0.95,
  "epsilon": 0.2,
  "extra_passages": 1,
  "avg_rewards": [
    -44.8029999999997,
    55.943999999999946,
    85.869,
    93.00700000000002,
    85.52999999999997,
    93.51799999999999,
    92.94399999999997,
    91.53299999999999,
    91.27799999999998,
    90.82999999999996,
    96.371,
    91.274,
    95.158,
    96.329,
    94.66799999999999,
    97.321,
    92.74999999999999,
    98.314,
    97.27499999999999,
    95.25200000000002,
    97.24799999999999,
    91.04399999999998,
    96.794,
    97.204,
    93.66600000000001,
    98.32699999999998,
    98.922,
    95.89199999999998,
    97.23400000000001,
    97.895,
    97.335,
    97.408,
    96.91100000000003,
    98.85199999999999,
    97.90899999999998,
    97.38700000000001,
    99.40799999999999,
    98.866,
    98.89099999999999,
    97.91499999999999,
    98.41299999999998,
    99.91,
    98.40099999999998,
    98.41799999999999,
    97.91300000000001,
    97.42200000000003,
    98.41299999999998,
    96.913,
    98.91299999999998,
    97.40099999999998,
    98.91299999999998,
    97.892,
    96.91400000000002,
    98.915,
    97.91499999999999,
    96.91600000000003,
    99.40299999999999,
    98.422,
    96.41800000000002,
    97.404,
    97.91299999999998,
    98.917,
    98.91799999999999,
    96.91399999999999,
    97.41000000000001,
    97.407,
    96.912,
    96.921,
    99.41499999999999,
    97.90799999999999,
    98.41900000000001,
    98.40799999999999,
    98.91799999999999,
    97.91499999999999,
    97.41400000000002,
    97.91000000000003,
    97.917,
    97.918,
    99.423,
    98.40799999999999,
    97.907,
    98.40899999999999,
    97.413,
    97.41499999999999,
    98.41099999999999,
    96.41,
    97.413,
    97.90799999999999,
    97.418,
    97.409,
    99.422,
    98.91600000000001,
    97.90899999999999,
    97.898,
    99.921,
    98.414,
    97.41099999999999,
    99.92499999999998,
    98.917,
    98.415,
    98.40599999999999,
    97.41199999999999,
    96.912,
    98.41099999999999,
    97.90200000000002,
    97.91900000000001,
    97.40399999999998,
    97.41300000000001,
    97.39699999999999,
    98.914,
    98.922,
    95.91299999999998,
    96.91,
    96.91099999999999,
    99.91099999999999,
    95.912,
    99.41,
    99.42499999999998,
    98.41799999999999,
    97.41299999999998,
    97.91799999999999,
    96.419,
    96.908,
    98.912,
    97.91499999999999,
    99.41600000000001,
    98.425,
    98.408,
    98.918,
    97.906,
    98.92099999999999,
    98.91899999999998,
    98.91,
    97.91699999999999,
    97.92100000000002,
    98.911,
    98.41499999999999,
    97.41400000000002,
    98.41799999999999,
    97.41900000000001,
    98.91099999999999,
    96.41099999999999,
    99.417,
    96.913,
    97.425,
    97.417,
    97.41,
    97.415,
    97.42200000000003,
    98.40399999999998,
    99.909,
    98.41399999999999,
    98.417,
    98.41299999999998,
    98.91799999999998,
    98.92399999999999,
    97.41100000000002,
    99.41499999999999,
    98.91499999999999,
    97.41199999999999,
    97.408,
    96.91,
    98.41,
    96.91600000000003,
    96.396,
    97.41099999999999,
    96.908,
    98.91400000000002,
    99.91499999999999,
    99.41,
    97.40700000000001,
    96.41199999999999,
    99.42,
    98.91599999999998,
    98.41799999999998,
    97.91499999999999,
    97.41299999999998,
    98.916,
    98.424,
    98.909,
    98.90299999999999,
    98.406,
    98.41699999999999,
    99.90799999999999,
    98.41199999999999,
    97.41299999999998,
    97.424,
    98.40699999999998,
    95.41199999999999,
    98.40700000000001,
    98.41400000000002,
    97.917,
    97.416,
    96.41600000000001,
    96.417,
    98.414,
    95.41799999999998,
    99.417,
    98.41100000000002,
    97.904,
    97.914,
    98.407,
    96.41999999999999,
    98.91,
    98.423,
    98.91300000000001,
    98.42,
    96.905,
    98.41000000000001,
    96.913,
    96.41900000000001,
    97.422,
    96.41099999999999,
    97.405,
    97.91,
    98.912,
    97.926,
    96.40799999999999,
    97.41799999999999,
    97.909,
    98.41599999999998,
    97.40899999999999,
    98.41600000000001,
    99.92200000000003,
    98.412,
    97.917,
    98.416,
    97.912,
    97.415,
    96.404,
    97.91600000000001,
    96.408,
    97.91999999999999,
    97.41099999999997,
    98.89399999999998,
    98.41400000000002,
    97.41400000000002,
    98.912,
    98.41600000000003,
    97.912,
    98.918,
    96.909,
    96.40899999999999,
    98.40900000000002,
    96.422,
    97.42,
    99.415,
    99.41,
    99.41699999999999,
    96.414,
    97.41699999999999,
    95.905,
    99.41300000000001,
    98.90699999999998,
    98.41399999999999,
    96.417,
    96.413,
    96.917,
    98.411,
    99.91399999999999,
    98.424,
    98.91799999999998,
    96.90799999999999,
    98.92299999999999,
    98.91099999999999,
    98.91799999999999,
    98.415,
    98.92000000000003,
    97.41599999999998,
    99.414,
    98.91300000000001,
    97.91199999999999,
    97.913,
    99.914,
    95.422,
    97.40999999999998,
    98.4,
    94.423,
    98.41100000000002,
    98.42299999999999,
    96.91900000000001,
    99.916,
    98.40199999999999,
    97.904,
    96.907,
    97.411,
    97.905,
    96.90899999999998,
    98.409,
    99.38699999999999,
    97.909,
    98.41799999999998,
    98.41900000000001,
    95.909,
    97.91299999999998,
    97.41300000000001,
    97.91199999999999,
    98.91600000000001,
    97.909,
    98.904,
    95.40800000000002,
    96.41699999999999,
    96.41300000000001,
    98.423,
    98.918,
    97.902,
    99.41499999999999,
    98.91599999999998,
    98.41099999999999,
    97.41,
    98.91799999999999,
    96.91499999999999,
    94.91099999999999,
    95.92499999999998,
    98.91,
    99.40699999999998,
    99.39899999999997,
    97.90899999999999,
    99.421,
    98.41900000000001,
    98.921,
    98.41799999999998,
    98.41199999999999,
    97.42099999999999,
    98.411,
    98.416,
    98.418,
    97.90899999999999,
    99.41799999999998,
    98.923,
    97.42000000000003,
    97.40799999999999,
    97.917,
    99.412,
    99.41400000000002,
    97.406,
    99.41299999999998,
    96.413,
    98.91500000000002,
    97.413,
    97.917,
    97.41,
    99.40700000000001,
    97.91199999999999,
    97.91799999999999,
    98.41599999999998,
    99.40899999999999,
    96.40499999999999,
    96.90599999999998,
    97.917,
    97.91400000000002,
    98.41100000000002,
    97.91300000000001,
    97.91900000000001,
    95.419,
    99.418,
    98.918,
    98.913,
    96.41,
    97.41,
    97.399,
    95.411,
    98.41600000000001,
    97.39599999999999,
    98.912,
    96.89900000000002,
    94.90299999999999,
    99.409,
    97.423,
    98.40399999999998,
    97.91499999999998,
    98.41400000000002,
    96.90500000000002,
    99.41799999999998,
    98.416,
    98.91199999999999,
    99.42,
    97.90299999999999,
    96.90299999999999,
    96.911,
    95.91399999999999,
    98.90700000000001,
    98.90699999999998,
    96.403,
    96.91599999999998,
    97.919,
    98.415,
    98.912,
    97.917,
    95.91,
    97.41600000000001,
    99.40299999999999,
    98.922,
    97.90299999999999,
    97.92,
    96.922,
    97.42200000000001,
    96.91899999999998,
    96.41300000000001,
    96.41100000000002,
    97.90699999999998,
    98.906,
    97.92000000000003,
    95.91000000000001,
    94.90399999999998,
    99.423,
    98.41400000000002,
    98.405,
    99.41800000000002,
    98.914,
    97.922,
    97.41199999999999,
    98.923,
    98.409,
    97.412,
    99.417,
    99.42800000000001,
    98.41099999999999,
    95.91299999999998,
    98.91399999999999,
    96.91499999999999,
    97.905,
    98.42600000000002,
    97.91199999999999,
    99.41900000000001,
    98.90599999999999,
    97.91400000000002,
    97.41,
    98.917,
    96.40499999999999,
    97.41,
    95.42099999999999,
    98.90599999999998,
