{
  "complexity": 0,
  "alpha": 0.3,
  "gamma": 0.9,
  "epsilon": 0.3,
  "extra_passages": 7,
  "avg_rewards": [
    -200.5349999999991,
    11.286999999999933,
    54.240999999999985,
    70.45499999999988,
    56.19899999999984,
    71.03299999999994,
    71.88699999999993,
    79.14699999999998,
    78.10000000000005,
    79.595,
    88.493,
    83.73399999999995,
    89.061,
    84.19799999999995,
    87.55799999999998,
    86.86999999999999,
    91.001,
    65.55399999999969,
    85.49700000000003,
    83.34,
    88.41499999999999,
    82.249,
    52.82200000000057,
    85.37499999999999,
    90.341,
    88.88700000000001,
    86.85799999999998,
    91.525,
    91.64500000000001,
    88.85299999999998,
    87.92500000000001,
    77.6829999999999,
    91.12499999999999,
    85.441,
    85.07200000000005,
    82.24099999999996,
    95.75300000000001,
    91.951,
    83.26599999999999,
    90.891,
    92.002,
    86.315,
    92.07000000000001,
    93.199,
    90.696,
    92.165,
    90.13399999999999,
    90.66799999999999,
    94.162,
    90.64399999999999,
    94.81099999999999,
    94.80400000000002,
    91.31200000000001,
    97.26599999999999,
    97.313,
    94.291,
    94.33800000000001,
    94.333,
    97.85400000000001,
    94.319,
    91.78900000000002,
    92.82499999999999,
    96.35300000000001,
    91.824,
    93.357,
    95.85100000000001,
    94.33700000000002,
    94.83200000000001,
    95.34299999999999,
    96.324,
    94.82300000000001,
    97.84200000000001,
    96.35500000000002,
    93.831,
    93.33,
    94.345,
    95.352,
    90.82100000000001,
    93.78200000000001,
    92.351,
    94.35700000000001,
    88.02100000000003,
    96.358,
    92.319,
    95.364,
    96.35700000000001,
    91.351,
    93.322,
    95.33399999999999,
    93.31700000000001,
    93.321,
    96.855,
    94.81200000000001,
    91.84,
    97.35900000000001,
    93.85300000000001,
    96.33000000000001,
    92.34400000000001,
    96.839,
    95.352,
    94.32700000000001,
    95.34300000000002,
    93.837,
    93.836,
    93.815,
    92.83200000000001,
    96.35900000000001,
    94.84700000000001,
    96.84900000000002,
    90.84400000000002,
    91.853,
    96.354,
    95.815,
    92.842,
    92.84600000000002,
    97.845,
    92.31700000000001,
    96.336,
    90.319,
    94.353,
    95.848,
    93.33500000000001,
    93.83,
    95.326,
    92.33599999999998,
    95.834,
    91.34200000000001,
    98.86699999999999,
    93.861,
    95.355,
    95.215,
    94.336,
    96.86300000000001,
    96.84700000000001,
    93.35000000000001,
    93.343,
    91.831,
    93.852,
    95.32100000000001,
    95.332,
    91.827,
    95.33200000000001,
    95.86200000000001,
    95.85000000000001,
    92.325,
    93.81200000000001,
    90.833,
    97.32000000000002,
    96.84200000000001,
    96.361,
    95.34799999999998,
    93.80199999999999,
    91.29600000000002,
    92.83500000000001,
    93.84200000000001,
    96.864,
    94.855,
    95.84200000000001,
    95.309,
    93.863,
    95.34599999999999,
    93.345,
    96.358,
    99.363,
    94.84400000000001,
    92.84,
    96.348,
    95.819,
    96.80100000000002,
    92.805,
    93.349,
    94.30499999999999,
    92.352,
    95.84400000000001,
    95.83000000000001,
    95.352,
    93.34500000000001,
    92.297,
    96.844,
    95.864,
    95.348,
    95.354,
    94.852,
    94.352,
    92.32899999999998,
    93.347,
    93.355,
    92.838,
    95.852,
    94.82900000000001,
    95.364,
    90.32000000000001,
    96.853,
    95.35499999999999,
    96.851,
    90.34,
    90.832,
    96.81800000000001,
    95.82500000000002,
    93.849,
    95.85900000000001,
    95.328,
    94.81899999999999,
    96.36200000000001,
    93.821,
    95.357,
    94.346,
    96.85900000000001,
    92.842,
    94.83200000000002,
    98.362,
    96.342,
    93.35100000000003,
    92.816,
    96.35300000000001,
    90.83500000000001,
    96.345,
    94.329,
    95.32000000000001,
    96.33099999999999,
    95.84,
    92.834,
    94.353,
    94.82100000000001,
    95.853,
    96.35500000000002,
    94.834,
    94.34400000000001,
    97.344,
    98.35,
    93.836,
    94.341,
    94.844,
    94.32900000000002,
    96.32700000000001,
    97.355,
    96.822,
    97.35000000000001,
    92.81300000000002,
    91.837,
    93.81300000000002,
    93.336,
    96.321,
    90.30499999999999,
    96.338,
    96.86800000000001,
    96.86600000000001,
    97.32199999999999,
    94.355,
    95.35900000000001,
    93.837,
    95.31899999999999,
    94.859,
    93.84299999999999,
    91.843,
    94.855,
    97.362,
    93.336,
    92.845,
    98.34400000000001,
    94.85100000000001,
    92.35000000000001,
    94.84299999999999,
    95.83700000000002,
    95.83800000000001,
    91.835,
    96.349,
    97.34100000000001,
    94.32300000000001,
    93.33300000000001,
    96.343,
    94.84900000000002,
    94.315,
    94.345,
    94.348,
    94.842,
    94.34,
    99.34200000000001,
    93.84400000000001,
    94.35100000000003,
    94.84100000000001,
    93.844,
    94.33700000000002,
    89.82500000000002,
    94.84600000000002,
    95.85,
    92.32500000000002,
    92.80300000000001,
    96.35799999999999,
    97.85600000000002,
    93.35,
    94.35,
    93.32800000000002,
    92.32300000000001,
    89.82200000000002,
    94.33600000000001,
    94.33700000000002,
    96.33200000000001,
    95.86,
    95.84099999999998,
    93.362,
    95.34,
    97.32600000000002,
    92.84100000000001,
    96.35300000000001,
    93.34700000000001,
    93.844,
    92.35600000000001,
    93.85400000000001,
    93.34100000000002,
    94.84800000000001,
    96.34400000000001,
    94.36300000000001,
    93.346,
    96.82100000000001,
    95.346,
    92.858,
    97.86200000000001,
    94.341,
    96.34,
    94.852,
    93.336,
    92.846,
    95.35100000000001,
    94.84400000000002,
    94.332,
    93.82199999999999,
    94.352,
    93.85499999999999,
    93.346,
    93.86300000000001,
    93.86699999999999,
    93.82300000000001,
    96.34400000000001,
    93.867,
    92.839,
    94.85300000000001,
    93.34,
    96.345,
    93.851,
    94.35100000000001,
    95.34200000000001,
    94.83399999999997,
    97.33700000000002,
    92.82900000000001,
    94.846,
    96.837,
    95.345,
    95.33200000000001,
    95.85,
    93.36000000000001,
    97.34400000000001,
    94.84799999999998,
    92.848,
    96.84700000000001,
    94.857,
    92.324,
    94.34200000000001,
    95.355,
    92.314,
    94.834,
    92.83900000000001,
    95.35000000000001,
    93.857,
    93.84100000000001,
    94.85400000000001,
    95.852,
    96.83500000000001,
    95.83600000000001,
    96.82900000000001,
    93.351,
    97.346,
    92.33500000000001,
    95.845,
    96.34700000000001,
    94.345,
    94.84299999999999,
    94.81500000000001,
    94.33200000000002,
    92.35799999999999,
    94.332,
    94.84400000000001,
    94.349,
    95.85900000000001,
    95.35799999999999,
    94.33300000000001,
    97.329,
    92.84200000000001,
    95.85000000000001,
    97.843,
    88.314,
    94.32300000000001,
    97.852,
    94.84599999999999,
    93.84200000000001,
    91.85,
    95.31500000000001,
    93.352,
    95.321,
    93.831,
    92.85300000000001,
    98.349,
    97.34400000000001,
    93.83900000000001,
    95.34700000000001,
    95.346,
    97.34200000000001,
    97.34800000000001,
    92.34,
    91.34100000000001,
    96.844,
    93.36,
    94.341,
    94.356,
    92.845,
    93.83,
    91.83200000000002,
    94.319,
    97.849,
    94.33500000000001,
    95.86500000000001,
    94.35,
    93.33699999999999,
    93.83500000000001,
    90.82500000000002,
    95.833,
    97.35499999999999,
    95.83900000000001,
    94.84800000000001,
    94.842,
    94.83200000000002,
    94.345,
    93.85900000000001,
    93.312,
    97.34599999999999,
    94.83800000000001,
    91.343,
    93.328,
    95.83999999999997,
    92.34299999999999,
    95.33800000000001,
    93.833,
    89.838,
