{
  "complexity": 7,
  "alpha": 0.3,
  "gamma": 0.85,
  "epsilon": 0.1,
  "extra_passages": 0,
  "avg_rewards": [
    -290.406999999997,
    -300.76499999996406,
    70.3079999999998,
    70.68799999999985,
    44.82100000000521,
    -205.16300000063552,
    -406.2440000016321,
    -840.701000003602,
    -69.01199999996501,
    17.29000000001607,
    85.08299999999973,
    78.88699999999973,
    81.12899999999992,
    82.33399999999978,
    87.64399999999998,
    84.35399999999993,
    60.51000000000423,
    81.9929999999999,
    91.84299999999992,
    95.58399999999976,
    91.57000000000012,
    93.21699999999987,
    91.47700000000006,
    93.99100000000001,
    54.719000000005124,
    81.95899999999935,
    75.9430000000014,
    98.682,
    94.744,
    93.936,
    96.80300000000001,
    89.01399999999998,
    97.15899999999998,
    94.707,
    93.817,
    94.719,
    95.635,
    -433.5820000021698,
    97.14099999999999,
    86.00299999999956,
    98.478,
    -96.75399999996297,
    93.04600000000005,
    95.84,
    79.02699999999963,
    93.786,
    94.198,
    96.85499999999999,
    97.349,
    98.33299999999998,
    95.85900000000001,
    97.86,
    99.364,
    97.354,
    98.86,
    96.862,
    96.35900000000001,
    97.856,
    97.85400000000001,
    98.858,
    97.322,
    98.744,
    98.30699999999999,
    97.852,
    96.335,
    95.852,
    98.82000000000001,
    96.30499999999999,
    91.99900000000001,
    92.48200000000003,
    96.849,
    97.33200000000001,
    97.85499999999999,
    98.859,
    97.858,
    96.35900000000001,
    97.85499999999999,
    98.866,
    98.853,
    97.86,
    96.792,
    99.35900000000001,
    96.358,
    97.333,
    96.35900000000001,
    97.86699999999999,
    95.85400000000001,
    97.865,
    99.85,
    98.85900000000001,
    97.854,
    97.857,
    98.354,
    96.358,
    97.859,
    97.358,
    96.365,
    97.358,
    97.85900000000001,
    95.861,
    98.864,
    96.358,
    96.861,
    97.853,
    97.363,
    96.868,
    97.34700000000001,
    97.857,
    97.84400000000001,
    96.861,
    97.85199999999999,
    96.85699999999999,
    96.34899999999999,
    97.833,
    98.364,
    97.36,
    97.826,
    98.364,
    98.864,
    96.85400000000001,
    97.36,
    97.857,
    97.861,
    97.86,
    97.86,
    99.356,
    95.855,
    98.326,
    98.86,
    98.36699999999999,
    98.362,
    96.85900000000001,
    96.858,
    98.352,
    97.85600000000001,
    97.319,
    98.837,
    96.864,
    97.356,
    96.36,
    95.85100000000001,
    97.863,
    97.86,
    98.362,
    94.857,
    97.863,
    97.86099999999999,
    96.84,
    98.218,
    97.843,
    98.858,
    98.804,
    98.339,
    97.358,
    96.863,
    96.85900000000001,
    98.81899999999999,
    97.856,
    98.34599999999999,
    96.862,
    97.861,
    96.862,
    96.852,
    96.365,
    96.34,
    96.309,
    97.77799999999999,
    97.35799999999999,
    97.85400000000001,
    97.357,
    98.345,
    97.749,
    95.736,
    98.34700000000001,
    96.35100000000001,
    96.85900000000001,
    98.354,
    96.351,
    87.96599999999977,
    98.352,
    98.364,
    98.857,
    96.363,
    98.848,
    98.863,
    98.84799999999998,
    96.357,
    97.851,
    99.35999999999999,
    97.865,
    98.85599999999998,
    95.857,
    90.26000000000006,
    96.701,
    94.68299999999992,
    91.64400000000012,
    98.836,
    94.7249999999999,
    96.07799999999999,
    98.85499999999999,
    96.36699999999999,
    95.35900000000001,
    97.361,
    98.85900000000001,
    97.352,
    96.797,
    96.84,
    97.828,
    98.857,
    99.857,
    97.34700000000001,
    96.85099999999998,
    97.365,
    97.856,
    96.848,
    96.852,
    97.327,
    99.362,
    97.857,
    86.05599999999998,
    99.329,
    98.21799999999999,
    96.858,
    97.358,
    97.362,
    97.353,
    97.85300000000001,
    97.357,
    97.857,
    94.798,
    94.836,
    98.362,
    97.85600000000001,
    97.354,
    98.863,
    97.35900000000001,
    96.361,
    96.858,
    98.85,
    98.363,
    98.864,
    97.863,
    98.857,
    98.861,
    98.357,
    97.352,
    96.861,
    96.84799999999998,
    97.86,
    98.363,
    96.851,
    96.36,
    95.861,
    96.31,
    98.36699999999999,
    98.796,
    98.305,
    97.364,
    96.363,
    98.861,
    97.84700000000001,
    97.861,
    96.849,
    98.35900000000001,
    98.863,
    96.349,
    98.35900000000001,
    94.861,
    96.858,
    99.366,
    97.363,
    99.349,
    98.352,
    97.36,
    99.35900000000001,
    95.35400000000001,
    97.868,
    98.358,
    98.855,
    99.86699999999999,
    97.35499999999999,
    98.362,
    97.277,
    95.84799999999998,
    99.35600000000001,
    99.34799999999998,
    97.85600000000001,
    96.70800000000001,
    96.848,
    97.355,
    98.36699999999999,
    94.857,
    98.35600000000001,
    98.362,
    98.364,
    96.361,
    98.357,
    96.361,
    97.85400000000001,
    96.854,
    95.863,
    97.35,
    95.363,
    96.861,
    95.352,
    96.35199999999999,
    97.262,
    94.84900000000002,
    96.857,
    98.357,
    98.85600000000001,
    97.85,
    97.362,
    97.35400000000001,
    97.863,
    98.352,
    97.35499999999999,
    96.857,
    96.836,
    97.82900000000001,
    97.36,
    98.35900000000001,
    95.358,
    97.35199999999999,
    96.82000000000001,
    97.353,
    96.35400000000001,
    97.362,
    98.357,
    98.356,
    96.862,
    98.351,
    94.358,
    98.85499999999999,
    99.351,
    98.365,
    97.345,
    97.857,
    98.351,
    99.86,
    97.861,
    97.361,
    98.34599999999999,
    97.352,
    96.35600000000001,
    98.356,
    98.357,
    98.354,
    98.351,
    99.362,
    97.354,
    96.863,
    97.35600000000001,
    97.86,
    95.855,
    97.863,
    98.35499999999999,
    96.86099999999999,
    97.34100000000001,
    96.855,
    94.27200000000002,
    98.349,
    97.838,
    94.788,
    95.303,
    98.845,
    96.34299999999999,
    98.858,
    97.36699999999999,
    96.35400000000001,
    96.35300000000001,
    98.35999999999999,
    98.85600000000001,
    97.855,
    98.85900000000001,
    99.364,
    97.86,
    97.85000000000001,
    97.852,
    98.356,
    96.852,
    98.36699999999999,
    99.857,
    97.362,
    97.357,
    96.859,
    99.863,
    96.85900000000001,
    96.361,
    95.35300000000001,
    98.361,
    97.35600000000001,
    96.864,
    98.35900000000001,
    96.863,
    95.357,
    96.35499999999999,
    97.361,
    96.35499999999999,
    96.86,
    98.855,
    98.857,
    98.851,
    95.863,
    98.854,
    99.35600000000001,
    96.33500000000001,
    96.83099999999999,
    97.35,
    98.858,
    97.35900000000001,
    97.365,
    95.355,
    96.361,
    94.859,
    96.85,
    97.35199999999999,
    98.35799999999999,
    98.36,
    97.85600000000001,
    98.363,
    99.35499999999999,
    98.862,
    95.362,
    98.35600000000001,
    97.34200000000001,
    97.85600000000001,
    96.361,
    96.807,
    97.861,
    97.35900000000001,
    97.34899999999999,
    94.847,
    98.35000000000001,
    97.85100000000001,
    95.86,
    98.853,
    95.832,
    95.04,
    98.34700000000001,
    98.358,
    97.35300000000001,
    97.85900000000001,
    98.85,
    94.849,
    94.358,
    96.85400000000001,
    96.85,
    98.34700000000001,
    97.8,
    96.35799999999999,
    96.863,
    96.85600000000001,
    97.368,
    96.866,
    98.364,
    98.85900000000001,
    97.857,
    97.85900000000001,
    97.36,
    98.35499999999999,
    98.36,
    98.362,
    97.365,
    97.853,
    97.361,
    99.35900000000001,
    98.362,
    97.35400000000001,
    96.85900000000001,
    97.86699999999999,
    98.35600000000001,
    93.857,
    96.36,
    94.859,
    97.863,
    97.858,
    98.363,
    97.85,
    97.866,
    99.863,
    96.863,
    96.85600000000001,
    98.85499999999999,
    96.85400000000001,
    98.362,
    96.85799999999999,
    96.363,
    97.35,
    97.856,
    97.858,
    95.363,
    98.35600000000001,
