{
  "complexity": 3,
  "alpha": 0.1,
  "gamma": 0.85,
  "epsilon": 0.3,
  "extra_passages": 12,
  "avg_rewards": [
    -412.275999999998,
    -48.78299999999971,
    -12.949999999999761,
    -2.448999999999643,
    27.95999999999981,
    39.994999999999955,
    59.291999999999895,
    70.37799999999991,
    28.036000000000378,
    16.972000000001152,
    50.90199999999999,
    57.552999999999955,
    70.62399999999965,
    52.01699999999969,
    31.192000000000007,
    57.5949999999999,
    44.747000000000234,
    24.794000000000715,
    30.708999999999925,
    65.48200000000001,
    58.498999999999874,
    53.108999999999945,
    38.2179999999997,
    41.60600000000028,
    53.02899999999987,
    61.306999999999945,
    61.62099999999988,
    53.92099999999975,
    82.06299999999999,
    72.888,
    80.402,
    83.54299999999999,
    72.04999999999998,
    61.770999999999916,
    65.88699999999997,
    79.53299999999996,
    79.16299999999998,
    82.63100000000003,
    77.34499999999994,
    65.70099999999992,
    75.45900000000003,
    72.42699999999988,
    50.16799999999984,
    71.13799999999965,
    59.69899999999991,
    69.69499999999987,
    74.72699999999999,
    68.8659999999999,
    84.93699999999998,
    76.99999999999994,
    73.16499999999998,
    70.81800000000004,
    69.15399999999988,
    51.029000000000735,
    72.24299999999997,
    71.15500000000003,
    69.56199999999984,
    79.04499999999992,
    65.79599999999978,
    81.41999999999999,
    87.51499999999996,
    68.66199999999981,
    79.01800000000003,
    77.43199999999997,
    77.15099999999994,
    66.34999999999988,
    74.1140000000001,
    81.406,
    77.976,
    76.90100000000001,
    63.24299999999984,
    86.83800000000001,
    56.55099999999993,
    81.15399999999997,
    70.381,
    74.553,
    71.69399999999993,
    80.29600000000003,
    82.497,
    83.13899999999998,
    80.84499999999998,
    88.12400000000001,
    65.62199999999982,
    84.101,
    82.51399999999998,
    79.58499999999995,
    80.36899999999987,
    76.42600000000007,
    73.90599999999998,
    83.34100000000008,
    78.34499999999996,
    79.204,
    65.22999999999998,
    78.40299999999992,
    52.5569999999997,
    61.91199999999958,
    86.04200000000006,
    87.083,
    81.19099999999997,
    73.15400000000004,
    75.98900000000005,
    75.89699999999985,
    85.33200000000001,
    84.19900000000001,
    81.53999999999999,
    72.47900000000003,
    74.70400000000002,
    66.93299999999996,
    68.02299999999988,
    79.28700000000005,
    48.741000000001364,
    56.8310000000002,
    80.607,
    80.07999999999998,
    81.92299999999997,
    61.86700000000002,
    73.86700000000005,
    71.74700000000004,
    85.07600000000001,
    85.68799999999997,
    88.131,
    77.587,
    56.89000000000103,
    86.332,
    69.69399999999976,
    85.32599999999996,
    72.78500000000001,
    81.57499999999997,
    90.33500000000001,
    84.97499999999994,
    78.58800000000001,
    71.53800000000004,
    71.76499999999982,
    76.03300000000006,
    81.27100000000002,
    76.9129999999999,
    82.93799999999999,
    87.99499999999998,
    57.29300000000014,
    79.24499999999996,
    87.54200000000003,
    83.013,
    83.42499999999994,
    80.08299999999988,
    84.32400000000003,
    85.89500000000001,
    86.95899999999997,
    32.19900000000505,
    73.48100000000005,
    82.81799999999996,
    71.96299999999981,
    85.042,
    82.29499999999996,
    74.93499999999997,
    70.23099999999997,
    63.81999999999982,
    83.02699999999993,
    92.124,
    86.516,
    88.89999999999996,
    83.29199999999999,
    81.59299999999998,
    91.685,
    76.82400000000005,
    89.30899999999997,
    84.84800000000003,
    93.624,
    86.82000000000002,
    82.10799999999998,
    85.48000000000003,
    78.34700000000004,
    83.38499999999999,
    90.23999999999995,
    79.324,
    78.63100000000011,
    82.44499999999996,
    90.311,
    90.064,
    89.74500000000002,
    90.34,
    79.89699999999998,
    90.19399999999997,
    88.26699999999997,
    82.075,
    78.92300000000007,
    78.71399999999952,
    76.27699999999982,
    79.95799999999994,
    84.49199999999998,
    85.81799999999997,
    74.40200000000007,
    82.96300000000001,
    84.83300000000001,
    87.15400000000004,
    76.51599999999988,
    81.56899999999999,
    77.3579999999998,
    82.54500000000003,
    87.78600000000002,
    88.53,
    84.99600000000001,
    85.16799999999994,
    83.49299999999997,
    83.66200000000002,
    85.764,
    80.577,
    87.95899999999997,
    87.833,
    87.50199999999998,
    88.70600000000002,
    88.24099999999997,
    94.034,
    87.584,
    90.524,
    84.298,
    83.725,
    88.91900000000001,
    83.88100000000003,
    89.44899999999998,
    88.13699999999994,
    84.144,
    89.19399999999999,
    90.37899999999999,
    91.97600000000003,
    87.96000000000001,
    90.40900000000002,
    87.80999999999997,
    88.59899999999998,
    86.69399999999999,
    91.393,
    91.35100000000001,
    91.531,
    86.11299999999997,
    87.77600000000001,
    92.54,
    91.952,
    87.60400000000001,
    89.90200000000002,
    81.20499999999998,
    88.79399999999997,
    92.152,
    91.51400000000001,
    88.857,
    89.684,
    92.90799999999999,
    93.103,
    92.44700000000002,
    89.92599999999999,
    91.191,
    89.362,
    87.51600000000003,
    89.33699999999999,
    88.94,
    90.18800000000002,
    89.02000000000002,
    87.14699999999999,
    92.933,
    91.36699999999999,
    93.968,
    87.61700000000003,
    89.285,
    90.75500000000002,
    93.08500000000001,
    94.07399999999998,
    93.09100000000004,
    91.777,
    89.76699999999997,
    95.57700000000001,
    91.82900000000001,
    91.145,
    89.86299999999999,
    88.74799999999996,
    90.08399999999999,
    93.67999999999999,
    95.333,
    91.9,
    95.126,
    89.60600000000007,
    90.50999999999999,
    92.227,
    87.32099999999996,
    96.22100000000002,
    89.594,
    96.21600000000001,
    91.59200000000001,
    89.098,
    93.19000000000001,
    70.26000000000063,
    83.56000000000002,
    79.14799999999966,
    89.089,
    90.377,
    92.81899999999999,
    90.15600000000003,
    80.48199999999957,
    95.545,
    91.58599999999998,
    93.96600000000001,
    91.58999999999999,
    93.575,
    92.991,
    87.39999999999998,
    89.31200000000001,
    89.20599999999996,
    93.59400000000001,
    89.49099999999999,
    90.74299999999997,
    87.40600000000002,
    92.464,
    86.81099999999998,
    89.5,
    95.54399999999998,
    87.39399999999999,
    90.49900000000001,
    90.04799999999999,
    89.93999999999998,
    95.099,
    91.79699999999997,
    91.18999999999994,
    91.17599999999999,
    91.75500000000001,
    90.05,
    94.10800000000002,
    94.061,
    94.78899999999999,
    92.095,
    94.49000000000002,
    95.07799999999999,
    88.45899999999999,
    91.732,
    90.71499999999999,
    94.20900000000002,
    93.53999999999999,
    98.068,
    92.66799999999999,
    93.04499999999999,
    85.49399999999997,
    96.143,
    93.39899999999997,
    92.676,
    93.63000000000001,
    94.70500000000001,
    92.43599999999999,
    94.191,
    91.697,
    92.31800000000001,
    94.272,
    95.03600000000002,
    92.07000000000001,
    89.278,
    93.237,
    88.18799999999999,
    95.139,
    91.19999999999999,
    93.756,
    93.238,
    92.75699999999999,
    94.26700000000001,
    92.76200000000001,
    94.26899999999999,
    94.70700000000001,
    92.26,
    96.75,
    93.138,
    93.21799999999999,
    95.58,
    96.50399999999999,
    92.407,
    94.197,
    93.256,
    91.69700000000002,
    93.14399999999999,
    91.064,
    94.75500000000002,
    93.74600000000001,
    91.237,
    93.705,
    92.70200000000001,
    93.255,
    94.73600000000002,
    95.16599999999998,
    94.23400000000001,
    90.714,
    93.72,
    92.64200000000001,
    91.189,
    92.74900000000001,
    94.264,
