{
  "complexity": 0,
  "alpha": 0.2,
  "gamma": 0.9,
  "epsilon": 0.1,
  "extra_passages": 15,
  "avg_rewards": [
    -459.754999999998,
    18.765000000000004,
    70.05999999999997,
    68.68899999999988,
    86.64699999999999,
    86.05799999999998,
    77.73499999999997,
    82.82899999999997,
    83.74300000000002,
    83.41399999999996,
    90.97599999999998,
    88.26599999999995,
    94.153,
    87.98999999999998,
    89.94799999999998,
    93.082,
    84.92599999999996,
    81.58200000000014,
    91.655,
    88.102,
    86.97699999999995,
    90.215,
    90.96900000000012,
    92.85500000000002,
    94.38499999999999,
    92.01099999999998,
    93.70099999999994,
    92.15199999999997,
    91.35799999999996,
    93.86999999999999,
    90.12399999999994,
    95.17900000000002,
    93.735,
    95.05299999999997,
    88.46299999999997,
    93.721,
    97.364,
    97.439,
    97.96799999999999,
    94.838,
    95.86499999999998,
    93.78599999999999,
    98.45,
    94.766,
    96.752,
    97.01700000000001,
    95.804,
    89.21900000000001,
    96.05600000000001,
    94.07599999999998,
    95.70700000000001,
    97.87800000000001,
    95.364,
    96.984,
    91.219,
    96.59599999999999,
    94.19900000000001,
    97.099,
    96.795,
    95.543,
    96.7,
    94.61900000000001,
    99.06899999999999,
    99.189,
    95.984,
    99.224,
    97.09200000000001,
    98.58899999999998,
    97.73,
    94.32500000000002,
    99.25200000000002,
    96.66000000000003,
    95.381,
    98.107,
    97.102,
    97.253,
    98.30300000000001,
    99.76899999999999,
    98.21399999999998,
    97.27700000000002,
    95.30600000000001,
    97.14900000000002,
    96.73600000000002,
    96.28600000000002,
    93.86700000000006,
    92.79000000000005,
    96.15500000000002,
    98.27900000000002,
    97.13900000000001,
    97.80600000000001,
    98.22200000000001,
    97.26599999999999,
    97.82300000000001,
    98.21700000000001,
    95.55,
    97.24600000000001,
    98.325,
    97.272,
    95.29100000000001,
    97.311,
    99.81,
    97.834,
    98.31800000000001,
    99.31000000000002,
    97.821,
    98.824,
    98.32700000000001,
    98.80100000000002,
    96.843,
    99.331,
    97.33300000000003,
    98.332,
    97.33300000000001,
    98.33600000000001,
    96.838,
    99.32500000000002,
    96.82800000000002,
    97.82000000000002,
    97.80100000000002,
    96.293,
    96.296,
    97.28,
    98.316,
    99.32100000000003,
    98.328,
    98.84300000000002,
    98.33800000000001,
    98.33300000000001,
    98.83500000000001,
    98.34100000000002,
    97.338,
    99.31300000000002,
    99.83500000000001,
    98.29100000000001,
    98.33700000000002,
    97.34000000000002,
    98.83300000000001,
    98.327,
    98.33100000000002,
    98.833,
    99.34,
    97.33000000000001,
    98.34100000000002,
    98.829,
    97.33300000000001,
    98.83400000000002,
    96.82400000000001,
    99.83800000000001,
    97.84,
    98.33400000000003,
    99.336,
    96.33000000000001,
    95.83500000000001,
    98.34300000000002,
    97.33100000000002,
    99.82700000000001,
    98.33500000000001,
    97.83700000000002,
    97.82600000000001,
    97.83200000000002,
    98.82300000000001,
    97.83200000000001,
    97.33500000000001,
    97.83500000000001,
    97.32900000000001,
    97.33500000000001,
    97.82600000000001,
    98.33500000000001,
    96.33300000000001,
    98.32900000000001,
    96.83400000000002,
    96.32000000000001,
    97.32900000000002,
    97.84100000000001,
    99.33500000000001,
    97.83500000000001,
    97.32500000000002,
    98.325,
    97.82400000000001,
    99.33800000000001,
    98.828,
    96.33600000000001,
    97.831,
    99.328,
    98.33800000000001,
    96.33800000000002,
    97.33600000000001,
    99.33400000000002,
    97.83500000000001,
    97.84100000000001,
    98.83800000000001,
    97.32899999999998,
    98.33800000000002,
    97.83099999999999,
    98.83200000000001,
    96.33500000000001,
    96.83200000000002,
    97.338,
    97.83099999999999,
    99.83500000000001,
    97.83000000000001,
    98.336,
    98.836,
    98.32700000000003,
    97.34100000000001,
    96.82900000000002,
    97.327,
    98.83500000000001,
    99.33500000000001,
    98.332,
    98.834,
    97.32400000000001,
    98.84300000000002,
    98.33099999999999,
    99.33800000000001,
    97.82900000000002,
    97.33200000000001,
    99.33800000000001,
    97.34,
    98.327,
    97.34400000000002,
    96.84000000000002,
    98.82700000000001,
    98.33700000000002,
    99.32800000000002,
    98.83200000000001,
    98.32700000000003,
    99.329,
    98.33400000000002,
    98.829,
    98.33800000000002,
    99.334,
    99.323,
    97.33500000000001,
    97.82300000000001,
    99.32800000000002,
    98.82400000000001,
    99.83900000000001,
    97.83500000000002,
    97.84,
    97.82400000000001,
    96.83200000000002,
    98.83,
    98.83500000000001,
    99.33500000000001,
    98.338,
    97.334,
    97.84500000000001,
    96.83500000000001,
    98.83600000000001,
    97.84300000000002,
    97.32600000000001,
    98.83800000000002,
    99.33200000000002,
    99.33900000000001,
    97.824,
    95.83700000000002,
    98.329,
    96.82700000000001,
    99.32200000000002,
    97.83300000000001,
    97.828,
    98.83600000000001,
    98.32900000000001,
    97.83400000000002,
    96.32700000000003,
    98.84,
    96.33100000000002,
    98.83900000000001,
    98.83900000000001,
    97.33,
    97.84,
    97.33900000000001,
    97.83200000000001,
    98.33400000000002,
    98.33300000000001,
    98.332,
    96.83800000000002,
    98.824,
    99.33699999999999,
    97.83800000000001,
    98.83399999999999,
    99.825,
    98.34200000000001,
    96.828,
    98.83700000000002,
    98.83200000000001,
    98.83600000000001,
    98.83100000000002,
    96.83400000000002,
    96.33200000000001,
    98.83900000000001,
    97.33200000000002,
    98.33100000000002,
    97.31800000000001,
    98.34000000000002,
    98.83200000000002,
    97.84300000000002,
    96.34200000000001,
    99.842,
    96.829,
    97.33600000000003,
    99.327,
    99.339,
    96.83600000000001,
    98.33300000000001,
    97.828,
    99.83400000000002,
    98.33900000000003,
    99.33600000000001,
    98.33100000000002,
    98.33900000000001,
    98.33400000000002,
    98.33300000000003,
    97.33300000000001,
    97.82900000000001,
    98.83900000000001,
    98.336,
    98.836,
    98.822,
    99.33400000000003,
    97.33700000000002,
    98.333,
    97.83300000000001,
    98.83800000000001,
    96.82,
    98.34600000000002,
    97.32800000000002,
    97.33700000000002,
    97.33500000000002,
    98.34,
    99.33000000000001,
    98.33400000000002,
    97.837,
    97.83200000000002,
    97.33800000000001,
    97.833,
    96.834,
    97.82300000000001,
    98.83500000000001,
    97.33700000000002,
    98.83800000000001,
    99.83200000000002,
    96.82700000000001,
    98.33200000000001,
    97.837,
    99.334,
    98.83800000000001,
    98.83200000000002,
    97.33800000000001,
    97.84200000000001,
    98.33700000000002,
    96.84400000000002,
    97.33500000000001,
    97.83400000000002,
    97.83000000000001,
    97.328,
    98.83500000000001,
    97.83800000000001,
    98.829,
    99.32300000000001,
    99.32900000000002,
    98.33000000000001,
    97.33500000000001,
    96.83200000000002,
    97.828,
    99.34000000000002,
    97.833,
    97.83700000000002,
    97.34700000000001,
    97.83600000000001,
    97.837,
    98.33600000000001,
    98.339,
    99.34100000000002,
    97.83700000000002,
    97.33300000000001,
    99.34000000000002,
    99.838,
    98.335,
    97.82600000000001,
    96.83900000000003,
    98.32700000000003,
    99.83700000000002,
    98.33400000000002,
    98.831,
    98.333,
    96.828,
    96.83900000000001,
    98.82300000000001,
    98.33300000000001,
    99.33100000000002,
    97.341,
    99.34200000000001,
    98.331,
    98.83600000000001,
    98.83600000000001,
