{
  "complexity": 8,
  "alpha": 0.3,
  "gamma": 0.9,
  "epsilon": 0.3,
  "extra_passages": 7,
  "avg_rewards": [
    -536.5569999999957,
    -72.03299999999908,
    -53.02399999999901,
    -58.0199999999989,
    -15.414999999999617,
    -75.7079999999977,
    -79.76599999999401,
    -84.98099999999714,
    -92.54899999999364,
    7.311000000001492,
    -77.11999999999287,
    53.472999999999764,
    4.302000000001674,
    58.139999999999965,
    47.09299999999986,
    -89.97199999998728,
    -21.8049999999973,
    57.349999999999895,
    25.788000000000114,
    73.81799999999996,
    26.377999999999975,
    -540.4650000006293,
    -103.25099999999088,
    -163.51800000001901,
    -1.3189999999984323,
    -94.21099999999203,
    -240.66699999998087,
    -67.50899999999356,
    36.0180000000009,
    -38.97499999999492,
    -1133.8190000018371,
    49.71599999999972,
    -701.6820000010348,
    53.5699999999998,
    -90.74699999998923,
    -40.470999999995264,
    25.27500000000204,
    -112.04499999998909,
    -467.5250000000916,
    -98.58499999999529,
    -45.45999999999464,
    7.302000000002946,
    28.33999999999984,
    39.244999999999756,
    -74.76399999999428,
    37.10099999999999,
    -18.966999999996048,
    7.739000000000983,
    -1.5249999999967827,
    -21.325999999995894,
    -260.00200000001456,
    -108.74999999999007,
    2.3150000000022857,
    -51.301999999991494,
    59.19799999999968,
    -455.88100000060484,
    -74.60699999999007,
    -84.75599999998903,
    32.27600000000134,
    19.82200000000087,
    -240.3780000001343,
    52.295000000000755,
    -47.022999999994575,
    -11.020999999995801,
    -97.40099999998851,
    -14.002999999997854,
    33.30300000000265,
    47.21900000000103,
    42.28800000000081,
    44.22300000000206,
    -358.56700000038376,
    -490.0160000006902,
    -2468.0429999894286,
    -70.85499999998845,
    8.351000000003571,
    74.35600000000042,
    -25.328999999992284,
    67.18899999999988,
    -254.87300000022356,
    37.26400000000194,
    88.444,
    -30.239999999992456,
    -101.03799999998486,
    49.99000000000039,
    84.02499999999993,
    58.72300000000048,
    89.878,
    87.06099999999999,
    66.87499999999993,
    38.57000000000369,
    41.05300000000288,
    31.10600000000216,
    84.86799999999998,
    73.77399999999989,
    -40.203999999991446,
    69.22099999999985,
    70.77899999999975,
    62.00400000000072,
    67.4800000000004,
    60.41200000000115,
    -324.5770000003738,
    87.029,
    27.501000000003025,
    54.576000000001656,
    52.072000000002085,
    83.83900000000003,
    80.7889999999999,
    84.34900000000002,
    83.434,
    88.629,
    76.56199999999997,
    86.452,
    60.042000000001416,
    81.49400000000003,
    89.603,
    75.32499999999973,
    78.35899999999987,
    83.12100000000001,
    91.11399999999999,
    88.78899999999999,
    88.41499999999999,
    82.33000000000001,
    87.29600000000003,
    83.16099999999992,
    91.303,
    88.753,
    93.724,
    90.24,
    91.755,
    84.75999999999999,
    94.717,
    89.251,
    89.89199999999998,
    83.28900000000007,
    80.44800000000002,
    77.15399999999993,
    69.79800000000036,
    89.578,
    68.54100000000042,
    37.70500000000252,
    82.00899999999994,
    88.09,
    89.25800000000001,
    86.14399999999999,
    87.27499999999999,
    91.78800000000001,
    88.69700000000002,
    89.17699999999999,
    87.18800000000002,
    89.781,
    91.21199999999999,
    93.30199999999999,
    92.29999999999998,
    92.79300000000002,
    92.263,
    89.26999999999998,
    92.78,
    88.271,
    91.80400000000002,
    87.263,
    88.273,
    84.21600000000001,
    83.24199999999999,
    88.30199999999999,
    91.272,
    90.76199999999999,
    90.791,
    89.232,
    92.772,
    86.24699999999999,
    92.28999999999999,
    93.287,
    91.27100000000002,
    91.303,
    91.261,
    93.771,
    90.289,
    90.774,
    88.753,
    91.785,
    87.788,
    86.79199999999999,
    96.28,
    92.25000000000001,
    90.791,
    95.28799999999998,
    89.80100000000002,
    91.26400000000002,
    90.74399999999999,
    90.78900000000002,
    87.28799999999998,
    90.27099999999999,
    87.791,
    90.25899999999999,
    91.298,
    89.263,
    89.75499999999998,
    93.776,
    91.295,
    91.79100000000001,
    90.30999999999997,
    92.77399999999999,
    93.78,
    90.28399999999999,
    86.29699999999998,
    89.28,
    90.261,
    84.294,
    90.27200000000002,
    87.265,
    89.272,
    93.805,
    93.788,
    92.269,
    90.78399999999999,
    92.78600000000002,
    88.21499999999999,
    90.26599999999999,
    90.25199999999998,
    94.798,
    91.299,
    91.76899999999999,
    92.799,
    90.81000000000002,
    94.81200000000001,
    90.282,
    90.797,
    87.798,
    90.292,
    90.28899999999999,
    93.786,
    88.804,
    92.299,
    89.29000000000002,
    93.31,
    93.31,
    95.305,
    87.25999999999999,
    90.77700000000002,
    94.29500000000002,
    91.298,
    88.78,
    88.276,
    93.79100000000001,
    92.288,
    90.299,
    90.26799999999999,
    88.773,
    86.19899999999998,
    87.798,
    90.783,
    93.275,
    89.765,
    90.28899999999999,
    92.282,
    92.298,
    88.29699999999998,
    90.734,
    92.807,
    86.26000000000002,
    90.26700000000001,
    87.793,
    92.28899999999999,
    89.797,
    90.275,
    88.795,
    90.788,
    91.29799999999999,
    89.29999999999998,
    90.297,
    89.79,
    94.794,
    95.312,
    88.772,
    92.786,
    91.276,
    92.267,
    92.793,
    94.81,
    90.76700000000001,
    94.79600000000002,
    92.285,
    92.74799999999999,
    93.296,
    90.785,
    90.793,
    90.28,
    92.77599999999998,
    92.801,
    89.31500000000001,
    88.284,
    92.298,
    89.26599999999999,
    87.777,
    93.757,
    91.268,
    89.282,
    88.78800000000001,
    89.76900000000002,
    85.25,
    93.301,
    86.79499999999999,
    94.30799999999996,
    89.24700000000001,
    94.79499999999999,
    90.30100000000002,
    86.29299999999999,
    91.80199999999999,
    90.772,
    90.28999999999999,
    91.79099999999998,
    90.767,
    88.287,
    89.785,
    94.28899999999999,
    93.78,
    91.77000000000001,
    91.78799999999998,
    90.26599999999999,
    94.278,
    93.79,
    93.28200000000001,
    95.809,
    88.28400000000002,
    91.78099999999999,
    85.25999999999999,
    89.305,
    91.782,
    88.80499999999999,
    91.278,
    89.296,
    91.79099999999998,
    90.80099999999999,
    89.27299999999998,
    94.79399999999998,
    92.289,
    93.79299999999998,
    92.739,
    89.29,
    90.291,
    92.26200000000001,
    88.292,
    91.794,
    94.80000000000001,
    90.294,
    88.285,
    88.801,
    89.284,
    86.27799999999999,
    90.761,
    91.26400000000001,
    88.786,
    86.78599999999999,
    88.263,
    93.795,
    95.29899999999999,
    90.773,
    89.285,
    87.282,
    87.278,
    94.788,
    92.27899999999998,
    92.78999999999999,
    90.773,
    92.766,
    94.299,
    93.26899999999999,
    89.776,
    91.77699999999999,
    90.79000000000002,
    91.77799999999999,
    87.28099999999999,
    93.25800000000001,
    87.28600000000002,
    89.773,
    86.269,
    90.279,
    92.29099999999998,
    91.293,
    91.769,
    90.80499999999999,
    90.273,
    92.30000000000001,
    88.296,
    88.78099999999999,
    90.788,
    89.79199999999999,
    90.80800000000002,
    88.264,
    88.79099999999998,
    90.81200000000001,
    91.77799999999999,
    90.305,
    90.295,
    87.76499999999999,
    93.79699999999998,
    91.281,
    90.77199999999999,
    94.79599999999999,
    87.75,
    91.28,
    90.29899999999999,
    94.285,
    93.791,
    90.304,
    90.311,
    95.297,
    91.762,
    89.808,
    92.78599999999999,
    89.29099999999998,
    90.78,
    88.255,
    87.786,
    88.29399999999998,
    91.263,
    91.317,
    89.292,
    94.78800000000001,
    92.782,
    91.785,
    85.741,
