{
  "complexity": 3,
  "alpha": 0.3,
  "gamma": 0.85,
  "epsilon": 0.2,
  "extra_passages": 12,
  "avg_rewards": [
    -456.48699999999724,
    -116.84899999999502,
    32.351000000001115,
    -65.06999999999407,
    29.78099999999937,
    4.2880000000046765,
    14.95400000000165,
    62.378999999999756,
    6.745000000005149,
    15.113000000003803,
    64.09000000000006,
    -44.52999999998592,
    16.13400000000368,
    -7.286999999992858,
    -40.933999999990036,
    16.72900000000307,
    55.17000000000009,
    79.035,
    2.5050000000055475,
    27.99200000000394,
    40.76600000000022,
    17.59699999999939,
    66.34499999999981,
    85.04599999999998,
    76.48499999999977,
    71.52199999999979,
    79.42999999999995,
    80.81699999999996,
    86.73800000000001,
    60.960000000001536,
    63.24199999999978,
    89.67299999999993,
    83.24300000000001,
    85.47400000000002,
    75.3470000000001,
    67.58700000000078,
    59.32700000000045,
    78.3580000000001,
    90.46700000000003,
    86.96300000000001,
    84.42899999999997,
    88.14599999999999,
    93.57300000000001,
    90.98799999999999,
    94.31800000000001,
    85.05100000000003,
    85.20099999999998,
    80.09500000000011,
    82.13799999999996,
    81.28500000000005,
    88.489,
    81.86799999999972,
    87.75299999999999,
    93.944,
    89.91699999999999,
    93.52000000000001,
    95.697,
    92.045,
    89.85999999999999,
    95.23299999999999,
    91.21299999999994,
    87.37199999999999,
    85.23499999999999,
    93.71400000000001,
    90.973,
    89.353,
    90.682,
    81.62499999999974,
    80.52799999999951,
    88.979,
    93.506,
    92.20899999999997,
    92.93799999999997,
    71.31599999999987,
    88.51799999999996,
    88.071,
    88.08300000000001,
    88.65,
    88.39399999999998,
    93.07900000000001,
    92.131,
    95.487,
    93.53800000000001,
    96.12599999999999,
    95.2,
    91.92600000000002,
    93.398,
    94.13199999999999,
    93.23100000000001,
    92.212,
    95.38399999999999,
    93.30000000000001,
    91.69800000000001,
    91.88499999999999,
    90.71700000000001,
    94.02099999999997,
    93.77,
    93.304,
    92.76100000000001,
    97.809,
    96.297,
    95.701,
    95.72900000000001,
    95.75000000000003,
    94.138,
    90.592,
    93.27900000000001,
    85.43099999999995,
    91.75399999999999,
    96.27699999999999,
    92.292,
    95.79700000000001,
    96.243,
    95.306,
    92.972,
    94.53400000000002,
    92.784,
    88.4,
    97.27099999999999,
    95.809,
    97.803,
    94.275,
    96.31400000000002,
    95.28599999999999,
    96.248,
    95.321,
    97.267,
    95.318,
    92.78999999999999,
    94.31800000000001,
    92.30999999999999,
    95.73800000000001,
    96.304,
    96.28299999999999,
    96.31500000000001,
    94.81800000000001,
    96.80999999999999,
    94.26500000000001,
    93.30000000000001,
    95.81900000000002,
    94.818,
    95.294,
    94.80499999999999,
    93.819,
    92.776,
    94.78900000000002,
    96.784,
    94.25399999999999,
    95.321,
    92.725,
    94.789,
    93.20200000000001,
    91.03900000000002,
    93.67999999999999,
    93.79199999999999,
    93.80600000000001,
    94.805,
    95.29400000000001,
    95.30800000000002,
    93.32100000000003,
    96.32800000000002,
    90.79299999999999,
    95.30800000000002,
    92.275,
    94.805,
    95.801,
    96.78599999999999,
    95.27999999999999,
    94.22800000000001,
    97.76500000000001,
    91.801,
    95.79,
    96.82700000000001,
    94.28800000000003,
    94.828,
    97.29400000000001,
    94.30000000000001,
    93.80799999999999,
    91.31299999999999,
    94.306,
    97.793,
    87.805,
    95.798,
    91.66099999999997,
    97.8,
    94.807,
    94.30499999999999,
    95.8,
    94.78799999999998,
    94.32000000000001,
    90.30100000000002,
    97.316,
    95.284,
    95.282,
    95.824,
    95.29599999999998,
    98.29400000000001,
    96.298,
    94.81199999999998,
    94.804,
    96.81200000000001,
    94.815,
    94.819,
    94.80900000000001,
    94.79799999999999,
    94.82000000000001,
    94.25399999999999,
    94.203,
    94.208,
    94.727,
    95.781,
    92.3,
    97.31400000000001,
    95.818,
    91.797,
    92.331,
    99.317,
    94.81500000000001,
    96.315,
    93.78,
    93.806,
    94.31700000000002,
    94.31199999999998,
    96.811,
    95.31,
    95.82400000000001,
    96.31300000000002,
    98.324,
    97.83500000000001,
    95.81699999999998,
    95.786,
    97.31699999999998,
    92.29100000000001,
    95.316,
    94.803,
    94.283,
    96.83200000000002,
    94.788,
    92.804,
    97.311,
    96.319,
    94.314,
    93.30000000000001,
    94.30100000000002,
    95.80999999999999,
    94.29599999999998,
    94.30799999999999,
    94.82300000000001,
    91.797,
    96.32100000000001,
    96.81199999999998,
    95.31099999999999,
    94.31200000000001,
    92.30699999999999,
    96.825,
    94.79400000000001,
    96.79800000000002,
    95.79199999999999,
    95.80800000000002,
    96.817,
    92.308,
    94.31200000000001,
    96.309,
    92.82700000000001,
    97.275,
    93.786,
    94.81000000000002,
    94.794,
    97.77900000000001,
    94.816,
    93.32100000000001,
    93.293,
    96.316,
    96.31200000000001,
    97.821,
    95.311,
    93.30600000000001,
    94.296,
    94.319,
    92.30300000000003,
    91.785,
    94.824,
    92.27600000000002,
    94.311,
    95.28600000000002,
    93.789,
    95.31300000000002,
    94.821,
    95.80699999999999,
    91.79700000000001,
    96.31300000000002,
    93.31400000000001,
    94.81400000000002,
    89.26900000000002,
    92.269,
    94.30800000000002,
    97.81200000000001,
    94.828,
    96.828,
    97.321,
    93.82,
    95.28900000000002,
    95.056,
    94.30000000000003,
    95.802,
    96.79199999999999,
    95.311,
    92.26199999999999,
    93.29500000000002,
    97.316,
    97.316,
    95.825,
    96.81799999999998,
    95.306,
    94.821,
    94.821,
    94.30600000000001,
    92.81800000000001,
    95.29199999999999,
    93.79700000000001,
    97.81400000000001,
    95.315,
    94.3,
    93.80799999999999,
    95.82900000000001,
    97.31600000000002,
    96.298,
    96.322,
    92.27200000000002,
    93.81400000000001,
    97.81400000000002,
    95.32200000000002,
    95.296,
    95.319,
    94.79100000000001,
    93.808,
    98.32700000000001,
    96.319,
    93.32900000000001,
    92.80499999999999,
    94.82000000000002,
    92.80600000000001,
    94.30099999999999,
    94.32100000000001,
    94.81899999999999,
    95.82399999999998,
    96.80600000000001,
    95.31900000000002,
    95.81600000000002,
    92.73599999999999,
    95.317,
    96.303,
    94.81700000000001,
    92.819,
    96.304,
    98.301,
    97.301,
    89.80000000000001,
    92.82500000000002,
    94.311,
    95.30499999999999,
    94.32900000000001,
    95.30700000000002,
    95.31400000000001,
    96.81800000000001,
    94.30299999999998,
    94.30900000000001,
    95.79200000000002,
    97.30999999999999,
    93.806,
    94.80999999999999,
    95.80600000000001,
    93.32399999999998,
    94.272,
    96.308,
    97.81500000000001,
    95.80600000000001,
    92.816,
    94.822,
    96.816,
    91.303,
    98.309,
    94.78300000000002,
    95.79799999999999,
    96.792,
    96.32300000000001,
    97.31500000000001,
    93.31900000000002,
    93.30800000000002,
    96.30100000000002,
    96.312,
    96.797,
    95.316,
    96.32300000000001,
    95.80399999999999,
    96.82,
    96.305,
    94.29400000000001,
    94.295,
    96.803,
    94.79800000000002,
    91.805,
    93.811,
    94.313,
    94.28900000000002,
    94.273,
    96.31099999999999,
    94.82199999999999,
    94.30300000000001,
    93.314,
    93.30499999999999,
    95.80500000000002,
    89.81099999999999,
    97.78500000000001,
    94.80800000000002,
    95.81500000000003,
    96.81099999999999,
    94.818,
    94.31800000000001,
    94.816,
    98.311,
    95.293,
