{
  "complexity": 10,
  "alpha": 0.2,
  "gamma": 0.9,
  "epsilon": 0.1,
  "extra_passages": 5,
  "avg_rewards": [
    -448.8749999999982,
    -176.7319999999808,
    12.949000000001238,
    52.84399999999994,
    54.09899999999969,
    23.246999999998945,
    35.813,
    74.70200000000013,
    18.213000000009476,
    5.560000000006607,
    80.66300000000001,
    72.13399999999959,
    75.13199999999969,
    -15.071999999970597,
    38.728000000007604,
    87.189,
    73.88000000000004,
    92.295,
    81.20799999999974,
    45.335000000003575,
    48.78500000000167,
    22.271000000022546,
    -0.12399999998676492,
    66.83200000000136,
    80.17600000000009,
    91.48500000000001,
    66.8380000000047,
    76.2229999999998,
    56.15800000000172,
    74.55999999999987,
    69.27099999999979,
    91.08100000000002,
    87.01700000000005,
    88.16899999999995,
    83.09400000000011,
    -237.01800000081798,
    94.43,
    -21.887999999963927,
    80.44799999999968,
    39.488000000007716,
    86.73700000000004,
    86.63799999999979,
    88.40100000000025,
    61.88800000000136,
    86.40199999999993,
    84.0359999999998,
    -52.14999999994959,
    93.90500000000004,
    86.3099999999998,
    87.59199999999996,
    86.87999999999997,
    96.597,
    98.083,
    88.33299999999988,
    91.33899999999987,
    87.23699999999991,
    88.13899999999992,
    92.94800000000001,
    69.1780000000034,
    96.708,
    96.45599999999999,
    91.63499999999993,
    92.76399999999998,
    65.01700000000575,
    71.12700000000295,
    91.50399999999995,
    96.20599999999999,
    90.35199999999976,
    93.21399999999997,
    97.476,
    96.42100000000002,
    93.429,
    97.49900000000001,
    97.25900000000003,
    89.69399999999999,
    91.25100000000002,
    96.764,
    96.189,
    98.247,
    96.241,
    96.88000000000001,
    98.82600000000001,
    97.167,
    96.71900000000001,
    98.37400000000001,
    88.01600000000033,
    95.30699999999996,
    92.16700000000006,
    98.26599999999999,
    97.798,
    95.095,
    97.30199999999999,
    98.254,
    62.75900000000526,
    98.816,
    97.81699999999998,
    98.827,
    99.32399999999998,
    97.32499999999999,
    99.32799999999999,
    97.326,
    95.70599999999999,
    97.317,
    98.318,
    96.321,
    99.318,
    98.32199999999999,
    97.32399999999998,
    97.836,
    98.33399999999997,
    97.327,
    97.82699999999998,
    97.826,
    98.32600000000001,
    96.316,
    98.81299999999999,
    98.83099999999999,
    98.81899999999999,
    99.82900000000001,
    98.32399999999998,
    96.83099999999999,
    98.318,
    96.325,
    96.315,
    96.314,
    99.313,
    97.32700000000001,
    96.823,
    98.30999999999997,
    98.327,
    97.815,
    98.824,
    96.82399999999998,
    96.828,
    98.823,
    97.32799999999999,
    96.82399999999998,
    96.826,
    98.32399999999998,
    95.82499999999999,
    95.82499999999999,
    97.823,
    97.821,
    97.31899999999999,
    98.31099999999999,
    95.82,
    97.323,
    99.31299999999999,
    97.82899999999998,
    98.32899999999998,
    95.32099999999998,
    97.323,
    97.789,
    95.32199999999999,
    96.32299999999998,
    97.826,
    97.31899999999999,
    97.81899999999999,
    96.69699999999999,
    98.317,
    96.831,
    97.83,
    98.32499999999999,
    97.31899999999999,
    97.82199999999999,
    97.327,
    97.82499999999999,
    97.311,
    97.31199999999998,
    97.82399999999998,
    98.32199999999999,
    97.28999999999999,
    97.32699999999998,
    95.206,
    96.82399999999998,
    99.327,
    98.316,
    94.80499999999999,
    98.32799999999999,
    96.31899999999999,
    99.82699999999998,
    96.82300000000001,
    96.81899999999999,
    96.82399999999998,
    98.33000000000001,
    95.82399999999998,
    96.328,
    97.32399999999998,
    97.31899999999999,
    98.31499999999998,
    95.83000000000001,
    93.92500000000001,
    97.821,
    98.32699999999998,
    95.32500000000002,
    97.32399999999998,
    96.82999999999998,
    95.32499999999999,
    96.318,
    96.309,
    97.33000000000001,
    96.823,
    96.80999999999999,
    96.82799999999999,
    97.82799999999999,
    96.82600000000001,
    97.83399999999997,
    96.82399999999998,
    96.32,
    98.32699999999998,
    96.82399999999998,
    97.32699999999998,
    98.32499999999999,
    69.44300000000348,
    97.82700000000001,
    96.32700000000001,
    96.318,
    97.32600000000001,
    98.823,
    98.33099999999999,
    96.83199999999998,
    98.82199999999999,
    97.333,
    98.82499999999999,
    96.32600000000001,
    95.31999999999998,
    96.324,
    97.32,
    96.328,
    98.82799999999999,
    98.821,
    97.79700000000001,
    98.81899999999999,
    97.82300000000001,
    97.32399999999998,
    96.81700000000001,
    98.83299999999998,
    98.324,
    96.831,
    98.314,
    98.82699999999998,
    98.82699999999998,
    79.00599999999987,
    96.31599999999999,
    96.32500000000002,
    99.32499999999999,
    99.32399999999998,
    99.32699999999998,
    80.43299999999994,
    99.314,
    98.823,
    98.314,
    97.315,
    97.82400000000001,
    98.826,
    97.83199999999998,
    97.823,
    98.822,
    98.326,
    99.32399999999998,
    97.31899999999999,
    96.82199999999999,
    96.82799999999999,
    97.32900000000001,
    96.816,
    96.831,
    96.818,
    98.821,
    95.307,
    97.82,
    96.32000000000002,
    97.317,
    96.82799999999999,
    98.321,
    96.817,
    97.833,
    98.32699999999998,
    95.81899999999999,
    95.82900000000001,
    98.328,
    96.823,
    97.82999999999998,
    98.82700000000001,
    97.32700000000001,
    97.826,
    98.321,
    96.822,
    98.82899999999998,
    98.826,
    96.314,
    96.33099999999999,
    97.32199999999999,
    94.82399999999998,
    97.32399999999998,
    97.82700000000001,
    96.81499999999998,
    95.328,
    96.826,
    97.32399999999998,
    97.32199999999999,
    94.82699999999997,
    96.82399999999998,
    96.82499999999999,
    97.826,
    98.32900000000001,
    99.328,
    98.326,
    98.328,
    98.82899999999998,
    96.82400000000001,
    98.31899999999999,
    98.33,
    98.82400000000001,
    97.821,
    98.32700000000001,
    97.82199999999999,
    97.314,
    98.32300000000001,
    98.326,
    98.32700000000001,
    96.31999999999998,
    99.31599999999999,
    99.32199999999999,
    98.323,
    96.82999999999998,
    98.82599999999998,
    96.318,
    98.82699999999998,
    98.326,
    97.82,
    94.31599999999999,
    94.807,
    97.82199999999999,
    95.82900000000001,
    98.32900000000001,
    97.81799999999998,
    95.821,
    96.82499999999999,
    97.31699999999998,
    96.321,
    97.82,
    98.821,
    97.32499999999999,
    95.80600000000001,
    97.82000000000001,
    98.31599999999999,
    98.82199999999997,
    98.82799999999999,
    98.32399999999998,
    95.32,
    98.826,
    97.828,
    95.81599999999999,
    97.81899999999999,
    96.826,
    96.80499999999999,
    96.315,
    96.80999999999999,
    96.299,
    97.82399999999998,
    96.32499999999997,
    97.32,
    98.31699999999998,
    98.821,
    98.317,
    98.82499999999999,
    96.321,
    97.818,
    96.80999999999999,
    97.82900000000001,
    98.823,
    95.30699999999999,
    97.32500000000002,
    97.82699999999998,
    97.82699999999998,
    98.32300000000001,
    96.81899999999999,
    98.821,
    96.82200000000002,
    97.81999999999998,
    95.32299999999998,
    96.81899999999999,
    98.823,
    97.82,
    96.82,
    96.817,
    96.82899999999998,
    98.32399999999998,
    98.30799999999999,
    96.82399999999998,
    98.321,
    96.33099999999999,
    97.813,
    98.82499999999999,
    97.81099999999999,
    95.823,
    97.32499999999997,
    96.81800000000001,
    98.323,
    91.816,
    98.81899999999999,
    97.826,
    97.81799999999998,
    99.328,
    95.81899999999999,
    96.32699999999998,
    95.82399999999998,
    96.823,
    98.32799999999999,
    96.824,
