{
  "complexity": 5,
  "alpha": 0.3,
  "gamma": 0.9,
  "epsilon": 0.1,
  "extra_passages": 10,
  "avg_rewards": [
    -481.24799999999794,
    27.59599999999974,
    41.24699999999982,
    20.8090000000037,
    45.81600000000193,
    31.22500000000184,
    41.00299999999956,
    79.6489999999998,
    79.84799999999989,
    83.37599999999996,
    82.63299999999997,
    83.28599999999918,
    65.04500000000208,
    76.60999999999976,
    79.12899999999978,
    72.26899999999868,
    89.44899999999998,
    89.362,
    81.40999999999988,
    90.139,
    85.61299999999997,
    90.06299999999997,
    88.04899999999998,
    49.03700000000872,
    82.29699999999956,
    93.094,
    92.64,
    85.84599999999998,
    94.50800000000001,
    89.34900000000005,
    92.342,
    89.91999999999993,
    88.62300000000002,
    84.49499999999976,
    85.16099999999884,
    81.67600000000004,
    94.69199999999998,
    90.97199999999995,
    88.2110000000001,
    94.212,
    80.1309999999994,
    85.86500000000001,
    91.72199999999998,
    96.63199999999999,
    94.87299999999999,
    96.03200000000001,
    97.54000000000002,
    97.22900000000001,
    95.68700000000001,
    97.02000000000001,
    84.9819999999998,
    94.34899999999998,
    97.279,
    99.299,
    94.74400000000001,
    96.787,
    98.754,
    97.788,
    97.808,
    93.60800000000002,
    83.00799999999961,
    97.081,
    97.641,
    98.28400000000002,
    98.29299999999999,
    98.31899999999999,
    97.31700000000001,
    88.21100000000004,
    98.30100000000002,
    96.31000000000002,
    94.155,
    97.71100000000001,
    96.827,
    99.319,
    98.82300000000001,
    97.329,
    97.323,
    97.80699999999999,
    98.32500000000002,
    96.331,
    97.322,
    96.33000000000001,
    97.32600000000001,
    98.324,
    97.83500000000001,
    98.339,
    98.827,
    98.827,
    95.33899999999998,
    99.314,
    98.32700000000001,
    97.829,
    98.32400000000001,
    97.83200000000001,
    96.328,
    97.82500000000002,
    99.33000000000001,
    97.32300000000001,
    97.83200000000001,
    99.30999999999999,
    95.82000000000001,
    96.81900000000002,
    98.828,
    97.321,
    99.327,
    98.82300000000001,
    97.31500000000001,
    97.32700000000001,
    96.812,
    96.313,
    98.822,
    99.82200000000002,
    97.305,
    99.327,
    97.83,
    98.816,
    97.825,
    97.328,
    97.328,
    98.32600000000001,
    97.318,
    97.807,
    95.804,
    98.326,
    97.827,
    98.331,
    95.821,
    98.837,
    97.82000000000002,
    98.33000000000001,
    98.814,
    96.308,
    98.78900000000002,
    96.81800000000001,
    96.327,
    97.32000000000001,
    97.798,
    98.80399999999997,
    98.81400000000001,
    97.337,
    96.322,
    97.328,
    99.32200000000002,
    99.316,
    98.826,
    96.32700000000001,
    98.33200000000001,
    97.826,
    98.81699999999998,
    96.825,
    97.834,
    98.82500000000002,
    98.838,
    97.805,
    98.31799999999998,
    98.317,
    98.263,
    97.82300000000001,
    96.81299999999999,
    97.83000000000001,
    97.81200000000001,
    98.83199999999998,
    98.322,
    95.81700000000001,
    99.315,
    99.331,
    97.753,
    97.81899999999999,
    96.834,
    98.331,
    98.31099999999999,
    96.324,
    97.331,
    96.32300000000001,
    95.32100000000001,
    98.326,
    97.82100000000001,
    95.83000000000001,
    98.33000000000001,
    97.19800000000001,
    98.818,
    98.316,
    98.83,
    98.30100000000002,
    97.32600000000001,
    98.32300000000001,
    98.818,
    98.31800000000001,
    99.33099999999999,
    98.327,
    96.81899999999999,
    97.221,
    96.812,
    99.32000000000002,
    94.837,
    98.328,
    98.31299999999999,
    95.82500000000002,
    97.816,
    96.82900000000001,
    96.311,
    95.828,
    97.78600000000002,
    96.30300000000001,
    96.756,
    96.831,
    96.82400000000001,
    98.322,
    95.32900000000002,
    98.333,
    97.83000000000001,
    98.324,
    96.81700000000001,
    99.331,
    97.82300000000001,
    98.328,
    96.798,
    97.331,
    97.82600000000001,
    98.328,
    95.822,
    95.828,
    97.81300000000002,
    98.824,
    98.321,
    99.83700000000002,
    95.829,
    98.82500000000002,
    97.81800000000001,
    94.834,
    98.338,
    98.824,
    96.3,
    98.32299999999998,
    97.31899999999999,
    97.83099999999999,
    98.334,
    97.335,
    97.33800000000001,
    98.828,
    98.80199999999999,
    98.334,
    96.82100000000001,
    97.834,
    97.82800000000002,
    98.33200000000001,
    97.325,
    98.31899999999999,
    97.322,
    99.83800000000001,
    99.82000000000001,
    97.333,
    98.334,
    98.336,
    98.33500000000001,
    97.837,
    97.82600000000001,
    98.83700000000002,
    97.834,
    97.84100000000001,
    97.32900000000001,
    97.82700000000001,
    97.334,
    96.334,
    94.828,
    96.828,
    96.32000000000001,
    99.828,
    98.816,
    96.31800000000001,
    97.327,
    98.33400000000002,
    97.33500000000001,
    95.82100000000001,
    98.32500000000002,
    96.82500000000002,
    98.335,
    94.82200000000002,
    98.32900000000001,
    99.34200000000001,
    98.822,
    97.32800000000002,
    96.81800000000001,
    96.32400000000001,
    98.32800000000002,
    98.82700000000003,
    97.82800000000002,
    97.831,
    98.83200000000001,
    98.338,
    98.322,
    97.82500000000002,
    97.33500000000001,
    98.33000000000001,
    97.825,
    98.83200000000002,
    99.819,
    99.32500000000002,
    96.80900000000001,
    98.33300000000001,
    98.83600000000001,
    97.82700000000001,
    97.33100000000002,
    97.33500000000001,
    98.33400000000003,
    98.84100000000002,
    98.83099999999999,
    99.33800000000001,
    98.83000000000001,
    98.32500000000002,
    97.827,
    97.339,
    97.32900000000002,
    96.33700000000002,
    99.83500000000001,
    97.82900000000002,
    96.34,
    98.83500000000001,
    95.831,
    97.83900000000001,
    98.33700000000002,
    98.32900000000001,
    98.84300000000002,
    98.32900000000001,
    99.33700000000002,
    98.32800000000002,
    97.841,
    96.83800000000001,
    95.83000000000001,
    98.338,
    98.33900000000001,
    98.33900000000001,
    98.33600000000001,
    98.82000000000002,
    98.83100000000002,
    97.34100000000001,
    97.33600000000001,
    98.33800000000001,
    96.83900000000001,
    97.834,
    98.33399999999999,
    96.328,
    97.83500000000001,
    98.83700000000002,
    98.33300000000003,
    99.334,
    99.83900000000001,
    98.82600000000001,
    96.33300000000001,
    95.83099999999999,
    96.33500000000001,
    97.33200000000001,
    97.328,
    98.33500000000001,
    97.32600000000001,
    99.33200000000002,
    99.331,
    96.32900000000001,
    97.33200000000001,
    99.33600000000001,
    98.82700000000001,
    97.33400000000002,
    97.33000000000001,
    99.32700000000001,
    98.83200000000001,
    99.83500000000001,
    97.82300000000001,
    97.826,
    98.83099999999999,
    98.33800000000002,
    98.33000000000001,
    97.82900000000001,
    99.82,
    98.83,
    98.32700000000003,
    96.82500000000002,
    97.837,
    97.33500000000002,
    96.33500000000001,
    98.32000000000001,
    98.83500000000002,
    98.33100000000002,
    97.83200000000002,
    99.34200000000001,
    98.83100000000002,
    97.33900000000001,
    98.83500000000001,
    97.33,
    97.331,
    98.33200000000001,
    98.34100000000001,
    99.345,
    99.83800000000001,
    97.322,
    96.833,
    99.33,
    95.833,
    98.33500000000001,
    96.82900000000002,
    97.33800000000001,
    99.33400000000002,
    97.32900000000001,
    97.33200000000002,
    97.33,
    97.333,
    98.828,
    99.326,
    97.833,
    99.83200000000002,
    96.82000000000002,
    96.83700000000002,
    96.82800000000002,
    99.825,
    97.82500000000002,
    99.339,
    97.83600000000001,
    97.834,
    97.33700000000002,
    99.32900000000001,
    97.831,
