{
  "complexity": 1,
  "alpha": 0.2,
  "gamma": 0.95,
  "epsilon": 0.2,
  "extra_passages": 14,
  "avg_rewards": [
    -421.23299999999756,
    -54.94399999999938,
    60.42300000000002,
    48.994999999999855,
    40.54399999999998,
    75.71200000000002,
    61.947000000000095,
    44.881999999999834,
    53.902000000000086,
    51.164999999999885,
    64.09099999999998,
    60.229000000000056,
    42.831000000000074,
    71.87899999999993,
    74.89399999999996,
    79.538,
    86.58399999999999,
    82.56299999999996,
    84.92299999999997,
    83.787,
    85.213,
    91.87700000000001,
    81.891,
    89.494,
    89.453,
    88.187,
    84.97699999999999,
    82.90999999999994,
    89.05,
    86.11699999999996,
    91.68499999999999,
    85.309,
    89.314,
    90.29799999999999,
    90.83399999999999,
    93.912,
    85.21400000000001,
    90.53699999999995,
    88.38499999999999,
    94.067,
    89.88199999999998,
    84.58099999999997,
    89.72499999999998,
    91.78199999999997,
    84.341,
    92.467,
    83.97899999999994,
    90.8,
    88.85300000000008,
    89.74999999999996,
    89.42,
    95.123,
    89.41699999999999,
    92.521,
    90.95100000000002,
    93.66,
    90.88300000000001,
    94.57300000000001,
    91.33200000000001,
    97.49,
    94.63499999999999,
    95.16300000000001,
    97.56800000000001,
    94.192,
    95.672,
    90.568,
    92.45200000000001,
    93.06700000000001,
    92.69399999999999,
    93.684,
    90.41900000000001,
    92.67999999999999,
    93.948,
    96.68100000000001,
    97.226,
    93.21000000000001,
    96.26000000000002,
    93.68099999999997,
    94.74300000000001,
    97.212,
    95.28700000000002,
    95.757,
    96.772,
    95.24300000000001,
    92.804,
    96.26899999999999,
    94.778,
    97.218,
    93.764,
    97.293,
    94.269,
    96.259,
    96.206,
    96.215,
    92.979,
    94.674,
    92.53999999999998,
    91.69399999999999,
    95.614,
    93.09600000000002,
    95.28700000000002,
    94.20500000000001,
    95.196,
    94.629,
    92.803,
    94.811,
    96.82199999999999,
    96.79999999999998,
    98.758,
    96.31200000000001,
    95.312,
    96.327,
    94.316,
    95.80900000000001,
    96.82300000000001,
    94.312,
    98.81800000000001,
    97.312,
    98.81299999999999,
    97.82900000000001,
    96.30300000000001,
    95.75,
    95.321,
    95.804,
    96.309,
    95.315,
    97.328,
    95.30999999999999,
    98.31299999999999,
    95.795,
    95.314,
    98.307,
    96.82600000000002,
    94.795,
    96.312,
    97.816,
    97.30699999999999,
    97.801,
    97.314,
    96.819,
    96.811,
    96.296,
    93.80799999999999,
    92.80599999999998,
    94.78800000000001,
    93.817,
    94.306,
    96.31200000000001,
    94.79899999999998,
    92.82,
    94.81800000000001,
    97.31400000000001,
    97.31099999999999,
    97.321,
    97.305,
    98.32,
    95.319,
    95.30199999999999,
    94.31800000000001,
    96.81300000000002,
    95.80600000000001,
    94.31300000000002,
    95.30700000000002,
    95.80199999999999,
    95.28,
    93.797,
    92.80600000000001,
    96.31300000000002,
    94.83000000000001,
    96.29400000000001,
    92.32199999999999,
    96.327,
    97.32900000000001,
    96.288,
    95.80199999999999,
    94.785,
    94.79499999999999,
    93.818,
    92.816,
    97.31800000000001,
    96.309,
    96.315,
    96.326,
    95.78300000000002,
    96.803,
    95.811,
    96.32600000000001,
    95.80199999999999,
    95.8,
    96.31700000000002,
    97.29400000000001,
    96.32300000000001,
    97.31200000000001,
    98.30499999999999,
    94.293,
    97.325,
    94.309,
    96.304,
    95.822,
    95.81599999999999,
    98.30900000000001,
    96.822,
    98.304,
    92.30400000000002,
    95.309,
    96.797,
    96.796,
    98.305,
    97.31300000000002,
    96.795,
    94.304,
    94.3,
    94.31800000000001,
    96.80699999999999,
    94.319,
    93.82300000000001,
    96.811,
    98.303,
    95.304,
    97.83000000000001,
    95.82000000000002,
    96.81700000000001,
    95.305,
    95.325,
    95.319,
    94.31,
    98.81400000000001,
    95.30999999999999,
    95.803,
    95.81000000000002,
    97.32700000000003,
    95.81800000000001,
    95.806,
    98.809,
    97.81300000000002,
    96.801,
    96.322,
    95.30299999999997,
    97.81700000000001,
    95.808,
    98.81,
    94.313,
    93.306,
    98.31000000000002,
    95.80600000000001,
    95.29299999999998,
    94.80799999999999,
    96.31200000000001,
    93.809,
    92.80600000000001,
    92.303,
    93.281,
    98.31500000000001,
    97.81800000000001,
    94.79299999999999,
    95.31800000000001,
    98.33200000000002,
    93.31200000000001,
    95.309,
    96.277,
    94.32199999999999,
    97.33200000000002,
    96.828,
    93.81200000000001,
    97.31099999999999,
    95.82000000000001,
    95.319,
    95.804,
    94.786,
    96.822,
    94.321,
    95.30699999999999,
    97.81500000000001,
    94.81,
    97.81800000000001,
    94.82400000000001,
    95.30699999999999,
    96.828,
    98.30300000000001,
    97.298,
    95.319,
    94.80999999999999,
    97.31800000000001,
    97.31699999999998,
    96.311,
    94.804,
    99.304,
    96.79999999999998,
    96.81800000000001,
    96.318,
    95.814,
    96.79800000000002,
    96.317,
    94.81400000000002,
    98.32400000000003,
    95.808,
    97.325,
    94.81200000000001,
    96.81900000000002,
    94.30499999999999,
    94.31299999999999,
    95.32600000000002,
    96.32300000000001,
    93.81299999999999,
    94.31400000000002,
    94.32300000000001,
    95.319,
    95.309,
    94.308,
    93.30300000000001,
    94.82700000000003,
    96.81700000000001,
    96.825,
    96.31299999999999,
    95.821,
    96.30799999999998,
    96.812,
    96.317,
    95.29299999999999,
    94.32000000000001,
    94.29599999999999,
    93.799,
    95.80699999999999,
    95.80499999999998,
    97.328,
    95.299,
    96.83200000000001,
    97.29700000000001,
    95.81400000000001,
    92.83600000000001,
    97.806,
    92.31700000000001,
    88.303,
    94.80799999999999,
    96.808,
    94.308,
    95.81299999999999,
    94.801,
    95.304,
    95.818,
    95.31400000000001,
    95.31700000000002,
    97.31199999999998,
    93.321,
    94.3,
    94.827,
    95.315,
    92.81299999999997,
    94.30699999999999,
    96.81099999999999,
    97.81300000000002,
    97.83,
    97.31500000000003,
    94.817,
    95.307,
    96.81200000000001,
    93.796,
    92.809,
    95.316,
    96.32400000000003,
    94.795,
    96.793,
    95.81500000000001,
    97.81600000000003,
    93.78900000000002,
    96.801,
    93.8,
    94.296,
    95.81300000000002,
    96.313,
    96.82,
    96.816,
    95.78900000000002,
    94.81,
    92.31800000000001,
    94.82300000000001,
    97.319,
    97.31700000000001,
    95.306,
    97.82300000000001,
    96.311,
    94.31200000000001,
    95.80799999999999,
    92.321,
    93.83200000000001,
    95.32000000000001,
    96.319,
    98.82500000000002,
    97.323,
    97.303,
    94.311,
    94.314,
    91.81800000000001,
    94.80199999999999,
    95.80199999999999,
    97.81000000000002,
    93.82000000000002,
    96.805,
    97.31700000000002,
    94.30699999999999,
    95.303,
    96.80800000000002,
    98.31700000000002,
    94.81300000000002,
    95.31099999999999,
    93.825,
    94.80799999999999,
    94.799,
    94.796,
    96.812,
    98.806,
    93.31099999999999,
    91.30000000000001,
    95.30499999999998,
    95.30699999999999,
    95.809,
    98.32600000000001,
    95.307,
    94.80499999999999,
    94.30699999999999,
    95.80000000000001,
    95.79,
    95.31899999999999,
    93.31300000000002,
    96.31,
    97.304,
    96.806,
    92.80700000000002,
    97.307,
    96.305,
    96.32000000000001,
    93.32799999999999,
    98.33000000000001,
    96.812,
    96.814,
    94.808,
    92.3,
    95.82700000000001,
    96.819,
    96.309,
    95.32300000000002,
    95.808,
    96.31500000000001,
    93.821,
