{
  "complexity": 11,
  "alpha": 0.1,
  "gamma": 0.9,
  "epsilon": 0.3,
  "extra_passages": 4,
  "avg_rewards": [
    -526.2969999999965,
    -332.6699999999922,
    -214.69599999999446,
    -56.586999999998554,
    -107.5149999999978,
    -327.2060000000248,
    41.122999999999855,
    -294.8530000002259,
    -15.540999999999835,
    -110.46199999998946,
    -23.453999999997546,
    37.488000000000085,
    40.444999999999794,
    -41.173999999993384,
    -46.19899999999626,
    -213.2799999999823,
    -211.60899999998006,
    -42.57099999999605,
    60.70499999999994,
    63.29199999999996,
    -5.532999999998298,
    -765.5080000015458,
    -21.04499999999669,
    -62.26299999999229,
    -512.2330000008891,
    30.336000000002095,
    15.789000000002716,
    -196.3930000000458,
    -114.23499999998822,
    -4884.650000010609,
    48.04299999999981,
    -8.24399999999404,
    -2145.5489999939855,
    -35.961999999993424,
    0.5800000000035993,
    -4354.113999998749,
    10.813000000002965,
    -228.70400000020223,
    -993.2020000016703,
    -3950.2499999847473,
    -652.6140000013207,
    -1353.8190000028947,
    -34.186999999993354,
    54.104000000000006,
    -12148.21799969517,
    -1349.2440000030697,
    -50.90599999999316,
    -907.0380000018571,
    -8669.031999912786,
    31.499000000001615,
    53.77299999999968,
    -494.7940000006879,
    18.722000000001064,
    41.2420000000007,
    -135.19199999998278,
    -56.39499999998932,
    -47.7909999999917,
    -10.087999999995745,
    -2975.631999976392,
    -39.786999999994805,
    -606.0830000011849,
    -1294.8420000028286,
    -1432.1470000031682,
    -53.075999999990714,
    -419.85200000049764,
    -248.11599999996946,
    -243.26599999997433,
    -47.77299999999214,
    -105.46799999998571,
    -196.98299999997727,
    -77.91399999998971,
    -65.77199999999058,
    -116.13899999998503,
    -923.5190000016589,
    -204.0900000000411,
    -405.96100000020647,
    52.060000000000706,
    -275.52900000026386,
    -245.64000000015034,
    -306.9700000002401,
    -138.49999999998357,
    -43.21399999999287,
    59.56199999999984,
    -178.28100000010704,
    -23.806999999993224,
    28.430000000003304,
    -2132.792999993871,
    -1282.1600000031617,
    -2826.168999984526,
    -36.832999999991195,
    -84.90299999998922,
    -225.5900000000782,
    48.94800000000013,
    -74.4539999999881,
    -95.78899999998583,
    38.47600000000069,
    38.23600000000119,
    37.32300000000037,
    -60.61099999999243,
    -61.05199999999066,
    -7.757999999994522,
    -515.2980000007464,
    -98.9849999999866,
    43.640000000001166,
    36.26399999999988,
    -22.905999999992844,
    -17.01299999999544,
    29.676000000002574,
    -17.652999999993167,
    51.327999999999825,
    60.48600000000003,
    -9.944999999996941,
    40.225999999999445,
    20.000000000001183,
    -0.320999999995108,
    -53.23599999999285,
    31.466999999999548,
    -14.250999999993804,
    27.572000000002742,
    -2033.035999994765,
    32.24400000000061,
    -315.31800000033184,
    -358.4810000005764,
    -124.21999999998306,
    49.935999999999304,
    -1112.724000002505,
    -271.2260000003718,
    -636.7590000013557,
    40.42800000000205,
    -218.88900000014237,
    -0.1549999999951524,
    -31.79899999999045,
    -19.984999999992816,
    70.20299999999968,
    66.56399999999984,
    32.0920000000018,
    71.9259999999999,
    71.80899999999993,
    16.277000000005387,
    7.479000000005675,
    -6.120999999993586,
    -241.6240000001438,
    61.90900000000031,
    68.9329999999998,
    49.410999999999646,
    21.879000000003547,
    -190.9370000000037,
    -16.70499999999435,
    -4.383999999995519,
    48.19100000000073,
    -530.6910000010478,
    35.09000000000414,
    84.04799999999997,
    72.3209999999997,
    72.20099999999982,
    81.18800000000002,
    61.294000000000025,
    -160.24700000005888,
    39.73900000000191,
    66.23899999999995,
    55.71299999999957,
    81.336,
    36.47800000000434,
    53.59700000000091,
    69.92699999999977,
    61.36900000000028,
    70.33299999999983,
    73.15099999999988,
    82.418,
    -76.4589999999858,
    32.092000000002926,
    -55.07899999998707,
    -237.9120000002637,
    -39.65699999999062,
    55.5340000000002,
    70.52499999999972,
    75.05699999999992,
    74.30699999999995,
    40.024000000001806,
    -18.44599999999094,
    73.69500000000019,
    43.96900000000154,
    -123.63599999997908,
    27.566000000003804,
    32.213000000002864,
    -79.94999999998254,
    -284.7650000004213,
    -48.64799999998762,
    -163.1629999999784,
    48.59100000000181,
    49.58000000000115,
    -54.413999999988505,
    33.711000000002365,
    -7.355999999993753,
    63.66200000000104,
    -27.98699999999106,
    70.75200000000001,
    35.98900000000352,
    48.65300000000262,
    -209.5799999999751,
    53.022000000002194,
    64.86600000000045,
    -471.72300000096857,
    59.785000000000515,
    69.4209999999998,
    92.492,
    80.11799999999995,
    88.34100000000002,
    88.88300000000001,
    90.11800000000002,
    60.52800000000044,
    81.89799999999995,
    81.7179999999998,
    68.42200000000031,
    74.32799999999982,
    91.48600000000002,
    86.24199999999996,
    48.8610000000024,
    78.51999999999974,
    69.46599999999992,
    62.620000000000154,
    60.89500000000088,
    74.69300000000027,
    72.93499999999963,
    85.67899999999995,
    46.88800000000212,
    80.61799999999974,
    86.48599999999996,
    83.27899999999978,
    71.5940000000003,
    79.22300000000006,
    57.91600000000185,
    86.064,
    86.952,
    75.42499999999993,
    86.27199999999998,
    47.375000000002274,
    86.2960000000001,
    64.70200000000102,
    86.95800000000001,
    83.1539999999999,
    78.16999999999969,
    75.65599999999985,
    66.64100000000016,
    88.13399999999999,
    72.73199999999969,
    74.95699999999965,
    82.01899999999986,
    89.579,
    85.943,
    68.89800000000123,
    70.80300000000027,
    72.70599999999972,
    80.98899999999999,
    59.23300000000148,
    67.34799999999997,
    55.1510000000006,
    86.40399999999997,
    83.97699999999999,
    56.04900000000082,
    67.97999999999983,
    78.0509999999997,
    -94.38299999998206,
    -240.5580000002711,
    57.805000000000064,
    73.55899999999967,
    65.85500000000022,
    65.556000000001,
    59.79500000000113,
    79.92600000000002,
    86.67000000000004,
    87.34800000000003,
    65.19100000000033,
    79.58699999999973,
    34.26400000000498,
    79.95099999999984,
    70.6609999999998,
    72.89700000000013,
    31.943000000003785,
    87.17299999999997,
    74.36100000000013,
    84.78799999999998,
    73.25899999999967,
    76.79399999999991,
    47.0390000000018,
    45.59000000000243,
    77.136,
    82.7609999999999,
    85.45499999999996,
    73.11099999999995,
    55.58100000000191,
    83.46900000000007,
    72.29099999999968,
    88.50200000000002,
    81.77299999999988,
    80.51899999999974,
    88.26199999999999,
    58.13200000000146,
    77.5159999999999,
    78.11699999999999,
    81.2,
    85.45999999999998,
    88.59100000000001,
    87.362,
    84.53699999999995,
    89.119,
    72.80500000000005,
    87.04599999999999,
    88.94800000000001,
    88.469,
    47.12000000000265,
    65.58600000000084,
    83.12799999999994,
    75.46399999999996,
    -7417.6249999943975,
    86.78299999999996,
    -80.40699999998392,
    86.36299999999999,
    69.80300000000054,
    77.47799999999995,
    87.68500000000002,
    84.30300000000001,
    84.57599999999991,
    91.01000000000002,
    88.85600000000001,
    80.37700000000004,
    89.95599999999999,
    88.485,
    78.01500000000001,
    81.88100000000003,
    87.02599999999998,
    90.11500000000005,
    47.67400000000343,
    84.59700000000002,
    89.87199999999999,
    92.72200000000001,
    81.03799999999994,
    57.7420000000014,
    48.464000000001356,
    72.76999999999948,
    53.57900000000235,
