{
  "complexity": 6,
  "alpha": 0.2,
  "gamma": 0.9,
  "epsilon": 0.3,
  "extra_passages": 1,
  "avg_rewards": [
    -347.9469999999973,
    -216.3519999999929,
    -26.19099999999859,
    -87.70899999999415,
    35.50499999999984,
    42.110999999999706,
    63.62800000000002,
    51.094000000000044,
    -5.058999999997901,
    41.39299999999982,
    24.2090000000003,
    15.534000000003113,
    10.685000000000667,
    -4.383999999996851,
    12.86100000000044,
    -499.16900000083524,
    72.44999999999987,
    37.90399999999985,
    36.970000000002145,
    69.03199999999998,
    53.56000000000034,
    77.55600000000003,
    -64.87899999998868,
    65.0090000000002,
    75.07399999999996,
    63.88399999999981,
    46.37199999999997,
    63.117999999999576,
    69.99399999999994,
    6.5640000000020535,
    41.82300000000071,
    60.82700000000004,
    80.69099999999995,
    76.098,
    71.412,
    83.46900000000002,
    62.0750000000002,
    40.742999999999896,
    49.57900000000128,
    49.44400000000018,
    78.71599999999992,
    73.39099999999956,
    73.29399999999968,
    81.22499999999961,
    61.54700000000098,
    -0.7149999999951007,
    82.53400000000005,
    34.86000000000243,
    33.756000000002516,
    90.04299999999998,
    54.48000000000119,
    60.56699999999971,
    75.56400000000035,
    87.506,
    79.203,
    59.86400000000016,
    76.16799999999988,
    -27.015999999992708,
    69.49899999999963,
    86.797,
    67.24900000000102,
    58.25600000000045,
    -49.912999999989,
    17.87200000000559,
    64.86600000000149,
    95.22200000000001,
    80.70499999999976,
    80.84299999999982,
    -59.896999999987045,
    51.85400000000247,
    71.64900000000094,
    -333.46700000045587,
    82.53699999999994,
    80.88499999999996,
    78.99799999999985,
    -216.2400000001657,
    -10.029999999991322,
    64.30000000000082,
    -29.474999999990853,
    8.989000000005365,
    84.60099999999994,
    59.74100000000094,
    87.87599999999998,
    90.55699999999999,
    87.45999999999991,
    70.76900000000016,
    64.20600000000022,
    81.77499999999966,
    68.65600000000015,
    -12.95799999999117,
    -227.44300000025572,
    78.28999999999988,
    -111.40099999998297,
    87.625,
    58.21700000000139,
    -44.60499999998956,
    56.977000000002036,
    -189.0050000001737,
    -215.23300000018895,
    -257.90200000032485,
    67.55700000000043,
    53.11700000000293,
    -64.09599999998672,
    -325.324000000435,
    87.85800000000012,
    86.40900000000002,
    38.13500000000214,
    77.1069999999998,
    87.16499999999999,
    86.739,
    89.49099999999996,
    29.234000000005302,
    72.33700000000036,
    70.61000000000031,
    88.90599999999996,
    93.298,
    78.76299999999978,
    86.18899999999992,
    86.07100000000001,
    78.70400000000004,
    85.47100000000002,
    92.15,
    91.48699999999997,
    94.692,
    86.06199999999997,
    86.655,
    91.824,
    90.296,
    90.842,
    85.60799999999999,
    85.50700000000002,
    82.74199999999988,
    87.34299999999996,
    89.18100000000001,
    59.25100000000142,
    90.64499999999998,
    91.599,
    88.696,
    77.65999999999985,
    90.758,
    91.138,
    94.276,
    74.53499999999981,
    84.42199999999988,
    86.10799999999998,
    86.59099999999997,
    94.30699999999999,
    89.31000000000002,
    49.844000000002644,
    70.8060000000008,
    88.252,
    86.30099999999999,
    91.98300000000002,
    85.123,
    88.94899999999996,
    92.174,
    83.48000000000005,
    92.73299999999999,
    91.754,
    90.106,
    94.18800000000002,
    90.692,
    93.244,
    92.71699999999998,
    92.73400000000001,
    90.311,
    92.188,
    95.74000000000001,
    90.31400000000001,
    91.80299999999998,
    90.718,
    89.16200000000008,
    90.78300000000002,
    89.71,
    93.772,
    90.776,
    91.807,
    92.33700000000002,
    94.80000000000001,
    92.299,
    91.29999999999998,
    89.773,
    88.582,
    93.672,
    88.89999999999998,
    85.69300000000001,
    80.33199999999977,
    90.409,
    89.74300000000001,
    88.13999999999997,
    90.765,
    88.28900000000002,
    86.26700000000001,
    90.75800000000001,
    92.77700000000002,
    89.81400000000001,
    94.30199999999999,
    90.736,
    90.272,
    88.28,
    91.789,
    95.83900000000001,
    91.314,
    91.21100000000001,
    92.03599999999997,
    90.65400000000001,
    82.75,
    82.86099999999999,
    91.124,
    91.301,
    94.302,
    82.50799999999997,
    88.25600000000001,
    92.81,
    86.31199999999998,
    90.283,
    90.80100000000002,
    92.31700000000001,
    92.32500000000002,
    90.824,
    91.805,
    88.324,
    88.778,
    90.15799999999999,
    94.25300000000001,
    90.21600000000001,
    92.283,
    92.56799999999998,
    90.80800000000002,
    86.261,
    88.299,
    89.816,
    91.81,
    93.32700000000001,
    92.332,
    93.326,
    89.809,
    96.33399999999999,
    91.32500000000002,
    91.30600000000001,
    89.321,
    92.823,
    87.319,
    92.333,
    88.82300000000001,
    89.30999999999999,
    91.325,
    93.312,
    86.80900000000001,
    95.32300000000001,
    93.84200000000001,
    94.82600000000001,
    93.82200000000002,
    92.306,
    90.806,
    87.828,
    91.82300000000001,
    90.82300000000001,
    93.309,
    89.81200000000001,
    90.32700000000001,
    90.82000000000002,
    91.841,
    93.81,
    89.315,
    91.81,
    94.325,
    91.81800000000001,
    93.82300000000001,
    95.82,
    87.31400000000001,
    91.831,
    85.816,
    91.78399999999999,
    90.28200000000001,
    91.27900000000001,
    90.78,
    90.32400000000001,
    93.82199999999999,
    88.33800000000001,
    93.82300000000001,
    93.33,
    91.30300000000001,
    90.31999999999998,
    90.811,
    94.82,
    88.213,
    93.306,
    95.82400000000001,
    94.816,
    92.30300000000001,
    90.81800000000001,
    88.81500000000001,
    90.326,
    95.28900000000002,
    94.322,
    90.829,
    87.83600000000001,
    93.31599999999999,
    91.83800000000001,
    92.81800000000001,
    93.82300000000001,
    92.825,
    95.841,
    87.31700000000001,
    88.83000000000001,
    91.83099999999999,
    89.307,
    91.83500000000001,
    93.326,
    93.325,
    92.834,
    92.325,
    89.813,
    89.316,
    94.316,
    91.33800000000001,
    88.83,
    91.816,
    86.812,
    94.31300000000002,
    94.84,
    95.321,
    93.326,
    89.33200000000001,
    90.833,
    90.795,
    91.826,
    94.32300000000001,
    90.83000000000001,
    90.82899999999998,
    90.82399999999998,
    90.327,
    89.81,
    89.315,
    85.19299999999998,
    92.30799999999999,
    86.244,
    88.3,
    95.31000000000002,
    91.31800000000001,
    95.341,
    92.83500000000001,
    90.821,
    93.81899999999999,
    92.338,
    93.34100000000001,
    91.809,
    92.33400000000002,
    91.828,
    93.33099999999999,
    93.30799999999999,
    89.81899999999999,
    91.837,
    90.327,
    90.827,
    93.80600000000001,
    94.82000000000001,
    94.32300000000001,
    93.346,
    89.82900000000002,
    91.82900000000001,
    90.31800000000001,
    87.315,
    94.84,
    92.831,
    92.828,
    95.34100000000001,
    89.80300000000001,
    92.81700000000001,
    91.82900000000001,
    92.31200000000001,
    92.32500000000002,
    91.812,
    93.82500000000002,
    92.838,
    90.80199999999999,
    91.83500000000001,
    89.311,
    90.321,
    93.816,
    89.81200000000001,
    91.321,
    89.316,
    91.835,
    86.83000000000001,
    91.279,
    87.80699999999999,
    91.30499999999999,
    88.31,
    91.819,
    89.833,
    88.29700000000001,
    88.819,
    93.33500000000001,
    87.319,
    90.30799999999999,
    92.833,
    93.817,
    92.333,
    90.316,
    94.309,
    91.816,
    91.30799999999999,
    91.30799999999999,
    95.32300000000001,
    93.829,
    89.82300000000001,
    93.845,
    90.30000000000003,
    92.314,
    85.819,
    92.32000000000001,
    91.324,
    90.792,
