{
    "maze_config": [
        [
            0,
            1,
            0,
            0,
            0,
            1,
            0,
            1,
            0
        ],
        [
            0,
            1,
            0,
            1,
            0,
            1,
            0,
            1,
            0
        ],
        [
            0,
            0,
            0,
            1,
            0,
            0,
            0,
            0,
            0
        ],
        [
            1,
            1,
            0,
            1,
            0,
            1,
            1,
            1,
            0
        ],
        [
            0,
            0,
            0,
            0,
            0,
            0,
            0,
            1,
            0
        ],
        [
            1,
            1,
            0,
            1,
            1,
            1,
            0,
            1,
            0
        ],
        [
            0,
            1,
            0,
            0,
            0,
            0,
            0,
            1,
            0
        ],
        [
            0,
            1,
            0,
            1,
            1,
            1,
            0,
            1,
            0
        ],
        [
            0,
            0,
            0,
            0,
            0,
            1,
            0,
            0,
            0
        ]
    ],
    "reward_history": [
        -728.1856860250097,
        -3112.4995898081447,
        -2449.462579363779,
        -907.7748689380669,
        -280.7929582824265,
        -193.3832278747921,
        -381.2097957838075,
        -397.37992762283335,
        -761.8813194115785,
        -267.36264403679513,
        -923.0104872820826,
        -235.78014081104604,
        -474.47668088553485,
        -359.6712946088488,
        -299.7100705834905,
        -280.3965839638081,
        -310.9098839773123,
        -278.02847985078967,
        -243.06908679626815,
        -404.8416185051329,
        -39.277911041065806,
        -89.25188553480365,
        38.175252889400625,
        43.35807413494164,
        54.348676224763565,
        67.78516322029813,
        67.18666756469588,
        -266.29561591386795,
        -212.19774396813713,
        -323.24058808742996,
        -61.24361871363419,
        -300.18007652285974,
        -234.55765783265946,
        -1149.532186170453,
        -156.79890189815194,
        -222.30606164230173,
        -236.70618598860287,
        -167.15551048122103,
        -207.5117936970602,
        20.95216868124797,
        -9.00446751231479,
        -68.84856665370094,
        95.88137084989847,
        80.98679568004204,
        100.88137084989847,
        81.05088826674532,
        65.87137084989848,
        81.05186966947029,
        71.06918258937586,
        85.93908326497025
    ],
    "steps_history": [
        224,
        1000,
        1000,
        863,
        985,
        584,
        1000,
        1000,
        1000,
        1000,
        1000,
        1000,
        1000,
        1000,
        1000,
        1000,
        1000,
        1000,
        1000,
        1000,
        480,
        268,
        179,
        139,
        166,
        110,
        107,
        1000,
        1000,
        1000,
        181,
        1000,
        1000,
        1000,
        1000,
        1000,
        1000,
        1000,
        1000,
        43,
        42,
        61,
        17,
        25,
        16,
        26,
        24,
        26,
        30,
        21
    ]
}