{
    "maze_config": [
        [
            0,
            0,
            0,
            0,
            0,
            0,
            0,
            0,
            0
        ],
        [
            0,
            1,
            0,
            1,
            0,
            1,
            1,
            1,
            0
        ],
        [
            0,
            1,
            0,
            0,
            0,
            1,
            0,
            0,
            0
        ],
        [
            0,
            1,
            0,
            1,
            0,
            1,
            1,
            1,
            1
        ],
        [
            0,
            1,
            0,
            1,
            0,
            1,
            0,
            1,
            0
        ],
        [
            1,
            1,
            0,
            1,
            1,
            1,
            0,
            1,
            0
        ],
        [
            0,
            0,
            0,
            0,
            0,
            0,
            0,
            0,
            0
        ],
        [
            0,
            1,
            1,
            1,
            0,
            1,
            0,
            1,
            1
        ],
        [
            0,
            0,
            0,
            0,
            0,
            1,
            0,
            0,
            0
        ]
    ],
    "reward_history": [
        -3540.771181085427,
        -2096.412110219564,
        -2258.4027715286984,
        -3360.3825586352277,
        -912.9999755208959,
        -1757.468212363913,
        -2289.341106017891,
        -737.8879256836643,
        -565.0220080186931,
        -827.6439484025682,
        -315.2671629842662,
        -392.3829817900344,
        -627.174848265977,
        -201.83904838981385,
        -70.34800295028805,
        -187.1321103387327,
        -332.9390850728917,
        -611.219975752555,
        -142.661242922794,
        -181.1019442536178,
        -117.32936881809064,
        -92.9340683839249,
        -2121.4541083087233,
        -1486.608346089425,
        -267.28078808991444,
        -132.58858767476093,
        -275.8106219967415,
        -1184.1906500525201,
        -134.47504236167754,
        -1362.214626086663,
        -1097.49799062864,
        -2319.779372679912,
        -108.45390793776305,
        -1332.820732330432,
        -319.0349050125274,
        -234.60761720278964,
        -3706.3469769342505,
        -1022.0955663628629,
        -2474.1001592248517,
        -757.9250631871945,
        -230.02083020829295,
        -962.4169122284998,
        -908.8854609668305,
        -209.86798804892805,
        -539.2413709184382,
        -215.7295304208615,
        -1234.2942347629585,
        -518.7867779927003,
        -199.6488662621554,
        -355.2561844359732
    ],
    "steps_history": [
        1000,
        1000,
        1000,
        1000,
        1000,
        1000,
        1000,
        1000,
        1000,
        1000,
        1000,
        1000,
        1000,
        1000,
        1000,
        1000,
        1000,
        1000,
        1000,
        1000,
        1000,
        1000,
        1000,
        1000,
        1000,
        1000,
        1000,
        1000,
        1000,
        789,
        1000,
        1000,
        1000,
        357,
        131,
        533,
        1000,
        1000,
        1000,
        1000,
        1000,
        1000,
        1000,
        1000,
        1000,
        1000,
        1000,
        1000,
        1000,
        1000
    ]
}