{
    "maze_config": [
        [
            0,
            0,
            0,
            1,
            0,
            1,
            0,
            0,
            0
        ],
        [
            0,
            1,
            0,
            1,
            0,
            1,
            0,
            1,
            0
        ],
        [
            0,
            0,
            0,
            0,
            0,
            0,
            0,
            0,
            0
        ],
        [
            0,
            1,
            1,
            1,
            0,
            1,
            0,
            1,
            0
        ],
        [
            0,
            0,
            0,
            1,
            0,
            0,
            0,
            0,
            0
        ],
        [
            0,
            1,
            1,
            1,
            0,
            1,
            1,
            1,
            1
        ],
        [
            0,
            1,
            0,
            1,
            0,
            0,
            0,
            0,
            0
        ],
        [
            0,
            1,
            0,
            1,
            1,
            1,
            0,
            1,
            0
        ],
        [
            0,
            0,
            0,
            0,
            0,
            0,
            0,
            0,
            0
        ]
    ],
    "reward_history": [
        -3.6101696073231153,
        35.985594989553405,
        15.871370849898469,
        6.091395158528158,
        80.93007085612118,
        36.15658896267194,
        16.172857186089374,
        -93.9234073767706,
        75.94269006272023,
        55.97274169979696,
        31.312339222004923,
        56.52184006681616,
        51.70462815609199,
        31.320191506530676,
        61.04496255106718,
        36.07705627484773,
        -138.6207896634897,
        51.330522157292556,
        56.140851634253266,
        6.015159660088713,
        -8.701283013411015,
        -3.6656167773142982,
        81.21808295182737,
        16.0600424871419,
        36.06777267279419,
        6.340419365602557,
        56.16389383513975,
        36.13281255591816,
        31.29179108163727,
        36.1436198283685,
        56.089569797871256,
        85.90415725439851,
        21.121412061291764,
        61.38969918318458,
        36.15244959927598,
        -68.73767327078582,
        -44.003326277702826,
        76.0644696781418,
        46.062130264275986,
        56.05000835972066,
        65.96140459597264,
        80.98728420098504,
        1.1513337609683276,
        26.15453369753807,
        31.12438319249381,
        65.90705627484772,
        61.05808238227578,
        41.194312886778704,
        -78.43136319062125,
        76.22778337049809
    ],
    "steps_history": [
        59,
        34,
        34,
        45,
        28,
        41,
        51,
        65,
        25,
        29,
        49,
        52,
        64,
        52,
        35,
        36,
        91,
        54,
        38,
        46,
        61,
        61,
        36,
        45,
        35,
        62,
        44,
        43,
        51,
        40,
        36,
        22,
        46,
        47,
        42,
        68,
        73,
        32,
        43,
        33,
        29,
        26,
        49,
        48,
        44,
        27,
        32,
        44,
        93,
        37
    ]
}