{
    "maze_config": [
        [
            0,
            1,
            0,
            0,
            0,
            0,
            0,
            1,
            0
        ],
        [
            0,
            1,
            0,
            1,
            1,
            1,
            0,
            1,
            0
        ],
        [
            0,
            0,
            0,
            1,
            0,
            0,
            0,
            0,
            0
        ],
        [
            0,
            1,
            1,
            1,
            0,
            1,
            0,
            1,
            0
        ],
        [
            0,
            0,
            0,
            1,
            0,
            0,
            0,
            1,
            0
        ],
        [
            1,
            1,
            0,
            1,
            1,
            1,
            0,
            1,
            1
        ],
        [
            0,
            0,
            0,
            0,
            0,
            0,
            0,
            0,
            0
        ],
        [
            0,
            1,
            0,
            1,
            1,
            1,
            0,
            1,
            0
        ],
        [
            0,
            1,
            0,
            1,
            0,
            0,
            0,
            1,
            0
        ]
    ],
    "reward_history": [
        -1360.1183634294277,
        -748.5000124709906,
        -316.2779191838779,
        -157.5345885333259,
        -896.3208282374362,
        -183.79481086664362,
        -33.560767362151125,
        -140.58391305838407,
        -155.27755178961647,
        -322.8363753462493,
        44.58633400106343,
        -255.4738847233506,
        -438.6656202166331,
        -333.6802485259532,
        -265.6396246128767,
        -171.70557699045838,
        -263.5554240685977,
        -274.31830058955734,
        -321.4357322324048,
        -255.89713723693419,
        -299.6277838411268,
        -250.19040744114372,
        -659.6423494184102,
        -2154.979651655091,
        -178.30172253314447,
        -239.16359055812356,
        -214.41139132553707,
        -654.5366611186301,
        -410.4845177906572,
        -905.3300719811443,
        -226.65568217284397,
        -123.4695961315341,
        -325.39071225074605,
        -576.0330656765977,
        -289.67536675687575,
        -1092.9283684561078,
        -245.67217841018055,
        -143.73743772591635,
        -189.2993754020287,
        -406.6682854487279,
        -638.4927753818473,
        -244.79406390557648,
        -287.800867974778,
        -303.157592831343,
        -227.53005870861472,
        -316.7036638944579,
        -190.19615460852603,
        -316.18309250475573,
        -517.5790937187064,
        -34.90413703226625
    ],
    "steps_history": [
        1000,
        1000,
        1000,
        1000,
        1000,
        1000,
        304,
        1000,
        1000,
        461,
        302,
        1000,
        1000,
        1000,
        1000,
        1000,
        1000,
        1000,
        1000,
        1000,
        1000,
        1000,
        1000,
        1000,
        1000,
        1000,
        1000,
        1000,
        1000,
        1000,
        259,
        793,
        1000,
        1000,
        1000,
        1000,
        1000,
        1000,
        1000,
        1000,
        993,
        1000,
        1000,
        1000,
        1000,
        1000,
        1000,
        1000,
        1000,
        330
    ]
}