{
    "maze_config": [
        [
            0,
            0,
            0,
            0,
            0,
            0,
            0,
            0,
            0
        ],
        [
            1,
            1,
            0,
            1,
            0,
            1,
            1,
            1,
            0
        ],
        [
            0,
            0,
            0,
            0,
            0,
            0,
            0,
            0,
            0
        ],
        [
            1,
            1,
            0,
            1,
            0,
            1,
            0,
            1,
            0
        ],
        [
            0,
            0,
            0,
            0,
            0,
            0,
            0,
            0,
            0
        ],
        [
            1,
            1,
            0,
            1,
            1,
            1,
            0,
            1,
            0
        ],
        [
            0,
            1,
            0,
            1,
            0,
            0,
            0,
            1,
            0
        ],
        [
            0,
            1,
            0,
            1,
            0,
            1,
            0,
            1,
            1
        ],
        [
            0,
            0,
            0,
            0,
            0,
            0,
            0,
            0,
            0
        ]
    ],
    "reward_history": [
        -852.5103604426481,
        -48.24389355008677,
        -986.1868601323245,
        30.874305139457036,
        -192.90609106602454,
        -133.25471851169374,
        56.12692747591718,
        -68.04493745383817,
        31.70167261047837,
        61.242180081662006,
        -107.78352031042931,
        -232.4755767024492,
        31.86468829358529,
        -1553.0430312612787,
        56.381932665944106,
        -162.4383964369742,
        51.1716901848985,
        -8.734764623610246,
        -223.11714004601765,
        -631.8072874642035,
        -77.32820606601345,
        -412.2272313313059,
        71.33984678955133,
        -541.8253410893107,
        46.669369900156546,
        -323.0035831552795,
        -106.15682890362973,
        22.37824926962152,
        -68.40078191019614,
        -301.8671465905389,
        71.73535422529821,
        61.272323235927004,
        71.47787600172843,
        71.48306504076211,
        61.385740428920904,
        -163.20675086043053,
        46.66998628693322,
        66.07237165366297,
        71.26821188326053,
        36.741144565961214,
        51.39454457326144,
        95.99588399725724,
        -82.78660093251304,
        71.3457037315462,
        75.959012429966,
        81.25882187141181,
        66.00538685269474,
        61.39712612881241,
        66.28400845874324,
        11.700661287251663
    ],
    "steps_history": [
        425,
        115,
        654,
        97,
        360,
        189,
        64,
        121,
        75,
        48,
        110,
        201,
        98,
        682,
        59,
        147,
        43,
        135,
        138,
        342,
        174,
        367,
        45,
        320,
        108,
        194,
        260,
        164,
        100,
        250,
        60,
        44,
        55,
        49,
        44,
        121,
        56,
        32,
        39,
        81,
        48,
        33,
        110,
        43,
        27,
        38,
        32,
        51,
        47,
        69
    ]
}