{
    "maze_config": [
        [
            0,
            0,
            0,
            0,
            0,
            0,
            0,
            0,
            0
        ],
        [
            0,
            1,
            1,
            1,
            0,
            1,
            0,
            1,
            0
        ],
        [
            0,
            0,
            0,
            1,
            0,
            0,
            0,
            0,
            0
        ],
        [
            0,
            1,
            1,
            1,
            1,
            1,
            0,
            1,
            0
        ],
        [
            0,
            0,
            0,
            0,
            0,
            0,
            0,
            0,
            0
        ],
        [
            0,
            1,
            1,
            1,
            0,
            1,
            0,
            1,
            0
        ],
        [
            0,
            0,
            0,
            1,
            0,
            0,
            0,
            0,
            0
        ],
        [
            0,
            1,
            0,
            1,
            0,
            1,
            0,
            1,
            0
        ],
        [
            0,
            0,
            0,
            0,
            0,
            0,
            0,
            1,
            0
        ]
    ],
    "reward_history": [
        -1638.811139457295,
        -202.07728934762093,
        -227.10255464245074,
        -1037.7407265254387,
        -603.266815706117,
        -2069.0347973822386,
        -82.40704597975801,
        -468.31179848306886,
        -122.3008951603496,
        66.14530251379189,
        56.320750637996014,
        -78.33103637398716,
        -2.499163831949545,
        -66.76181870010373,
        -13.48133863960311,
        1.4307086086542,
        -13.22373121007557,
        -91.27135267814356,
        -295.9563456019987,
        -116.74205363324666,
        -116.2617732045668,
        -13.654294721597509,
        71.58653552875231,
        36.63959558139627,
        56.480383443389016,
        -18.25283182079953,
        -11.929788247000047,
        22.646785310442453,
        -2.716791908561575,
        -58.0646826209894,
        -112.17986646658716,
        -365.19109238601686,
        56.36332513495813,
        66.43813969512306,
        41.207927812076186,
        71.20909375647895,
        -162.40468572423862,
        61.320059837018135,
        -269.80807862023045,
        6.661308770618234,
        26.383693906923625,
        -12.957437863624705,
        -127.40116796691427,
        26.490224852975558,
        17.272578341976057,
        -76.58581658280124,
        21.951023121742466,
        -3.1294751209708522,
        12.792940488087751,
        -1076.4960536119609
    ],
    "steps_history": [
        1000,
        202,
        207,
        577,
        545,
        1000,
        158,
        522,
        183,
        58,
        67,
        110,
        118,
        206,
        86,
        70,
        102,
        213,
        277,
        207,
        218,
        75,
        56,
        75,
        75,
        92,
        162,
        129,
        158,
        122,
        152,
        360,
        64,
        64,
        56,
        38,
        214,
        57,
        315,
        88,
        58,
        103,
        163,
        73,
        114,
        202,
        117,
        94,
        147,
        738
    ]
}