{
    "maze_config": [
        [
            0,
            1,
            0,
            0,
            0,
            1,
            0,
            0,
            0
        ],
        [
            0,
            1,
            0,
            1,
            0,
            1,
            0,
            1,
            1
        ],
        [
            0,
            1,
            0,
            0,
            0,
            0,
            0,
            0,
            0
        ],
        [
            0,
            1,
            0,
            1,
            0,
            1,
            0,
            1,
            1
        ],
        [
            0,
            0,
            0,
            0,
            0,
            0,
            0,
            0,
            0
        ],
        [
            0,
            1,
            0,
            1,
            0,
            1,
            0,
            1,
            0
        ],
        [
            0,
            1,
            0,
            0,
            0,
            0,
            0,
            0,
            0
        ],
        [
            0,
            1,
            0,
            1,
            0,
            1,
            0,
            1,
            0
        ],
        [
            0,
            0,
            0,
            0,
            0,
            0,
            0,
            1,
            0
        ]
    ],
    "reward_history": [
        -493.95468185087327,
        -33.05532846393558,
        -286.7735619309568,
        -474.97930697144466,
        -423.6643091998686,
        -1297.4249850263232,
        -375.9029112710466,
        -395.97922588939775,
        -127.68969790095781,
        -107.71364678100682,
        -182.06088565842992,
        -946.6728238058422,
        -522.4228072973395,
        -347.59874839777814,
        -435.0485446490086,
        -523.1531170771622,
        -306.37651941006277,
        -746.5018312424684,
        -147.19245439052375,
        -221.93097813092004,
        -658.2069691685529,
        -3.504787372382907,
        -127.85724201473258,
        -403.63299806970986,
        -47.89237107456668,
        -628.7015032572798,
        -92.05209651748856,
        -161.06808674466748,
        16.18247035852309,
        -210.73021178523595,
        -57.71005051079018,
        -102.69496962308742,
        27.026053938987786,
        -354.71834565711634,
        -191.4679115511791,
        -206.52783310738323,
        -33.08407750649954,
        46.23676725762386,
        41.30653155111653,
        -77.30290634022876,
        -83.1372334887023,
        -77.254380744417,
        -68.19810202727587,
        -17.488180077751423,
        -107.00728540537156,
        41.31693104704289,
        -2.8625403772935982,
        -403.4162330199582,
        -147.25375544655978,
        -236.20130947384553
    ],
    "steps_history": [
        593,
        139,
        328,
        364,
        475,
        846,
        359,
        354,
        135,
        173,
        216,
        739,
        548,
        263,
        400,
        515,
        265,
        585,
        234,
        222,
        526,
        120,
        130,
        447,
        137,
        480,
        176,
        226,
        78,
        326,
        153,
        158,
        92,
        360,
        226,
        232,
        135,
        57,
        79,
        179,
        113,
        139,
        127,
        116,
        178,
        93,
        114,
        425,
        191,
        277
    ]
}