{
    "maze_config": [
        [
            0,
            0,
            0,
            0,
            0,
            0,
            0,
            0,
            0
        ],
        [
            0,
            1,
            1,
            1,
            1,
            1,
            1,
            1,
            0
        ],
        [
            0,
            0,
            0,
            0,
            0,
            0,
            0,
            0,
            0
        ],
        [
            0,
            1,
            1,
            1,
            0,
            1,
            0,
            1,
            1
        ],
        [
            0,
            1,
            0,
            1,
            0,
            1,
            0,
            0,
            0
        ],
        [
            0,
            1,
            0,
            1,
            0,
            1,
            1,
            1,
            0
        ],
        [
            0,
            0,
            0,
            0,
            0,
            0,
            0,
            0,
            0
        ],
        [
            1,
            1,
            0,
            1,
            0,
            1,
            1,
            1,
            1
        ],
        [
            0,
            0,
            0,
            0,
            0,
            0,
            0,
            0,
            0
        ]
    ],
    "reward_history": [
        -1701.4423273327907,
        -416.0069480653956,
        -315.39618586080456,
        -607.491917808376,
        -629.5011480655393,
        -205.8640984378077,
        -522.7472324965922,
        -988.6457145061013,
        -271.8470686728016,
        -362.8098060125488,
        -238.1909656252341,
        -252.2232347994108,
        -190.51322007438367,
        -308.90801552470606,
        -606.9834911209254,
        -380.5307629372384,
        -329.82700206988426,
        -311.13379456042355,
        -234.4806632165471,
        -433.8666506464963,
        -371.4858583732104,
        -277.45931640319924,
        -113.05951466085477,
        -285.79616492615844,
        52.086066754058486,
        -404.9765734335564,
        -319.8787157445091,
        -184.0159761183145,
        -259.1477256855156,
        -40.695919774654385,
        -4.601420709418122,
        -11.174666794132222,
        77.40661278643216,
        -463.4177779897897,
        -221.38251717594764,
        -300.18294037865064,
        -576.8180573113328,
        -682.5483944155658,
        -220.14354155475826,
        -213.11551866814312,
        -177.97696272637074,
        -531.9690827407886,
        -189.51079939917594,
        -241.64887389852473,
        -260.97763057688786,
        -16.17905859206904,
        -295.42076913415923,
        -208.20483456850545,
        -34.21305752010221,
        -275.06284623507213
    ],
    "steps_history": [
        1000,
        1000,
        1000,
        1000,
        1000,
        1000,
        1000,
        1000,
        1000,
        1000,
        1000,
        1000,
        1000,
        1000,
        1000,
        1000,
        1000,
        1000,
        1000,
        1000,
        1000,
        1000,
        561,
        863,
        171,
        1000,
        1000,
        1000,
        1000,
        498,
        307,
        423,
        67,
        1000,
        1000,
        1000,
        1000,
        1000,
        1000,
        1000,
        1000,
        1000,
        853,
        1000,
        1000,
        453,
        1000,
        1000,
        587,
        1000
    ]
}