{
    "maze_config": [
        [
            0,
            0,
            0,
            0,
            0,
            1,
            0,
            1,
            0
        ],
        [
            0,
            1,
            1,
            1,
            1,
            1,
            0,
            1,
            0
        ],
        [
            0,
            0,
            0,
            1,
            0,
            0,
            0,
            0,
            0
        ],
        [
            0,
            1,
            0,
            1,
            1,
            1,
            0,
            1,
            1
        ],
        [
            0,
            1,
            0,
            0,
            0,
            0,
            0,
            1,
            0
        ],
        [
            0,
            1,
            0,
            1,
            1,
            1,
            1,
            1,
            0
        ],
        [
            0,
            1,
            0,
            0,
            0,
            1,
            0,
            0,
            0
        ],
        [
            1,
            1,
            1,
            1,
            0,
            1,
            0,
            1,
            0
        ],
        [
            0,
            0,
            0,
            0,
            0,
            0,
            0,
            0,
            0
        ]
    ],
    "reward_history": [
        -2266.665098579194,
        -982.683666357729,
        -471.788256083012,
        -317.1290599289107,
        -900.4145487194066,
        -402.11900124227765,
        -910.7498149194399,
        -896.0700795364502,
        -70.83223518361756,
        -52.63607255824028,
        -142.74974552446938,
        -204.3705549468507,
        -150.42482117611186,
        -376.89366129021334,
        -192.53765749401495,
        -281.9804055228049,
        -227.84865073012665,
        -385.06366547937466,
        -425.8480614919031,
        -118.17838293140126,
        -1685.0069340041293,
        -93.74016311329753,
        -139.0861098250389,
        -118.93537675024898,
        -245.0416156525143,
        -123.83222433872811,
        -125.46500850276757,
        -99.55161603929255,
        -208.08018121321624,
        -161.19547092781215,
        -83.78817527604419,
        -142.9444862833565,
        -117.55402261848508,
        -81.68309815003626,
        -195.99052248558223,
        -916.6075352672256,
        -132.4978342129468,
        -221.02762762163047,
        -202.0167058289373,
        -532.5661465524697,
        -132.84007110767638,
        -149.9669713000443,
        -731.0771494628128,
        -166.0121281833391,
        -131.5666273183698,
        -116.52047515410422,
        -562.9353791573778,
        -439.8228018344279,
        -443.90469421274514,
        -400.47869272123495
    ],
    "steps_history": [
        1000,
        1000,
        1000,
        1000,
        1000,
        1000,
        1000,
        1000,
        1000,
        1000,
        1000,
        1000,
        1000,
        1000,
        1000,
        1000,
        1000,
        1000,
        1000,
        1000,
        1000,
        1000,
        1000,
        1000,
        1000,
        1000,
        1000,
        1000,
        1000,
        1000,
        1000,
        1000,
        1000,
        1000,
        1000,
        1000,
        1000,
        1000,
        1000,
        1000,
        1000,
        1000,
        1000,
        1000,
        1000,
        1000,
        1000,
        1000,
        1000,
        1000
    ]
}