{
    "maze_config": [
        [
            0,
            0,
            0,
            0,
            0,
            0,
            0,
            1,
            0
        ],
        [
            0,
            1,
            0,
            1,
            0,
            1,
            0,
            1,
            0
        ],
        [
            0,
            1,
            0,
            0,
            0,
            0,
            0,
            0,
            0
        ],
        [
            1,
            1,
            1,
            1,
            0,
            1,
            0,
            1,
            0
        ],
        [
            0,
            0,
            0,
            0,
            0,
            0,
            0,
            0,
            0
        ],
        [
            0,
            1,
            1,
            1,
            1,
            1,
            1,
            1,
            1
        ],
        [
            0,
            0,
            0,
            0,
            0,
            0,
            0,
            0,
            0
        ],
        [
            0,
            1,
            0,
            1,
            1,
            1,
            0,
            1,
            0
        ],
        [
            0,
            0,
            0,
            0,
            0,
            0,
            0,
            0,
            0
        ]
    ],
    "reward_history": [
        -1871.7881284538469,
        -2058.552304369025,
        -1577.7631833575683,
        -604.7370789748759,
        -121.75640895523998,
        -126.9354732031567,
        -318.15594184220504,
        -462.32315609732404,
        -129.69101641356528,
        -703.1247119231879,
        -686.1787240359324,
        -400.89575374097416,
        -597.1214338648235,
        -637.9452154886824,
        -629.783442436624,
        -518.7003417235942,
        -96.4693034049659,
        -51.134540591232195,
        -140.3940460879463,
        -30.903512935012003,
        32.558909866346795,
        71.93034011503117,
        3.086617285042479,
        17.28101318148832,
        76.52768820444064,
        -7.330055356967833,
        36.740419118867855,
        81.52659026608157,
        86.37388146876258,
        46.62979309178534,
        31.34208075229712,
        36.37846516617609,
        -1377.2248376866646,
        -282.410362453946,
        -82.49944188870771,
        -42.557759730479376,
        -87.46285394666921,
        -52.6916745552125,
        -162.03757237638837,
        66.92225067693496,
        32.78436393326436,
        7.7855467712960404,
        7.406699844422235,
        66.43592867572417,
        31.669216990924326,
        91.54283701484935,
        66.93048548011079,
        31.63056449213981,
        61.546997615172266,
        12.110910606090641
    ],
    "steps_history": [
        1000,
        1000,
        1000,
        1000,
        207,
        203,
        565,
        730,
        257,
        827,
        1000,
        1000,
        854,
        1000,
        1000,
        1000,
        299,
        231,
        362,
        219,
        99,
        109,
        142,
        104,
        61,
        116,
        73,
        51,
        52,
        77,
        60,
        123,
        1000,
        525,
        267,
        155,
        263,
        165,
        644,
        97,
        125,
        191,
        127,
        76,
        70,
        54,
        114,
        74,
        52,
        140
    ]
}