{
    "learning_rate": 0.001,
    "gamma": 0.95,
    "epsilon_decay": 0.95,
    "reward_history": [
        75.77217293641272,
        -9.235289236560874,
        75.55760673149625,
        -139.42562255254245,
        85.71830253758378,
        -34.290959407166525,
        80.41627388283666,
        75.30242317851092,
        80.3009330091991,
        95.41847182944927,
        100.28799598751101,
        65.35687501176896,
        95.417995987511,
        70.27552810429697,
        95.38995529529691,
        85.48568542494924,
        90.49984267934775,
        95.4742135623731,
        100.45568542494924,
        100.44137084989848,
        95.3398307081345,
        100.46568542494924,
        95.37568542494924,
        100.53906028733671,
        100.39568542494924,
        100.36568542494923,
        100.55568542494923,
        95.38568542494924,
        85.50274169979696,
        95.41058845788743,
        100.38568542494924,
        100.39568542494924,
        100.47568542494923,
        100.44137084989848,
        95.39568542494924,
        100.39568542494924,
        100.39568542494924,
        100.39568542494924,
        100.39568542494924,
        100.39568542494924,
        100.39568542494924,
        100.38568542494924,
        100.39568542494924,
        95.39568542494924,
        100.39568542494924,
        95.38568542494923,
        100.39568542494924,
        100.39568542494924,
        100.39568542494924,
        100.39568542494924,
        100.48705627484772,
        100.39568542494924,
        100.47568542494923,
        100.39568542494924,
        100.39568542494924,
        100.39568542494924,
        100.39568542494924,
        100.39568542494924,
        100.39568542494924,
        100.39568542494924,
        100.39568542494924,
        100.39568542494924,
        95.39568542494924,
        100.47568542494923,
        100.39568542494924,
        95.39568542494924,
        100.39568542494924,
        100.39568542494924,
        100.39568542494924,
        100.39568542494924,
        100.39568542494924,
        100.39568542494924,
        100.39568542494924,
        100.39568542494924,
        100.39568542494924,
        100.39568542494924,
        100.38568542494924,
        100.39568542494924,
        100.39568542494924,
        100.39568542494924,
        100.39568542494924,
        95.39568542494924,
        100.39568542494924,
        100.39568542494924,
        100.47568542494923,
        100.39568542494924,
        100.39568542494924,
        100.39568542494924,
        100.39568542494924,
        100.39568542494924,
        100.39568542494924,
        100.39568542494924,
        100.39568542494924,
        100.39568542494924,
        100.47568542494923,
        100.39568542494924,
        100.39568542494924,
        100.38568542494924,
        100.39568542494924,
        100.39568542494924,
        100.39568542494924,
        100.39568542494924,
        100.39568542494924,
        100.39568542494924,
        100.47568542494923,
        100.38568542494924,
        100.39568542494924,
        100.39568542494924,
        100.39568542494924,
        100.39568542494924,
        100.39568542494924,
        95.39568542494924,
        100.39568542494924,
        100.39568542494924,
        100.39568542494924,
        100.39568542494924,
        100.39568542494924,
        100.39568542494924,
        95.39568542494924,
        100.44137084989848,
        100.39568542494924,
        100.39568542494924,
        100.39568542494924,
        100.38568542494924,
        100.39568542494924,
        100.39568542494924,
        100.39568542494924,
        100.47568542494923,
        100.39568542494924,
        100.39568542494924,
        100.39568542494924,
        100.39568542494924,
        100.39568542494924,
        100.39568542494924,
        100.42847182944928,
        100.39568542494924,
        100.39568542494924,
        100.39568542494924,
        100.387995987511,
        100.39568542494924,
        100.38568542494924,
        100.39568542494924,
        100.39568542494924,
        100.39568542494924,
        100.39568542494924,
        100.39568542494924,
        100.39568542494924,
        100.39568542494924,
        100.39568542494924,
        100.39568542494924,
        100.39568542494924,
        100.39568542494924,
        95.39568542494924,
        100.39568542494924,
        100.39568542494924,
        100.39568542494924,
        100.39568542494924,
        100.39568542494924,
        100.39568542494924,
        100.39568542494924,
        100.39568542494924,
        100.39568542494924,
        100.39568542494924,
        100.39568542494924,
        100.39568542494924,
        100.39568542494924,
        100.39568542494924,
        100.39568542494924,
        100.39568542494924,
        100.39568542494924,
        100.39568542494924,
        100.39568542494924,
        100.39568542494924,
        100.38568542494924,
        100.38568542494924,
        100.39568542494924,
        100.39568542494924,
        100.39568542494924,
        100.39568542494924,
        100.39568542494924,
        100.39568542494924,
        100.39568542494924,
        100.39568542494924,
        100.39568542494924,
        100.39568542494924,
        100.47568542494923,
        100.39568542494924,
        95.39568542494924,
        100.387995987511,
        100.39568542494924,
        100.39568542494924,
        100.39568542494924,
        100.38568542494924,
        100.39568542494924,
        95.39568542494924,
        100.38568542494924,
        100.39568542494924,
        100.39568542494924,
        100.39568542494924,
        100.39568542494924,
        100.39568542494924,
        100.39568542494924,
        100.39568542494924,
        100.39568542494924,
        100.38568542494924,
        100.38568542494924,
        100.39568542494924,
        100.39568542494924,
        100.47568542494923,
        100.39568542494924,
        90.39929222269922,
        100.39568542494924,
        100.39929222269922,
        100.39568542494924,
        100.387995987511,
        -699.5686291501014,
        100.39568542494924,
        100.39568542494924,
        100.39568542494924,
        100.38568542494924,
        100.39568542494924,
        100.39568542494924,
        100.39568542494924,
        100.39568542494924,
        100.39568542494924,
        100.39568542494924,
        95.39568542494924,
        100.39568542494924,
        100.38568542494924,
        100.39568542494924,
        100.39568542494924,
        100.39568542494924,
        100.47568542494923,
        100.39568542494924,
        100.39568542494924,
        100.39568542494924,
        100.39568542494924,
        100.38568542494924,
        100.39568542494924,
        100.39568542494924,
        100.39568542494924,
        100.39568542494924,
        100.41058845788743,
        100.39568542494924,
        100.39568542494924,
        100.38568542494924,
        100.39568542494924,
        100.39568542494924,
        100.39568542494924,
        100.39568542494924,
        100.38568542494924,
        100.39568542494924,
        100.39568542494924,
        100.39568542494924,
        100.39568542494924,
        100.39568542494924,
        100.39568542494924,
        100.38568542494924,
        100.39568542494924,
        100.39568542494924,
        100.39568542494924,
        100.39568542494924,
        100.43137084989847,
        100.39568542494924,
        100.39568542494924,
        100.39568542494924,
        100.39568542494924,
        100.39568542494924,
        100.39568542494924,
        100.39568542494924,
        100.39568542494924,
        100.39568542494924,
        100.39568542494924,
        100.39568542494924,
        100.39568542494924,
        100.39568542494924,
        100.38568542494924,
        100.39568542494924,
        100.38568542494924,
        100.39568542494924,
        100.39568542494924,
        100.39568542494924,
        100.39568542494924,
