{
    "learning_rate": 0.001,
    "gamma": 0.99,
    "epsilon_decay": 0.95,
    "reward_history": [
        65.5725843791447,
        -333.0095107073747,
        -19.274768461010154,
        -4.5203746003511895,
        10.6572699034745,
        60.310588457887434,
        -13.575398203266758,
        80.62181336149573,
        31.2098865931346,
        85.56619459722855,
        85.75490691291975,
        100.3728990204492,
        100.39078239201105,
        90.46705627484772,
        90.38438918976102,
        90.34568542494924,
        95.34568542494924,
        95.37568542494924,
        95.30030655007278,
        100.38058845788743,
        100.38568542494924,
        95.37568542494924,
        95.62568542494924,
        90.55568542494923,
        100.39568542494924,
        100.42078239201105,
        100.37929222269922,
        95.47568542494923,
        100.44415725439852,
        95.39568542494924,
        100.387995987511,
        100.54568542494924,
        100.39568542494924,
        100.38568542494924,
        95.38568542494923,
        100.42847182944928,
        100.38568542494924,
        100.39568542494924,
        100.39568542494924,
        100.46568542494924,
        100.39568542494924,
        100.47568542494923,
        90.41058845788743,
        100.39568542494924,
        100.39568542494924,
        95.39568542494924,
        100.39568542494924,
        100.39568542494924,
        100.39568542494924,
        100.37568542494924,
        100.39568542494924,
        100.39568542494924,
        100.39568542494924,
        95.39568542494924,
        100.39568542494924,
        100.39568542494924,
        100.36568542494923,
        95.39568542494924,
        100.39568542494924,
        100.39568542494924,
        100.38568542494924,
        100.39568542494924,
        100.39568542494924,
        100.34568542494924,
        100.39568542494924,
        100.39568542494924,
        100.39568542494924,
        100.39568542494924,
        100.39568542494924,
        100.39568542494924,
        100.44497764764846,
        100.39568542494924,
        100.39568542494924,
        100.39568542494924,
        100.39568542494924,
        95.39568542494924,
        100.39568542494924,
        100.37568542494924,
        100.47568542494923,
        100.39568542494924,
        100.39568542494924,
        95.38568542494923,
        95.39568542494924,
        100.44137084989848,
        100.33568542494923,
        100.44137084989848,
        100.39568542494924,
        100.39568542494924,
        100.39568542494924,
        100.39568542494924,
        100.39568542494924,
        100.39568542494924,
        100.39568542494924,
        100.39568542494924,
        100.39568542494924,
        100.39568542494924,
        100.39568542494924,
        100.39568542494924,
        100.39568542494924,
        100.47568542494923,
        100.387995987511,
        100.39568542494924,
        100.38568542494924,
        95.42847182944928,
        100.41058845788743,
        100.39568542494924,
        100.39568542494924,
        100.39568542494924,
        100.387995987511,
        100.39568542494924,
        100.39568542494924,
        100.38568542494924,
        100.39568542494924,
        100.39568542494924,
        100.39568542494924,
        100.39568542494924,
        100.39568542494924,
        100.39568542494924,
        100.39568542494924,
        100.39568542494924,
        100.39568542494924,
        100.39568542494924,
        100.38568542494924,
        100.44137084989848,
        100.39568542494924,
        100.39568542494924,
        95.39568542494924,
        100.39568542494924,
        100.39568542494924,
        100.39568542494924,
        100.39568542494924,
        100.38568542494924,
        100.39568542494924,
        100.39568542494924,
        100.39568542494924,
        100.39568542494924,
        100.47568542494923,
        100.39568542494924,
        100.39568542494924,
        100.39568542494924,
        100.39568542494924,
        100.39568542494924,
        100.39568542494924,
        100.39568542494924,
        95.39568542494924,
        100.39568542494924,
        95.39568542494924,
        100.39568542494924,
        100.38568542494924,
        100.39568542494924,
        100.39929222269922,
        100.39568542494924,
        100.39568542494924,
        100.38568542494924,
        95.39568542494924,
        100.39568542494924,
        100.39568542494924,
        100.39568542494924,
        100.36568542494923,
        95.39568542494924,
        100.39568542494924,
        100.39568542494924,
        100.47568542494923,
        100.38568542494924,
        100.39568542494924,
        100.39568542494924,
        100.39568542494924,
        100.47568542494923,
        100.38568542494924,
        100.39568542494924,
        100.39568542494924,
        100.39568542494924,
        100.39568542494924,
        100.39568542494924,
        100.39568542494924,
        100.39568542494924,
        100.38568542494924,
        100.38568542494924,
        100.38568542494924,
        100.47568542494923,
        100.39568542494924,
        100.39568542494924,
        100.39568542494924,
        100.39568542494924,
        100.39568542494924,
        100.39568542494924,
        95.38568542494923,
        100.46568542494924,
        100.38568542494924,
        100.39568542494924,
        100.39568542494924,
        100.39568542494924,
        100.39568542494924,
        95.39568542494924,
        100.39568542494924,
        100.39568542494924,
        100.39568542494924,
        100.39568542494924,
        100.39568542494924,
        100.39568542494924,
        100.39568542494924,
        100.39568542494924,
        100.39568542494924,
        100.39568542494924,
        100.39568542494924,
        100.38568542494924,
        100.47568542494923,
        100.39568542494924,
        100.39568542494924,
        95.39568542494924,
        100.39568542494924,
        100.39568542494924,
        100.39568542494924,
        100.39568542494924,
        100.39568542494924,
        100.39568542494924,
        100.39568542494924,
        100.39568542494924,
        100.39568542494924,
        100.47568542494923,
        100.39568542494924,
        100.46568542494924,
        100.39568542494924,
        100.39568542494924,
        95.39568542494924,
        100.39568542494924,
        100.39568542494924,
        100.39568542494924,
        100.39568542494924,
        100.39568542494924,
        100.39568542494924,
        95.47568542494923,
        100.38568542494924,
        100.39568542494924,
        100.39568542494924,
        100.47568542494923,
        100.44137084989848,
        100.41058845788743,
        100.38568542494924,
        100.39568542494924,
        100.39568542494924,
        100.39568542494924,
        100.39568542494924,
        100.39568542494924,
        100.39568542494924,
        100.39568542494924,
        100.39568542494924,
        100.39568542494924,
        100.39568542494924,
        100.39568542494924,
        100.41058845788743,
        95.38929222269921,
        100.39568542494924,
        100.39568542494924,
        100.39568542494924,
        95.38568542494923,
        100.39568542494924,
        100.47568542494923,
        100.44137084989848,
        -109.53584274560143,
        100.38568542494924,
        100.39568542494924,
        -134.5686291501015,
        95.39568542494924,
        100.38568542494924,
        100.38568542494924,
        100.39568542494924,
        100.39568542494924,
        100.39568542494924,
        100.39568542494924,
        100.39568542494924,
        100.39568542494924,
        100.39568542494924,
        100.39568542494924,
        100.39568542494924,
        100.39568542494924,
        100.39568542494924,
        100.39568542494924,
        100.39568542494924,
        100.39568542494924,
        100.47568542494923,
        100.39568542494924,
        100.38568542494924,
