{
    "learning_rate": 0.001,
    "gamma": 0.99,
    "epsilon_decay": 0.995,
    "reward_history": [
        -58.12835205221697,
        -144.00381876358097,
        -233.0441635456305,
        -63.510254453348296,
        60.55699996687314,
        -193.74682411057563,
        -23.322685770507135,
        55.590769353024456,
        70.35728821021021,
        70.52289902044919,
        5.938636690069117,
        65.52520958301093,
        80.61410094642395,
        -8.584922361328395,
        60.44694365889857,
        -8.92856650660454,
        30.949198142395147,
        -14.094059065203552,
        50.67823522318891,
        -19.081267989805724,
        30.767628458565795,
        65.59359542338792,
        55.430112615949184,
        40.700652719890215,
        71.05814660469905,
        -9.085759810750062,
        95.37568542494924,
        65.41852813742386,
        45.614764019021635,
        75.41030655007276,
        100.36847182944928,
        55.77312790341964,
        90.56705627484772,
        75.46605295389443,
        75.5777640521485,
        95.42207862719926,
        65.50137084989849,
        85.52650581819918,
        90.38568542494923,
        51.078645424270874,
        10.880187230659374,
        -13.72100272410215,
        -14.475373607127494,
        70.60421356237309,
        11.028576354166802,
        85.46782036012307,
        100.58755509441954,
        55.66497764764848,
        60.54060676462313,
        70.37858444539842,
        60.55837081677162,
        70.4926290838478,
        60.636999966873134,
        100.38568542494924,
        80.33929222269921,
        95.40137084989847,
        100.63137084989847,
        45.51595230915857,
        65.45457642042045,
        70.50399993374627,
        85.66017054242951,
        95.38568542494924,
        85.47627388283667,
        95.39137084989848,
        80.98291732718486,
        85.53140885113737,
        75.49699996687313,
        75.67442252010206,
        65.48674972477495,
        100.46078239201104,
        100.60568542494924,
        100.38568542494924,
        85.42780205338738,
        70.59003333034103,
        75.33568542494925,
        55.69404260588304,
        56.129761361173315,
        95.46137084989847,
        85.50832385059276,
        60.438277895325676,
        70.7759356670474,
        85.42492133967389,
        75.40030655007277,
        85.37568542494924,
        80.42847182944928,
        80.54984267934775,
        80.43137084989847,
        70.61167573534667,
        95.39337486238747,
        95.7328990204492,
        90.42627388283667,
        95.46705627484772,
        90.38568542494923,
        95.63568542494924,
        95.60005630797458,
        100.42568542494924,
        90.48858444539843,
        95.42847182944928,
        80.5318696694703,
        95.40847182944928,
        85.37847182944928,
        95.36929222269922,
        80.51438918976103,
        95.40058845788744,
        100.457995987511,
        100.47568542494923,
        100.54568542494924,
        90.48058845788744,
        75.39078239201105,
        90.45415725439852,
        90.51568542494924,
        85.57984267934776,
        95.47568542494923,
        60.744717052842795,
        100.38568542494924,
        95.44066307259769,
        100.76568542494924,
        95.36078239201105,
        95.53337486238748,
        75.4739633202749,
        95.4477640521485,
        85.44356879651109,
        90.54929222269922,
        80.51343117036205,
        85.36929222269922,
        90.51339784002101,
        5.88060514611729,
        100.39568542494924,
        80.59184669183675,
        90.39058845788743,
        100.40058845788742,
        85.49549149082563,
        90.67497764764846,
        100.42137084989848,
        95.38929222269921,
        90.50556610553589,
        95.67858444539843,
        85.49337486238747,
        100.39549149082562,
        85.5901079450513,
        90.49058845788743,
        80.54568542494923,
        100.38568542494924,
        95.48263375474566,
        90.39549149082562,
        95.44160278526098,
        100.63929222269921,
        90.38568542494923,
        95.39568542494924,
        100.4523438929028,
        100.39568542494924,
        100.38568542494924,
        95.44137084989848,
        80.47568542494923,
        100.44520958301096,
        95.38568542494923,
        95.41058845788743,
        90.37568542494924,
        100.37568542494924,
        95.4828990204492,
        100.38568542494924,
        95.50137084989848,
        90.47415725439852,
        100.39058845788743,
        100.39568542494924,
        100.4819593077859,
        100.45568542494924,
        90.46568542494924,
        95.387995987511,
        100.38568542494924,
        95.39568542494924,
        100.46929222269922,
        100.44929222269921,
        100.39568542494924,
        90.43492133967388,
        100.54705627484772,
        100.59629218957235,
        100.39568542494924,
        95.39568542494924,
        95.44497764764846,
        95.50137084989848,
        85.49263375474565,
        95.43627388283667,
        80.5118696694703,
        100.38568542494924,
        100.39568542494924,
        100.38929222269921,
        90.51137084989847,
        90.39058845788743,
        100.41058845788743,
        85.41847182944927,
        100.39568542494924,
        95.52929222269921,
        95.43137084989847,
        100.44497764764846,
        100.47568542494923,
        95.39568542494924,
        95.37929222269922,
        100.39289902044919,
        95.46568542494924,
        100.377995987511,
        100.38568542494924,
        95.3773445181848,
        100.39568542494924,
        100.47847182944928,
        85.62465140307248,
        95.34568542494924,
        100.38568542494924,
        90.73157980762744,
        100.45568542494924,
        100.66847182944927,
        95.42368141246024,
        100.39568542494924,
        100.47419525563741,
        100.37568542494924,
        85.47635520101113,
        95.39568542494924,
        95.57568542494924,
        100.39858444539843,
        95.53799598751101,
        100.44125823394933,
        100.37568542494924,
        100.38568542494924,
        90.58400460464414,
        100.35568542494924,
        100.49137084989847,
        100.46404463844937,
        100.39568542494924,
        95.45568542494924,
        100.39568542494924,
        95.50289902044919,
        100.37568542494924,
        75.39929222269922,
        100.39568542494924,
        100.37929222269922,
        100.39568542494924,
        100.38568542494924,
        100.357995987511,
        100.39568542494924,
        95.47289902044919,
        95.39568542494924,
        100.39568542494924,
        95.42207862719926,
        100.38568542494924,
        100.38568542494924,
        100.47705627484771,
        90.38847182944929,
        100.37568542494924,
        100.46568542494924,
        95.39568542494924,
        100.47929222269921,
        100.46415725439851,
        100.47520958301097,
        100.42137084989848,
        95.39568542494924,
        100.38568542494924,
        90.52568542494924,
        95.60627388283666,
        100.39568542494924,
        100.44137084989848,
        100.42847182944928,
        100.387995987511,
        95.39568542494924,
        100.377995987511,
        100.40058845788742,
        90.37568542494924,
        100.37568542494924,
        100.39568542494924,
        95.5383191796949,
        100.47415725439852,
        100.39568542494924,
        90.387995987511,
        100.39568542494924,
        95.38568542494924,
        100.44137084989848,
        95.39568542494924,
        100.39568542494924,
        100.39568542494924,
        100.45568542494924,
        100.38568542494924,
        100.36568542494923,
        95.39568542494924,
        100.37568542494924,
        100.37568542494924,
        100.47568542494923,
        90.38568542494924,
        100.47568542494923,
        100.38568542494924,
