{
    "learning_rate": 0.001,
    "gamma": 0.9,
    "epsilon_decay": 0.995,
    "reward_history": [
        -128.1445366628505,
        20.991658071581057,
        -268.6210240371104,
        -124.2470100445519,
        75.63886635321309,
        -323.73522072846316,
        15.62704430363442,
        16.00826083915399,
        35.905176849521126,
        15.925072921654873,
        10.991004571517124,
        45.63826980409398,
        95.36568542494923,
        66.07471238194493,
        -19.449036712852106,
        -58.55781384181,
        -93.55135573458662,
        50.87568542494927,
        90.59368141246024,
        21.15768194305764,
        -133.88001336080933,
        -67.2222537949396,
        80.517995987511,
        70.8390982885756,
        75.56115722127166,
        80.4399552952969,
        80.45344947709773,
        85.36717559426107,
        16.314566664564154,
        50.59258437914471,
        40.597894974833395,
        50.61306794437292,
        70.47627388283667,
        70.43450180571017,
        85.57304824986973,
        70.64537078364474,
        80.42148346584763,
        75.72004858468463,
        50.74836448124918,
        65.5646957398338,
        70.53053214991286,
        31.012353831549746,
        75.80058036665571,
        80.39568542494924,
        60.78595924153217,
        80.33568542494925,
        60.63250976443445,
        35.84553277519487,
        80.54611656218444,
        50.621100913297106,
        85.64839051127481,
        95.60568542494924,
        60.59110091329709,
        75.72720550426823,
        1.531660711741253,
        75.6957417329238,
        65.87244148524661,
        85.50525955546311,
        70.52564072024614,
        60.86571006720736,
        90.40137084989847,
        80.5577640521485,
        90.59368141246024,
        100.407995987511,
        90.35568542494924,
        95.555528104297,
        75.48318092826386,
        95.47497764764846,
        90.467995987511,
        90.497995987511,
        90.76826980409395,
        90.45125823394932,
        85.37137084989848,
        70.5341952556374,
        80.80362510448566,
        85.37568542494924,
        65.61913795443905,
        90.46568542494924,
        80.45426987034767,
        75.63137084989847,
        100.41137084989847,
        70.89043113723517,
        55.39137084989848,
        100.47426987034767,
        75.9398473502456,
        90.57658043290944,
        90.42549149082562,
        100.40368141246024,
        90.46705627484772,
        70.45988068058665,
        95.53419525563741,
        95.41627388283666,
        90.54110091329709,
        95.34078239201105,
        100.50337486238747,
        100.49368141246025,
        95.69929222269921,
        65.54973006339858,
        85.56622391038451,
        90.53415725439852,
        100.42137084989848,
        90.51492133967388,
        85.69568542494923,
        95.42646781696028,
        90.52125823394933,
        85.53203392249617,
        95.37568542494924,
        100.377995987511,
        85.63568542494923,
        100.48137084989848,
        95.5706630725977,
        90.51137084989847,
        90.39160278526099,
        95.72900397936213,
        100.37137084989848,
        90.38929222269923,
        85.54925422146033,
        100.36568542494923,
        90.57847182944928,
        100.75058845788743,
        80.54482032699622,
        95.38568542494924,
        100.39568542494924,
        100.37568542494924,
        95.56694365889857,
        85.49497764764845,
        90.39568542494924,
        90.46984267934775,
        95.44929222269921,
        95.38568542494923,
        85.46847182944929,
        100.53929222269922,
        75.34568542494924,
        95.36799598751101,
        95.43058845788742,
        95.61568542494923,
        100.43568542494924,
        95.39568542494924,
        90.71030655007277,
        100.37568542494924,
        90.40368141246024,
        100.62568542494924,
        95.44497764764846,
        95.40058845788742,
        100.57847182944928,
        95.41058845788743,
        95.447995987511,
        95.437995987511,
        95.39137084989848,
        90.47415725439852,
        95.39568542494924,
        100.37568542494924,
        95.35568542494924,
        75.34799598751101,
        90.42568542494924,
        90.36568542494923,
        95.34568542494924,
        90.38568542494923,
        90.687995987511,
        95.41137084989847,
        85.47195930778591,
        100.41847182944927,
        100.83497764764846,
        100.405991975022,
        100.44568542494923,
        90.45415725439852,
        100.38568542494924,
        75.54251646789865,
        100.39568542494924,
        100.36799598751101,
        90.53415725439852,
        95.46847182944929,
        95.39568542494924,
        100.38929222269921,
        100.39929222269922,
        95.41058845788743,
        90.38549149082563,
        100.44137084989848,
        100.38568542494924,
        95.47568542494923,
        100.36568542494923,
        95.41137084989847,
        90.36568542494923,
        90.48847182944928,
        100.46568542494924,
        90.50847182944928,
        100.36520958301097,
        90.39568542494924,
        90.37568542494924,
        100.38568542494924,
        100.43137084989847,
        95.42137084989848,
        90.6990602873367,
        100.38568542494924,
        90.42337486238748,
        95.41058845788743,
        100.37568542494924,
        100.38568542494924,
        90.40847182944928,
        90.377995987511,
        95.39568542494924,
        100.467995987511,
        95.38568542494923,
        100.44568542494923,
        90.39568542494924,
        95.43391334782275,
        95.43007461471026,
        100.53058845788743,
        100.46568542494924,
        95.36799598751101,
        100.50847182944928,
        100.36568542494923,
        100.42646781696028,
        90.42137084989848,
        100.35030655007277,
        100.51137084989847,
        100.40847182944928,
        95.61568542494923,
        95.39568542494924,
        100.38568542494924,
        95.38568542494923,
        95.37568542494924,
        100.42058845788743,
        95.38568542494924,
        95.41847182944927,
        100.61929222269922,
        100.39568542494924,
        95.47568542494923,
        95.38929222269921,
        95.36799598751101,
        95.39568542494924,
        100.38568542494924,
        100.38568542494924,
        95.387995987511,
        100.38568542494924,
        95.37568542494924,
        100.44137084989848,
        95.42847182944928,
        85.56497764764845,
        100.43137084989847,
        95.55929222269921,
        100.39058845788743,
        100.39568542494924,
        90.41847182944927,
        95.38568542494924,
        95.39568542494924,
        95.40847182944928,
        95.38568542494924,
        100.63568542494924,
        95.42847182944928,
        95.39929222269922,
        95.44568542494923,
        100.39568542494924,
        90.35568542494924,
        100.39568542494924,
        100.38568542494924,
        95.427995987511,
        100.46568542494924,
        95.40058845788742,
        100.39568542494924,
        100.44137084989848,
        95.46058845788743,
        95.36568542494923,
        95.4806630725977,
        95.41058845788743,
        100.43368141246025,
        100.39568542494924,
        95.47415725439852,
        100.52137084989847,
        90.47568542494923,
        95.39058845788743,
        100.437995987511,
        100.43207862719926,
        100.39568542494924,
        100.38568542494924,
        100.37568542494924,
        100.39568542494924,
        100.42847182944928,
        95.48274169979695,
        100.37568542494924,
        100.387995987511,
        100.43213493517383,
        100.387995987511,
        100.39568542494924,
        100.47568542494923,
        100.39568542494924,
        95.38568542494923,
        100.39568542494924,
        95.38568542494924,
        100.39568542494924,
