{
    "learning_rate": 0.001,
    "gamma": 0.99,
    "epsilon_decay": 0.995,
    "reward_history": [
        75.62471705284277,
        25.376048282996507,
        -158.0494432096571,
        -4.4465551938001795,
        -113.53093453599826,
        -44.23411532705944,
        -9.33024899153422,
        55.73940483864837,
        41.19855277968201,
        45.55321754173524,
        30.7521349351739,
        -44.02190443552658,
        50.49165275771314,
        95.36058845788743,
        15.833580399782605,
        20.849671722857693,
        -183.49461410104396,
        -33.535600825473296,
        65.34348747833661,
        20.498659060108693,
        95.46415725439851,
        60.537288210210214,
        45.607759381250645,
        45.51474571228597,
        95.50083869998562,
        60.58650581819919,
        31.145532775194866,
        50.34368141246027,
        80.39137084989848,
        80.35929222269921,
        75.45709427608661,
        35.589973602032586,
        90.60984267934776,
        80.5790602873367,
        55.55190299981135,
        30.869140169796097,
        35.55749878644495,
        70.54634849754693,
        90.38847182944929,
        85.3541952556374,
        41.031820293869394,
        85.5513145419239,
        66.04852813742384,
        21.207218726045454,
        70.77423186910876,
        95.37137084989848,
        100.35929222269921,
        85.53984267934776,
        85.53730018142349,
        90.42137084989848,
        85.42925422146033,
        10.707611402394107,
        50.98461136926727,
        45.2813708498985,
        100.45415725439852,
        56.11909690080807,
        80.38847182944927,
        90.41568542494923,
        70.74415725439852,
        75.75596594499638,
        36.31368668020935,
        100.50289902044919,
        50.593887317797126,
        100.38847182944929,
        100.50030655007276,
        76.01394626410323,
        75.48694365889855,
        15.440701073836578,
        85.52646781696029,
        90.68191663564916,
        101.21760673149625,
        95.48917290328586,
        65.83882368107635,
        60.76587935907287,
        90.59137084989848,
        90.71007461471027,
        90.51348747833663,
        95.3528990204492,
        90.44137084989848,
        95.37058845788744,
        100.62137084989848,
        95.42847182944928,
        90.35929222269922,
        80.49627388283666,
        75.46356879651108,
        90.33568542494925,
        95.44568542494923,
        100.46568542494924,
        95.38568542494923,
        80.34368141246024,
        95.47137084989848,
        90.68434448505793,
        95.42078239201105,
        90.37568542494924,
        80.34799598751101,
        85.81251646789865,
        95.39568542494924,
        95.38568542494924,
        100.60192130654701,
        90.39426987034767,
        90.51426987034768,
        90.81043113723518,
        95.36568542494923,
        80.76499595438413,
        95.51497764764845,
        100.52764473273514,
        95.39549149082562,
        90.77677436703306,
        85.57058845788742,
        75.99895927465903,
        95.40906028733671,
        80.53137084989848,
        80.61007461471027,
        100.39568542494924,
        75.58471238194491,
        90.51705627484772,
        90.43858444539843,
        100.7319593077859,
        95.38568542494924,
        95.47289902044919,
        100.42137084989848,
        95.55289902044919,
        95.52568542494924,
        85.59137084989848,
        100.38568542494924,
        100.36568542494923,
        95.40058845788742,
        90.56728821021022,
        85.837594760283,
        90.41847182944927,
        100.55705627484771,
        100.59137084989848,
        90.50030655007276,
        90.46929222269922,
        85.50984267934776,
        85.7728990204492,
        95.39568542494924,
        95.48634849754693,
        100.38568542494924,
        90.44137084989848,
        100.38568542494924,
        80.50415725439852,
        95.4939633202749,
        95.40058845788742,
        95.4819593077859,
        90.79258437914471,
        95.38030655007277,
        95.53973006339861,
        100.377995987511,
        90.44137084989848,
        85.39568542494924,
        90.37058845788744,
        95.36568542494923,
        100.45568542494924,
        100.38568542494924,
        100.47215324190952,
        100.39137084989848,
        95.39568542494924,
        100.58627388283666,
        95.47419525563741,
        90.40058845788744,
        100.35568542494924,
        95.49568542494924,
        85.42137084989848,
        100.39058845788743,
        90.39568542494924,
        100.56549149082562,
        95.43137084989847,
        90.44627388283666,
        100.39568542494924,
        95.50337486238747,
        95.43568542494924,
        100.38568542494924,
        100.45415725439852,
        100.39568542494924,
        95.3728990204492,
        100.46705627484772,
        100.44568542494923,
        100.38568542494924,
        100.39568542494924,
        95.53568542494924,
        95.37568542494924,
        95.36799598751101,
        100.35568542494924,
        100.38568542494924,
        100.36568542494923,
        100.36568542494923,
        90.38568542494923,
        90.37058845788744,
        100.47568542494923,
        100.41137084989847,
        100.39568542494924,
        80.38568542494923,
        95.40058845788744,
        100.40137084989847,
        95.46929222269922,
        95.3728990204492,
        90.41847182944927,
        95.39929222269922,
        100.43497764764845,
        95.38568542494923,
        100.39568542494924,
        75.41858444539844,
        100.38568542494924,
        100.51568542494924,
        70.52568542494922,
        85.37568542494924,
        80.43137084989849,
        85.879611763811,
        -19.564371938903115,
        -39.78855383555961,
        -29.03013197856259,
        -24.901009047728877,
        -34.137426892237,
        86.68771407969635,
        -57.19972548358526,
        95.46421356237309,
        -65.37794670299456,
        -39.45333228133534,
        73.20416992544325,
        -51.92503501150088,
        -205.42981674040658,
        -115.10321763281999,
        -174.79872868277394,
        -185.4160706176599,
        -179.7577163057952,
        -129.91076964062486,
        75.28568542494924,
        -133.80844927478975,
        -93.24519636123429,
        90.19604194747417,
        90.68929222269922,
        100.28426987034767,
        90.74219651089749,
        -68.23468913226495,
        95.42266708508669,
        56.59193998122463,
        75.61199730902469,
        85.5977640521485,
        80.57929222269922,
        60.070125606988185,
        90.58568542494925,
        48.45653046045726,
        61.20482032699624,
        92.10323584847093,
        -44.21988807198684,
        -43.10092704161836,
        -48.07963080642991,
        -33.2757421008654,
        -48.66630591649485,
        -28.517602151683235,
        -44.35079611893366,
        85.37805863100802,
        -48.079192965730655,
        -19.199154964492095,
        -35.4700186746771,
        61.35024353863399,
        -103.82887305667761,
        -64.44744589880426,
        -49.20781684808297,
        -97.91336325911621,
        -13.190401227227987,
        -73.20573012965255,
        -78.86171822469282,
        -60.15807763695384,
        -60.14778232221089,
        -104.14046346611039,
        -49.82047858142125,
        78.85211195754019,
        -395.65059109621944,
        -478.15698859433974,
        -239.39884181523092,
        -19.771676628711816,
        65.37536966845548,
        -77.36751554387786,
        -82.08065121670634,
        -68.56983210779771,
        55.75346949159503,
        85.68894767138755,
        95.2493668374095,
        99.84261711263454,
        95.35954880031984,
        92.20622391038452,
        95.27568542494924,
        90.96929222269922,
        80.3690982885756,
        85.91914826102776,
        100.71337486238747,
