{
    "learning_rate": 0.001,
    "gamma": 0.95,
    "epsilon_decay": 0.95,
    "reward_history": [
        -29.10882937362888,
        45.80543356434528,
        30.583754776606483,
        30.721757282430602,
        -19.059758916906944,
        50.57235914724642,
        6.153704619003037,
        6.121142563779273,
        30.837080870987037,
        -94.21550596552734,
        85.52132614519539,
        100.44125823394933,
        90.307995987511,
        85.345528104297,
        95.31646781696028,
        5.562543094775478,
        -34.3267261502902,
        95.42137084989848,
        100.34137084989848,
        95.34568542494924,
        95.23568542494924,
        95.58055045664854,
        15.7460832318434,
        100.44568542494923,
        100.39568542494924,
        95.38568542494924,
        90.377995987511,
        100.38568542494924,
        95.38568542494923,
        100.387995987511,
        100.43137084989847,
        100.37568542494924,
        100.47415725439852,
        100.38568542494924,
        95.49058845788743,
        100.39568542494924,
        100.39568542494924,
        100.41847182944927,
        100.47568542494923,
        100.38568542494924,
        100.41058845788743,
        100.41058845788743,
        100.44137084989848,
        100.46568542494924,
        100.41058845788743,
        100.44337486238747,
        100.39568542494924,
        100.39568542494924,
        100.39568542494924,
        100.39568542494924,
        100.39568542494924,
        100.39568542494924,
        100.38568542494924,
        100.39568542494924,
        100.39568542494924,
        100.39568542494924,
        100.39568542494924,
        100.39568542494924,
        100.39568542494924,
        100.39568542494924,
        100.39568542494924,
        100.39568542494924,
        100.39568542494924,
        100.46568542494924,
        95.39568542494924,
        100.39568542494924,
        100.39568542494924,
        100.38568542494924,
        95.39568542494924,
        100.39568542494924,
        100.39568542494924,
        100.39568542494924,
        95.39929222269922,
        100.38568542494924,
        100.47568542494923,
        100.39568542494924,
        100.39568542494924,
        100.39568542494924,
        100.32568542494924,
        100.38568542494924,
        100.39568542494924,
        100.39568542494924,
        100.39568542494924,
        100.39568542494924,
        100.38568542494924,
        100.39568542494924,
        100.39568542494924,
        100.39568542494924,
        100.39568542494924,
        100.39568542494924,
        100.39568542494924,
        100.38568542494924,
        100.39568542494924,
        100.39568542494924,
        100.38568542494924,
        100.38568542494924,
        100.39568542494924,
        90.39568542494924,
        100.39568542494924,
        100.39568542494924,
        100.39568542494924,
        100.39568542494924,
        100.39568542494924,
        100.39568542494924,
        100.42847182944928,
        100.39568542494924,
        95.47568542494923,
        100.39568542494924,
        100.39568542494924,
        100.39568542494924,
        100.39568542494924,
        100.47568542494923,
        100.39568542494924,
        100.39568542494924,
        100.39568542494924,
        100.41058845788743,
        100.38568542494924,
        100.39568542494924,
        100.39568542494924,
        100.39568542494924,
        100.39568542494924,
        100.39568542494924,
        100.39568542494924,
        100.39568542494924,
        100.38568542494924,
        100.55568542494923,
        100.39568542494924,
        100.39568542494924,
        100.39568542494924,
        100.41058845788743,
        100.38568542494924,
        100.39568542494924,
        100.39568542494924,
        100.39568542494924,
        100.39568542494924,
        100.39568542494924,
        100.39568542494924,
        100.39568542494924,
        100.39568542494924,
        100.38568542494924,
        100.39568542494924,
        100.39568542494924,
        95.38568542494923,
        100.46568542494924,
        100.39568542494924,
        100.39568542494924,
        100.39568542494924,
        100.39568542494924,
        100.38568542494924,
        100.39568542494924,
        100.39568542494924,
        100.39568542494924,
        100.39568542494924,
        100.39568542494924,
        100.39568542494924,
        100.44137084989848,
        100.39568542494924,
        100.39568542494924,
        100.39568542494924,
        100.39568542494924,
        100.39568542494924,
        100.39568542494924,
        100.38568542494924,
        100.39568542494924,
        100.39568542494924,
        100.39568542494924,
        100.39568542494924,
        100.38568542494924,
        100.39568542494924,
        100.39568542494924,
        100.39568542494924,
        100.44137084989848,
        100.26568542494924,
        100.08568542494923,
        100.39568542494924,
        99.94568542494923,
        100.29568542494924,
        100.33568542494923,
        100.36799598751101,
        100.36799598751101,
        99.99568542494924,
        99.92568542494924,
        100.21568542494924,
        100.39568542494924,
        100.39568542494924,
        100.39568542494924,
        100.38568542494924,
        100.39568542494924,
        100.39568542494924,
        100.47415725439852,
        100.39568542494924,
        100.38568542494924,
        100.39568542494924,
        100.39568542494924,
        100.39568542494924,
        100.39568542494924,
        100.42847182944928,
        100.44137084989848,
        100.39568542494924,
        100.39568542494924,
        100.39568542494924,
        100.39568542494924,
        95.47568542494923,
        100.39568542494924,
        100.39568542494924,
        100.39568542494924,
        100.39568542494924,
        100.39568542494924,
        100.39568542494924,
        100.39568542494924,
        100.39568542494924,
        100.41058845788743,
        100.39568542494924,
        100.39568542494924,
        100.39568542494924,
        100.39568542494924,
        100.39568542494924,
        100.38568542494924,
        100.39568542494924,
        100.39568542494924,
        100.39568542494924,
        100.39568542494924,
        100.39568542494924,
        100.39568542494924,
        100.41058845788743,
        100.39568542494924,
        100.39568542494924,
        100.39568542494924,
        100.39929222269922,
        100.39568542494924,
        100.39568542494924,
        100.39568542494924,
        100.41058845788743,
        100.39568542494924,
        100.39568542494924,
        100.39568542494924,
        100.39568542494924,
        100.39568542494924,
        100.39568542494924,
        100.39568542494924,
        100.39568542494924,
        100.39568542494924,
        100.39568542494924,
        100.39568542494924,
        100.39568542494924,
        100.41847182944927,
        100.387995987511,
        100.39568542494924,
        100.39568542494924,
        100.39568542494924,
        100.39568542494924,
        100.42847182944928,
        100.39568542494924,
        100.39568542494924,
        100.38568542494924,
        100.39568542494924,
        100.39568542494924,
        100.39568542494924,
        100.39568542494924,
        100.39568542494924,
        100.39568542494924,
        95.39568542494924,
        100.377995987511,
        100.39568542494924,
        100.39568542494924,
        100.39568542494924,
        100.39568542494924,
        100.39568542494924,
        100.38568542494924,
        100.44137084989848,
        100.39568542494924,
        100.38568542494924,
        100.39568542494924,
        100.39568542494924,
        100.39568542494924,
        100.47568542494923,
        100.38568542494924,
        100.39568542494924,
        100.39568542494924,
        100.39568542494924,
        100.38568542494924,
        100.39568542494924,
        100.39568542494924,
