{
    "learning_rate": 0.001,
    "gamma": 0.9,
    "epsilon_decay": 0.95,
    "reward_history": [
        -68.92370087805375,
        -238.8939711825967,
        -88.91751437205735,
        45.51414588003645,
        -123.77239655163379,
        1.2549469556389141,
        -14.054812144058786,
        75.38343117036204,
        65.43321754173527,
        100.64984267934776,
        75.53106429982567,
        60.76471297879614,
        100.48694365889855,
        100.26568542494924,
        85.48188330530813,
        45.53131454192391,
        90.54274169979695,
        100.52694365889856,
        100.38847182944929,
        100.44847182944928,
        100.38568542494924,
        60.31313622356078,
        85.32072405147014,
        90.41607994871305,
        95.43337486238747,
        100.39568542494924,
        100.42847182944928,
        100.39568542494924,
        95.39568542494924,
        100.39568542494924,
        90.38058845788743,
        100.39568542494924,
        100.39568542494924,
        100.39568542494924,
        100.42847182944928,
        100.39568542494924,
        100.39568542494924,
        100.38568542494924,
        100.387995987511,
        100.45415725439852,
        100.42847182944928,
        100.39568542494924,
        100.39568542494924,
        100.39568542494924,
        100.38568542494924,
        100.39568542494924,
        100.47568542494923,
        100.38568542494924,
        100.39568542494924,
        100.39568542494924,
        100.48906028733671,
        -264.48147186257614,
        100.55568542494923,
        100.39568542494924,
        100.39568542494924,
        100.39568542494924,
        100.39568542494924,
        100.39568542494924,
        100.38568542494924,
        100.39568542494924,
        100.39568542494924,
        100.39568542494924,
        100.39568542494924,
        100.47568542494923,
        100.44137084989848,
        100.39568542494924,
        100.47568542494923,
        100.39568542494924,
        100.39568542494924,
        100.39568542494924,
        95.39568542494924,
        100.42847182944928,
        100.39568542494924,
        95.44137084989848,
        100.39568542494924,
        100.39568542494924,
        100.38568542494924,
        100.46568542494924,
        100.39568542494924,
        100.39568542494924,
        100.39568542494924,
        100.39568542494924,
        100.41058845788743,
        100.39568542494924,
        100.39568542494924,
        100.39568542494924,
        95.39568542494924,
        100.39568542494924,
        95.39568542494924,
        95.39568542494924,
        100.37568542494924,
        100.39568542494924,
        100.39568542494924,
        100.39568542494924,
        100.39568542494924,
        100.38568542494924,
        100.39568542494924,
        100.39568542494924,
        100.39568542494924,
        100.39568542494924,
        100.39568542494924,
        100.39568542494924,
        100.39568542494924,
        100.39568542494924,
        100.39568542494924,
        100.39568542494924,
        100.39568542494924,
        100.39568542494924,
        100.39568542494924,
        100.39568542494924,
        100.39568542494924,
        100.39568542494924,
        100.39568542494924,
        100.39568542494924,
        100.42847182944928,
        100.39568542494924,
        100.39568542494924,
        100.39568542494924,
        100.39568542494924,
        95.47568542494923,
        95.39568542494924,
        100.39568542494924,
        100.39568542494924,
        95.39568542494924,
        100.39568542494924,
        100.39568542494924,
        100.47568542494923,
        100.39568542494924,
        100.39568542494924,
        100.38568542494924,
        100.39568542494924,
        100.39568542494924,
        100.39568542494924,
        100.39568542494924,
        100.44137084989848,
        100.34568542494924,
        100.39568542494924,
        100.39568542494924,
        95.39568542494924,
        100.39568542494924,
        100.39568542494924,
        100.39568542494924,
        100.39568542494924,
        100.39568542494924,
        100.39568542494924,
        100.44137084989848,
        95.28568542494924,
        100.38568542494924,
        100.44137084989848,
        100.39568542494924,
        100.39568542494924,
        100.38568542494924,
        100.39568542494924,
        100.387995987511,
        99.70568542494924,
        95.35568542494924,
        100.39568542494924,
        95.09568542494924,
        100.26568542494924,
        100.39568542494924,
        100.39568542494924,
        100.39568542494924,
        100.39568542494924,
        100.42847182944928,
        100.39568542494924,
        100.35568542494924,
        100.39568542494924,
        100.39568542494924,
        100.39568542494924,
        100.39568542494924,
        95.44337486238747,
        100.39568542494924,
        100.39568542494924,
        95.39568542494924,
        100.39568542494924,
        100.39568542494924,
        100.38568542494924,
        100.39568542494924,
        100.39568542494924,
        100.39568542494924,
        100.38568542494924,
        100.39568542494924,
        100.39568542494924,
        100.39568542494924,
        100.44137084989848,
        100.39568542494924,
        100.39568542494924,
        100.39568542494924,
        100.39568542494924,
        100.39568542494924,
        100.39568542494924,
        100.39568542494924,
        100.39568542494924,
        100.39568542494924,
        100.39568542494924,
        95.39568542494924,
        100.39568542494924,
        100.39568542494924,
        100.39568542494924,
        100.38568542494924,
        100.39568542494924,
        100.39568542494924,
        100.387995987511,
        100.39568542494924,
        100.39568542494924,
        100.39568542494924,
        100.39568542494924,
        100.39568542494924,
        100.39568542494924,
        100.39568542494924,
        100.39568542494924,
        100.38568542494924,
        100.39568542494924,
        80.39568542494924,
        95.39568542494924,
        100.39568542494924,
        100.39568542494924,
        100.39568542494924,
        100.39568542494924,
        75.39568542494924,
        90.39568542494924,
        100.39568542494924,
        45.38568542494925,
        80.39568542494924,
        100.39568542494924,
        100.41058845788743,
        80.39568542494924,
        80.39568542494924,
        65.38568542494926,
        100.39568542494924,
        95.39568542494924,
        100.47568542494923,
        85.39568542494924,
        100.39568542494924,
        100.39568542494924,
        100.39568542494924,
        100.39568542494924,
        100.39568542494924,
        100.38568542494924,
        100.39568542494924,
        100.39568542494924,
        100.39568542494924,
        100.39568542494924,
        100.39568542494924,
        100.39568542494924,
        100.39568542494924,
        100.38568542494924,
        90.38568542494923,
        100.39568542494924,
        100.39568542494924,
        100.39568542494924,
        100.39568542494924,
        100.38568542494924,
        95.39568542494924,
        100.39568542494924,
        100.39568542494924,
        100.39568542494924,
        100.39568542494924,
        100.42847182944928,
        100.39929222269922,
        100.39568542494924,
        100.39568542494924,
        100.39568542494924,
        100.39568542494924,
        100.38568542494924,
        100.39568542494924,
        100.39568542494924,
        100.47415725439852,
        100.39568542494924,
        100.39568542494924,
        100.39568542494924,
        100.38568542494924,
        100.39568542494924,
        100.39568542494924,
        100.39568542494924,
        100.39568542494924,
        100.39568542494924,
        100.39568542494924,
        100.39568542494924,
        100.39568542494924,
        100.39568542494924,
        95.39568542494924,
        100.39568542494924,
