{
    "learning_rate": 0.0005,
    "gamma": 0.99,
    "epsilon_decay": 0.995,
    "reward_history": [
        -272.96306915117805,
        -3.489437940080009,
        50.53140418023951,
        30.6345883916337,
        -88.65882022589781,
        50.570187230659435,
        -49.17010263118354,
        -4.607051007098633,
        46.104246892714194,
        0.7324087517567222,
        -178.35454299837323,
        -14.367100979550841,
        -223.28668283518263,
        -24.16836896935648,
        30.650419166022004,
        -34.2606938556919,
        25.64194428418054,
        -78.29231236438983,
        -63.950598167624634,
        75.55415725439852,
        35.69709427608662,
        15.585775063264819,
        10.662547765673338,
        -19.153651502453116,
        16.054029200783475,
        40.94565472402578,
        60.68574173292383,
        90.50137084989848,
        80.77493964640956,
        100.42137084989848,
        80.72984267934775,
        80.32860742303198,
        -224.9434429126655,
        -14.478510198630062,
        90.347995987511,
        55.42677108390272,
        75.55728821021022,
        45.593963320274945,
        -14.581545180603811,
        65.78190299981131,
        95.52274169979695,
        -83.91171960354635,
        80.73780205338737,
        26.08949142457189,
        70.487995987511,
        25.460437472757647,
        90.51007461471026,
        -54.17662712406022,
        -80.03536795954057,
        30.87266708508666,
        29.982237244534318,
        70.82990365822019,
        51.021101933122864,
        35.20393003605264,
        0.7740745484565537,
        40.54460808613692,
        0.7922039141931236,
        25.54639916983062,
        100.44207862719927,
        70.52289902044919,
        95.44125823394933,
        95.36568542494923,
        85.41568542494923,
        60.32089500796019,
        90.35568542494924,
        65.52030655007275,
        45.55343750588452,
        25.453180928263876,
        60.91713088955799,
        70.62867773478615,
        95.46137084989847,
        75.58262908384779,
        85.35339950464558,
        85.37568542494924,
        90.38568542494923,
        90.56541548834784,
        90.32780205338739,
        35.171508108105826,
        90.39317224018095,
        95.387995987511,
        -9.86107964525415,
        90.49137084989847,
        55.44602997626088,
        90.25520958301097,
        -123.74670714372324,
        76.67296166394617,
        -98.10539823748992,
        -98.13896541549529,
        -68.09863515373404,
        -23.70505299824252,
        95.41827789532566,
        -149.19058467380108,
        -53.853177748113836,
        -183.66790668046394,
        -228.0562089891372,
        -143.10720879805217,
        -43.19867141762356,
        -173.37732192685215,
        -133.31329989100996,
        -97.69228629769114,
        -143.1334870737216,
        -163.91596341673002,
        -148.3258029519799,
        -113.1585980516484,
        -143.68611208535162,
        -29.05565057846166,
        70.84270896630711,
        40.9542512323434,
        85.53399993374627,
        -38.84097767722895,
        65.39148734582912,
        25.40654769941966,
        85.37137084989848,
        65.43289902044921,
        60.382685391822385,
        50.57623588159779,
        65.4243662121275,
        -4.657294913674434,
        45.500838699985636,
        90.48165275771314,
        95.41847182944927,
        45.434977647648466,
        80.46694365889856,
        80.5428990204492,
        35.536555790651335,
        80.39549149082562,
        65.41207862719926,
        25.494269870347694,
        5.640963287148011,
        -49.53430791953414,
        70.41780205338739,
        95.50215324190953,
        80.50348747833662,
        45.5393668374095,
        60.442899020449225,
        100.42799598751101,
        40.51020058964021,
        85.47627388283667,
        90.5185511150574,
        95.37929222269922,
        90.37568542494924,
        -54.24327528542486,
        100.46058845788743,
        35.60674972477494,
        90.447995987511,
        10.481370849898468,
        95.48847182944928,
        80.46646781696029,
        60.3828990204492,
        45.390588457887446,
        0.5506250713587661,
        70.48627388283667,
        70.47058845788743,
        -69.10303137884898,
        55.6344011609743,
        -119.57031325353691,
        75.33568542494923,
        75.46058845788743,
        95.39568542494924,
        65.55396332027493,
        35.42039452376382,
        35.40058845788744,
        80.40549149082563,
        80.47929222269921,
        65.40058845788744,
        75.4768623407241,
        65.4078020533874,
        95.44568542494923,
        35.51344947709774,
        100.35568542494924,
        40.58833420330028,
        -94.43708267281502,
        95.41847182944927,
        -84.44460952185202,
        90.43137084989847,
        5.548083961202053,
        -149.30884277872832,
        100.46568542494924,
        90.38568542494923,
        45.38568542494925,
        100.38568542494924,
        50.42827789532568,
        80.37568542494924,
        45.397608119263786,
        90.40058845788744,
        95.37568542494924,
        95.39058845788743,
        100.37058845788744,
        45.58972335993442,
        90.40847182944928,
        100.37568542494924,
        80.48847182944928,
        100.44137084989848,
        100.39929222269922,
        95.49847182944927,
        65.55419525563741,
        65.38030655007279,
        95.39289902044919,
        95.35929222269922,
        100.36568542494923,
        15.58451844782131,
        100.41137084989847,
        95.48215324190951,
        10.380588457887441,
        100.38568542494924,
        100.44568542494923,
        95.3728990204492,
        95.49847182944929,
        90.38058845788743,
        100.39568542494924,
        100.46568542494924,
        55.400588457887444,
        70.3728990204492,
        -44.32718368549274,
        95.37568542494924,
        80.38568542494923,
        95.37568542494924,
        85.41137084989847,
        75.45117691577485,
        100.39568542494924,
        100.47568542494923,
        60.39568542494925,
        100.36568542494923,
        75.4819593077859,
        60.46568542494926,
        95.37568542494924,
        70.43137084989847,
        35.472153241909524,
        100.36568542494923,
        95.40549149082563,
        100.38568542494924,
        55.337995987511015,
        95.39568542494924,
        75.46568542494924,
        90.60337486238747,
        95.44137084989848,
        80.40780205338739,
        40.47549149082565,
        40.448334203300256,
        60.39568542494925,
        95.39568542494924,
        90.47568542494923,
        80.37058845788744,
        85.48058845788744,
        50.44337486238748,
        100.42137084989848,
        80.44568542494923,
        75.47568542494923,
        70.47568542494923,
        100.47568542494923,
        100.39568542494924,
        100.39568542494924,
        95.39847182944928,
        100.36568542494923,
        100.39568542494924,
        65.40058845788744,
        80.47568542494923,
        100.39929222269922,
        95.38568542494923,
        90.39568542494924,
        95.36568542494923,
        95.39568542494924,
        85.39568542494924,
        95.39568542494924,
        40.39058845788744,
        100.63568542494924,
        100.37568542494924,
        100.39568542494924,
        90.43137084989847,
        85.3828990204492,
        100.38568542494924,
        -9.614314575050756,
        70.38289902044919,
        90.38568542494924,
        80.38568542494924,
        100.38058845788743,
        10.565491490825607,
        -9.46882308422515,
        100.38568542494924,
        100.49058845788743,
        50.41058845788744,
        75.47568542494923,
        90.49058845788743,
        95.38419525563741,
        100.39568542494924,
        95.39568542494924,
        100.38568542494924,
        100.36568542494923,
