{"position": 0, "length": 5, "steps": 7, "episode": 118, "epsilon": 0.5535075230322891, "success_rate": 0.03970115320921132, "total_reward": -0.07}